brand_id,brand_name,category,retailer_id,retailer_name,channel,region,product_acv,category_avg_acv,acv_gap_vs_category
94,Crunch Cereal Co,Breakfast & Cereal,74,ValueTrade GT (Tier 2/3),General Trade,India - Tier 2/3,19.2,63.6752500000000000,44.5
22,Crunch Fizz,Sparkling Water,103,SwiftBasket (UAE),Quick Commerce,Gulf - UAE,19.5,62.9568181818181818,43.5
54,Nomad Drinks,Beverages,66,MetroBazaar (Tier 2/3),Grocery,India - Tier 2/3,19.4,62.6366666666666667,43.2
63,Silver Household,Home Care,7,UrbanPantry,Grocery,North America,18.9,61.5100694444444444,42.6
59,Pure Shine,Home Care,110,Corner Store Network (UAE),General Trade,Gulf - UAE,18.8,61.4090909090909091,42.6
108,Crunch Baby Co,Baby Care,122,Community Retail Co-op (Saudi),General Trade,Gulf - Saudi,22.3,64.5725000000000000,42.3
3,Prime Snacks,Salty Snacks,118,Local Trade Collective (Saudi),General Trade,Gulf - Saudi,20.2,62.3475000000000000,42.1
108,Crunch Baby Co,Baby Care,80,Sundry Traders Network (Tier 2/3),General Trade,India - Tier 2/3,20.0,61.9433333333333333,41.9
36,Cloud Table,Packaged Foods,141,Community Retail Co-op (Qatar),General Trade,Gulf - Qatar,25.3,66.6983333333333333,41.4
21,Golden Fizz,Sparkling Water,55,DartMart (Metro),Quick Commerce,India - Metro,20.7,61.9855603448275862,41.3
89,Nomad Mornings,Breakfast & Cereal,86,Bazaar Wholesale #2 (Tier 2/3),General Trade,India - Tier 2/3,22.6,63.6752500000000000,41.1
19,Fresh Fizz,Sparkling Water,79,MarketLink GT (Tier 2/3),General Trade,India - Tier 2/3,22.4,63.3680000000000000,41.0
20,Heritage Springs,Sparkling Water,46,QuickDash (Metro),Quick Commerce,India - Metro,21.0,61.9855603448275862,41.0
64,Blue Shine,Home Care,181,FreshMart (Indonesia),Grocery,SEA - Indonesia,22.9,63.7145833333333333,40.8
12,True Water Co,Sparkling Water,56,QuickDash #2 (Metro),Quick Commerce,India - Metro,21.2,61.9855603448275862,40.8
16,Sunrise Water Co,Sparkling Water,191,HopMart (Indonesia),Quick Commerce,SEA - Indonesia,23.2,63.8825000000000000,40.7
83,Fresh Treats,Confectionery,115,PrimeGrocer (Saudi),Grocery,Gulf - Saudi,21.8,62.4883333333333333,40.7
30,Cloud Essentials,Personal Care,142,FreshMart (Malaysia),Grocery,SEA - Malaysia,20.9,61.4575000000000000,40.6
2,Bold Snacks,Salty Snacks,121,Corner Store Network (Saudi),General Trade,Gulf - Saudi,22.0,62.3475000000000000,40.3
77,Urban Creamery,Dairy,116,DailyBasket (Saudi),Grocery,Gulf - Saudi,20.0,60.2775000000000000,40.3
82,Meadow Treats,Confectionery,69,DailyBasket (Tier 2/3),Grocery,India - Tier 2/3,22.1,62.4378000000000000,40.3
57,Cloud Shine,Home Care,88,Sundry Traders Network #2 (Tier 2/3),General Trade,India - Tier 2/3,22.6,62.8800000000000000,40.3
42,Urban Kitchen,Packaged Foods,71,UrbanPantry (Tier 2/3),Grocery,India - Tier 2/3,21.7,61.8906000000000000,40.2
87,Pure Sweets,Confectionery,1,FreshMart,Grocery,North America,21.7,61.9236111111111111,40.2
71,Golden Farms,Dairy,7,UrbanPantry,Grocery,North America,20.5,60.7394736842105263,40.2
9,Spring Crisps,Salty Snacks,96,UrbanPantry (UAE),Grocery,Gulf - UAE,22.5,62.7130681818181818,40.2
96,Meadow Breakfast Co,Breakfast & Cereal,83,Neighborhood Wholesale #2 (Tier 2/3),General Trade,India - Tier 2/3,23.6,63.6752500000000000,40.1
62,Royal Household,Home Care,12,MetroBazaar #2,Grocery,North America,21.4,61.5100694444444444,40.1
14,Golden Bubbles,Sparkling Water,7,UrbanPantry,Grocery,North America,23.0,63.0876190476190476,40.1
75,Vivid Dairy,Dairy,111,Community Retail Co-op (UAE),General Trade,Gulf - UAE,24.2,64.2289473684210526,40.0
7,Urban Bites,Salty Snacks,98,BulkBasket Club (UAE),Club,Gulf - UAE,22.9,62.7130681818181818,39.8
103,Coastal Baby Essentials,Baby Care,65,FreshMart (Tier 2/3),Grocery,India - Tier 2/3,22.3,61.9433333333333333,39.6
93,Urban Mornings,Breakfast & Cereal,166,DailyBasket (Philippines),Grocery,SEA - Philippines,22.4,62.0381578947368421,39.6
66,Golden Household,Home Care,186,SunriseMart (Indonesia),Grocery,SEA - Indonesia,24.2,63.7145833333333333,39.5
99,Fresh Cereal Co,Breakfast & Cereal,143,MetroBazaar (Malaysia),Grocery,SEA - Malaysia,23.2,62.5915625000000000,39.4
46,Fresh Refresh,Beverages,2,MetroBazaar,Grocery,North America,23.5,62.8907142857142857,39.4
105,Silver Baby Essentials,Baby Care,196,Corner Store Network (Indonesia),General Trade,SEA - Indonesia,20.4,59.7341666666666667,39.3
22,Crunch Fizz,Sparkling Water,94,DailyBasket (UAE),Grocery,Gulf - UAE,23.7,62.9568181818181818,39.3
18,Royal Fizz,Sparkling Water,29,QuickStop #2,C-Store,North America,23.8,63.0876190476190476,39.3
103,Coastal Baby Essentials,Baby Care,68,PrimeGrocer (Tier 2/3),Grocery,India - Tier 2/3,22.6,61.9433333333333333,39.3
29,Golden Essentials,Personal Care,40,DailyBasket (Metro),Grocery,India - Metro,23.4,62.6680000000000000,39.3
34,Bold Kitchen,Packaged Foods,147,SunriseMart (Malaysia),Grocery,SEA - Malaysia,23.2,62.4881250000000000,39.3
67,Golden Milk Co,Dairy,189,DashKart (Indonesia),Quick Commerce,SEA - Indonesia,24.1,63.3287500000000000,39.2
59,Pure Shine,Home Care,107,Local Trade Collective (UAE),General Trade,Gulf - UAE,22.2,61.4090909090909091,39.2
83,Fresh Treats,Confectionery,87,MarketLink GT #2 (Tier 2/3),General Trade,India - Tier 2/3,23.2,62.4378000000000000,39.2
30,Cloud Essentials,Personal Care,144,GreenAisle (Malaysia),Grocery,SEA - Malaysia,22.4,61.4575000000000000,39.1
50,Crunch Drinks,Beverages,163,MetroBazaar (Philippines),Grocery,SEA - Philippines,25.4,64.5381578947368421,39.1
78,Prime Confections,Confectionery,37,MetroBazaar (Metro),Grocery,India - Metro,23.6,62.6568965517241379,39.1
85,Heritage Treats,Confectionery,69,DailyBasket (Tier 2/3),Grocery,India - Tier 2/3,23.3,62.4378000000000000,39.1
102,Coastal Little Ones,Baby Care,82,ValueTrade GT #2 (Tier 2/3),General Trade,India - Tier 2/3,23.0,61.9433333333333333,38.9
89,Nomad Mornings,Breakfast & Cereal,82,ValueTrade GT #2 (Tier 2/3),General Trade,India - Tier 2/3,24.8,63.6752500000000000,38.9
59,Pure Shine,Home Care,37,MetroBazaar (Metro),Grocery,India - Metro,22.5,61.3740000000000000,38.9
76,Royal Farms,Dairy,65,FreshMart (Tier 2/3),Grocery,India - Tier 2/3,23.7,62.6312000000000000,38.9
43,Coastal Table,Packaged Foods,63,MarketLink GT (Metro),General Trade,India - Metro,23.4,62.2600000000000000,38.9
46,Fresh Refresh,Beverages,28,ExpressStop,C-Store,North America,24.0,62.8907142857142857,38.9
58,Coastal Clean,Home Care,193,Local Trade Collective (Indonesia),General Trade,SEA - Indonesia,24.9,63.7145833333333333,38.8
88,Pure Treats,Confectionery,105,FlashCart (UAE),Quick Commerce,Gulf - UAE,23.1,61.9394736842105263,38.8
97,Royal Breakfast Co,Breakfast & Cereal,151,SwiftBasket (Malaysia),Quick Commerce,SEA - Malaysia,23.9,62.5915625000000000,38.7
39,Blue Kitchen,Packaged Foods,147,SunriseMart (Malaysia),Grocery,SEA - Malaysia,23.9,62.4881250000000000,38.6
2,Bold Snacks,Salty Snacks,119,ValueTrade GT (Saudi),General Trade,Gulf - Saudi,23.7,62.3475000000000000,38.6
88,Pure Treats,Confectionery,194,ValueTrade GT (Indonesia),General Trade,SEA - Indonesia,23.3,61.8512500000000000,38.6
36,Cloud Table,Packaged Foods,87,MarketLink GT #2 (Tier 2/3),General Trade,India - Tier 2/3,23.5,61.8906000000000000,38.4
66,Golden Household,Home Care,188,ZipCart (Indonesia),Quick Commerce,SEA - Indonesia,25.3,63.7145833333333333,38.4
43,Coastal Table,Packaged Foods,75,Neighborhood Wholesale (Tier 2/3),General Trade,India - Tier 2/3,23.5,61.8906000000000000,38.4
88,Pure Treats,Confectionery,110,Corner Store Network (UAE),General Trade,Gulf - UAE,23.5,61.9394736842105263,38.4
107,Spring Tiny Care,Baby Care,188,ZipCart (Indonesia),Quick Commerce,SEA - Indonesia,21.4,59.7341666666666667,38.3
64,Blue Shine,Home Care,5,DailyBasket,Grocery,North America,23.2,61.5100694444444444,38.3
50,Crunch Drinks,Beverages,174,ValueTrade GT (Philippines),General Trade,SEA - Philippines,26.2,64.5381578947368421,38.3
13,Urban Bubbles,Sparkling Water,148,QuickDash (Malaysia),Quick Commerce,SEA - Malaysia,23.4,61.5825000000000000,38.2
50,Crunch Drinks,Beverages,190,SwiftBasket (Indonesia),Quick Commerce,SEA - Indonesia,22.5,60.6750000000000000,38.2
5,Urban Crisps,Salty Snacks,141,Community Retail Co-op (Qatar),General Trade,Gulf - Qatar,22.9,60.9850000000000000,38.1
51,Coastal Drinks,Beverages,143,MetroBazaar (Malaysia),Grocery,SEA - Malaysia,23.7,61.7712500000000000,38.1
91,Coastal Cereal Co,Breakfast & Cereal,151,SwiftBasket (Malaysia),Quick Commerce,SEA - Malaysia,24.5,62.5915625000000000,38.1
22,Crunch Fizz,Sparkling Water,110,Corner Store Network (UAE),General Trade,Gulf - UAE,25.0,62.9568181818181818,38.0
98,Coastal Mornings,Breakfast & Cereal,87,MarketLink GT #2 (Tier 2/3),General Trade,India - Tier 2/3,25.7,63.6752500000000000,38.0
90,Prime Grains,Breakfast & Cereal,144,GreenAisle (Malaysia),Grocery,SEA - Malaysia,24.6,62.5915625000000000,38.0
28,Spring Skin,Personal Care,143,MetroBazaar (Malaysia),Grocery,SEA - Malaysia,23.5,61.4575000000000000,38.0
15,Blue Springs,Sparkling Water,116,DailyBasket (Saudi),Grocery,Gulf - Saudi,25.1,63.0650000000000000,38.0
106,Vivid Little Ones,Baby Care,117,SunriseMart (Saudi),Grocery,Gulf - Saudi,26.6,64.5725000000000000,38.0
73,Blue Milk Co,Dairy,194,ValueTrade GT (Indonesia),General Trade,SEA - Indonesia,25.3,63.3287500000000000,38.0
18,Royal Fizz,Sparkling Water,14,SaverClub,Club,North America,25.2,63.0876190476190476,37.9
35,Silver Table,Packaged Foods,13,GreenAisle #2,Grocery,North America,24.6,62.4755208333333333,37.9
110,Meadow Tiny Care,Baby Care,9,CityMart,Grocery,North America,25.2,63.0250000000000000,37.8
9,Spring Crisps,Salty Snacks,90,FreshMart (UAE),Grocery,Gulf - UAE,24.9,62.7130681818181818,37.8
51,Coastal Drinks,Beverages,17,MegaValue Club,Club,North America,25.2,62.8907142857142857,37.7
83,Fresh Treats,Confectionery,75,Neighborhood Wholesale (Tier 2/3),General Trade,India - Tier 2/3,24.7,62.4378000000000000,37.7
33,Cloud Glow,Personal Care,83,Neighborhood Wholesale #2 (Tier 2/3),General Trade,India - Tier 2/3,25.1,62.8356666666666667,37.7
34,Bold Kitchen,Packaged Foods,192,FlashCart (Indonesia),Quick Commerce,SEA - Indonesia,26.9,64.6200000000000000,37.7
17,Nomad Bubbles,Sparkling Water,46,QuickDash (Metro),Quick Commerce,India - Metro,24.4,61.9855603448275862,37.6
18,Royal Fizz,Sparkling Water,113,MetroBazaar (Saudi),Grocery,Gulf - Saudi,25.5,63.0650000000000000,37.6
49,Meadow Beverages,Beverages,84,Corner Store Network #2 (Tier 2/3),General Trade,India - Tier 2/3,25.0,62.6366666666666667,37.6
33,Cloud Glow,Personal Care,85,Community Retail Co-op #2 (Tier 2/3),General Trade,India - Tier 2/3,25.2,62.8356666666666667,37.6
81,Prime Candy Co,Confectionery,137,Local Trade Collective (Qatar),General Trade,Gulf - Qatar,23.4,60.9133333333333333,37.5
91,Coastal Cereal Co,Breakfast & Cereal,145,PrimeGrocer (Malaysia),Grocery,SEA - Malaysia,25.1,62.5915625000000000,37.5
89,Nomad Mornings,Breakfast & Cereal,66,MetroBazaar (Tier 2/3),Grocery,India - Tier 2/3,26.2,63.6752500000000000,37.5
74,Sunrise Milk Co,Dairy,73,Local Trade Collective (Tier 2/3),General Trade,India - Tier 2/3,25.1,62.6312000000000000,37.5
93,Urban Mornings,Breakfast & Cereal,110,Corner Store Network (UAE),General Trade,Gulf - UAE,26.0,63.3928030303030303,37.4
71,Golden Farms,Dairy,178,Bazaar Wholesale (Philippines),General Trade,SEA - Philippines,24.0,61.3750000000000000,37.4
19,Fresh Fizz,Sparkling Water,81,Local Trade Collective #2 (Tier 2/3),General Trade,India - Tier 2/3,26.1,63.3680000000000000,37.3
24,Spring Care,Personal Care,110,Corner Store Network (UAE),General Trade,Gulf - UAE,25.8,63.1394736842105263,37.3
62,Royal Household,Home Care,7,UrbanPantry,Grocery,North America,24.3,61.5100694444444444,37.2
43,Coastal Table,Packaged Foods,38,GreenAisle (Metro),Grocery,India - Metro,25.1,62.2600000000000000,37.2
94,Crunch Cereal Co,Breakfast & Cereal,185,DailyBasket (Indonesia),Grocery,SEA - Indonesia,24.2,61.4287500000000000,37.2
14,Golden Bubbles,Sparkling Water,16,WareClub,Club,North America,25.9,63.0876190476190476,37.2
6,Coastal Bites,Salty Snacks,14,SaverClub,Club,North America,24.2,61.3621428571428571,37.2
98,Coastal Mornings,Breakfast & Cereal,79,MarketLink GT (Tier 2/3),General Trade,India - Tier 2/3,26.6,63.6752500000000000,37.1
46,Fresh Refresh,Beverages,25,QuickStop,C-Store,North America,25.8,62.8907142857142857,37.1
8,Meadow Crisps,Salty Snacks,75,Neighborhood Wholesale (Tier 2/3),General Trade,India - Tier 2/3,25.9,63.0406666666666667,37.1
108,Crunch Baby Co,Baby Care,69,DailyBasket (Tier 2/3),Grocery,India - Tier 2/3,24.9,61.9433333333333333,37.0
108,Crunch Baby Co,Baby Care,125,Sundry Traders Network (Saudi),General Trade,Gulf - Saudi,27.6,64.5725000000000000,37.0
28,Spring Skin,Personal Care,6,SunriseMart,Grocery,North America,26.2,63.2026315789473684,37.0
48,Silver Beverages,Beverages,133,ZipCart (Qatar),Quick Commerce,Gulf - Qatar,25.4,62.3838888888888889,37.0
93,Urban Mornings,Breakfast & Cereal,101,ZipCart (UAE),Quick Commerce,Gulf - UAE,26.5,63.3928030303030303,36.9
17,Nomad Bubbles,Sparkling Water,64,Sundry Traders Network (Metro),General Trade,India - Metro,25.1,61.9855603448275862,36.9
97,Royal Breakfast Co,Breakfast & Cereal,146,DailyBasket (Malaysia),Grocery,SEA - Malaysia,25.8,62.5915625000000000,36.8
70,Vivid Milk Co,Dairy,88,Sundry Traders Network #2 (Tier 2/3),General Trade,India - Tier 2/3,25.8,62.6312000000000000,36.8
18,Royal Fizz,Sparkling Water,15,BulkBasket Club,Club,North America,26.3,63.0876190476190476,36.8
34,Bold Kitchen,Packaged Foods,155,ValueTrade GT (Malaysia),General Trade,SEA - Malaysia,25.7,62.4881250000000000,36.8
71,Golden Farms,Dairy,12,MetroBazaar #2,Grocery,North America,24.0,60.7394736842105263,36.7
84,Everyday Treats,Confectionery,181,FreshMart (Indonesia),Grocery,SEA - Indonesia,25.3,61.8512500000000000,36.6
69,Everyday Milk Co,Dairy,147,SunriseMart (Malaysia),Grocery,SEA - Malaysia,28.0,64.5987500000000000,36.6
90,Prime Grains,Breakfast & Cereal,102,DashKart (UAE),Quick Commerce,Gulf - UAE,26.8,63.3928030303030303,36.6
53,Cloud Sip,Beverages,127,FreshMart (Qatar),Grocery,Gulf - Qatar,25.8,62.3838888888888889,36.6
95,Cloud Mornings,Breakfast & Cereal,118,Local Trade Collective (Saudi),General Trade,Gulf - Saudi,22.8,59.3711111111111111,36.6
12,True Water Co,Sparkling Water,54,GoCart Express (Metro),Quick Commerce,India - Metro,25.4,61.9855603448275862,36.6
83,Fresh Treats,Confectionery,70,SunriseMart (Tier 2/3),Grocery,India - Tier 2/3,25.8,62.4378000000000000,36.6
93,Urban Mornings,Breakfast & Cereal,180,Sundry Traders Network (Philippines),General Trade,SEA - Philippines,25.4,62.0381578947368421,36.6
96,Meadow Breakfast Co,Breakfast & Cereal,83,Neighborhood Wholesale #2 (Tier 2/3),General Trade,India - Tier 2/3,27.1,63.6752500000000000,36.6
79,Coastal Candy Co,Confectionery,73,Local Trade Collective (Tier 2/3),General Trade,India - Tier 2/3,25.8,62.4378000000000000,36.6
91,Coastal Cereal Co,Breakfast & Cereal,155,ValueTrade GT (Malaysia),General Trade,SEA - Malaysia,26.0,62.5915625000000000,36.6
54,Nomad Drinks,Beverages,82,ValueTrade GT #2 (Tier 2/3),General Trade,India - Tier 2/3,26.0,62.6366666666666667,36.6
24,Spring Care,Personal Care,128,MetroBazaar (Qatar),Grocery,Gulf - Qatar,25.1,61.5616666666666667,36.5
30,Cloud Essentials,Personal Care,161,Sundry Traders Network (Malaysia),General Trade,SEA - Malaysia,25.0,61.4575000000000000,36.5
73,Blue Milk Co,Dairy,185,DailyBasket (Indonesia),Grocery,SEA - Indonesia,26.8,63.3287500000000000,36.5
28,Spring Skin,Personal Care,153,FlashCart (Malaysia),Quick Commerce,SEA - Malaysia,25.0,61.4575000000000000,36.5
13,Urban Bubbles,Sparkling Water,171,SwiftBasket (Philippines),Quick Commerce,SEA - Philippines,28.2,64.6703947368421053,36.5
75,Vivid Dairy,Dairy,92,GreenAisle (UAE),Grocery,Gulf - UAE,27.8,64.2289473684210526,36.4
11,Silver Snacks,Salty Snacks,76,Corner Store Network (Tier 2/3),General Trade,India - Tier 2/3,26.6,63.0406666666666667,36.4
85,Heritage Treats,Confectionery,84,Corner Store Network #2 (Tier 2/3),General Trade,India - Tier 2/3,26.1,62.4378000000000000,36.3
14,Golden Bubbles,Sparkling Water,28,ExpressStop,C-Store,North America,26.8,63.0876190476190476,36.3
53,Cloud Sip,Beverages,132,QuickDash (Qatar),Quick Commerce,Gulf - Qatar,26.1,62.3838888888888889,36.3
98,Coastal Mornings,Breakfast & Cereal,71,UrbanPantry (Tier 2/3),Grocery,India - Tier 2/3,27.4,63.6752500000000000,36.3
82,Meadow Treats,Confectionery,10,HomeFresh,Grocery,North America,25.6,61.9236111111111111,36.3
62,Royal Household,Home Care,14,SaverClub,Club,North America,25.3,61.5100694444444444,36.2
82,Meadow Treats,Confectionery,86,Bazaar Wholesale #2 (Tier 2/3),General Trade,India - Tier 2/3,26.2,62.4378000000000000,36.2
12,True Water Co,Sparkling Water,70,SunriseMart (Tier 2/3),Grocery,India - Tier 2/3,27.2,63.3680000000000000,36.2
1,True Snacks,Salty Snacks,86,Bazaar Wholesale #2 (Tier 2/3),General Trade,India - Tier 2/3,26.8,63.0406666666666667,36.2
108,Crunch Baby Co,Baby Care,72,ValueGrocer (Tier 2/3),Grocery,India - Tier 2/3,25.8,61.9433333333333333,36.1
72,Nomad Milk Co,Dairy,65,FreshMart (Tier 2/3),Grocery,India - Tier 2/3,26.5,62.6312000000000000,36.1
50,Crunch Drinks,Beverages,164,GreenAisle (Philippines),Grocery,SEA - Philippines,28.4,64.5381578947368421,36.1
77,Urban Creamery,Dairy,123,Bazaar Wholesale (Saudi),General Trade,Gulf - Saudi,24.3,60.2775000000000000,36.0
49,Meadow Beverages,Beverages,80,Sundry Traders Network (Tier 2/3),General Trade,India - Tier 2/3,26.6,62.6366666666666667,36.0
50,Crunch Drinks,Beverages,200,Sundry Traders Network (Indonesia),General Trade,SEA - Indonesia,24.7,60.6750000000000000,36.0
78,Prime Confections,Confectionery,181,FreshMart (Indonesia),Grocery,SEA - Indonesia,25.9,61.8512500000000000,36.0
80,Nomad Candy Co,Confectionery,81,Local Trade Collective #2 (Tier 2/3),General Trade,India - Tier 2/3,26.4,62.4378000000000000,36.0
52,Spring Sip,Beverages,129,GreenAisle (Qatar),Grocery,Gulf - Qatar,26.5,62.3838888888888889,35.9
96,Meadow Breakfast Co,Breakfast & Cereal,79,MarketLink GT (Tier 2/3),General Trade,India - Tier 2/3,27.8,63.6752500000000000,35.9
9,Spring Crisps,Salty Snacks,108,ValueTrade GT (UAE),General Trade,Gulf - UAE,26.8,62.7130681818181818,35.9
75,Vivid Dairy,Dairy,73,Local Trade Collective (Tier 2/3),General Trade,India - Tier 2/3,26.7,62.6312000000000000,35.9
108,Crunch Baby Co,Baby Care,84,Corner Store Network #2 (Tier 2/3),General Trade,India - Tier 2/3,26.0,61.9433333333333333,35.9
26,Prime Care,Personal Care,70,SunriseMart (Tier 2/3),Grocery,India - Tier 2/3,26.9,62.8356666666666667,35.9
45,Pure Drinks,Beverages,121,Corner Store Network (Saudi),General Trade,Gulf - Saudi,26.7,62.5236666666666667,35.8
71,Golden Farms,Dairy,166,DailyBasket (Philippines),Grocery,SEA - Philippines,25.6,61.3750000000000000,35.8
13,Urban Bubbles,Sparkling Water,176,Corner Store Network (Philippines),General Trade,SEA - Philippines,28.9,64.6703947368421053,35.8
35,Silver Table,Packaged Foods,82,ValueTrade GT #2 (Tier 2/3),General Trade,India - Tier 2/3,26.2,61.8906000000000000,35.7
8,Meadow Crisps,Salty Snacks,87,MarketLink GT #2 (Tier 2/3),General Trade,India - Tier 2/3,27.3,63.0406666666666667,35.7
58,Coastal Clean,Home Care,94,DailyBasket (UAE),Grocery,Gulf - UAE,25.7,61.4090909090909091,35.7
16,Sunrise Water Co,Sparkling Water,172,HopMart (Philippines),Quick Commerce,SEA - Philippines,29.0,64.6703947368421053,35.7
73,Blue Milk Co,Dairy,184,PrimeGrocer (Indonesia),Grocery,SEA - Indonesia,27.6,63.3287500000000000,35.7
4,Blue Bites,Salty Snacks,148,QuickDash (Malaysia),Quick Commerce,SEA - Malaysia,24.6,60.3325000000000000,35.7
28,Spring Skin,Personal Care,147,SunriseMart (Malaysia),Grocery,SEA - Malaysia,25.8,61.4575000000000000,35.7
31,Everyday Glow,Personal Care,118,Local Trade Collective (Saudi),General Trade,Gulf - Saudi,24.2,59.8583333333333333,35.7
30,Cloud Essentials,Personal Care,9,CityMart,Grocery,North America,27.5,63.2026315789473684,35.7
90,Prime Grains,Breakfast & Cereal,160,MarketLink GT (Malaysia),General Trade,SEA - Malaysia,26.9,62.5915625000000000,35.7
50,Crunch Drinks,Beverages,170,DashKart (Philippines),Quick Commerce,SEA - Philippines,28.8,64.5381578947368421,35.7
4,Blue Bites,Salty Snacks,153,FlashCart (Malaysia),Quick Commerce,SEA - Malaysia,24.7,60.3325000000000000,35.6
17,Nomad Bubbles,Sparkling Water,49,SwiftBasket (Metro),Quick Commerce,India - Metro,26.4,61.9855603448275862,35.6
105,Silver Baby Essentials,Baby Care,194,ValueTrade GT (Indonesia),General Trade,SEA - Indonesia,24.1,59.7341666666666667,35.6
70,Vivid Milk Co,Dairy,70,SunriseMart (Tier 2/3),Grocery,India - Tier 2/3,27.0,62.6312000000000000,35.6
74,Sunrise Milk Co,Dairy,81,Local Trade Collective #2 (Tier 2/3),General Trade,India - Tier 2/3,27.0,62.6312000000000000,35.6
93,Urban Mornings,Breakfast & Cereal,166,DailyBasket (Philippines),Grocery,SEA - Philippines,26.4,62.0381578947368421,35.6
66,Golden Household,Home Care,87,MarketLink GT #2 (Tier 2/3),General Trade,India - Tier 2/3,27.3,62.8800000000000000,35.6
62,Royal Household,Home Care,114,GreenAisle (Saudi),Grocery,Gulf - Saudi,27.7,63.1858333333333333,35.5
80,Nomad Candy Co,Confectionery,29,QuickStop #2,C-Store,North America,26.4,61.9236111111111111,35.5
73,Blue Milk Co,Dairy,2,MetroBazaar,Grocery,North America,25.2,60.7394736842105263,35.5
85,Heritage Treats,Confectionery,74,ValueTrade GT (Tier 2/3),General Trade,India - Tier 2/3,26.9,62.4378000000000000,35.5
107,Spring Tiny Care,Baby Care,194,ValueTrade GT (Indonesia),General Trade,SEA - Indonesia,24.2,59.7341666666666667,35.5
92,Cloud Grains,Breakfast & Cereal,173,Local Trade Collective (Philippines),General Trade,SEA - Philippines,26.5,62.0381578947368421,35.5
46,Fresh Refresh,Beverages,10,HomeFresh,Grocery,North America,27.5,62.8907142857142857,35.4
16,Sunrise Water Co,Sparkling Water,195,Neighborhood Wholesale (Indonesia),General Trade,SEA - Indonesia,28.5,63.8825000000000000,35.4
44,Spring Pantry,Packaged Foods,107,Local Trade Collective (UAE),General Trade,Gulf - UAE,27.6,63.0119318181818182,35.4
18,Royal Fizz,Sparkling Water,112,FreshMart (Saudi),Grocery,Gulf - Saudi,27.7,63.0650000000000000,35.4
14,Golden Bubbles,Sparkling Water,8,ValueGrocer,Grocery,North America,27.8,63.0876190476190476,35.3
73,Blue Milk Co,Dairy,3,GreenAisle,Grocery,North America,25.4,60.7394736842105263,35.3
84,Everyday Treats,Confectionery,190,SwiftBasket (Indonesia),Quick Commerce,SEA - Indonesia,26.6,61.8512500000000000,35.3
38,Urban Pantry,Packaged Foods,119,ValueTrade GT (Saudi),General Trade,Gulf - Saudi,25.7,61.0458333333333333,35.3
66,Golden Household,Home Care,200,Sundry Traders Network (Indonesia),General Trade,SEA - Indonesia,28.4,63.7145833333333333,35.3
11,Silver Snacks,Salty Snacks,85,Community Retail Co-op #2 (Tier 2/3),General Trade,India - Tier 2/3,27.8,63.0406666666666667,35.2
35,Silver Table,Packaged Foods,8,ValueGrocer,Grocery,North America,27.3,62.4755208333333333,35.2
1,True Snacks,Salty Snacks,85,Community Retail Co-op #2 (Tier 2/3),General Trade,India - Tier 2/3,27.8,63.0406666666666667,35.2
18,Royal Fizz,Sparkling Water,19,GreenLeaf Naturals,Natural,North America,27.9,63.0876190476190476,35.2
25,Royal Skin,Personal Care,149,ZipCart (Malaysia),Quick Commerce,SEA - Malaysia,26.3,61.4575000000000000,35.2
16,Sunrise Water Co,Sparkling Water,180,Sundry Traders Network (Philippines),General Trade,SEA - Philippines,29.5,64.6703947368421053,35.2
21,Golden Fizz,Sparkling Water,145,PrimeGrocer (Malaysia),Grocery,SEA - Malaysia,26.4,61.5825000000000000,35.2
51,Coastal Drinks,Beverages,151,SwiftBasket (Malaysia),Quick Commerce,SEA - Malaysia,26.7,61.7712500000000000,35.1
22,Crunch Fizz,Sparkling Water,101,ZipCart (UAE),Quick Commerce,Gulf - UAE,27.9,62.9568181818181818,35.1
65,Urban Clean,Home Care,5,DailyBasket,Grocery,North America,26.4,61.5100694444444444,35.1
19,Fresh Fizz,Sparkling Water,83,Neighborhood Wholesale #2 (Tier 2/3),General Trade,India - Tier 2/3,28.3,63.3680000000000000,35.1
41,Royal Kitchen,Packaged Foods,4,PrimeGrocer,Grocery,North America,27.5,62.4755208333333333,35.0
82,Meadow Treats,Confectionery,89,Local Trade Collective #3 (Tier 2/3),General Trade,India - Tier 2/3,27.4,62.4378000000000000,35.0
22,Crunch Fizz,Sparkling Water,124,MarketLink GT (Saudi),General Trade,Gulf - Saudi,28.1,63.0650000000000000,35.0
69,Everyday Milk Co,Dairy,150,DashKart (Malaysia),Quick Commerce,SEA - Malaysia,29.6,64.5987500000000000,35.0
79,Coastal Candy Co,Confectionery,76,Corner Store Network (Tier 2/3),General Trade,India - Tier 2/3,27.4,62.4378000000000000,35.0
66,Golden Household,Home Care,78,Bazaar Wholesale (Tier 2/3),General Trade,India - Tier 2/3,27.9,62.8800000000000000,35.0
37,Heritage Kitchen,Packaged Foods,122,Community Retail Co-op (Saudi),General Trade,Gulf - Saudi,26.0,61.0458333333333333,35.0
6,Coastal Bites,Salty Snacks,24,PureRoots Market #2,Natural,North America,26.4,61.3621428571428571,35.0
46,Fresh Refresh,Beverages,13,GreenAisle #2,Grocery,North America,27.9,62.8907142857142857,35.0
21,Golden Fizz,Sparkling Water,52,NimbleMart (Metro),Quick Commerce,India - Metro,27.1,61.9855603448275862,34.9
73,Blue Milk Co,Dairy,2,MetroBazaar,Grocery,North America,25.8,60.7394736842105263,34.9
9,Spring Crisps,Salty Snacks,106,NimbleMart (UAE),Quick Commerce,Gulf - UAE,27.8,62.7130681818181818,34.9
7,Urban Bites,Salty Snacks,193,Local Trade Collective (Indonesia),General Trade,SEA - Indonesia,23.3,58.1575000000000000,34.9
33,Cloud Glow,Personal Care,74,ValueTrade GT (Tier 2/3),General Trade,India - Tier 2/3,27.9,62.8356666666666667,34.9
69,Everyday Milk Co,Dairy,144,GreenAisle (Malaysia),Grocery,SEA - Malaysia,29.7,64.5987500000000000,34.9
51,Coastal Drinks,Beverages,2,MetroBazaar,Grocery,North America,28.0,62.8907142857142857,34.9
24,Spring Care,Personal Care,105,FlashCart (UAE),Quick Commerce,Gulf - UAE,28.2,63.1394736842105263,34.9
3,Prime Snacks,Salty Snacks,30,CornerFuel Mart #2,C-Store,North America,26.6,61.3621428571428571,34.8
98,Coastal Mornings,Breakfast & Cereal,76,Corner Store Network (Tier 2/3),General Trade,India - Tier 2/3,28.9,63.6752500000000000,34.8
87,Pure Sweets,Confectionery,8,ValueGrocer,Grocery,North America,27.1,61.9236111111111111,34.8
87,Pure Sweets,Confectionery,2,MetroBazaar,Grocery,North America,27.1,61.9236111111111111,34.8
107,Spring Tiny Care,Baby Care,195,Neighborhood Wholesale (Indonesia),General Trade,SEA - Indonesia,24.9,59.7341666666666667,34.8
94,Crunch Cereal Co,Breakfast & Cereal,74,ValueTrade GT (Tier 2/3),General Trade,India - Tier 2/3,28.9,63.6752500000000000,34.8
21,Golden Fizz,Sparkling Water,159,Bazaar Wholesale (Malaysia),General Trade,SEA - Malaysia,26.8,61.5825000000000000,34.8
19,Fresh Fizz,Sparkling Water,87,MarketLink GT #2 (Tier 2/3),General Trade,India - Tier 2/3,28.7,63.3680000000000000,34.7
65,Urban Clean,Home Care,5,DailyBasket,Grocery,North America,26.8,61.5100694444444444,34.7
70,Vivid Milk Co,Dairy,124,MarketLink GT (Saudi),General Trade,Gulf - Saudi,25.6,60.2775000000000000,34.7
59,Pure Shine,Home Care,94,DailyBasket (UAE),Grocery,Gulf - UAE,26.7,61.4090909090909091,34.7
59,Pure Shine,Home Care,55,DartMart (Metro),Quick Commerce,India - Metro,26.7,61.3740000000000000,34.7
86,True Candy Co,Confectionery,173,Local Trade Collective (Philippines),General Trade,SEA - Philippines,28.3,63.0394736842105263,34.7
8,Meadow Crisps,Salty Snacks,85,Community Retail Co-op #2 (Tier 2/3),General Trade,India - Tier 2/3,28.4,63.0406666666666667,34.6
47,Sunrise Refresh,Beverages,79,MarketLink GT (Tier 2/3),General Trade,India - Tier 2/3,28.0,62.6366666666666667,34.6
36,Cloud Table,Packaged Foods,130,PrimeGrocer (Qatar),Grocery,Gulf - Qatar,32.1,66.6983333333333333,34.6
41,Royal Kitchen,Packaged Foods,17,MegaValue Club,Club,North America,27.9,62.4755208333333333,34.6
102,Coastal Little Ones,Baby Care,76,Corner Store Network (Tier 2/3),General Trade,India - Tier 2/3,27.3,61.9433333333333333,34.6
34,Bold Kitchen,Packaged Foods,184,PrimeGrocer (Indonesia),Grocery,SEA - Indonesia,30.1,64.6200000000000000,34.5
28,Spring Skin,Personal Care,142,FreshMart (Malaysia),Grocery,SEA - Malaysia,27.0,61.4575000000000000,34.5
50,Crunch Drinks,Beverages,162,FreshMart (Philippines),Grocery,SEA - Philippines,30.0,64.5381578947368421,34.5
99,Fresh Cereal Co,Breakfast & Cereal,92,GreenAisle (UAE),Grocery,Gulf - UAE,28.9,63.3928030303030303,34.5
71,Golden Farms,Dairy,8,ValueGrocer,Grocery,North America,26.2,60.7394736842105263,34.5
22,Crunch Fizz,Sparkling Water,102,DashKart (UAE),Quick Commerce,Gulf - UAE,28.5,62.9568181818181818,34.5
35,Silver Table,Packaged Foods,69,DailyBasket (Tier 2/3),Grocery,India - Tier 2/3,27.4,61.8906000000000000,34.5
33,Cloud Glow,Personal Care,80,Sundry Traders Network (Tier 2/3),General Trade,India - Tier 2/3,28.4,62.8356666666666667,34.4
96,Meadow Breakfast Co,Breakfast & Cereal,89,Local Trade Collective #3 (Tier 2/3),General Trade,India - Tier 2/3,29.3,63.6752500000000000,34.4
75,Vivid Dairy,Dairy,110,Corner Store Network (UAE),General Trade,Gulf - UAE,29.8,64.2289473684210526,34.4
86,True Candy Co,Confectionery,164,GreenAisle (Philippines),Grocery,SEA - Philippines,28.6,63.0394736842105263,34.4
51,Coastal Drinks,Beverages,14,SaverClub,Club,North America,28.5,62.8907142857142857,34.4
4,Blue Bites,Salty Snacks,156,Neighborhood Wholesale (Malaysia),General Trade,SEA - Malaysia,25.9,60.3325000000000000,34.4
48,Silver Beverages,Beverages,136,HopMart (Qatar),Quick Commerce,Gulf - Qatar,28.1,62.3838888888888889,34.3
63,Silver Household,Home Care,119,ValueTrade GT (Saudi),General Trade,Gulf - Saudi,28.9,63.1858333333333333,34.3
100,Fresh Tiny Care,Baby Care,72,ValueGrocer (Tier 2/3),Grocery,India - Tier 2/3,27.6,61.9433333333333333,34.3
81,Prime Candy Co,Confectionery,132,QuickDash (Qatar),Quick Commerce,Gulf - Qatar,26.6,60.9133333333333333,34.3
105,Silver Baby Essentials,Baby Care,66,MetroBazaar (Tier 2/3),Grocery,India - Tier 2/3,27.6,61.9433333333333333,34.3
63,Silver Household,Home Care,126,Local Trade Collective #2 (Saudi),General Trade,Gulf - Saudi,28.9,63.1858333333333333,34.3
46,Fresh Refresh,Beverages,25,QuickStop,C-Store,North America,28.6,62.8907142857142857,34.3
108,Crunch Baby Co,Baby Care,75,Neighborhood Wholesale (Tier 2/3),General Trade,India - Tier 2/3,27.7,61.9433333333333333,34.2
59,Pure Shine,Home Care,40,DailyBasket (Metro),Grocery,India - Metro,27.2,61.3740000000000000,34.2
55,Vivid Sip,Beverages,195,Neighborhood Wholesale (Indonesia),General Trade,SEA - Indonesia,26.5,60.6750000000000000,34.2
3,Prime Snacks,Salty Snacks,18,SaverClub #2,Club,North America,27.2,61.3621428571428571,34.2
28,Spring Skin,Personal Care,7,UrbanPantry,Grocery,North America,29.0,63.2026315789473684,34.2
41,Royal Kitchen,Packaged Foods,14,SaverClub,Club,North America,28.3,62.4755208333333333,34.2
11,Silver Snacks,Salty Snacks,25,QuickStop,C-Store,North America,27.3,61.3621428571428571,34.1
68,Cloud Dairy,Dairy,189,DashKart (Indonesia),Quick Commerce,SEA - Indonesia,29.2,63.3287500000000000,34.1
16,Sunrise Water Co,Sparkling Water,189,DashKart (Indonesia),Quick Commerce,SEA - Indonesia,29.8,63.8825000000000000,34.1
39,Blue Kitchen,Packaged Foods,157,Corner Store Network (Malaysia),General Trade,SEA - Malaysia,28.4,62.4881250000000000,34.1
28,Spring Skin,Personal Care,143,MetroBazaar (Malaysia),Grocery,SEA - Malaysia,27.4,61.4575000000000000,34.1
39,Blue Kitchen,Packaged Foods,153,FlashCart (Malaysia),Quick Commerce,SEA - Malaysia,28.5,62.4881250000000000,34.0
21,Golden Fizz,Sparkling Water,63,MarketLink GT (Metro),General Trade,India - Metro,28.0,61.9855603448275862,34.0
89,Nomad Mornings,Breakfast & Cereal,85,Community Retail Co-op #2 (Tier 2/3),General Trade,India - Tier 2/3,29.7,63.6752500000000000,34.0
12,True Water Co,Sparkling Water,71,UrbanPantry (Tier 2/3),Grocery,India - Tier 2/3,29.4,63.3680000000000000,34.0
19,Fresh Fizz,Sparkling Water,80,Sundry Traders Network (Tier 2/3),General Trade,India - Tier 2/3,29.5,63.3680000000000000,33.9
6,Coastal Bites,Salty Snacks,115,PrimeGrocer (Saudi),Grocery,Gulf - Saudi,28.4,62.3475000000000000,33.9
65,Urban Clean,Home Care,9,CityMart,Grocery,North America,27.6,61.5100694444444444,33.9
66,Golden Household,Home Care,69,DailyBasket (Tier 2/3),Grocery,India - Tier 2/3,29.0,62.8800000000000000,33.9
71,Golden Farms,Dairy,177,Community Retail Co-op (Philippines),General Trade,SEA - Philippines,27.5,61.3750000000000000,33.9
98,Coastal Mornings,Breakfast & Cereal,88,Sundry Traders Network #2 (Tier 2/3),General Trade,India - Tier 2/3,29.8,63.6752500000000000,33.9
95,Cloud Mornings,Breakfast & Cereal,120,Neighborhood Wholesale (Saudi),General Trade,Gulf - Saudi,25.6,59.3711111111111111,33.8
98,Coastal Mornings,Breakfast & Cereal,81,Local Trade Collective #2 (Tier 2/3),General Trade,India - Tier 2/3,29.9,63.6752500000000000,33.8
18,Royal Fizz,Sparkling Water,17,MegaValue Club,Club,North America,29.3,63.0876190476190476,33.8
37,Heritage Kitchen,Packaged Foods,119,ValueTrade GT (Saudi),General Trade,Gulf - Saudi,27.2,61.0458333333333333,33.8
27,Golden Glow,Personal Care,191,HopMart (Indonesia),Quick Commerce,SEA - Indonesia,26.6,60.4337500000000000,33.8
71,Golden Farms,Dairy,21,EarthAisle,Natural,North America,26.9,60.7394736842105263,33.8
21,Golden Fizz,Sparkling Water,46,QuickDash (Metro),Quick Commerce,India - Metro,28.2,61.9855603448275862,33.8
89,Nomad Mornings,Breakfast & Cereal,75,Neighborhood Wholesale (Tier 2/3),General Trade,India - Tier 2/3,29.9,63.6752500000000000,33.8
2,Bold Snacks,Salty Snacks,114,GreenAisle (Saudi),Grocery,Gulf - Saudi,28.5,62.3475000000000000,33.8
55,Vivid Sip,Beverages,38,GreenAisle (Metro),Grocery,India - Metro,28.3,62.0715517241379310,33.8
16,Sunrise Water Co,Sparkling Water,164,GreenAisle (Philippines),Grocery,SEA - Philippines,31.0,64.6703947368421053,33.7
26,Prime Care,Personal Care,84,Corner Store Network #2 (Tier 2/3),General Trade,India - Tier 2/3,29.1,62.8356666666666667,33.7
24,Spring Care,Personal Care,109,Neighborhood Wholesale (UAE),General Trade,Gulf - UAE,29.4,63.1394736842105263,33.7
90,Prime Grains,Breakfast & Cereal,95,SunriseMart (UAE),Grocery,Gulf - UAE,29.7,63.3928030303030303,33.7
85,Heritage Treats,Confectionery,75,Neighborhood Wholesale (Tier 2/3),General Trade,India - Tier 2/3,28.7,62.4378000000000000,33.7
50,Crunch Drinks,Beverages,185,DailyBasket (Indonesia),Grocery,SEA - Indonesia,27.1,60.6750000000000000,33.6
79,Coastal Candy Co,Confectionery,88,Sundry Traders Network #2 (Tier 2/3),General Trade,India - Tier 2/3,28.8,62.4378000000000000,33.6
107,Spring Tiny Care,Baby Care,188,ZipCart (Indonesia),Quick Commerce,SEA - Indonesia,26.1,59.7341666666666667,33.6
19,Fresh Fizz,Sparkling Water,22,NaturaLife Market,Natural,North America,29.5,63.0876190476190476,33.6
99,Fresh Cereal Co,Breakfast & Cereal,96,UrbanPantry (UAE),Grocery,Gulf - UAE,29.8,63.3928030303030303,33.6
80,Nomad Candy Co,Confectionery,33,QuickStop #3,C-Store,North America,28.3,61.9236111111111111,33.6
34,Bold Kitchen,Packaged Foods,155,ValueTrade GT (Malaysia),General Trade,SEA - Malaysia,28.9,62.4881250000000000,33.6
67,Golden Milk Co,Dairy,198,Bazaar Wholesale (Indonesia),General Trade,SEA - Indonesia,29.7,63.3287500000000000,33.6
59,Pure Shine,Home Care,40,DailyBasket (Metro),Grocery,India - Metro,27.8,61.3740000000000000,33.6
51,Coastal Drinks,Beverages,18,SaverClub #2,Club,North America,29.3,62.8907142857142857,33.6
50,Crunch Drinks,Beverages,177,Community Retail Co-op (Philippines),General Trade,SEA - Philippines,30.9,64.5381578947368421,33.6
3,Prime Snacks,Salty Snacks,117,SunriseMart (Saudi),Grocery,Gulf - Saudi,28.8,62.3475000000000000,33.5
21,Golden Fizz,Sparkling Water,142,FreshMart (Malaysia),Grocery,SEA - Malaysia,28.1,61.5825000000000000,33.5
99,Fresh Cereal Co,Breakfast & Cereal,103,SwiftBasket (UAE),Quick Commerce,Gulf - UAE,29.9,63.3928030303030303,33.5
79,Coastal Candy Co,Confectionery,83,Neighborhood Wholesale #2 (Tier 2/3),General Trade,India - Tier 2/3,28.9,62.4378000000000000,33.5
96,Meadow Breakfast Co,Breakfast & Cereal,74,ValueTrade GT (Tier 2/3),General Trade,India - Tier 2/3,30.2,63.6752500000000000,33.5
17,Nomad Bubbles,Sparkling Water,56,QuickDash #2 (Metro),Quick Commerce,India - Metro,28.5,61.9855603448275862,33.5
97,Royal Breakfast Co,Breakfast & Cereal,143,MetroBazaar (Malaysia),Grocery,SEA - Malaysia,29.2,62.5915625000000000,33.4
100,Fresh Tiny Care,Baby Care,70,SunriseMart (Tier 2/3),Grocery,India - Tier 2/3,28.5,61.9433333333333333,33.4
90,Prime Grains,Breakfast & Cereal,143,MetroBazaar (Malaysia),Grocery,SEA - Malaysia,29.2,62.5915625000000000,33.4
80,Nomad Candy Co,Confectionery,35,GoStop #3,C-Store,North America,28.6,61.9236111111111111,33.3
50,Crunch Drinks,Beverages,166,DailyBasket (Philippines),Grocery,SEA - Philippines,31.2,64.5381578947368421,33.3
82,Meadow Treats,Confectionery,2,MetroBazaar,Grocery,North America,28.6,61.9236111111111111,33.3
88,Pure Treats,Confectionery,187,QuickDash (Indonesia),Quick Commerce,SEA - Indonesia,28.6,61.8512500000000000,33.3
7,Urban Bites,Salty Snacks,90,FreshMart (UAE),Grocery,Gulf - UAE,29.4,62.7130681818181818,33.3
38,Urban Pantry,Packaged Foods,173,Local Trade Collective (Philippines),General Trade,SEA - Philippines,28.5,61.6500000000000000,33.2
7,Urban Bites,Salty Snacks,111,Community Retail Co-op (UAE),General Trade,Gulf - UAE,29.5,62.7130681818181818,33.2
63,Silver Household,Home Care,12,MetroBazaar #2,Grocery,North America,28.3,61.5100694444444444,33.2
80,Nomad Candy Co,Confectionery,83,Neighborhood Wholesale #2 (Tier 2/3),General Trade,India - Tier 2/3,29.3,62.4378000000000000,33.1
46,Fresh Refresh,Beverages,116,DailyBasket (Saudi),Grocery,Gulf - Saudi,29.4,62.5236666666666667,33.1
63,Silver Household,Home Care,10,HomeFresh,Grocery,North America,28.4,61.5100694444444444,33.1
20,Heritage Springs,Sparkling Water,51,FlashCart (Metro),Quick Commerce,India - Metro,28.9,61.9855603448275862,33.1
63,Silver Household,Home Care,15,BulkBasket Club,Club,North America,28.4,61.5100694444444444,33.1
108,Crunch Baby Co,Baby Care,79,MarketLink GT (Tier 2/3),General Trade,India - Tier 2/3,28.8,61.9433333333333333,33.1
55,Vivid Sip,Beverages,196,Corner Store Network (Indonesia),General Trade,SEA - Indonesia,27.6,60.6750000000000000,33.1
99,Fresh Cereal Co,Breakfast & Cereal,148,QuickDash (Malaysia),Quick Commerce,SEA - Malaysia,29.5,62.5915625000000000,33.1
42,Urban Kitchen,Packaged Foods,88,Sundry Traders Network #2 (Tier 2/3),General Trade,India - Tier 2/3,28.8,61.8906000000000000,33.1
47,Sunrise Refresh,Beverages,119,ValueTrade GT (Saudi),General Trade,Gulf - Saudi,29.4,62.5236666666666667,33.1
12,True Water Co,Sparkling Water,36,FreshMart (Metro),Grocery,India - Metro,28.9,61.9855603448275862,33.1
49,Meadow Beverages,Beverages,66,MetroBazaar (Tier 2/3),Grocery,India - Tier 2/3,29.5,62.6366666666666667,33.1
79,Coastal Candy Co,Confectionery,83,Neighborhood Wholesale #2 (Tier 2/3),General Trade,India - Tier 2/3,29.3,62.4378000000000000,33.1
78,Prime Confections,Confectionery,46,QuickDash (Metro),Quick Commerce,India - Metro,29.6,62.6568965517241379,33.1
93,Urban Mornings,Breakfast & Cereal,177,Community Retail Co-op (Philippines),General Trade,SEA - Philippines,29.0,62.0381578947368421,33.0
55,Vivid Sip,Beverages,182,MetroBazaar (Indonesia),Grocery,SEA - Indonesia,27.7,60.6750000000000000,33.0
65,Urban Clean,Home Care,13,GreenAisle #2,Grocery,North America,28.5,61.5100694444444444,33.0
2,Bold Snacks,Salty Snacks,39,PrimeGrocer (Metro),Grocery,India - Metro,26.4,59.4456896551724138,33.0
22,Crunch Fizz,Sparkling Water,122,Community Retail Co-op (Saudi),General Trade,Gulf - Saudi,30.1,63.0650000000000000,33.0
75,Vivid Dairy,Dairy,101,ZipCart (UAE),Quick Commerce,Gulf - UAE,31.2,64.2289473684210526,33.0
38,Urban Pantry,Packaged Foods,171,SwiftBasket (Philippines),Quick Commerce,SEA - Philippines,28.7,61.6500000000000000,33.0
73,Blue Milk Co,Dairy,9,CityMart,Grocery,North America,27.8,60.7394736842105263,32.9
6,Coastal Bites,Salty Snacks,33,QuickStop #3,C-Store,North America,28.5,61.3621428571428571,32.9
61,Crunch Household,Home Care,53,RapidBasket (Metro),Quick Commerce,India - Metro,28.5,61.3740000000000000,32.9
65,Urban Clean,Home Care,5,DailyBasket,Grocery,North America,28.6,61.5100694444444444,32.9
51,Coastal Drinks,Beverages,27,GoStop,C-Store,North America,30.0,62.8907142857142857,32.9
19,Fresh Fizz,Sparkling Water,77,Community Retail Co-op (Tier 2/3),General Trade,India - Tier 2/3,30.5,63.3680000000000000,32.9
68,Cloud Dairy,Dairy,193,Local Trade Collective (Indonesia),General Trade,SEA - Indonesia,30.5,63.3287500000000000,32.8
3,Prime Snacks,Salty Snacks,121,Corner Store Network (Saudi),General Trade,Gulf - Saudi,29.5,62.3475000000000000,32.8
103,Coastal Baby Essentials,Baby Care,75,Neighborhood Wholesale (Tier 2/3),General Trade,India - Tier 2/3,29.1,61.9433333333333333,32.8
73,Blue Milk Co,Dairy,8,ValueGrocer,Grocery,North America,27.9,60.7394736842105263,32.8
75,Vivid Dairy,Dairy,96,UrbanPantry (UAE),Grocery,Gulf - UAE,31.4,64.2289473684210526,32.8
90,Prime Grains,Breakfast & Cereal,150,DashKart (Malaysia),Quick Commerce,SEA - Malaysia,29.8,62.5915625000000000,32.8
35,Silver Table,Packaged Foods,79,MarketLink GT (Tier 2/3),General Trade,India - Tier 2/3,29.1,61.8906000000000000,32.8
75,Vivid Dairy,Dairy,93,PrimeGrocer (UAE),Grocery,Gulf - UAE,31.4,64.2289473684210526,32.8
14,Golden Bubbles,Sparkling Water,22,NaturaLife Market,Natural,North America,30.3,63.0876190476190476,32.8
43,Coastal Table,Packaged Foods,37,MetroBazaar (Metro),Grocery,India - Metro,29.5,62.2600000000000000,32.8
13,Urban Bubbles,Sparkling Water,165,PrimeGrocer (Philippines),Grocery,SEA - Philippines,32.0,64.6703947368421053,32.7
85,Heritage Treats,Confectionery,83,Neighborhood Wholesale #2 (Tier 2/3),General Trade,India - Tier 2/3,29.7,62.4378000000000000,32.7
70,Vivid Milk Co,Dairy,112,FreshMart (Saudi),Grocery,Gulf - Saudi,27.6,60.2775000000000000,32.7
6,Coastal Bites,Salty Snacks,35,GoStop #3,C-Store,North America,28.8,61.3621428571428571,32.6
51,Coastal Drinks,Beverages,15,BulkBasket Club,Club,North America,30.3,62.8907142857142857,32.6
11,Silver Snacks,Salty Snacks,12,MetroBazaar #2,Grocery,North America,28.8,61.3621428571428571,32.6
106,Vivid Little Ones,Baby Care,69,DailyBasket (Tier 2/3),Grocery,India - Tier 2/3,29.3,61.9433333333333333,32.6
46,Fresh Refresh,Beverages,23,GreenLeaf Naturals #2,Natural,North America,30.3,62.8907142857142857,32.6
4,Blue Bites,Salty Snacks,152,HopMart (Malaysia),Quick Commerce,SEA - Malaysia,27.7,60.3325000000000000,32.6
99,Fresh Cereal Co,Breakfast & Cereal,156,Neighborhood Wholesale (Malaysia),General Trade,SEA - Malaysia,30.1,62.5915625000000000,32.5
66,Golden Household,Home Care,192,FlashCart (Indonesia),Quick Commerce,SEA - Indonesia,31.2,63.7145833333333333,32.5
102,Coastal Little Ones,Baby Care,73,Local Trade Collective (Tier 2/3),General Trade,India - Tier 2/3,29.4,61.9433333333333333,32.5
3,Prime Snacks,Salty Snacks,5,DailyBasket,Grocery,North America,28.9,61.3621428571428571,32.5
59,Pure Shine,Home Care,47,ZipCart (Metro),Quick Commerce,India - Metro,28.9,61.3740000000000000,32.5
55,Vivid Sip,Beverages,62,Bazaar Wholesale (Metro),General Trade,India - Metro,29.6,62.0715517241379310,32.5
100,Fresh Tiny Care,Baby Care,72,ValueGrocer (Tier 2/3),Grocery,India - Tier 2/3,29.4,61.9433333333333333,32.5
87,Pure Sweets,Confectionery,35,GoStop #3,C-Store,North America,29.4,61.9236111111111111,32.5
51,Coastal Drinks,Beverages,17,MegaValue Club,Club,North America,30.4,62.8907142857142857,32.5
54,Nomad Drinks,Beverages,83,Neighborhood Wholesale #2 (Tier 2/3),General Trade,India - Tier 2/3,30.2,62.6366666666666667,32.4
109,Silver Little Ones,Baby Care,128,MetroBazaar (Qatar),Grocery,Gulf - Qatar,29.2,61.6466666666666667,32.4
49,Meadow Beverages,Beverages,83,Neighborhood Wholesale #2 (Tier 2/3),General Trade,India - Tier 2/3,30.2,62.6366666666666667,32.4
8,Meadow Crisps,Salty Snacks,83,Neighborhood Wholesale #2 (Tier 2/3),General Trade,India - Tier 2/3,30.6,63.0406666666666667,32.4
18,Royal Fizz,Sparkling Water,124,MarketLink GT (Saudi),General Trade,Gulf - Saudi,30.7,63.0650000000000000,32.4
77,Urban Creamery,Dairy,141,Community Retail Co-op (Qatar),General Trade,Gulf - Qatar,33.9,66.1566666666666667,32.3
110,Meadow Tiny Care,Baby Care,61,Community Retail Co-op (Metro),General Trade,India - Metro,30.9,63.2150000000000000,32.3
7,Urban Bites,Salty Snacks,107,Local Trade Collective (UAE),General Trade,Gulf - UAE,30.4,62.7130681818181818,32.3
27,Golden Glow,Personal Care,188,ZipCart (Indonesia),Quick Commerce,SEA - Indonesia,28.1,60.4337500000000000,32.3
19,Fresh Fizz,Sparkling Water,68,PrimeGrocer (Tier 2/3),Grocery,India - Tier 2/3,31.1,63.3680000000000000,32.3
6,Coastal Bites,Salty Snacks,1,FreshMart,Grocery,North America,29.1,61.3621428571428571,32.3
90,Prime Grains,Breakfast & Cereal,96,UrbanPantry (UAE),Grocery,Gulf - UAE,31.1,63.3928030303030303,32.3
32,Cloud Skin,Personal Care,72,ValueGrocer (Tier 2/3),Grocery,India - Tier 2/3,30.5,62.8356666666666667,32.3
89,Nomad Mornings,Breakfast & Cereal,87,MarketLink GT #2 (Tier 2/3),General Trade,India - Tier 2/3,31.5,63.6752500000000000,32.2
17,Nomad Bubbles,Sparkling Water,49,SwiftBasket (Metro),Quick Commerce,India - Metro,29.8,61.9855603448275862,32.2
31,Everyday Glow,Personal Care,124,MarketLink GT (Saudi),General Trade,Gulf - Saudi,27.7,59.8583333333333333,32.2
3,Prime Snacks,Salty Snacks,13,GreenAisle #2,Grocery,North America,29.2,61.3621428571428571,32.2
79,Coastal Candy Co,Confectionery,69,DailyBasket (Tier 2/3),Grocery,India - Tier 2/3,30.2,62.4378000000000000,32.2
90,Prime Grains,Breakfast & Cereal,106,NimbleMart (UAE),Quick Commerce,Gulf - UAE,31.2,63.3928030303030303,32.2
12,True Water Co,Sparkling Water,69,DailyBasket (Tier 2/3),Grocery,India - Tier 2/3,31.2,63.3680000000000000,32.2
59,Pure Shine,Home Care,104,HopMart (UAE),Quick Commerce,Gulf - UAE,29.2,61.4090909090909091,32.2
30,Cloud Essentials,Personal Care,23,GreenLeaf Naturals #2,Natural,North America,31.1,63.2026315789473684,32.1
94,Crunch Cereal Co,Breakfast & Cereal,191,HopMart (Indonesia),Quick Commerce,SEA - Indonesia,29.3,61.4287500000000000,32.1
100,Fresh Tiny Care,Baby Care,80,Sundry Traders Network (Tier 2/3),General Trade,India - Tier 2/3,29.8,61.9433333333333333,32.1
38,Urban Pantry,Packaged Foods,112,FreshMart (Saudi),Grocery,Gulf - Saudi,29.0,61.0458333333333333,32.0
59,Pure Shine,Home Care,90,FreshMart (UAE),Grocery,Gulf - UAE,29.4,61.4090909090909091,32.0
33,Cloud Glow,Personal Care,81,Local Trade Collective #2 (Tier 2/3),General Trade,India - Tier 2/3,30.8,62.8356666666666667,32.0
6,Coastal Bites,Salty Snacks,120,Neighborhood Wholesale (Saudi),General Trade,Gulf - Saudi,30.3,62.3475000000000000,32.0
71,Golden Farms,Dairy,167,SunriseMart (Philippines),Grocery,SEA - Philippines,29.4,61.3750000000000000,32.0
82,Meadow Treats,Confectionery,84,Corner Store Network #2 (Tier 2/3),General Trade,India - Tier 2/3,30.4,62.4378000000000000,32.0
88,Pure Treats,Confectionery,91,MetroBazaar (UAE),Grocery,Gulf - UAE,29.9,61.9394736842105263,32.0
43,Coastal Table,Packaged Foods,47,ZipCart (Metro),Quick Commerce,India - Metro,30.4,62.2600000000000000,31.9
60,True Shine,Home Care,108,ValueTrade GT (UAE),General Trade,Gulf - UAE,29.5,61.4090909090909091,31.9
55,Vivid Sip,Beverages,189,DashKart (Indonesia),Quick Commerce,SEA - Indonesia,28.8,60.6750000000000000,31.9
74,Sunrise Milk Co,Dairy,67,GreenAisle (Tier 2/3),Grocery,India - Tier 2/3,30.7,62.6312000000000000,31.9
82,Meadow Treats,Confectionery,86,Bazaar Wholesale #2 (Tier 2/3),General Trade,India - Tier 2/3,30.5,62.4378000000000000,31.9
59,Pure Shine,Home Care,50,HopMart (Metro),Quick Commerce,India - Metro,29.5,61.3740000000000000,31.9
110,Meadow Tiny Care,Baby Care,38,GreenAisle (Metro),Grocery,India - Metro,31.4,63.2150000000000000,31.8
107,Spring Tiny Care,Baby Care,183,GreenAisle (Indonesia),Grocery,SEA - Indonesia,27.9,59.7341666666666667,31.8
3,Prime Snacks,Salty Snacks,10,HomeFresh,Grocery,North America,29.6,61.3621428571428571,31.8
70,Vivid Milk Co,Dairy,73,Local Trade Collective (Tier 2/3),General Trade,India - Tier 2/3,30.8,62.6312000000000000,31.8
102,Coastal Little Ones,Baby Care,87,MarketLink GT #2 (Tier 2/3),General Trade,India - Tier 2/3,30.1,61.9433333333333333,31.8
97,Royal Breakfast Co,Breakfast & Cereal,146,DailyBasket (Malaysia),Grocery,SEA - Malaysia,30.8,62.5915625000000000,31.8
61,Crunch Household,Home Care,55,DartMart (Metro),Quick Commerce,India - Metro,29.7,61.3740000000000000,31.7
77,Urban Creamery,Dairy,125,Sundry Traders Network (Saudi),General Trade,Gulf - Saudi,28.6,60.2775000000000000,31.7
45,Pure Drinks,Beverages,115,PrimeGrocer (Saudi),Grocery,Gulf - Saudi,30.8,62.5236666666666667,31.7
21,Golden Fizz,Sparkling Water,63,MarketLink GT (Metro),General Trade,India - Metro,30.3,61.9855603448275862,31.7
35,Silver Table,Packaged Foods,21,EarthAisle,Natural,North America,30.8,62.4755208333333333,31.7
88,Pure Treats,Confectionery,90,FreshMart (UAE),Grocery,Gulf - UAE,30.2,61.9394736842105263,31.7
97,Royal Breakfast Co,Breakfast & Cereal,150,DashKart (Malaysia),Quick Commerce,SEA - Malaysia,30.9,62.5915625000000000,31.7
36,Cloud Table,Packaged Foods,84,Corner Store Network #2 (Tier 2/3),General Trade,India - Tier 2/3,30.3,61.8906000000000000,31.6
20,Heritage Springs,Sparkling Water,59,Neighborhood Wholesale (Metro),General Trade,India - Metro,30.4,61.9855603448275862,31.6
6,Coastal Bites,Salty Snacks,22,NaturaLife Market,Natural,North America,29.8,61.3621428571428571,31.6
19,Fresh Fizz,Sparkling Water,71,UrbanPantry (Tier 2/3),Grocery,India - Tier 2/3,31.8,63.3680000000000000,31.6
19,Fresh Fizz,Sparkling Water,13,GreenAisle #2,Grocery,North America,31.5,63.0876190476190476,31.6
30,Cloud Essentials,Personal Care,8,ValueGrocer,Grocery,North America,31.6,63.2026315789473684,31.6
15,Blue Springs,Sparkling Water,117,SunriseMart (Saudi),Grocery,Gulf - Saudi,31.5,63.0650000000000000,31.6
62,Royal Household,Home Care,117,SunriseMart (Saudi),Grocery,Gulf - Saudi,31.7,63.1858333333333333,31.5
78,Prime Confections,Confectionery,51,FlashCart (Metro),Quick Commerce,India - Metro,31.2,62.6568965517241379,31.5
6,Coastal Bites,Salty Snacks,34,CornerFuel Mart #3,C-Store,North America,29.9,61.3621428571428571,31.5
78,Prime Confections,Confectionery,188,ZipCart (Indonesia),Quick Commerce,SEA - Indonesia,30.4,61.8512500000000000,31.5
92,Cloud Grains,Breakfast & Cereal,180,Sundry Traders Network (Philippines),General Trade,SEA - Philippines,30.5,62.0381578947368421,31.5
50,Crunch Drinks,Beverages,191,HopMart (Indonesia),Quick Commerce,SEA - Indonesia,29.3,60.6750000000000000,31.4
74,Sunrise Milk Co,Dairy,67,GreenAisle (Tier 2/3),Grocery,India - Tier 2/3,31.2,62.6312000000000000,31.4
69,Everyday Milk Co,Dairy,145,PrimeGrocer (Malaysia),Grocery,SEA - Malaysia,33.2,64.5987500000000000,31.4
94,Crunch Cereal Co,Breakfast & Cereal,67,GreenAisle (Tier 2/3),Grocery,India - Tier 2/3,32.3,63.6752500000000000,31.4
75,Vivid Dairy,Dairy,84,Corner Store Network #2 (Tier 2/3),General Trade,India - Tier 2/3,31.2,62.6312000000000000,31.4
94,Crunch Cereal Co,Breakfast & Cereal,193,Local Trade Collective (Indonesia),General Trade,SEA - Indonesia,30.1,61.4287500000000000,31.3
53,Cloud Sip,Beverages,141,Community Retail Co-op (Qatar),General Trade,Gulf - Qatar,31.1,62.3838888888888889,31.3
86,True Candy Co,Confectionery,177,Community Retail Co-op (Philippines),General Trade,SEA - Philippines,31.7,63.0394736842105263,31.3
74,Sunrise Milk Co,Dairy,67,GreenAisle (Tier 2/3),Grocery,India - Tier 2/3,31.3,62.6312000000000000,31.3
105,Silver Baby Essentials,Baby Care,73,Local Trade Collective (Tier 2/3),General Trade,India - Tier 2/3,30.6,61.9433333333333333,31.3
75,Vivid Dairy,Dairy,70,SunriseMart (Tier 2/3),Grocery,India - Tier 2/3,31.4,62.6312000000000000,31.2
9,Spring Crisps,Salty Snacks,102,DashKart (UAE),Quick Commerce,Gulf - UAE,31.5,62.7130681818181818,31.2
38,Urban Pantry,Packaged Foods,126,Local Trade Collective #2 (Saudi),General Trade,Gulf - Saudi,29.8,61.0458333333333333,31.2
29,Golden Essentials,Personal Care,56,QuickDash #2 (Metro),Quick Commerce,India - Metro,31.5,62.6680000000000000,31.2
6,Coastal Bites,Salty Snacks,30,CornerFuel Mart #2,C-Store,North America,30.2,61.3621428571428571,31.2
7,Urban Bites,Salty Snacks,104,HopMart (UAE),Quick Commerce,Gulf - UAE,31.5,62.7130681818181818,31.2
25,Royal Skin,Personal Care,157,Corner Store Network (Malaysia),General Trade,SEA - Malaysia,30.3,61.4575000000000000,31.2
9,Spring Crisps,Salty Snacks,99,WareClub (UAE),Club,Gulf - UAE,31.5,62.7130681818181818,31.2
96,Meadow Breakfast Co,Breakfast & Cereal,85,Community Retail Co-op #2 (Tier 2/3),General Trade,India - Tier 2/3,32.5,63.6752500000000000,31.2
19,Fresh Fizz,Sparkling Water,16,WareClub,Club,North America,31.9,63.0876190476190476,31.2
19,Fresh Fizz,Sparkling Water,32,ExpressStop #2,C-Store,North America,31.9,63.0876190476190476,31.2
109,Silver Little Ones,Baby Care,137,Local Trade Collective (Qatar),General Trade,Gulf - Qatar,30.4,61.6466666666666667,31.2
30,Cloud Essentials,Personal Care,152,HopMart (Malaysia),Quick Commerce,SEA - Malaysia,30.4,61.4575000000000000,31.1
88,Pure Treats,Confectionery,106,NimbleMart (UAE),Quick Commerce,Gulf - UAE,30.8,61.9394736842105263,31.1
40,Meadow Pantry,Packaged Foods,100,QuickDash (UAE),Quick Commerce,Gulf - UAE,31.9,63.0119318181818182,31.1
39,Blue Kitchen,Packaged Foods,152,HopMart (Malaysia),Quick Commerce,SEA - Malaysia,31.4,62.4881250000000000,31.1
38,Urban Pantry,Packaged Foods,175,Neighborhood Wholesale (Philippines),General Trade,SEA - Philippines,30.6,61.6500000000000000,31.1
57,Cloud Shine,Home Care,67,GreenAisle (Tier 2/3),Grocery,India - Tier 2/3,31.9,62.8800000000000000,31.0
9,Spring Crisps,Salty Snacks,93,PrimeGrocer (UAE),Grocery,Gulf - UAE,31.7,62.7130681818181818,31.0
11,Silver Snacks,Salty Snacks,25,QuickStop,C-Store,North America,30.4,61.3621428571428571,31.0
98,Coastal Mornings,Breakfast & Cereal,123,Bazaar Wholesale (Saudi),General Trade,Gulf - Saudi,28.4,59.3711111111111111,31.0
93,Urban Mornings,Breakfast & Cereal,167,SunriseMart (Philippines),Grocery,SEA - Philippines,31.0,62.0381578947368421,31.0
20,Heritage Springs,Sparkling Water,50,HopMart (Metro),Quick Commerce,India - Metro,31.0,61.9855603448275862,31.0
89,Nomad Mornings,Breakfast & Cereal,73,Local Trade Collective (Tier 2/3),General Trade,India - Tier 2/3,32.7,63.6752500000000000,31.0
25,Royal Skin,Personal Care,153,FlashCart (Malaysia),Quick Commerce,SEA - Malaysia,30.5,61.4575000000000000,31.0
16,Sunrise Water Co,Sparkling Water,167,SunriseMart (Philippines),Grocery,SEA - Philippines,33.7,64.6703947368421053,31.0
51,Coastal Drinks,Beverages,145,PrimeGrocer (Malaysia),Grocery,SEA - Malaysia,30.8,61.7712500000000000,31.0
4,Blue Bites,Salty Snacks,153,FlashCart (Malaysia),Quick Commerce,SEA - Malaysia,29.4,60.3325000000000000,30.9
44,Spring Pantry,Packaged Foods,66,MetroBazaar (Tier 2/3),Grocery,India - Tier 2/3,31.0,61.8906000000000000,30.9
62,Royal Household,Home Care,5,DailyBasket,Grocery,North America,30.6,61.5100694444444444,30.9
3,Prime Snacks,Salty Snacks,123,Bazaar Wholesale (Saudi),General Trade,Gulf - Saudi,31.4,62.3475000000000000,30.9
98,Coastal Mornings,Breakfast & Cereal,122,Community Retail Co-op (Saudi),General Trade,Gulf - Saudi,28.5,59.3711111111111111,30.9
109,Silver Little Ones,Baby Care,9,CityMart,Grocery,North America,32.1,63.0250000000000000,30.9
7,Urban Bites,Salty Snacks,91,MetroBazaar (UAE),Grocery,Gulf - UAE,31.8,62.7130681818181818,30.9
56,Golden Shine,Home Care,88,Sundry Traders Network #2 (Tier 2/3),General Trade,India - Tier 2/3,32.0,62.8800000000000000,30.9
109,Silver Little Ones,Baby Care,4,PrimeGrocer,Grocery,North America,32.1,63.0250000000000000,30.9
25,Royal Skin,Personal Care,151,SwiftBasket (Malaysia),Quick Commerce,SEA - Malaysia,30.7,61.4575000000000000,30.8
16,Sunrise Water Co,Sparkling Water,180,Sundry Traders Network (Philippines),General Trade,SEA - Philippines,33.9,64.6703947368421053,30.8
3,Prime Snacks,Salty Snacks,26,CornerFuel Mart,C-Store,North America,30.6,61.3621428571428571,30.8
89,Nomad Mornings,Breakfast & Cereal,10,HomeFresh,Grocery,North America,32.3,63.0944444444444444,30.8
11,Silver Snacks,Salty Snacks,70,SunriseMart (Tier 2/3),Grocery,India - Tier 2/3,32.2,63.0406666666666667,30.8
12,True Water Co,Sparkling Water,60,Corner Store Network (Metro),General Trade,India - Metro,31.2,61.9855603448275862,30.8
50,Crunch Drinks,Beverages,187,QuickDash (Indonesia),Quick Commerce,SEA - Indonesia,29.9,60.6750000000000000,30.8
91,Coastal Cereal Co,Breakfast & Cereal,158,Community Retail Co-op (Malaysia),General Trade,SEA - Malaysia,31.8,62.5915625000000000,30.8
29,Golden Essentials,Personal Care,63,MarketLink GT (Metro),General Trade,India - Metro,31.9,62.6680000000000000,30.8
23,Golden Skin,Personal Care,40,DailyBasket (Metro),Grocery,India - Metro,31.9,62.6680000000000000,30.8
104,Meadow Baby Co,Baby Care,197,Community Retail Co-op (Indonesia),General Trade,SEA - Indonesia,28.9,59.7341666666666667,30.8
88,Pure Treats,Confectionery,92,GreenAisle (UAE),Grocery,Gulf - UAE,31.2,61.9394736842105263,30.7
77,Urban Creamery,Dairy,112,FreshMart (Saudi),Grocery,Gulf - Saudi,29.6,60.2775000000000000,30.7
29,Golden Essentials,Personal Care,52,NimbleMart (Metro),Quick Commerce,India - Metro,32.0,62.6680000000000000,30.7
67,Golden Milk Co,Dairy,192,FlashCart (Indonesia),Quick Commerce,SEA - Indonesia,32.6,63.3287500000000000,30.7
76,Royal Farms,Dairy,3,GreenAisle,Grocery,North America,30.0,60.7394736842105263,30.7
57,Cloud Shine,Home Care,70,SunriseMart (Tier 2/3),Grocery,India - Tier 2/3,32.2,62.8800000000000000,30.7
82,Meadow Treats,Confectionery,12,MetroBazaar #2,Grocery,North America,31.2,61.9236111111111111,30.7
5,Urban Crisps,Salty Snacks,138,ValueTrade GT (Qatar),General Trade,Gulf - Qatar,30.4,60.9850000000000000,30.6
96,Meadow Breakfast Co,Breakfast & Cereal,88,Sundry Traders Network #2 (Tier 2/3),General Trade,India - Tier 2/3,33.1,63.6752500000000000,30.6
11,Silver Snacks,Salty Snacks,9,CityMart,Grocery,North America,30.8,61.3621428571428571,30.6
10,Silver Chips,Salty Snacks,125,Sundry Traders Network (Saudi),General Trade,Gulf - Saudi,31.7,62.3475000000000000,30.6
22,Crunch Fizz,Sparkling Water,110,Corner Store Network (UAE),General Trade,Gulf - UAE,32.4,62.9568181818181818,30.6
99,Fresh Cereal Co,Breakfast & Cereal,145,PrimeGrocer (Malaysia),Grocery,SEA - Malaysia,32.0,62.5915625000000000,30.6
66,Golden Household,Home Care,77,Community Retail Co-op (Tier 2/3),General Trade,India - Tier 2/3,32.3,62.8800000000000000,30.6
88,Pure Treats,Confectionery,96,UrbanPantry (UAE),Grocery,Gulf - UAE,31.3,61.9394736842105263,30.6
4,Blue Bites,Salty Snacks,161,Sundry Traders Network (Malaysia),General Trade,SEA - Malaysia,29.7,60.3325000000000000,30.6
17,Nomad Bubbles,Sparkling Water,44,GoStop (Metro),C-Store,India - Metro,31.4,61.9855603448275862,30.6
44,Spring Pantry,Packaged Foods,72,ValueGrocer (Tier 2/3),Grocery,India - Tier 2/3,31.3,61.8906000000000000,30.6
56,Golden Shine,Home Care,72,ValueGrocer (Tier 2/3),Grocery,India - Tier 2/3,32.3,62.8800000000000000,30.6
100,Fresh Tiny Care,Baby Care,76,Corner Store Network (Tier 2/3),General Trade,India - Tier 2/3,31.3,61.9433333333333333,30.6
19,Fresh Fizz,Sparkling Water,17,MegaValue Club,Club,North America,32.5,63.0876190476190476,30.6
55,Vivid Sip,Beverages,48,DashKart (Metro),Quick Commerce,India - Metro,31.5,62.0715517241379310,30.6
1,True Snacks,Salty Snacks,88,Sundry Traders Network #2 (Tier 2/3),General Trade,India - Tier 2/3,32.4,63.0406666666666667,30.6
26,Prime Care,Personal Care,89,Local Trade Collective #3 (Tier 2/3),General Trade,India - Tier 2/3,32.2,62.8356666666666667,30.6
71,Golden Farms,Dairy,178,Bazaar Wholesale (Philippines),General Trade,SEA - Philippines,30.9,61.3750000000000000,30.5
85,Heritage Treats,Confectionery,77,Community Retail Co-op (Tier 2/3),General Trade,India - Tier 2/3,31.9,62.4378000000000000,30.5
105,Silver Baby Essentials,Baby Care,84,Corner Store Network #2 (Tier 2/3),General Trade,India - Tier 2/3,31.4,61.9433333333333333,30.5
58,Coastal Clean,Home Care,182,MetroBazaar (Indonesia),Grocery,SEA - Indonesia,33.2,63.7145833333333333,30.5
55,Vivid Sip,Beverages,195,Neighborhood Wholesale (Indonesia),General Trade,SEA - Indonesia,30.2,60.6750000000000000,30.5
6,Coastal Bites,Salty Snacks,4,PrimeGrocer,Grocery,North America,30.9,61.3621428571428571,30.5
28,Spring Skin,Personal Care,6,SunriseMart,Grocery,North America,32.7,63.2026315789473684,30.5
19,Fresh Fizz,Sparkling Water,15,BulkBasket Club,Club,North America,32.6,63.0876190476190476,30.5
42,Urban Kitchen,Packaged Foods,72,ValueGrocer (Tier 2/3),Grocery,India - Tier 2/3,31.5,61.8906000000000000,30.4
106,Vivid Little Ones,Baby Care,73,Local Trade Collective (Tier 2/3),General Trade,India - Tier 2/3,31.5,61.9433333333333333,30.4
80,Nomad Candy Co,Confectionery,72,ValueGrocer (Tier 2/3),Grocery,India - Tier 2/3,32.0,62.4378000000000000,30.4
84,Everyday Treats,Confectionery,188,ZipCart (Indonesia),Quick Commerce,SEA - Indonesia,31.5,61.8512500000000000,30.4
29,Golden Essentials,Personal Care,53,RapidBasket (Metro),Quick Commerce,India - Metro,32.3,62.6680000000000000,30.4
108,Crunch Baby Co,Baby Care,75,Neighborhood Wholesale (Tier 2/3),General Trade,India - Tier 2/3,31.5,61.9433333333333333,30.4
110,Meadow Tiny Care,Baby Care,2,MetroBazaar,Grocery,North America,32.6,63.0250000000000000,30.4
60,True Shine,Home Care,105,FlashCart (UAE),Quick Commerce,Gulf - UAE,31.0,61.4090909090909091,30.4
57,Cloud Shine,Home Care,162,FreshMart (Philippines),Grocery,SEA - Philippines,27.8,58.1723684210526316,30.4
3,Prime Snacks,Salty Snacks,24,PureRoots Market #2,Natural,North America,31.0,61.3621428571428571,30.4
85,Heritage Treats,Confectionery,74,ValueTrade GT (Tier 2/3),General Trade,India - Tier 2/3,32.0,62.4378000000000000,30.4
3,Prime Snacks,Salty Snacks,118,Local Trade Collective (Saudi),General Trade,Gulf - Saudi,31.9,62.3475000000000000,30.4
103,Coastal Baby Essentials,Baby Care,83,Neighborhood Wholesale #2 (Tier 2/3),General Trade,India - Tier 2/3,31.6,61.9433333333333333,30.3
25,Royal Skin,Personal Care,142,FreshMart (Malaysia),Grocery,SEA - Malaysia,31.2,61.4575000000000000,30.3
100,Fresh Tiny Care,Baby Care,69,DailyBasket (Tier 2/3),Grocery,India - Tier 2/3,31.6,61.9433333333333333,30.3
45,Pure Drinks,Beverages,120,Neighborhood Wholesale (Saudi),General Trade,Gulf - Saudi,32.2,62.5236666666666667,30.3
15,Blue Springs,Sparkling Water,113,MetroBazaar (Saudi),Grocery,Gulf - Saudi,32.8,63.0650000000000000,30.3
59,Pure Shine,Home Care,100,QuickDash (UAE),Quick Commerce,Gulf - UAE,31.1,61.4090909090909091,30.3
99,Fresh Cereal Co,Breakfast & Cereal,96,UrbanPantry (UAE),Grocery,Gulf - UAE,33.1,63.3928030303030303,30.3
37,Heritage Kitchen,Packaged Foods,123,Bazaar Wholesale (Saudi),General Trade,Gulf - Saudi,30.7,61.0458333333333333,30.3
100,Fresh Tiny Care,Baby Care,83,Neighborhood Wholesale #2 (Tier 2/3),General Trade,India - Tier 2/3,31.6,61.9433333333333333,30.3
86,True Candy Co,Confectionery,162,FreshMart (Philippines),Grocery,SEA - Philippines,32.7,63.0394736842105263,30.3
56,Golden Shine,Home Care,75,Neighborhood Wholesale (Tier 2/3),General Trade,India - Tier 2/3,32.6,62.8800000000000000,30.3
12,True Water Co,Sparkling Water,37,MetroBazaar (Metro),Grocery,India - Metro,31.8,61.9855603448275862,30.2
7,Urban Bites,Salty Snacks,192,FlashCart (Indonesia),Quick Commerce,SEA - Indonesia,28.0,58.1575000000000000,30.2
110,Meadow Tiny Care,Baby Care,49,SwiftBasket (Metro),Quick Commerce,India - Metro,33.0,63.2150000000000000,30.2
9,Spring Crisps,Salty Snacks,109,Neighborhood Wholesale (UAE),General Trade,Gulf - UAE,32.5,62.7130681818181818,30.2
94,Crunch Cereal Co,Breakfast & Cereal,188,ZipCart (Indonesia),Quick Commerce,SEA - Indonesia,31.2,61.4287500000000000,30.2
108,Crunch Baby Co,Baby Care,82,ValueTrade GT #2 (Tier 2/3),General Trade,India - Tier 2/3,31.7,61.9433333333333333,30.2
24,Spring Care,Personal Care,138,ValueTrade GT (Qatar),General Trade,Gulf - Qatar,31.4,61.5616666666666667,30.2
44,Spring Pantry,Packaged Foods,108,ValueTrade GT (UAE),General Trade,Gulf - UAE,32.9,63.0119318181818182,30.1
77,Urban Creamery,Dairy,119,ValueTrade GT (Saudi),General Trade,Gulf - Saudi,30.2,60.2775000000000000,30.1
41,Royal Kitchen,Packaged Foods,20,PureRoots Market,Natural,North America,32.4,62.4755208333333333,30.1
21,Golden Fizz,Sparkling Water,62,Bazaar Wholesale (Metro),General Trade,India - Metro,31.9,61.9855603448275862,30.1
43,Coastal Table,Packaged Foods,82,ValueTrade GT #2 (Tier 2/3),General Trade,India - Tier 2/3,31.8,61.8906000000000000,30.1
19,Fresh Fizz,Sparkling Water,77,Community Retail Co-op (Tier 2/3),General Trade,India - Tier 2/3,33.3,63.3680000000000000,30.1
32,Cloud Skin,Personal Care,74,ValueTrade GT (Tier 2/3),General Trade,India - Tier 2/3,32.7,62.8356666666666667,30.1
45,Pure Drinks,Beverages,120,Neighborhood Wholesale (Saudi),General Trade,Gulf - Saudi,32.4,62.5236666666666667,30.1
54,Nomad Drinks,Beverages,112,FreshMart (Saudi),Grocery,Gulf - Saudi,32.4,62.5236666666666667,30.1
99,Fresh Cereal Co,Breakfast & Cereal,155,ValueTrade GT (Malaysia),General Trade,SEA - Malaysia,32.5,62.5915625000000000,30.1
56,Golden Shine,Home Care,71,UrbanPantry (Tier 2/3),Grocery,India - Tier 2/3,32.8,62.8800000000000000,30.1
64,Blue Shine,Home Care,183,GreenAisle (Indonesia),Grocery,SEA - Indonesia,33.6,63.7145833333333333,30.1
5,Urban Crisps,Salty Snacks,137,Local Trade Collective (Qatar),General Trade,Gulf - Qatar,30.9,60.9850000000000000,30.1
88,Pure Treats,Confectionery,181,FreshMart (Indonesia),Grocery,SEA - Indonesia,31.8,61.8512500000000000,30.1
23,Golden Skin,Personal Care,40,DailyBasket (Metro),Grocery,India - Metro,32.6,62.6680000000000000,30.1
5,Urban Crisps,Salty Snacks,132,QuickDash (Qatar),Quick Commerce,Gulf - Qatar,30.9,60.9850000000000000,30.1
35,Silver Table,Packaged Foods,18,SaverClub #2,Club,North America,32.5,62.4755208333333333,30.0
59,Pure Shine,Home Care,36,FreshMart (Metro),Grocery,India - Metro,31.4,61.3740000000000000,30.0
87,Pure Sweets,Confectionery,35,GoStop #3,C-Store,North America,31.9,61.9236111111111111,30.0
78,Prime Confections,Confectionery,196,Corner Store Network (Indonesia),General Trade,SEA - Indonesia,31.9,61.8512500000000000,30.0
19,Fresh Fizz,Sparkling Water,73,Local Trade Collective (Tier 2/3),General Trade,India - Tier 2/3,33.4,63.3680000000000000,30.0
8,Meadow Crisps,Salty Snacks,76,Corner Store Network (Tier 2/3),General Trade,India - Tier 2/3,33.0,63.0406666666666667,30.0
41,Royal Kitchen,Packaged Foods,10,HomeFresh,Grocery,North America,32.5,62.4755208333333333,30.0
17,Nomad Bubbles,Sparkling Water,47,ZipCart (Metro),Quick Commerce,India - Metro,32.0,61.9855603448275862,30.0
17,Nomad Bubbles,Sparkling Water,37,MetroBazaar (Metro),Grocery,India - Metro,32.0,61.9855603448275862,30.0
41,Royal Kitchen,Packaged Foods,8,ValueGrocer,Grocery,North America,32.5,62.4755208333333333,30.0
103,Coastal Baby Essentials,Baby Care,83,Neighborhood Wholesale #2 (Tier 2/3),General Trade,India - Tier 2/3,31.9,61.9433333333333333,30.0
103,Coastal Baby Essentials,Baby Care,89,Local Trade Collective #3 (Tier 2/3),General Trade,India - Tier 2/3,31.9,61.9433333333333333,30.0
21,Golden Fizz,Sparkling Water,45,ExpressStop (Metro),C-Store,India - Metro,32.0,61.9855603448275862,30.0
19,Fresh Fizz,Sparkling Water,14,SaverClub,Club,North America,33.2,63.0876190476190476,29.9
18,Royal Fizz,Sparkling Water,23,GreenLeaf Naturals #2,Natural,North America,33.2,63.0876190476190476,29.9
74,Sunrise Milk Co,Dairy,70,SunriseMart (Tier 2/3),Grocery,India - Tier 2/3,32.7,62.6312000000000000,29.9
94,Crunch Cereal Co,Breakfast & Cereal,189,DashKart (Indonesia),Quick Commerce,SEA - Indonesia,31.5,61.4287500000000000,29.9
109,Silver Little Ones,Baby Care,13,GreenAisle #2,Grocery,North America,33.1,63.0250000000000000,29.9
53,Cloud Sip,Beverages,112,FreshMart (Saudi),Grocery,Gulf - Saudi,32.6,62.5236666666666667,29.9
26,Prime Care,Personal Care,87,MarketLink GT #2 (Tier 2/3),General Trade,India - Tier 2/3,32.9,62.8356666666666667,29.9
33,Cloud Glow,Personal Care,82,ValueTrade GT #2 (Tier 2/3),General Trade,India - Tier 2/3,32.9,62.8356666666666667,29.9
47,Sunrise Refresh,Beverages,81,Local Trade Collective #2 (Tier 2/3),General Trade,India - Tier 2/3,32.7,62.6366666666666667,29.9
19,Fresh Fizz,Sparkling Water,33,QuickStop #3,C-Store,North America,33.3,63.0876190476190476,29.8
102,Coastal Little Ones,Baby Care,87,MarketLink GT #2 (Tier 2/3),General Trade,India - Tier 2/3,32.1,61.9433333333333333,29.8
65,Urban Clean,Home Care,4,PrimeGrocer,Grocery,North America,31.7,61.5100694444444444,29.8
54,Nomad Drinks,Beverages,113,MetroBazaar (Saudi),Grocery,Gulf - Saudi,32.7,62.5236666666666667,29.8
107,Spring Tiny Care,Baby Care,192,FlashCart (Indonesia),Quick Commerce,SEA - Indonesia,29.9,59.7341666666666667,29.8
104,Meadow Baby Co,Baby Care,133,ZipCart (Qatar),Quick Commerce,Gulf - Qatar,31.8,61.6466666666666667,29.8
33,Cloud Glow,Personal Care,84,Corner Store Network #2 (Tier 2/3),General Trade,India - Tier 2/3,33.0,62.8356666666666667,29.8
23,Golden Skin,Personal Care,37,MetroBazaar (Metro),Grocery,India - Metro,32.9,62.6680000000000000,29.8
1,True Snacks,Salty Snacks,65,FreshMart (Tier 2/3),Grocery,India - Tier 2/3,33.2,63.0406666666666667,29.8
40,Meadow Pantry,Packaged Foods,102,DashKart (UAE),Quick Commerce,Gulf - UAE,33.2,63.0119318181818182,29.8
74,Sunrise Milk Co,Dairy,65,FreshMart (Tier 2/3),Grocery,India - Tier 2/3,32.8,62.6312000000000000,29.8
55,Vivid Sip,Beverages,190,SwiftBasket (Indonesia),Quick Commerce,SEA - Indonesia,30.9,60.6750000000000000,29.8
53,Cloud Sip,Beverages,122,Community Retail Co-op (Saudi),General Trade,Gulf - Saudi,32.7,62.5236666666666667,29.8
72,Nomad Milk Co,Dairy,75,Neighborhood Wholesale (Tier 2/3),General Trade,India - Tier 2/3,32.8,62.6312000000000000,29.8
59,Pure Shine,Home Care,46,QuickDash (Metro),Quick Commerce,India - Metro,31.7,61.3740000000000000,29.7
20,Heritage Springs,Sparkling Water,38,GreenAisle (Metro),Grocery,India - Metro,32.3,61.9855603448275862,29.7
69,Everyday Milk Co,Dairy,156,Neighborhood Wholesale (Malaysia),General Trade,SEA - Malaysia,34.9,64.5987500000000000,29.7
48,Silver Beverages,Beverages,141,Community Retail Co-op (Qatar),General Trade,Gulf - Qatar,32.7,62.3838888888888889,29.7
65,Urban Clean,Home Care,8,ValueGrocer,Grocery,North America,31.8,61.5100694444444444,29.7
30,Cloud Essentials,Personal Care,9,CityMart,Grocery,North America,33.5,63.2026315789473684,29.7
63,Silver Household,Home Care,120,Neighborhood Wholesale (Saudi),General Trade,Gulf - Saudi,33.5,63.1858333333333333,29.7
12,True Water Co,Sparkling Water,51,FlashCart (Metro),Quick Commerce,India - Metro,32.3,61.9855603448275862,29.7
44,Spring Pantry,Packaged Foods,109,Neighborhood Wholesale (UAE),General Trade,Gulf - UAE,33.3,63.0119318181818182,29.7
83,Fresh Treats,Confectionery,113,MetroBazaar (Saudi),Grocery,Gulf - Saudi,32.8,62.4883333333333333,29.7
105,Silver Baby Essentials,Baby Care,183,GreenAisle (Indonesia),Grocery,SEA - Indonesia,30.0,59.7341666666666667,29.7
3,Prime Snacks,Salty Snacks,7,UrbanPantry,Grocery,North America,31.8,61.3621428571428571,29.6
33,Cloud Glow,Personal Care,71,UrbanPantry (Tier 2/3),Grocery,India - Tier 2/3,33.2,62.8356666666666667,29.6
57,Cloud Shine,Home Care,173,Local Trade Collective (Philippines),General Trade,SEA - Philippines,28.6,58.1723684210526316,29.6
61,Crunch Household,Home Care,52,NimbleMart (Metro),Quick Commerce,India - Metro,31.8,61.3740000000000000,29.6
44,Spring Pantry,Packaged Foods,88,Sundry Traders Network #2 (Tier 2/3),General Trade,India - Tier 2/3,32.3,61.8906000000000000,29.6
108,Crunch Baby Co,Baby Care,116,DailyBasket (Saudi),Grocery,Gulf - Saudi,35.0,64.5725000000000000,29.6
79,Coastal Candy Co,Confectionery,66,MetroBazaar (Tier 2/3),Grocery,India - Tier 2/3,32.8,62.4378000000000000,29.6
12,True Water Co,Sparkling Water,62,Bazaar Wholesale (Metro),General Trade,India - Metro,32.4,61.9855603448275862,29.6
72,Nomad Milk Co,Dairy,80,Sundry Traders Network (Tier 2/3),General Trade,India - Tier 2/3,33.0,62.6312000000000000,29.6
80,Nomad Candy Co,Confectionery,80,Sundry Traders Network (Tier 2/3),General Trade,India - Tier 2/3,32.8,62.4378000000000000,29.6
68,Cloud Dairy,Dairy,200,Sundry Traders Network (Indonesia),General Trade,SEA - Indonesia,33.7,63.3287500000000000,29.6
64,Blue Shine,Home Care,14,SaverClub,Club,North America,31.9,61.5100694444444444,29.6
31,Everyday Glow,Personal Care,124,MarketLink GT (Saudi),General Trade,Gulf - Saudi,30.3,59.8583333333333333,29.6
22,Crunch Fizz,Sparkling Water,123,Bazaar Wholesale (Saudi),General Trade,Gulf - Saudi,33.5,63.0650000000000000,29.6
88,Pure Treats,Confectionery,190,SwiftBasket (Indonesia),Quick Commerce,SEA - Indonesia,32.3,61.8512500000000000,29.6
19,Fresh Fizz,Sparkling Water,20,PureRoots Market,Natural,North America,33.6,63.0876190476190476,29.5
33,Cloud Glow,Personal Care,117,SunriseMart (Saudi),Grocery,Gulf - Saudi,30.4,59.8583333333333333,29.5
33,Cloud Glow,Personal Care,116,DailyBasket (Saudi),Grocery,Gulf - Saudi,30.4,59.8583333333333333,29.5
94,Crunch Cereal Co,Breakfast & Cereal,87,MarketLink GT #2 (Tier 2/3),General Trade,India - Tier 2/3,34.2,63.6752500000000000,29.5
2,Bold Snacks,Salty Snacks,57,Local Trade Collective (Metro),General Trade,India - Metro,29.9,59.4456896551724138,29.5
93,Urban Mornings,Breakfast & Cereal,109,Neighborhood Wholesale (UAE),General Trade,Gulf - UAE,33.9,63.3928030303030303,29.5
64,Blue Shine,Home Care,16,WareClub,Club,North America,32.0,61.5100694444444444,29.5
2,Bold Snacks,Salty Snacks,57,Local Trade Collective (Metro),General Trade,India - Metro,29.9,59.4456896551724138,29.5
51,Coastal Drinks,Beverages,8,ValueGrocer,Grocery,North America,33.4,62.8907142857142857,29.5
80,Nomad Candy Co,Confectionery,75,Neighborhood Wholesale (Tier 2/3),General Trade,India - Tier 2/3,32.9,62.4378000000000000,29.5
19,Fresh Fizz,Sparkling Water,74,ValueTrade GT (Tier 2/3),General Trade,India - Tier 2/3,33.9,63.3680000000000000,29.5
89,Nomad Mornings,Breakfast & Cereal,9,CityMart,Grocery,North America,33.7,63.0944444444444444,29.4
43,Coastal Table,Packaged Foods,61,Community Retail Co-op (Metro),General Trade,India - Metro,32.9,62.2600000000000000,29.4
97,Royal Breakfast Co,Breakfast & Cereal,152,HopMart (Malaysia),Quick Commerce,SEA - Malaysia,33.2,62.5915625000000000,29.4
33,Cloud Glow,Personal Care,116,DailyBasket (Saudi),Grocery,Gulf - Saudi,30.5,59.8583333333333333,29.4
2,Bold Snacks,Salty Snacks,112,FreshMart (Saudi),Grocery,Gulf - Saudi,32.9,62.3475000000000000,29.4
51,Coastal Drinks,Beverages,34,CornerFuel Mart #3,C-Store,North America,33.5,62.8907142857142857,29.4
20,Heritage Springs,Sparkling Water,47,ZipCart (Metro),Quick Commerce,India - Metro,32.6,61.9855603448275862,29.4
46,Fresh Refresh,Beverages,4,PrimeGrocer,Grocery,North America,33.5,62.8907142857142857,29.4
54,Nomad Drinks,Beverages,119,ValueTrade GT (Saudi),General Trade,Gulf - Saudi,33.1,62.5236666666666667,29.4
35,Silver Table,Packaged Foods,1,FreshMart,Grocery,North America,33.1,62.4755208333333333,29.4
44,Spring Pantry,Packaged Foods,85,Community Retail Co-op #2 (Tier 2/3),General Trade,India - Tier 2/3,32.5,61.8906000000000000,29.4
91,Coastal Cereal Co,Breakfast & Cereal,119,ValueTrade GT (Saudi),General Trade,Gulf - Saudi,30.1,59.3711111111111111,29.3
79,Coastal Candy Co,Confectionery,79,MarketLink GT (Tier 2/3),General Trade,India - Tier 2/3,33.1,62.4378000000000000,29.3
103,Coastal Baby Essentials,Baby Care,86,Bazaar Wholesale #2 (Tier 2/3),General Trade,India - Tier 2/3,32.6,61.9433333333333333,29.3
67,Golden Milk Co,Dairy,192,FlashCart (Indonesia),Quick Commerce,SEA - Indonesia,34.0,63.3287500000000000,29.3
13,Urban Bubbles,Sparkling Water,171,SwiftBasket (Philippines),Quick Commerce,SEA - Philippines,35.4,64.6703947368421053,29.3
76,Royal Farms,Dairy,72,ValueGrocer (Tier 2/3),Grocery,India - Tier 2/3,33.3,62.6312000000000000,29.3
3,Prime Snacks,Salty Snacks,28,ExpressStop,C-Store,North America,32.1,61.3621428571428571,29.3
23,Golden Skin,Personal Care,51,FlashCart (Metro),Quick Commerce,India - Metro,33.4,62.6680000000000000,29.3
52,Spring Sip,Beverages,130,PrimeGrocer (Qatar),Grocery,Gulf - Qatar,33.1,62.3838888888888889,29.3
13,Urban Bubbles,Sparkling Water,159,Bazaar Wholesale (Malaysia),General Trade,SEA - Malaysia,32.3,61.5825000000000000,29.3
4,Blue Bites,Salty Snacks,149,ZipCart (Malaysia),Quick Commerce,SEA - Malaysia,31.0,60.3325000000000000,29.3
44,Spring Pantry,Packaged Foods,101,ZipCart (UAE),Quick Commerce,Gulf - UAE,33.7,63.0119318181818182,29.3
76,Royal Farms,Dairy,20,PureRoots Market,Natural,North America,31.4,60.7394736842105263,29.3
82,Meadow Treats,Confectionery,3,GreenAisle,Grocery,North America,32.6,61.9236111111111111,29.3
46,Fresh Refresh,Beverages,11,FreshMart #2,Grocery,North America,33.6,62.8907142857142857,29.3
73,Blue Milk Co,Dairy,5,DailyBasket,Grocery,North America,31.4,60.7394736842105263,29.3
41,Royal Kitchen,Packaged Foods,9,CityMart,Grocery,North America,33.2,62.4755208333333333,29.3
88,Pure Treats,Confectionery,198,Bazaar Wholesale (Indonesia),General Trade,SEA - Indonesia,32.6,61.8512500000000000,29.3
47,Sunrise Refresh,Beverages,70,SunriseMart (Tier 2/3),Grocery,India - Tier 2/3,33.3,62.6366666666666667,29.3
44,Spring Pantry,Packaged Foods,84,Corner Store Network #2 (Tier 2/3),General Trade,India - Tier 2/3,32.7,61.8906000000000000,29.2
11,Silver Snacks,Salty Snacks,1,FreshMart,Grocery,North America,32.2,61.3621428571428571,29.2
44,Spring Pantry,Packaged Foods,81,Local Trade Collective #2 (Tier 2/3),General Trade,India - Tier 2/3,32.7,61.8906000000000000,29.2
100,Fresh Tiny Care,Baby Care,83,Neighborhood Wholesale #2 (Tier 2/3),General Trade,India - Tier 2/3,32.7,61.9433333333333333,29.2
4,Blue Bites,Salty Snacks,148,QuickDash (Malaysia),Quick Commerce,SEA - Malaysia,31.2,60.3325000000000000,29.1
107,Spring Tiny Care,Baby Care,197,Community Retail Co-op (Indonesia),General Trade,SEA - Indonesia,30.6,59.7341666666666667,29.1
91,Coastal Cereal Co,Breakfast & Cereal,156,Neighborhood Wholesale (Malaysia),General Trade,SEA - Malaysia,33.5,62.5915625000000000,29.1
77,Urban Creamery,Dairy,130,PrimeGrocer (Qatar),Grocery,Gulf - Qatar,37.1,66.1566666666666667,29.1
17,Nomad Bubbles,Sparkling Water,38,GreenAisle (Metro),Grocery,India - Metro,32.9,61.9855603448275862,29.1
7,Urban Bites,Salty Snacks,93,PrimeGrocer (UAE),Grocery,Gulf - UAE,33.6,62.7130681818181818,29.1
86,True Candy Co,Confectionery,178,Bazaar Wholesale (Philippines),General Trade,SEA - Philippines,33.9,63.0394736842105263,29.1
19,Fresh Fizz,Sparkling Water,10,HomeFresh,Grocery,North America,34.0,63.0876190476190476,29.1
67,Golden Milk Co,Dairy,196,Corner Store Network (Indonesia),General Trade,SEA - Indonesia,34.2,63.3287500000000000,29.1
26,Prime Care,Personal Care,66,MetroBazaar (Tier 2/3),Grocery,India - Tier 2/3,33.7,62.8356666666666667,29.1
46,Fresh Refresh,Beverages,29,QuickStop #2,C-Store,North America,33.9,62.8907142857142857,29.0
31,Everyday Glow,Personal Care,125,Sundry Traders Network (Saudi),General Trade,Gulf - Saudi,30.9,59.8583333333333333,29.0
6,Coastal Bites,Salty Snacks,22,NaturaLife Market,Natural,North America,32.4,61.3621428571428571,29.0
86,True Candy Co,Confectionery,174,ValueTrade GT (Philippines),General Trade,SEA - Philippines,34.0,63.0394736842105263,29.0
85,Heritage Treats,Confectionery,75,Neighborhood Wholesale (Tier 2/3),General Trade,India - Tier 2/3,33.4,62.4378000000000000,29.0
21,Golden Fizz,Sparkling Water,39,PrimeGrocer (Metro),Grocery,India - Metro,33.0,61.9855603448275862,29.0
21,Golden Fizz,Sparkling Water,159,Bazaar Wholesale (Malaysia),General Trade,SEA - Malaysia,32.6,61.5825000000000000,29.0
8,Meadow Crisps,Salty Snacks,74,ValueTrade GT (Tier 2/3),General Trade,India - Tier 2/3,34.0,63.0406666666666667,29.0
5,Urban Crisps,Salty Snacks,138,ValueTrade GT (Qatar),General Trade,Gulf - Qatar,32.0,60.9850000000000000,29.0
56,Golden Shine,Home Care,88,Sundry Traders Network #2 (Tier 2/3),General Trade,India - Tier 2/3,34.0,62.8800000000000000,28.9
7,Urban Bites,Salty Snacks,194,ValueTrade GT (Indonesia),General Trade,SEA - Indonesia,29.3,58.1575000000000000,28.9
83,Fresh Treats,Confectionery,116,DailyBasket (Saudi),Grocery,Gulf - Saudi,33.6,62.4883333333333333,28.9
5,Urban Crisps,Salty Snacks,132,QuickDash (Qatar),Quick Commerce,Gulf - Qatar,32.1,60.9850000000000000,28.9
48,Silver Beverages,Beverages,134,DashKart (Qatar),Quick Commerce,Gulf - Qatar,33.5,62.3838888888888889,28.9
58,Coastal Clean,Home Care,105,FlashCart (UAE),Quick Commerce,Gulf - UAE,32.5,61.4090909090909091,28.9
49,Meadow Beverages,Beverages,74,ValueTrade GT (Tier 2/3),General Trade,India - Tier 2/3,33.7,62.6366666666666667,28.9
46,Fresh Refresh,Beverages,20,PureRoots Market,Natural,North America,34.1,62.8907142857142857,28.8
74,Sunrise Milk Co,Dairy,88,Sundry Traders Network #2 (Tier 2/3),General Trade,India - Tier 2/3,33.8,62.6312000000000000,28.8
108,Crunch Baby Co,Baby Care,120,Neighborhood Wholesale (Saudi),General Trade,Gulf - Saudi,35.8,64.5725000000000000,28.8
102,Coastal Little Ones,Baby Care,72,ValueGrocer (Tier 2/3),Grocery,India - Tier 2/3,33.1,61.9433333333333333,28.8
69,Everyday Milk Co,Dairy,149,ZipCart (Malaysia),Quick Commerce,SEA - Malaysia,35.8,64.5987500000000000,28.8
51,Coastal Drinks,Beverages,13,GreenAisle #2,Grocery,North America,34.1,62.8907142857142857,28.8
108,Crunch Baby Co,Baby Care,78,Bazaar Wholesale (Tier 2/3),General Trade,India - Tier 2/3,33.1,61.9433333333333333,28.8
58,Coastal Clean,Home Care,91,MetroBazaar (UAE),Grocery,Gulf - UAE,32.6,61.4090909090909091,28.8
6,Coastal Bites,Salty Snacks,6,SunriseMart,Grocery,North America,32.6,61.3621428571428571,28.8
66,Golden Household,Home Care,86,Bazaar Wholesale #2 (Tier 2/3),General Trade,India - Tier 2/3,34.1,62.8800000000000000,28.8
43,Coastal Table,Packaged Foods,51,FlashCart (Metro),Quick Commerce,India - Metro,33.5,62.2600000000000000,28.8
8,Meadow Crisps,Salty Snacks,79,MarketLink GT (Tier 2/3),General Trade,India - Tier 2/3,34.2,63.0406666666666667,28.8
36,Cloud Table,Packaged Foods,76,Corner Store Network (Tier 2/3),General Trade,India - Tier 2/3,33.2,61.8906000000000000,28.7
98,Coastal Mornings,Breakfast & Cereal,121,Corner Store Network (Saudi),General Trade,Gulf - Saudi,30.7,59.3711111111111111,28.7
73,Blue Milk Co,Dairy,2,MetroBazaar,Grocery,North America,32.0,60.7394736842105263,28.7
71,Golden Farms,Dairy,173,Local Trade Collective (Philippines),General Trade,SEA - Philippines,32.7,61.3750000000000000,28.7
46,Fresh Refresh,Beverages,12,MetroBazaar #2,Grocery,North America,34.2,62.8907142857142857,28.7
30,Cloud Essentials,Personal Care,161,Sundry Traders Network (Malaysia),General Trade,SEA - Malaysia,32.8,61.4575000000000000,28.7
12,True Water Co,Sparkling Water,66,MetroBazaar (Tier 2/3),Grocery,India - Tier 2/3,34.7,63.3680000000000000,28.7
29,Golden Essentials,Personal Care,53,RapidBasket (Metro),Quick Commerce,India - Metro,34.0,62.6680000000000000,28.7
30,Cloud Essentials,Personal Care,157,Corner Store Network (Malaysia),General Trade,SEA - Malaysia,32.8,61.4575000000000000,28.7
11,Silver Snacks,Salty Snacks,78,Bazaar Wholesale (Tier 2/3),General Trade,India - Tier 2/3,34.3,63.0406666666666667,28.7
3,Prime Snacks,Salty Snacks,29,QuickStop #2,C-Store,North America,32.7,61.3621428571428571,28.7
43,Coastal Table,Packaged Foods,84,Corner Store Network #2 (Tier 2/3),General Trade,India - Tier 2/3,33.3,61.8906000000000000,28.6
50,Crunch Drinks,Beverages,178,Bazaar Wholesale (Philippines),General Trade,SEA - Philippines,35.9,64.5381578947368421,28.6
78,Prime Confections,Confectionery,197,Community Retail Co-op (Indonesia),General Trade,SEA - Indonesia,33.3,61.8512500000000000,28.6
21,Golden Fizz,Sparkling Water,142,FreshMart (Malaysia),Grocery,SEA - Malaysia,33.0,61.5825000000000000,28.6
85,Heritage Treats,Confectionery,72,ValueGrocer (Tier 2/3),Grocery,India - Tier 2/3,33.8,62.4378000000000000,28.6
108,Crunch Baby Co,Baby Care,67,GreenAisle (Tier 2/3),Grocery,India - Tier 2/3,33.3,61.9433333333333333,28.6
2,Bold Snacks,Salty Snacks,63,MarketLink GT (Metro),General Trade,India - Metro,30.8,59.4456896551724138,28.6
35,Silver Table,Packaged Foods,78,Bazaar Wholesale (Tier 2/3),General Trade,India - Tier 2/3,33.3,61.8906000000000000,28.6
85,Heritage Treats,Confectionery,66,MetroBazaar (Tier 2/3),Grocery,India - Tier 2/3,33.8,62.4378000000000000,28.6
2,Bold Snacks,Salty Snacks,45,ExpressStop (Metro),C-Store,India - Metro,30.8,59.4456896551724138,28.6
98,Coastal Mornings,Breakfast & Cereal,122,Community Retail Co-op (Saudi),General Trade,Gulf - Saudi,30.8,59.3711111111111111,28.6
88,Pure Treats,Confectionery,192,FlashCart (Indonesia),Quick Commerce,SEA - Indonesia,33.4,61.8512500000000000,28.5
28,Spring Skin,Personal Care,149,ZipCart (Malaysia),Quick Commerce,SEA - Malaysia,33.0,61.4575000000000000,28.5
58,Coastal Clean,Home Care,190,SwiftBasket (Indonesia),Quick Commerce,SEA - Indonesia,35.2,63.7145833333333333,28.5
71,Golden Farms,Dairy,24,PureRoots Market #2,Natural,North America,32.2,60.7394736842105263,28.5
53,Cloud Sip,Beverages,125,Sundry Traders Network (Saudi),General Trade,Gulf - Saudi,34.0,62.5236666666666667,28.5
37,Heritage Kitchen,Packaged Foods,121,Corner Store Network (Saudi),General Trade,Gulf - Saudi,32.5,61.0458333333333333,28.5
51,Coastal Drinks,Beverages,153,FlashCart (Malaysia),Quick Commerce,SEA - Malaysia,33.3,61.7712500000000000,28.5
46,Fresh Refresh,Beverages,17,MegaValue Club,Club,North America,34.4,62.8907142857142857,28.5
98,Coastal Mornings,Breakfast & Cereal,113,MetroBazaar (Saudi),Grocery,Gulf - Saudi,31.0,59.3711111111111111,28.4
13,Urban Bubbles,Sparkling Water,178,Bazaar Wholesale (Philippines),General Trade,SEA - Philippines,36.3,64.6703947368421053,28.4
2,Bold Snacks,Salty Snacks,59,Neighborhood Wholesale (Metro),General Trade,India - Metro,31.0,59.4456896551724138,28.4
13,Urban Bubbles,Sparkling Water,166,DailyBasket (Philippines),Grocery,SEA - Philippines,36.3,64.6703947368421053,28.4
98,Coastal Mornings,Breakfast & Cereal,69,DailyBasket (Tier 2/3),Grocery,India - Tier 2/3,35.3,63.6752500000000000,28.4
44,Spring Pantry,Packaged Foods,94,DailyBasket (UAE),Grocery,Gulf - UAE,34.6,63.0119318181818182,28.4
1,True Snacks,Salty Snacks,70,SunriseMart (Tier 2/3),Grocery,India - Tier 2/3,34.6,63.0406666666666667,28.4
105,Silver Baby Essentials,Baby Care,80,Sundry Traders Network (Tier 2/3),General Trade,India - Tier 2/3,33.5,61.9433333333333333,28.4
93,Urban Mornings,Breakfast & Cereal,163,MetroBazaar (Philippines),Grocery,SEA - Philippines,33.6,62.0381578947368421,28.4
78,Prime Confections,Confectionery,38,GreenAisle (Metro),Grocery,India - Metro,34.3,62.6568965517241379,28.4
80,Nomad Candy Co,Confectionery,85,Community Retail Co-op #2 (Tier 2/3),General Trade,India - Tier 2/3,34.0,62.4378000000000000,28.4
22,Crunch Fizz,Sparkling Water,110,Corner Store Network (UAE),General Trade,Gulf - UAE,34.6,62.9568181818181818,28.4
80,Nomad Candy Co,Confectionery,2,MetroBazaar,Grocery,North America,33.5,61.9236111111111111,28.4
44,Spring Pantry,Packaged Foods,75,Neighborhood Wholesale (Tier 2/3),General Trade,India - Tier 2/3,33.6,61.8906000000000000,28.3
110,Meadow Tiny Care,Baby Care,47,ZipCart (Metro),Quick Commerce,India - Metro,34.9,63.2150000000000000,28.3
81,Prime Candy Co,Confectionery,129,GreenAisle (Qatar),Grocery,Gulf - Qatar,32.6,60.9133333333333333,28.3
92,Cloud Grains,Breakfast & Cereal,179,MarketLink GT (Philippines),General Trade,SEA - Philippines,33.7,62.0381578947368421,28.3
11,Silver Snacks,Salty Snacks,83,Neighborhood Wholesale #2 (Tier 2/3),General Trade,India - Tier 2/3,34.7,63.0406666666666667,28.3
99,Fresh Cereal Co,Breakfast & Cereal,105,FlashCart (UAE),Quick Commerce,Gulf - UAE,35.1,63.3928030303030303,28.3
70,Vivid Milk Co,Dairy,123,Bazaar Wholesale (Saudi),General Trade,Gulf - Saudi,32.0,60.2775000000000000,28.3
99,Fresh Cereal Co,Breakfast & Cereal,109,Neighborhood Wholesale (UAE),General Trade,Gulf - UAE,35.1,63.3928030303030303,28.3
94,Crunch Cereal Co,Breakfast & Cereal,191,HopMart (Indonesia),Quick Commerce,SEA - Indonesia,33.1,61.4287500000000000,28.3
97,Royal Breakfast Co,Breakfast & Cereal,161,Sundry Traders Network (Malaysia),General Trade,SEA - Malaysia,34.3,62.5915625000000000,28.3
18,Royal Fizz,Sparkling Water,1,FreshMart,Grocery,North America,34.8,63.0876190476190476,28.3
24,Spring Care,Personal Care,133,ZipCart (Qatar),Quick Commerce,Gulf - Qatar,33.3,61.5616666666666667,28.3
46,Fresh Refresh,Beverages,1,FreshMart,Grocery,North America,34.7,62.8907142857142857,28.2
26,Prime Care,Personal Care,69,DailyBasket (Tier 2/3),Grocery,India - Tier 2/3,34.6,62.8356666666666667,28.2
58,Coastal Clean,Home Care,184,PrimeGrocer (Indonesia),Grocery,SEA - Indonesia,35.5,63.7145833333333333,28.2
103,Coastal Baby Essentials,Baby Care,82,ValueTrade GT #2 (Tier 2/3),General Trade,India - Tier 2/3,33.7,61.9433333333333333,28.2
12,True Water Co,Sparkling Water,42,QuickStop (Metro),C-Store,India - Metro,33.8,61.9855603448275862,28.2
10,Silver Chips,Salty Snacks,122,Community Retail Co-op (Saudi),General Trade,Gulf - Saudi,34.1,62.3475000000000000,28.2
40,Meadow Pantry,Packaged Foods,106,NimbleMart (UAE),Quick Commerce,Gulf - UAE,34.8,63.0119318181818182,28.2
19,Fresh Fizz,Sparkling Water,17,MegaValue Club,Club,North America,34.9,63.0876190476190476,28.2
56,Golden Shine,Home Care,76,Corner Store Network (Tier 2/3),General Trade,India - Tier 2/3,34.7,62.8800000000000000,28.2
99,Fresh Cereal Co,Breakfast & Cereal,158,Community Retail Co-op (Malaysia),General Trade,SEA - Malaysia,34.5,62.5915625000000000,28.1
39,Blue Kitchen,Packaged Foods,144,GreenAisle (Malaysia),Grocery,SEA - Malaysia,34.4,62.4881250000000000,28.1
66,Golden Household,Home Care,184,PrimeGrocer (Indonesia),Grocery,SEA - Indonesia,35.6,63.7145833333333333,28.1
82,Meadow Treats,Confectionery,68,PrimeGrocer (Tier 2/3),Grocery,India - Tier 2/3,34.3,62.4378000000000000,28.1
21,Golden Fizz,Sparkling Water,58,ValueTrade GT (Metro),General Trade,India - Metro,33.9,61.9855603448275862,28.1
57,Cloud Shine,Home Care,176,Corner Store Network (Philippines),General Trade,SEA - Philippines,30.1,58.1723684210526316,28.1
12,True Water Co,Sparkling Water,79,MarketLink GT (Tier 2/3),General Trade,India - Tier 2/3,35.3,63.3680000000000000,28.1
17,Nomad Bubbles,Sparkling Water,38,GreenAisle (Metro),Grocery,India - Metro,33.9,61.9855603448275862,28.1
44,Spring Pantry,Packaged Foods,82,ValueTrade GT #2 (Tier 2/3),General Trade,India - Tier 2/3,33.8,61.8906000000000000,28.1
23,Golden Skin,Personal Care,36,FreshMart (Metro),Grocery,India - Metro,34.6,62.6680000000000000,28.1
31,Everyday Glow,Personal Care,122,Community Retail Co-op (Saudi),General Trade,Gulf - Saudi,31.8,59.8583333333333333,28.1
54,Nomad Drinks,Beverages,72,ValueGrocer (Tier 2/3),Grocery,India - Tier 2/3,34.5,62.6366666666666667,28.1
103,Coastal Baby Essentials,Baby Care,71,UrbanPantry (Tier 2/3),Grocery,India - Tier 2/3,33.8,61.9433333333333333,28.1
47,Sunrise Refresh,Beverages,81,Local Trade Collective #2 (Tier 2/3),General Trade,India - Tier 2/3,34.5,62.6366666666666667,28.1
11,Silver Snacks,Salty Snacks,68,PrimeGrocer (Tier 2/3),Grocery,India - Tier 2/3,35.0,63.0406666666666667,28.0
18,Royal Fizz,Sparkling Water,28,ExpressStop,C-Store,North America,35.1,63.0876190476190476,28.0
58,Coastal Clean,Home Care,104,HopMart (UAE),Quick Commerce,Gulf - UAE,33.4,61.4090909090909091,28.0
73,Blue Milk Co,Dairy,190,SwiftBasket (Indonesia),Quick Commerce,SEA - Indonesia,35.3,63.3287500000000000,28.0
3,Prime Snacks,Salty Snacks,20,PureRoots Market,Natural,North America,33.4,61.3621428571428571,28.0
83,Fresh Treats,Confectionery,81,Local Trade Collective #2 (Tier 2/3),General Trade,India - Tier 2/3,34.4,62.4378000000000000,28.0
8,Meadow Crisps,Salty Snacks,80,Sundry Traders Network (Tier 2/3),General Trade,India - Tier 2/3,35.1,63.0406666666666667,27.9
110,Meadow Tiny Care,Baby Care,6,SunriseMart,Grocery,North America,35.1,63.0250000000000000,27.9
82,Meadow Treats,Confectionery,6,SunriseMart,Grocery,North America,34.0,61.9236111111111111,27.9
53,Cloud Sip,Beverages,119,ValueTrade GT (Saudi),General Trade,Gulf - Saudi,34.6,62.5236666666666667,27.9
30,Cloud Essentials,Personal Care,152,HopMart (Malaysia),Quick Commerce,SEA - Malaysia,33.6,61.4575000000000000,27.9
109,Silver Little Ones,Baby Care,137,Local Trade Collective (Qatar),General Trade,Gulf - Qatar,33.7,61.6466666666666667,27.9
110,Meadow Tiny Care,Baby Care,59,Neighborhood Wholesale (Metro),General Trade,India - Metro,35.3,63.2150000000000000,27.9
90,Prime Grains,Breakfast & Cereal,160,MarketLink GT (Malaysia),General Trade,SEA - Malaysia,34.7,62.5915625000000000,27.9
89,Nomad Mornings,Breakfast & Cereal,70,SunriseMart (Tier 2/3),Grocery,India - Tier 2/3,35.8,63.6752500000000000,27.9
38,Urban Pantry,Packaged Foods,174,ValueTrade GT (Philippines),General Trade,SEA - Philippines,33.8,61.6500000000000000,27.9
58,Coastal Clean,Home Care,98,BulkBasket Club (UAE),Club,Gulf - UAE,33.6,61.4090909090909091,27.8
70,Vivid Milk Co,Dairy,85,Community Retail Co-op #2 (Tier 2/3),General Trade,India - Tier 2/3,34.8,62.6312000000000000,27.8
76,Royal Farms,Dairy,9,CityMart,Grocery,North America,32.9,60.7394736842105263,27.8
6,Coastal Bites,Salty Snacks,10,HomeFresh,Grocery,North America,33.6,61.3621428571428571,27.8
11,Silver Snacks,Salty Snacks,69,DailyBasket (Tier 2/3),Grocery,India - Tier 2/3,35.2,63.0406666666666667,27.8
61,Crunch Household,Home Care,40,DailyBasket (Metro),Grocery,India - Metro,33.6,61.3740000000000000,27.8
14,Golden Bubbles,Sparkling Water,19,GreenLeaf Naturals,Natural,North America,35.3,63.0876190476190476,27.8
57,Cloud Shine,Home Care,170,DashKart (Philippines),Quick Commerce,SEA - Philippines,30.4,58.1723684210526316,27.8
33,Cloud Glow,Personal Care,76,Corner Store Network (Tier 2/3),General Trade,India - Tier 2/3,35.0,62.8356666666666667,27.8
99,Fresh Cereal Co,Breakfast & Cereal,94,DailyBasket (UAE),Grocery,Gulf - UAE,35.6,63.3928030303030303,27.8
84,Everyday Treats,Confectionery,186,SunriseMart (Indonesia),Grocery,SEA - Indonesia,34.1,61.8512500000000000,27.8
66,Golden Household,Home Care,195,Neighborhood Wholesale (Indonesia),General Trade,SEA - Indonesia,35.9,63.7145833333333333,27.8
99,Fresh Cereal Co,Breakfast & Cereal,154,Local Trade Collective (Malaysia),General Trade,SEA - Malaysia,34.9,62.5915625000000000,27.7
45,Pure Drinks,Beverages,122,Community Retail Co-op (Saudi),General Trade,Gulf - Saudi,34.8,62.5236666666666667,27.7
16,Sunrise Water Co,Sparkling Water,200,Sundry Traders Network (Indonesia),General Trade,SEA - Indonesia,36.2,63.8825000000000000,27.7
108,Crunch Baby Co,Baby Care,123,Bazaar Wholesale (Saudi),General Trade,Gulf - Saudi,36.9,64.5725000000000000,27.7
82,Meadow Treats,Confectionery,82,ValueTrade GT #2 (Tier 2/3),General Trade,India - Tier 2/3,34.7,62.4378000000000000,27.7
52,Spring Sip,Beverages,135,SwiftBasket (Qatar),Quick Commerce,Gulf - Qatar,34.7,62.3838888888888889,27.7
53,Cloud Sip,Beverages,138,ValueTrade GT (Qatar),General Trade,Gulf - Qatar,34.7,62.3838888888888889,27.7
108,Crunch Baby Co,Baby Care,68,PrimeGrocer (Tier 2/3),Grocery,India - Tier 2/3,34.2,61.9433333333333333,27.7
85,Heritage Treats,Confectionery,76,Corner Store Network (Tier 2/3),General Trade,India - Tier 2/3,34.7,62.4378000000000000,27.7
9,Spring Crisps,Salty Snacks,100,QuickDash (UAE),Quick Commerce,Gulf - UAE,35.0,62.7130681818181818,27.7
11,Silver Snacks,Salty Snacks,2,MetroBazaar,Grocery,North America,33.7,61.3621428571428571,27.7
21,Golden Fizz,Sparkling Water,44,GoStop (Metro),C-Store,India - Metro,34.3,61.9855603448275862,27.7
72,Nomad Milk Co,Dairy,86,Bazaar Wholesale #2 (Tier 2/3),General Trade,India - Tier 2/3,35.0,62.6312000000000000,27.6
24,Spring Care,Personal Care,134,DashKart (Qatar),Quick Commerce,Gulf - Qatar,34.0,61.5616666666666667,27.6
98,Coastal Mornings,Breakfast & Cereal,70,SunriseMart (Tier 2/3),Grocery,India - Tier 2/3,36.1,63.6752500000000000,27.6
99,Fresh Cereal Co,Breakfast & Cereal,107,Local Trade Collective (UAE),General Trade,Gulf - UAE,35.8,63.3928030303030303,27.6
59,Pure Shine,Home Care,109,Neighborhood Wholesale (UAE),General Trade,Gulf - UAE,33.8,61.4090909090909091,27.6
42,Urban Kitchen,Packaged Foods,84,Corner Store Network #2 (Tier 2/3),General Trade,India - Tier 2/3,34.3,61.8906000000000000,27.6
49,Meadow Beverages,Beverages,78,Bazaar Wholesale (Tier 2/3),General Trade,India - Tier 2/3,35.0,62.6366666666666667,27.6
38,Urban Pantry,Packaged Foods,164,GreenAisle (Philippines),Grocery,SEA - Philippines,34.1,61.6500000000000000,27.6
66,Golden Household,Home Care,199,MarketLink GT (Indonesia),General Trade,SEA - Indonesia,36.1,63.7145833333333333,27.6
42,Urban Kitchen,Packaged Foods,165,PrimeGrocer (Philippines),Grocery,SEA - Philippines,34.1,61.6500000000000000,27.6
53,Cloud Sip,Beverages,132,QuickDash (Qatar),Quick Commerce,Gulf - Qatar,34.9,62.3838888888888889,27.5
11,Silver Snacks,Salty Snacks,26,CornerFuel Mart,C-Store,North America,33.9,61.3621428571428571,27.5
103,Coastal Baby Essentials,Baby Care,73,Local Trade Collective (Tier 2/3),General Trade,India - Tier 2/3,34.4,61.9433333333333333,27.5
41,Royal Kitchen,Packaged Foods,24,PureRoots Market #2,Natural,North America,35.0,62.4755208333333333,27.5
33,Cloud Glow,Personal Care,126,Local Trade Collective #2 (Saudi),General Trade,Gulf - Saudi,32.4,59.8583333333333333,27.5
90,Prime Grains,Breakfast & Cereal,149,ZipCart (Malaysia),Quick Commerce,SEA - Malaysia,35.1,62.5915625000000000,27.5
37,Heritage Kitchen,Packaged Foods,115,PrimeGrocer (Saudi),Grocery,Gulf - Saudi,33.5,61.0458333333333333,27.5
27,Golden Glow,Personal Care,190,SwiftBasket (Indonesia),Quick Commerce,SEA - Indonesia,32.9,60.4337500000000000,27.5
35,Silver Table,Packaged Foods,68,PrimeGrocer (Tier 2/3),Grocery,India - Tier 2/3,34.4,61.8906000000000000,27.5
55,Vivid Sip,Beverages,39,PrimeGrocer (Metro),Grocery,India - Metro,34.6,62.0715517241379310,27.5
3,Prime Snacks,Salty Snacks,11,FreshMart #2,Grocery,North America,34.0,61.3621428571428571,27.4
84,Everyday Treats,Confectionery,188,ZipCart (Indonesia),Quick Commerce,SEA - Indonesia,34.5,61.8512500000000000,27.4
1,True Snacks,Salty Snacks,71,UrbanPantry (Tier 2/3),Grocery,India - Tier 2/3,35.6,63.0406666666666667,27.4
62,Royal Household,Home Care,125,Sundry Traders Network (Saudi),General Trade,Gulf - Saudi,35.8,63.1858333333333333,27.4
69,Everyday Milk Co,Dairy,151,SwiftBasket (Malaysia),Quick Commerce,SEA - Malaysia,37.2,64.5987500000000000,27.4
103,Coastal Baby Essentials,Baby Care,81,Local Trade Collective #2 (Tier 2/3),General Trade,India - Tier 2/3,34.5,61.9433333333333333,27.4
99,Fresh Cereal Co,Breakfast & Cereal,91,MetroBazaar (UAE),Grocery,Gulf - UAE,36.0,63.3928030303030303,27.4
79,Coastal Candy Co,Confectionery,87,MarketLink GT #2 (Tier 2/3),General Trade,India - Tier 2/3,35.0,62.4378000000000000,27.4
43,Coastal Table,Packaged Foods,81,Local Trade Collective #2 (Tier 2/3),General Trade,India - Tier 2/3,34.5,61.8906000000000000,27.4
34,Bold Kitchen,Packaged Foods,184,PrimeGrocer (Indonesia),Grocery,SEA - Indonesia,37.2,64.6200000000000000,27.4
91,Coastal Cereal Co,Breakfast & Cereal,155,ValueTrade GT (Malaysia),General Trade,SEA - Malaysia,35.2,62.5915625000000000,27.4
38,Urban Pantry,Packaged Foods,116,DailyBasket (Saudi),Grocery,Gulf - Saudi,33.7,61.0458333333333333,27.3
80,Nomad Candy Co,Confectionery,8,ValueGrocer,Grocery,North America,34.6,61.9236111111111111,27.3
43,Coastal Table,Packaged Foods,88,Sundry Traders Network #2 (Tier 2/3),General Trade,India - Tier 2/3,34.6,61.8906000000000000,27.3
48,Silver Beverages,Beverages,129,GreenAisle (Qatar),Grocery,Gulf - Qatar,35.1,62.3838888888888889,27.3
42,Urban Kitchen,Packaged Foods,176,Corner Store Network (Philippines),General Trade,SEA - Philippines,34.4,61.6500000000000000,27.3
107,Spring Tiny Care,Baby Care,200,Sundry Traders Network (Indonesia),General Trade,SEA - Indonesia,32.4,59.7341666666666667,27.3
84,Everyday Treats,Confectionery,190,SwiftBasket (Indonesia),Quick Commerce,SEA - Indonesia,34.6,61.8512500000000000,27.3
106,Vivid Little Ones,Baby Care,80,Sundry Traders Network (Tier 2/3),General Trade,India - Tier 2/3,34.6,61.9433333333333333,27.3
13,Urban Bubbles,Sparkling Water,175,Neighborhood Wholesale (Philippines),General Trade,SEA - Philippines,37.4,64.6703947368421053,27.3
35,Silver Table,Packaged Foods,9,CityMart,Grocery,North America,35.2,62.4755208333333333,27.3
71,Golden Farms,Dairy,7,UrbanPantry,Grocery,North America,33.4,60.7394736842105263,27.3
34,Bold Kitchen,Packaged Foods,149,ZipCart (Malaysia),Quick Commerce,SEA - Malaysia,35.2,62.4881250000000000,27.3
53,Cloud Sip,Beverages,117,SunriseMart (Saudi),Grocery,Gulf - Saudi,35.2,62.5236666666666667,27.3
30,Cloud Essentials,Personal Care,12,MetroBazaar #2,Grocery,North America,35.9,63.2026315789473684,27.3
18,Royal Fizz,Sparkling Water,33,QuickStop #3,C-Store,North America,35.8,63.0876190476190476,27.3
75,Vivid Dairy,Dairy,80,Sundry Traders Network (Tier 2/3),General Trade,India - Tier 2/3,35.3,62.6312000000000000,27.3
35,Silver Table,Packaged Foods,14,SaverClub,Club,North America,35.3,62.4755208333333333,27.2
94,Crunch Cereal Co,Breakfast & Cereal,184,PrimeGrocer (Indonesia),Grocery,SEA - Indonesia,34.2,61.4287500000000000,27.2
89,Nomad Mornings,Breakfast & Cereal,8,ValueGrocer,Grocery,North America,35.9,63.0944444444444444,27.2
103,Coastal Baby Essentials,Baby Care,69,DailyBasket (Tier 2/3),Grocery,India - Tier 2/3,34.7,61.9433333333333333,27.2
80,Nomad Candy Co,Confectionery,32,ExpressStop #2,C-Store,North America,34.7,61.9236111111111111,27.2
35,Silver Table,Packaged Foods,16,WareClub,Club,North America,35.3,62.4755208333333333,27.2
49,Meadow Beverages,Beverages,71,UrbanPantry (Tier 2/3),Grocery,India - Tier 2/3,35.4,62.6366666666666667,27.2
82,Meadow Treats,Confectionery,30,CornerFuel Mart #2,C-Store,North America,34.7,61.9236111111111111,27.2
107,Spring Tiny Care,Baby Care,181,FreshMart (Indonesia),Grocery,SEA - Indonesia,32.5,59.7341666666666667,27.2
83,Fresh Treats,Confectionery,118,Local Trade Collective (Saudi),General Trade,Gulf - Saudi,35.3,62.4883333333333333,27.2
36,Cloud Table,Packaged Foods,75,Neighborhood Wholesale (Tier 2/3),General Trade,India - Tier 2/3,34.7,61.8906000000000000,27.2
78,Prime Confections,Confectionery,42,QuickStop (Metro),C-Store,India - Metro,35.5,62.6568965517241379,27.2
104,Meadow Baby Co,Baby Care,135,SwiftBasket (Qatar),Quick Commerce,Gulf - Qatar,34.5,61.6466666666666667,27.1
42,Urban Kitchen,Packaged Foods,66,MetroBazaar (Tier 2/3),Grocery,India - Tier 2/3,34.8,61.8906000000000000,27.1
61,Crunch Household,Home Care,48,DashKart (Metro),Quick Commerce,India - Metro,34.3,61.3740000000000000,27.1
47,Sunrise Refresh,Beverages,70,SunriseMart (Tier 2/3),Grocery,India - Tier 2/3,35.5,62.6366666666666667,27.1
38,Urban Pantry,Packaged Foods,177,Community Retail Co-op (Philippines),General Trade,SEA - Philippines,34.6,61.6500000000000000,27.1
54,Nomad Drinks,Beverages,77,Community Retail Co-op (Tier 2/3),General Trade,India - Tier 2/3,35.5,62.6366666666666667,27.1
57,Cloud Shine,Home Care,174,ValueTrade GT (Philippines),General Trade,SEA - Philippines,31.1,58.1723684210526316,27.1
2,Bold Snacks,Salty Snacks,118,Local Trade Collective (Saudi),General Trade,Gulf - Saudi,35.2,62.3475000000000000,27.1
101,Everyday Tiny Care,Baby Care,134,DashKart (Qatar),Quick Commerce,Gulf - Qatar,34.5,61.6466666666666667,27.1
29,Golden Essentials,Personal Care,60,Corner Store Network (Metro),General Trade,India - Metro,35.6,62.6680000000000000,27.1
44,Spring Pantry,Packaged Foods,86,Bazaar Wholesale #2 (Tier 2/3),General Trade,India - Tier 2/3,34.8,61.8906000000000000,27.1
51,Coastal Drinks,Beverages,20,PureRoots Market,Natural,North America,35.8,62.8907142857142857,27.1
20,Heritage Springs,Sparkling Water,48,DashKart (Metro),Quick Commerce,India - Metro,34.9,61.9855603448275862,27.1
2,Bold Snacks,Salty Snacks,57,Local Trade Collective (Metro),General Trade,India - Metro,32.3,59.4456896551724138,27.1
26,Prime Care,Personal Care,87,MarketLink GT #2 (Tier 2/3),General Trade,India - Tier 2/3,35.8,62.8356666666666667,27.0
110,Meadow Tiny Care,Baby Care,47,ZipCart (Metro),Quick Commerce,India - Metro,36.2,63.2150000000000000,27.0
78,Prime Confections,Confectionery,49,SwiftBasket (Metro),Quick Commerce,India - Metro,35.7,62.6568965517241379,27.0
106,Vivid Little Ones,Baby Care,86,Bazaar Wholesale #2 (Tier 2/3),General Trade,India - Tier 2/3,34.9,61.9433333333333333,27.0
8,Meadow Crisps,Salty Snacks,73,Local Trade Collective (Tier 2/3),General Trade,India - Tier 2/3,36.0,63.0406666666666667,27.0
53,Cloud Sip,Beverages,114,GreenAisle (Saudi),Grocery,Gulf - Saudi,35.5,62.5236666666666667,27.0
105,Silver Baby Essentials,Baby Care,195,Neighborhood Wholesale (Indonesia),General Trade,SEA - Indonesia,32.7,59.7341666666666667,27.0
57,Cloud Shine,Home Care,85,Community Retail Co-op #2 (Tier 2/3),General Trade,India - Tier 2/3,35.9,62.8800000000000000,27.0
28,Spring Skin,Personal Care,159,Bazaar Wholesale (Malaysia),General Trade,SEA - Malaysia,34.5,61.4575000000000000,27.0
43,Coastal Table,Packaged Foods,40,DailyBasket (Metro),Grocery,India - Metro,35.3,62.2600000000000000,27.0
93,Urban Mornings,Breakfast & Cereal,172,HopMart (Philippines),Quick Commerce,SEA - Philippines,35.0,62.0381578947368421,27.0
25,Royal Skin,Personal Care,159,Bazaar Wholesale (Malaysia),General Trade,SEA - Malaysia,34.5,61.4575000000000000,27.0
12,True Water Co,Sparkling Water,76,Corner Store Network (Tier 2/3),General Trade,India - Tier 2/3,36.4,63.3680000000000000,27.0
77,Urban Creamery,Dairy,132,QuickDash (Qatar),Quick Commerce,Gulf - Qatar,39.3,66.1566666666666667,26.9
93,Urban Mornings,Breakfast & Cereal,169,ZipCart (Philippines),Quick Commerce,SEA - Philippines,35.1,62.0381578947368421,26.9
76,Royal Farms,Dairy,11,FreshMart #2,Grocery,North America,33.8,60.7394736842105263,26.9
11,Silver Snacks,Salty Snacks,28,ExpressStop,C-Store,North America,34.5,61.3621428571428571,26.9
87,Pure Sweets,Confectionery,13,GreenAisle #2,Grocery,North America,35.0,61.9236111111111111,26.9
85,Heritage Treats,Confectionery,74,ValueTrade GT (Tier 2/3),General Trade,India - Tier 2/3,35.5,62.4378000000000000,26.9
110,Meadow Tiny Care,Baby Care,50,HopMart (Metro),Quick Commerce,India - Metro,36.3,63.2150000000000000,26.9
31,Everyday Glow,Personal Care,115,PrimeGrocer (Saudi),Grocery,Gulf - Saudi,33.0,59.8583333333333333,26.9
34,Bold Kitchen,Packaged Foods,181,FreshMart (Indonesia),Grocery,SEA - Indonesia,37.7,64.6200000000000000,26.9
85,Heritage Treats,Confectionery,67,GreenAisle (Tier 2/3),Grocery,India - Tier 2/3,35.5,62.4378000000000000,26.9
62,Royal Household,Home Care,121,Corner Store Network (Saudi),General Trade,Gulf - Saudi,36.3,63.1858333333333333,26.9
105,Silver Baby Essentials,Baby Care,70,SunriseMart (Tier 2/3),Grocery,India - Tier 2/3,35.0,61.9433333333333333,26.9
19,Fresh Fizz,Sparkling Water,66,MetroBazaar (Tier 2/3),Grocery,India - Tier 2/3,36.5,63.3680000000000000,26.9
11,Silver Snacks,Salty Snacks,6,SunriseMart,Grocery,North America,34.6,61.3621428571428571,26.8
89,Nomad Mornings,Breakfast & Cereal,12,MetroBazaar #2,Grocery,North America,36.3,63.0944444444444444,26.8
94,Crunch Cereal Co,Breakfast & Cereal,186,SunriseMart (Indonesia),Grocery,SEA - Indonesia,34.6,61.4287500000000000,26.8
2,Bold Snacks,Salty Snacks,113,MetroBazaar (Saudi),Grocery,Gulf - Saudi,35.5,62.3475000000000000,26.8
43,Coastal Table,Packaged Foods,64,Sundry Traders Network (Metro),General Trade,India - Metro,35.5,62.2600000000000000,26.8
18,Royal Fizz,Sparkling Water,29,QuickStop #2,C-Store,North America,36.3,63.0876190476190476,26.8
40,Meadow Pantry,Packaged Foods,102,DashKart (UAE),Quick Commerce,Gulf - UAE,36.2,63.0119318181818182,26.8
103,Coastal Baby Essentials,Baby Care,84,Corner Store Network #2 (Tier 2/3),General Trade,India - Tier 2/3,35.1,61.9433333333333333,26.8
63,Silver Household,Home Care,122,Community Retail Co-op (Saudi),General Trade,Gulf - Saudi,36.4,63.1858333333333333,26.8
46,Fresh Refresh,Beverages,33,QuickStop #3,C-Store,North America,36.1,62.8907142857142857,26.8
52,Spring Sip,Beverages,141,Community Retail Co-op (Qatar),General Trade,Gulf - Qatar,35.6,62.3838888888888889,26.8
102,Coastal Little Ones,Baby Care,89,Local Trade Collective #3 (Tier 2/3),General Trade,India - Tier 2/3,35.1,61.9433333333333333,26.8
84,Everyday Treats,Confectionery,197,Community Retail Co-op (Indonesia),General Trade,SEA - Indonesia,35.2,61.8512500000000000,26.7
81,Prime Candy Co,Confectionery,129,GreenAisle (Qatar),Grocery,Gulf - Qatar,34.2,60.9133333333333333,26.7
26,Prime Care,Personal Care,81,Local Trade Collective #2 (Tier 2/3),General Trade,India - Tier 2/3,36.1,62.8356666666666667,26.7
80,Nomad Candy Co,Confectionery,2,MetroBazaar,Grocery,North America,35.2,61.9236111111111111,26.7
46,Fresh Refresh,Beverages,17,MegaValue Club,Club,North America,36.2,62.8907142857142857,26.7
22,Crunch Fizz,Sparkling Water,122,Community Retail Co-op (Saudi),General Trade,Gulf - Saudi,36.4,63.0650000000000000,26.7
94,Crunch Cereal Co,Breakfast & Cereal,188,ZipCart (Indonesia),Quick Commerce,SEA - Indonesia,34.7,61.4287500000000000,26.7
22,Crunch Fizz,Sparkling Water,119,ValueTrade GT (Saudi),General Trade,Gulf - Saudi,36.4,63.0650000000000000,26.7
98,Coastal Mornings,Breakfast & Cereal,67,GreenAisle (Tier 2/3),Grocery,India - Tier 2/3,37.0,63.6752500000000000,26.7
8,Meadow Crisps,Salty Snacks,88,Sundry Traders Network #2 (Tier 2/3),General Trade,India - Tier 2/3,36.4,63.0406666666666667,26.6
75,Vivid Dairy,Dairy,105,FlashCart (UAE),Quick Commerce,Gulf - UAE,37.6,64.2289473684210526,26.6
22,Crunch Fizz,Sparkling Water,103,SwiftBasket (UAE),Quick Commerce,Gulf - UAE,36.4,62.9568181818181818,26.6
102,Coastal Little Ones,Baby Care,73,Local Trade Collective (Tier 2/3),General Trade,India - Tier 2/3,35.3,61.9433333333333333,26.6
79,Coastal Candy Co,Confectionery,66,MetroBazaar (Tier 2/3),Grocery,India - Tier 2/3,35.8,62.4378000000000000,26.6
101,Everyday Tiny Care,Baby Care,134,DashKart (Qatar),Quick Commerce,Gulf - Qatar,35.0,61.6466666666666667,26.6
92,Cloud Grains,Breakfast & Cereal,168,QuickDash (Philippines),Quick Commerce,SEA - Philippines,35.4,62.0381578947368421,26.6
92,Cloud Grains,Breakfast & Cereal,164,GreenAisle (Philippines),Grocery,SEA - Philippines,35.4,62.0381578947368421,26.6
20,Heritage Springs,Sparkling Water,44,GoStop (Metro),C-Store,India - Metro,35.4,61.9855603448275862,26.6
5,Urban Crisps,Salty Snacks,135,SwiftBasket (Qatar),Quick Commerce,Gulf - Qatar,34.4,60.9850000000000000,26.6
108,Crunch Baby Co,Baby Care,112,FreshMart (Saudi),Grocery,Gulf - Saudi,38.0,64.5725000000000000,26.6
19,Fresh Fizz,Sparkling Water,35,GoStop #3,C-Store,North America,36.5,63.0876190476190476,26.6
98,Coastal Mornings,Breakfast & Cereal,82,ValueTrade GT #2 (Tier 2/3),General Trade,India - Tier 2/3,37.1,63.6752500000000000,26.6
42,Urban Kitchen,Packaged Foods,165,PrimeGrocer (Philippines),Grocery,SEA - Philippines,35.1,61.6500000000000000,26.6
41,Royal Kitchen,Packaged Foods,4,PrimeGrocer,Grocery,North America,35.9,62.4755208333333333,26.6
49,Meadow Beverages,Beverages,71,UrbanPantry (Tier 2/3),Grocery,India - Tier 2/3,36.0,62.6366666666666667,26.6
89,Nomad Mornings,Breakfast & Cereal,67,GreenAisle (Tier 2/3),Grocery,India - Tier 2/3,37.2,63.6752500000000000,26.5
17,Nomad Bubbles,Sparkling Water,47,ZipCart (Metro),Quick Commerce,India - Metro,35.5,61.9855603448275862,26.5
9,Spring Crisps,Salty Snacks,103,SwiftBasket (UAE),Quick Commerce,Gulf - UAE,36.2,62.7130681818181818,26.5
46,Fresh Refresh,Beverages,18,SaverClub #2,Club,North America,36.4,62.8907142857142857,26.5
6,Coastal Bites,Salty Snacks,31,GoStop #2,C-Store,North America,34.9,61.3621428571428571,26.5
51,Coastal Drinks,Beverages,26,CornerFuel Mart,C-Store,North America,36.4,62.8907142857142857,26.5
75,Vivid Dairy,Dairy,85,Community Retail Co-op #2 (Tier 2/3),General Trade,India - Tier 2/3,36.1,62.6312000000000000,26.5
45,Pure Drinks,Beverages,112,FreshMart (Saudi),Grocery,Gulf - Saudi,36.0,62.5236666666666667,26.5
81,Prime Candy Co,Confectionery,138,ValueTrade GT (Qatar),General Trade,Gulf - Qatar,34.4,60.9133333333333333,26.5
59,Pure Shine,Home Care,108,ValueTrade GT (UAE),General Trade,Gulf - UAE,34.9,61.4090909090909091,26.5
64,Blue Shine,Home Care,182,MetroBazaar (Indonesia),Grocery,SEA - Indonesia,37.2,63.7145833333333333,26.5
5,Urban Crisps,Salty Snacks,139,Neighborhood Wholesale (Qatar),General Trade,Gulf - Qatar,34.6,60.9850000000000000,26.4
77,Urban Creamery,Dairy,130,PrimeGrocer (Qatar),Grocery,Gulf - Qatar,39.8,66.1566666666666667,26.4
56,Golden Shine,Home Care,83,Neighborhood Wholesale #2 (Tier 2/3),General Trade,India - Tier 2/3,36.5,62.8800000000000000,26.4
106,Vivid Little Ones,Baby Care,72,ValueGrocer (Tier 2/3),Grocery,India - Tier 2/3,35.5,61.9433333333333333,26.4
42,Urban Kitchen,Packaged Foods,177,Community Retail Co-op (Philippines),General Trade,SEA - Philippines,35.3,61.6500000000000000,26.4
96,Meadow Breakfast Co,Breakfast & Cereal,87,MarketLink GT #2 (Tier 2/3),General Trade,India - Tier 2/3,37.3,63.6752500000000000,26.4
63,Silver Household,Home Care,17,MegaValue Club,Club,North America,35.1,61.5100694444444444,26.4
31,Everyday Glow,Personal Care,119,ValueTrade GT (Saudi),General Trade,Gulf - Saudi,33.5,59.8583333333333333,26.4
103,Coastal Baby Essentials,Baby Care,68,PrimeGrocer (Tier 2/3),Grocery,India - Tier 2/3,35.5,61.9433333333333333,26.4
19,Fresh Fizz,Sparkling Water,85,Community Retail Co-op #2 (Tier 2/3),General Trade,India - Tier 2/3,37.0,63.3680000000000000,26.4
54,Nomad Drinks,Beverages,80,Sundry Traders Network (Tier 2/3),General Trade,India - Tier 2/3,36.3,62.6366666666666667,26.3
108,Crunch Baby Co,Baby Care,70,SunriseMart (Tier 2/3),Grocery,India - Tier 2/3,35.6,61.9433333333333333,26.3
21,Golden Fizz,Sparkling Water,63,MarketLink GT (Metro),General Trade,India - Metro,35.7,61.9855603448275862,26.3
38,Urban Pantry,Packaged Foods,170,DashKart (Philippines),Quick Commerce,SEA - Philippines,35.4,61.6500000000000000,26.3
91,Coastal Cereal Co,Breakfast & Cereal,146,DailyBasket (Malaysia),Grocery,SEA - Malaysia,36.3,62.5915625000000000,26.3
47,Sunrise Refresh,Beverages,123,Bazaar Wholesale (Saudi),General Trade,Gulf - Saudi,36.2,62.5236666666666667,26.3
64,Blue Shine,Home Care,186,SunriseMart (Indonesia),Grocery,SEA - Indonesia,37.4,63.7145833333333333,26.3
14,Golden Bubbles,Sparkling Water,15,BulkBasket Club,Club,North America,36.8,63.0876190476190476,26.3
19,Fresh Fizz,Sparkling Water,80,Sundry Traders Network (Tier 2/3),General Trade,India - Tier 2/3,37.1,63.3680000000000000,26.3
31,Everyday Glow,Personal Care,118,Local Trade Collective (Saudi),General Trade,Gulf - Saudi,33.6,59.8583333333333333,26.3
88,Pure Treats,Confectionery,102,DashKart (UAE),Quick Commerce,Gulf - UAE,35.6,61.9394736842105263,26.3
96,Meadow Breakfast Co,Breakfast & Cereal,77,Community Retail Co-op (Tier 2/3),General Trade,India - Tier 2/3,37.4,63.6752500000000000,26.3
61,Crunch Household,Home Care,48,DashKart (Metro),Quick Commerce,India - Metro,35.1,61.3740000000000000,26.3
12,True Water Co,Sparkling Water,46,QuickDash (Metro),Quick Commerce,India - Metro,35.7,61.9855603448275862,26.3
59,Pure Shine,Home Care,49,SwiftBasket (Metro),Quick Commerce,India - Metro,35.1,61.3740000000000000,26.3
63,Silver Household,Home Care,15,BulkBasket Club,Club,North America,35.3,61.5100694444444444,26.2
63,Silver Household,Home Care,6,SunriseMart,Grocery,North America,35.3,61.5100694444444444,26.2
47,Sunrise Refresh,Beverages,79,MarketLink GT (Tier 2/3),General Trade,India - Tier 2/3,36.4,62.6366666666666667,26.2
88,Pure Treats,Confectionery,189,DashKart (Indonesia),Quick Commerce,SEA - Indonesia,35.7,61.8512500000000000,26.2
55,Vivid Sip,Beverages,188,ZipCart (Indonesia),Quick Commerce,SEA - Indonesia,34.5,60.6750000000000000,26.2
12,True Water Co,Sparkling Water,74,ValueTrade GT (Tier 2/3),General Trade,India - Tier 2/3,37.2,63.3680000000000000,26.2
19,Fresh Fizz,Sparkling Water,83,Neighborhood Wholesale #2 (Tier 2/3),General Trade,India - Tier 2/3,37.2,63.3680000000000000,26.2
73,Blue Milk Co,Dairy,1,FreshMart,Grocery,North America,34.5,60.7394736842105263,26.2
15,Blue Springs,Sparkling Water,121,Corner Store Network (Saudi),General Trade,Gulf - Saudi,36.9,63.0650000000000000,26.2
89,Nomad Mornings,Breakfast & Cereal,72,ValueGrocer (Tier 2/3),Grocery,India - Tier 2/3,37.5,63.6752500000000000,26.2
46,Fresh Refresh,Beverages,28,ExpressStop,C-Store,North America,36.8,62.8907142857142857,26.1
11,Silver Snacks,Salty Snacks,26,CornerFuel Mart,C-Store,North America,35.3,61.3621428571428571,26.1
71,Golden Farms,Dairy,169,ZipCart (Philippines),Quick Commerce,SEA - Philippines,35.3,61.3750000000000000,26.1
73,Blue Milk Co,Dairy,188,ZipCart (Indonesia),Quick Commerce,SEA - Indonesia,37.2,63.3287500000000000,26.1
24,Spring Care,Personal Care,111,Community Retail Co-op (UAE),General Trade,Gulf - UAE,37.0,63.1394736842105263,26.1
16,Sunrise Water Co,Sparkling Water,195,Neighborhood Wholesale (Indonesia),General Trade,SEA - Indonesia,37.8,63.8825000000000000,26.1
74,Sunrise Milk Co,Dairy,83,Neighborhood Wholesale #2 (Tier 2/3),General Trade,India - Tier 2/3,36.5,62.6312000000000000,26.1
60,True Shine,Home Care,102,DashKart (UAE),Quick Commerce,Gulf - UAE,35.3,61.4090909090909091,26.1
77,Urban Creamery,Dairy,113,MetroBazaar (Saudi),Grocery,Gulf - Saudi,34.2,60.2775000000000000,26.1
73,Blue Milk Co,Dairy,12,MetroBazaar #2,Grocery,North America,34.6,60.7394736842105263,26.1
90,Prime Grains,Breakfast & Cereal,107,Local Trade Collective (UAE),General Trade,Gulf - UAE,37.3,63.3928030303030303,26.1
51,Coastal Drinks,Beverages,154,Local Trade Collective (Malaysia),General Trade,SEA - Malaysia,35.7,61.7712500000000000,26.1
43,Coastal Table,Packaged Foods,52,NimbleMart (Metro),Quick Commerce,India - Metro,36.2,62.2600000000000000,26.1
83,Fresh Treats,Confectionery,113,MetroBazaar (Saudi),Grocery,Gulf - Saudi,36.4,62.4883333333333333,26.1
70,Vivid Milk Co,Dairy,125,Sundry Traders Network (Saudi),General Trade,Gulf - Saudi,34.2,60.2775000000000000,26.1
21,Golden Fizz,Sparkling Water,48,DashKart (Metro),Quick Commerce,India - Metro,35.9,61.9855603448275862,26.1
3,Prime Snacks,Salty Snacks,12,MetroBazaar #2,Grocery,North America,35.4,61.3621428571428571,26.0
94,Crunch Cereal Co,Breakfast & Cereal,67,GreenAisle (Tier 2/3),Grocery,India - Tier 2/3,37.7,63.6752500000000000,26.0
108,Crunch Baby Co,Baby Care,116,DailyBasket (Saudi),Grocery,Gulf - Saudi,38.6,64.5725000000000000,26.0
20,Heritage Springs,Sparkling Water,54,GoCart Express (Metro),Quick Commerce,India - Metro,36.0,61.9855603448275862,26.0
7,Urban Bites,Salty Snacks,100,QuickDash (UAE),Quick Commerce,Gulf - UAE,36.7,62.7130681818181818,26.0
70,Vivid Milk Co,Dairy,83,Neighborhood Wholesale #2 (Tier 2/3),General Trade,India - Tier 2/3,36.6,62.6312000000000000,26.0
58,Coastal Clean,Home Care,109,Neighborhood Wholesale (UAE),General Trade,Gulf - UAE,35.4,61.4090909090909091,26.0
35,Silver Table,Packaged Foods,21,EarthAisle,Natural,North America,36.5,62.4755208333333333,26.0
15,Blue Springs,Sparkling Water,117,SunriseMart (Saudi),Grocery,Gulf - Saudi,37.1,63.0650000000000000,26.0
34,Bold Kitchen,Packaged Foods,153,FlashCart (Malaysia),Quick Commerce,SEA - Malaysia,36.5,62.4881250000000000,26.0
107,Spring Tiny Care,Baby Care,184,PrimeGrocer (Indonesia),Grocery,SEA - Indonesia,33.7,59.7341666666666667,26.0
104,Meadow Baby Co,Baby Care,199,MarketLink GT (Indonesia),General Trade,SEA - Indonesia,33.7,59.7341666666666667,26.0
24,Spring Care,Personal Care,106,NimbleMart (UAE),Quick Commerce,Gulf - UAE,37.1,63.1394736842105263,26.0
2,Bold Snacks,Salty Snacks,122,Community Retail Co-op (Saudi),General Trade,Gulf - Saudi,36.3,62.3475000000000000,26.0
26,Prime Care,Personal Care,74,ValueTrade GT (Tier 2/3),General Trade,India - Tier 2/3,36.9,62.8356666666666667,25.9
18,Royal Fizz,Sparkling Water,31,GoStop #2,C-Store,North America,37.2,63.0876190476190476,25.9
27,Golden Glow,Personal Care,200,Sundry Traders Network (Indonesia),General Trade,SEA - Indonesia,34.5,60.4337500000000000,25.9
22,Crunch Fizz,Sparkling Water,104,HopMart (UAE),Quick Commerce,Gulf - UAE,37.1,62.9568181818181818,25.9
47,Sunrise Refresh,Beverages,123,Bazaar Wholesale (Saudi),General Trade,Gulf - Saudi,36.6,62.5236666666666667,25.9
59,Pure Shine,Home Care,103,SwiftBasket (UAE),Quick Commerce,Gulf - UAE,35.5,61.4090909090909091,25.9
87,Pure Sweets,Confectionery,4,PrimeGrocer,Grocery,North America,36.0,61.9236111111111111,25.9
82,Meadow Treats,Confectionery,11,FreshMart #2,Grocery,North America,36.0,61.9236111111111111,25.9
2,Bold Snacks,Salty Snacks,61,Community Retail Co-op (Metro),General Trade,India - Metro,33.5,59.4456896551724138,25.9
17,Nomad Bubbles,Sparkling Water,64,Sundry Traders Network (Metro),General Trade,India - Metro,36.1,61.9855603448275862,25.9
11,Silver Snacks,Salty Snacks,76,Corner Store Network (Tier 2/3),General Trade,India - Tier 2/3,37.1,63.0406666666666667,25.9
49,Meadow Beverages,Beverages,87,MarketLink GT #2 (Tier 2/3),General Trade,India - Tier 2/3,36.7,62.6366666666666667,25.9
89,Nomad Mornings,Breakfast & Cereal,5,DailyBasket,Grocery,North America,37.2,63.0944444444444444,25.9
48,Silver Beverages,Beverages,137,Local Trade Collective (Qatar),General Trade,Gulf - Qatar,36.5,62.3838888888888889,25.9
12,True Water Co,Sparkling Water,85,Community Retail Co-op #2 (Tier 2/3),General Trade,India - Tier 2/3,37.6,63.3680000000000000,25.8
62,Royal Household,Home Care,9,CityMart,Grocery,North America,35.7,61.5100694444444444,25.8
62,Royal Household,Home Care,113,MetroBazaar (Saudi),Grocery,Gulf - Saudi,37.4,63.1858333333333333,25.8
2,Bold Snacks,Salty Snacks,47,ZipCart (Metro),Quick Commerce,India - Metro,33.6,59.4456896551724138,25.8
106,Vivid Little Ones,Baby Care,72,ValueGrocer (Tier 2/3),Grocery,India - Tier 2/3,36.1,61.9433333333333333,25.8
63,Silver Household,Home Care,117,SunriseMart (Saudi),Grocery,Gulf - Saudi,37.4,63.1858333333333333,25.8
93,Urban Mornings,Breakfast & Cereal,166,DailyBasket (Philippines),Grocery,SEA - Philippines,36.2,62.0381578947368421,25.8
46,Fresh Refresh,Beverages,12,MetroBazaar #2,Grocery,North America,37.1,62.8907142857142857,25.8
86,True Candy Co,Confectionery,180,Sundry Traders Network (Philippines),General Trade,SEA - Philippines,37.2,63.0394736842105263,25.8
24,Spring Care,Personal Care,91,MetroBazaar (UAE),Grocery,Gulf - UAE,37.3,63.1394736842105263,25.8
104,Meadow Baby Co,Baby Care,192,FlashCart (Indonesia),Quick Commerce,SEA - Indonesia,33.9,59.7341666666666667,25.8
76,Royal Farms,Dairy,81,Local Trade Collective #2 (Tier 2/3),General Trade,India - Tier 2/3,36.9,62.6312000000000000,25.7
110,Meadow Tiny Care,Baby Care,5,DailyBasket,Grocery,North America,37.3,63.0250000000000000,25.7
28,Spring Skin,Personal Care,21,EarthAisle,Natural,North America,37.5,63.2026315789473684,25.7
50,Crunch Drinks,Beverages,194,ValueTrade GT (Indonesia),General Trade,SEA - Indonesia,35.0,60.6750000000000000,25.7
78,Prime Confections,Confectionery,187,QuickDash (Indonesia),Quick Commerce,SEA - Indonesia,36.2,61.8512500000000000,25.7
32,Cloud Skin,Personal Care,77,Community Retail Co-op (Tier 2/3),General Trade,India - Tier 2/3,37.1,62.8356666666666667,25.7
20,Heritage Springs,Sparkling Water,43,CornerFuel Mart (Metro),C-Store,India - Metro,36.4,61.9855603448275862,25.6
39,Blue Kitchen,Packaged Foods,153,FlashCart (Malaysia),Quick Commerce,SEA - Malaysia,36.9,62.4881250000000000,25.6
89,Nomad Mornings,Breakfast & Cereal,77,Community Retail Co-op (Tier 2/3),General Trade,India - Tier 2/3,38.1,63.6752500000000000,25.6
105,Silver Baby Essentials,Baby Care,74,ValueTrade GT (Tier 2/3),General Trade,India - Tier 2/3,36.3,61.9433333333333333,25.6
55,Vivid Sip,Beverages,47,ZipCart (Metro),Quick Commerce,India - Metro,36.5,62.0715517241379310,25.6
33,Cloud Glow,Personal Care,88,Sundry Traders Network #2 (Tier 2/3),General Trade,India - Tier 2/3,37.2,62.8356666666666667,25.6
108,Crunch Baby Co,Baby Care,87,MarketLink GT #2 (Tier 2/3),General Trade,India - Tier 2/3,36.3,61.9433333333333333,25.6
94,Crunch Cereal Co,Breakfast & Cereal,80,Sundry Traders Network (Tier 2/3),General Trade,India - Tier 2/3,38.1,63.6752500000000000,25.6
83,Fresh Treats,Confectionery,122,Community Retail Co-op (Saudi),General Trade,Gulf - Saudi,36.9,62.4883333333333333,25.6
62,Royal Household,Home Care,3,GreenAisle,Grocery,North America,35.9,61.5100694444444444,25.6
55,Vivid Sip,Beverages,46,QuickDash (Metro),Quick Commerce,India - Metro,36.5,62.0715517241379310,25.6
19,Fresh Fizz,Sparkling Water,76,Corner Store Network (Tier 2/3),General Trade,India - Tier 2/3,37.8,63.3680000000000000,25.6
6,Coastal Bites,Salty Snacks,113,MetroBazaar (Saudi),Grocery,Gulf - Saudi,36.7,62.3475000000000000,25.6
79,Coastal Candy Co,Confectionery,86,Bazaar Wholesale #2 (Tier 2/3),General Trade,India - Tier 2/3,36.8,62.4378000000000000,25.6
108,Crunch Baby Co,Baby Care,126,Local Trade Collective #2 (Saudi),General Trade,Gulf - Saudi,39.0,64.5725000000000000,25.6
77,Urban Creamery,Dairy,132,QuickDash (Qatar),Quick Commerce,Gulf - Qatar,40.6,66.1566666666666667,25.6
13,Urban Bubbles,Sparkling Water,161,Sundry Traders Network (Malaysia),General Trade,SEA - Malaysia,36.1,61.5825000000000000,25.5
73,Blue Milk Co,Dairy,189,DashKart (Indonesia),Quick Commerce,SEA - Indonesia,37.8,63.3287500000000000,25.5
36,Cloud Table,Packaged Foods,70,SunriseMart (Tier 2/3),Grocery,India - Tier 2/3,36.4,61.8906000000000000,25.5
63,Silver Household,Home Care,112,FreshMart (Saudi),Grocery,Gulf - Saudi,37.7,63.1858333333333333,25.5
36,Cloud Table,Packaged Foods,80,Sundry Traders Network (Tier 2/3),General Trade,India - Tier 2/3,36.4,61.8906000000000000,25.5
35,Silver Table,Packaged Foods,77,Community Retail Co-op (Tier 2/3),General Trade,India - Tier 2/3,36.4,61.8906000000000000,25.5
29,Golden Essentials,Personal Care,48,DashKart (Metro),Quick Commerce,India - Metro,37.2,62.6680000000000000,25.5
21,Golden Fizz,Sparkling Water,160,MarketLink GT (Malaysia),General Trade,SEA - Malaysia,36.2,61.5825000000000000,25.4
88,Pure Treats,Confectionery,90,FreshMart (UAE),Grocery,Gulf - UAE,36.5,61.9394736842105263,25.4
2,Bold Snacks,Salty Snacks,62,Bazaar Wholesale (Metro),General Trade,India - Metro,34.0,59.4456896551724138,25.4
78,Prime Confections,Confectionery,55,DartMart (Metro),Quick Commerce,India - Metro,37.3,62.6568965517241379,25.4
12,True Water Co,Sparkling Water,53,RapidBasket (Metro),Quick Commerce,India - Metro,36.6,61.9855603448275862,25.4
2,Bold Snacks,Salty Snacks,63,MarketLink GT (Metro),General Trade,India - Metro,34.0,59.4456896551724138,25.4
21,Golden Fizz,Sparkling Water,150,DashKart (Malaysia),Quick Commerce,SEA - Malaysia,36.2,61.5825000000000000,25.4
44,Spring Pantry,Packaged Foods,107,Local Trade Collective (UAE),General Trade,Gulf - UAE,37.6,63.0119318181818182,25.4
82,Meadow Treats,Confectionery,4,PrimeGrocer,Grocery,North America,36.5,61.9236111111111111,25.4
77,Urban Creamery,Dairy,130,PrimeGrocer (Qatar),Grocery,Gulf - Qatar,40.8,66.1566666666666667,25.4
63,Silver Household,Home Care,121,Corner Store Network (Saudi),General Trade,Gulf - Saudi,37.8,63.1858333333333333,25.4
55,Vivid Sip,Beverages,57,Local Trade Collective (Metro),General Trade,India - Metro,36.8,62.0715517241379310,25.3
66,Golden Household,Home Care,199,MarketLink GT (Indonesia),General Trade,SEA - Indonesia,38.4,63.7145833333333333,25.3
64,Blue Shine,Home Care,183,GreenAisle (Indonesia),Grocery,SEA - Indonesia,38.4,63.7145833333333333,25.3
67,Golden Milk Co,Dairy,186,SunriseMart (Indonesia),Grocery,SEA - Indonesia,38.0,63.3287500000000000,25.3
27,Golden Glow,Personal Care,188,ZipCart (Indonesia),Quick Commerce,SEA - Indonesia,35.1,60.4337500000000000,25.3
33,Cloud Glow,Personal Care,119,ValueTrade GT (Saudi),General Trade,Gulf - Saudi,34.6,59.8583333333333333,25.3
22,Crunch Fizz,Sparkling Water,112,FreshMart (Saudi),Grocery,Gulf - Saudi,37.8,63.0650000000000000,25.3
48,Silver Beverages,Beverages,139,Neighborhood Wholesale (Qatar),General Trade,Gulf - Qatar,37.1,62.3838888888888889,25.3
61,Crunch Household,Home Care,46,QuickDash (Metro),Quick Commerce,India - Metro,36.1,61.3740000000000000,25.3
7,Urban Bites,Salty Snacks,198,Bazaar Wholesale (Indonesia),General Trade,SEA - Indonesia,32.9,58.1575000000000000,25.3
80,Nomad Candy Co,Confectionery,83,Neighborhood Wholesale #2 (Tier 2/3),General Trade,India - Tier 2/3,37.1,62.4378000000000000,25.3
8,Meadow Crisps,Salty Snacks,89,Local Trade Collective #3 (Tier 2/3),General Trade,India - Tier 2/3,37.7,63.0406666666666667,25.3
104,Meadow Baby Co,Baby Care,135,SwiftBasket (Qatar),Quick Commerce,Gulf - Qatar,36.3,61.6466666666666667,25.3
34,Bold Kitchen,Packaged Foods,144,GreenAisle (Malaysia),Grocery,SEA - Malaysia,37.2,62.4881250000000000,25.3
36,Cloud Table,Packaged Foods,82,ValueTrade GT #2 (Tier 2/3),General Trade,India - Tier 2/3,36.7,61.8906000000000000,25.2
57,Cloud Shine,Home Care,171,SwiftBasket (Philippines),Quick Commerce,SEA - Philippines,33.0,58.1723684210526316,25.2
88,Pure Treats,Confectionery,183,GreenAisle (Indonesia),Grocery,SEA - Indonesia,36.7,61.8512500000000000,25.2
101,Everyday Tiny Care,Baby Care,127,FreshMart (Qatar),Grocery,Gulf - Qatar,36.4,61.6466666666666667,25.2
108,Crunch Baby Co,Baby Care,114,GreenAisle (Saudi),Grocery,Gulf - Saudi,39.4,64.5725000000000000,25.2
104,Meadow Baby Co,Baby Care,127,FreshMart (Qatar),Grocery,Gulf - Qatar,36.4,61.6466666666666667,25.2
12,True Water Co,Sparkling Water,88,Sundry Traders Network #2 (Tier 2/3),General Trade,India - Tier 2/3,38.2,63.3680000000000000,25.2
26,Prime Care,Personal Care,83,Neighborhood Wholesale #2 (Tier 2/3),General Trade,India - Tier 2/3,37.6,62.8356666666666667,25.2
83,Fresh Treats,Confectionery,112,FreshMart (Saudi),Grocery,Gulf - Saudi,37.3,62.4883333333333333,25.2
66,Golden Household,Home Care,73,Local Trade Collective (Tier 2/3),General Trade,India - Tier 2/3,37.7,62.8800000000000000,25.2
79,Coastal Candy Co,Confectionery,80,Sundry Traders Network (Tier 2/3),General Trade,India - Tier 2/3,37.2,62.4378000000000000,25.2
91,Coastal Cereal Co,Breakfast & Cereal,114,GreenAisle (Saudi),Grocery,Gulf - Saudi,34.2,59.3711111111111111,25.2
15,Blue Springs,Sparkling Water,121,Corner Store Network (Saudi),General Trade,Gulf - Saudi,37.9,63.0650000000000000,25.2
28,Spring Skin,Personal Care,2,MetroBazaar,Grocery,North America,38.0,63.2026315789473684,25.2
62,Royal Household,Home Care,8,ValueGrocer,Grocery,North America,36.3,61.5100694444444444,25.2
57,Cloud Shine,Home Care,72,ValueGrocer (Tier 2/3),Grocery,India - Tier 2/3,37.7,62.8800000000000000,25.2
71,Golden Farms,Dairy,170,DashKart (Philippines),Quick Commerce,SEA - Philippines,36.3,61.3750000000000000,25.1
83,Fresh Treats,Confectionery,124,MarketLink GT (Saudi),General Trade,Gulf - Saudi,37.4,62.4883333333333333,25.1
89,Nomad Mornings,Breakfast & Cereal,70,SunriseMart (Tier 2/3),Grocery,India - Tier 2/3,38.6,63.6752500000000000,25.1
83,Fresh Treats,Confectionery,121,Corner Store Network (Saudi),General Trade,Gulf - Saudi,37.4,62.4883333333333333,25.1
87,Pure Sweets,Confectionery,4,PrimeGrocer,Grocery,North America,36.8,61.9236111111111111,25.1
89,Nomad Mornings,Breakfast & Cereal,88,Sundry Traders Network #2 (Tier 2/3),General Trade,India - Tier 2/3,38.6,63.6752500000000000,25.1
59,Pure Shine,Home Care,104,HopMart (UAE),Quick Commerce,Gulf - UAE,36.3,61.4090909090909091,25.1
8,Meadow Crisps,Salty Snacks,65,FreshMart (Tier 2/3),Grocery,India - Tier 2/3,37.9,63.0406666666666667,25.1
55,Vivid Sip,Beverages,197,Community Retail Co-op (Indonesia),General Trade,SEA - Indonesia,35.6,60.6750000000000000,25.1
1,True Snacks,Salty Snacks,83,Neighborhood Wholesale #2 (Tier 2/3),General Trade,India - Tier 2/3,37.9,63.0406666666666667,25.1
19,Fresh Fizz,Sparkling Water,25,QuickStop,C-Store,North America,38.1,63.0876190476190476,25.0
93,Urban Mornings,Breakfast & Cereal,164,GreenAisle (Philippines),Grocery,SEA - Philippines,37.0,62.0381578947368421,25.0
40,Meadow Pantry,Packaged Foods,111,Community Retail Co-op (UAE),General Trade,Gulf - UAE,38.0,63.0119318181818182,25.0
13,Urban Bubbles,Sparkling Water,143,MetroBazaar (Malaysia),Grocery,SEA - Malaysia,36.6,61.5825000000000000,25.0
88,Pure Treats,Confectionery,185,DailyBasket (Indonesia),Grocery,SEA - Indonesia,36.9,61.8512500000000000,25.0
12,True Water Co,Sparkling Water,52,NimbleMart (Metro),Quick Commerce,India - Metro,37.0,61.9855603448275862,25.0
88,Pure Treats,Confectionery,111,Community Retail Co-op (UAE),General Trade,Gulf - UAE,36.9,61.9394736842105263,25.0
42,Urban Kitchen,Packaged Foods,79,MarketLink GT (Tier 2/3),General Trade,India - Tier 2/3,36.9,61.8906000000000000,25.0
52,Spring Sip,Beverages,129,GreenAisle (Qatar),Grocery,Gulf - Qatar,37.4,62.3838888888888889,25.0
103,Coastal Baby Essentials,Baby Care,83,Neighborhood Wholesale #2 (Tier 2/3),General Trade,India - Tier 2/3,36.9,61.9433333333333333,25.0
93,Urban Mornings,Breakfast & Cereal,94,DailyBasket (UAE),Grocery,Gulf - UAE,38.4,63.3928030303030303,25.0
21,Golden Fizz,Sparkling Water,45,ExpressStop (Metro),C-Store,India - Metro,37.0,61.9855603448275862,25.0
105,Silver Baby Essentials,Baby Care,195,Neighborhood Wholesale (Indonesia),General Trade,SEA - Indonesia,34.7,59.7341666666666667,25.0
94,Crunch Cereal Co,Breakfast & Cereal,70,SunriseMart (Tier 2/3),Grocery,India - Tier 2/3,38.7,63.6752500000000000,25.0
56,Golden Shine,Home Care,89,Local Trade Collective #3 (Tier 2/3),General Trade,India - Tier 2/3,37.9,62.8800000000000000,25.0
38,Urban Pantry,Packaged Foods,114,GreenAisle (Saudi),Grocery,Gulf - Saudi,36.0,61.0458333333333333,25.0
9,Spring Crisps,Salty Snacks,91,MetroBazaar (UAE),Grocery,Gulf - UAE,37.7,62.7130681818181818,25.0
4,Blue Bites,Salty Snacks,160,MarketLink GT (Malaysia),General Trade,SEA - Malaysia,35.3,60.3325000000000000,25.0
37,Heritage Kitchen,Packaged Foods,125,Sundry Traders Network (Saudi),General Trade,Gulf - Saudi,36.1,61.0458333333333333,24.9
51,Coastal Drinks,Beverages,147,SunriseMart (Malaysia),Grocery,SEA - Malaysia,36.9,61.7712500000000000,24.9
17,Nomad Bubbles,Sparkling Water,43,CornerFuel Mart (Metro),C-Store,India - Metro,37.1,61.9855603448275862,24.9
32,Cloud Skin,Personal Care,75,Neighborhood Wholesale (Tier 2/3),General Trade,India - Tier 2/3,37.9,62.8356666666666667,24.9
99,Fresh Cereal Co,Breakfast & Cereal,104,HopMart (UAE),Quick Commerce,Gulf - UAE,38.5,63.3928030303030303,24.9
63,Silver Household,Home Care,113,MetroBazaar (Saudi),Grocery,Gulf - Saudi,38.3,63.1858333333333333,24.9
21,Golden Fizz,Sparkling Water,40,DailyBasket (Metro),Grocery,India - Metro,37.1,61.9855603448275862,24.9
79,Coastal Candy Co,Confectionery,83,Neighborhood Wholesale #2 (Tier 2/3),General Trade,India - Tier 2/3,37.5,62.4378000000000000,24.9
74,Sunrise Milk Co,Dairy,84,Corner Store Network #2 (Tier 2/3),General Trade,India - Tier 2/3,37.7,62.6312000000000000,24.9
26,Prime Care,Personal Care,69,DailyBasket (Tier 2/3),Grocery,India - Tier 2/3,37.9,62.8356666666666667,24.9
64,Blue Shine,Home Care,7,UrbanPantry,Grocery,North America,36.6,61.5100694444444444,24.9
59,Pure Shine,Home Care,56,QuickDash #2 (Metro),Quick Commerce,India - Metro,36.5,61.3740000000000000,24.9
18,Royal Fizz,Sparkling Water,10,HomeFresh,Grocery,North America,38.3,63.0876190476190476,24.8
21,Golden Fizz,Sparkling Water,158,Community Retail Co-op (Malaysia),General Trade,SEA - Malaysia,36.8,61.5825000000000000,24.8
44,Spring Pantry,Packaged Foods,75,Neighborhood Wholesale (Tier 2/3),General Trade,India - Tier 2/3,37.1,61.8906000000000000,24.8
42,Urban Kitchen,Packaged Foods,173,Local Trade Collective (Philippines),General Trade,SEA - Philippines,36.9,61.6500000000000000,24.8
3,Prime Snacks,Salty Snacks,115,PrimeGrocer (Saudi),Grocery,Gulf - Saudi,37.5,62.3475000000000000,24.8
66,Golden Household,Home Care,65,FreshMart (Tier 2/3),Grocery,India - Tier 2/3,38.1,62.8800000000000000,24.8
43,Coastal Table,Packaged Foods,62,Bazaar Wholesale (Metro),General Trade,India - Metro,37.5,62.2600000000000000,24.8
78,Prime Confections,Confectionery,36,FreshMart (Metro),Grocery,India - Metro,37.9,62.6568965517241379,24.8
35,Silver Table,Packaged Foods,86,Bazaar Wholesale #2 (Tier 2/3),General Trade,India - Tier 2/3,37.1,61.8906000000000000,24.8
80,Nomad Candy Co,Confectionery,35,GoStop #3,C-Store,North America,37.1,61.9236111111111111,24.8
50,Crunch Drinks,Beverages,177,Community Retail Co-op (Philippines),General Trade,SEA - Philippines,39.7,64.5381578947368421,24.8
37,Heritage Kitchen,Packaged Foods,113,MetroBazaar (Saudi),Grocery,Gulf - Saudi,36.2,61.0458333333333333,24.8
78,Prime Confections,Confectionery,58,ValueTrade GT (Metro),General Trade,India - Metro,37.9,62.6568965517241379,24.8
92,Cloud Grains,Breakfast & Cereal,167,SunriseMart (Philippines),Grocery,SEA - Philippines,37.2,62.0381578947368421,24.8
53,Cloud Sip,Beverages,130,PrimeGrocer (Qatar),Grocery,Gulf - Qatar,37.6,62.3838888888888889,24.8
40,Meadow Pantry,Packaged Foods,90,FreshMart (UAE),Grocery,Gulf - UAE,38.3,63.0119318181818182,24.7
44,Spring Pantry,Packaged Foods,106,NimbleMart (UAE),Quick Commerce,Gulf - UAE,38.3,63.0119318181818182,24.7
54,Nomad Drinks,Beverages,89,Local Trade Collective #3 (Tier 2/3),General Trade,India - Tier 2/3,37.9,62.6366666666666667,24.7
90,Prime Grains,Breakfast & Cereal,151,SwiftBasket (Malaysia),Quick Commerce,SEA - Malaysia,37.9,62.5915625000000000,24.7
75,Vivid Dairy,Dairy,82,ValueTrade GT #2 (Tier 2/3),General Trade,India - Tier 2/3,37.9,62.6312000000000000,24.7
91,Coastal Cereal Co,Breakfast & Cereal,118,Local Trade Collective (Saudi),General Trade,Gulf - Saudi,34.7,59.3711111111111111,24.7
26,Prime Care,Personal Care,69,DailyBasket (Tier 2/3),Grocery,India - Tier 2/3,38.1,62.8356666666666667,24.7
85,Heritage Treats,Confectionery,73,Local Trade Collective (Tier 2/3),General Trade,India - Tier 2/3,37.7,62.4378000000000000,24.7
105,Silver Baby Essentials,Baby Care,197,Community Retail Co-op (Indonesia),General Trade,SEA - Indonesia,35.0,59.7341666666666667,24.7
60,True Shine,Home Care,110,Corner Store Network (UAE),General Trade,Gulf - UAE,36.7,61.4090909090909091,24.7
100,Fresh Tiny Care,Baby Care,74,ValueTrade GT (Tier 2/3),General Trade,India - Tier 2/3,37.2,61.9433333333333333,24.7
70,Vivid Milk Co,Dairy,85,Community Retail Co-op #2 (Tier 2/3),General Trade,India - Tier 2/3,37.9,62.6312000000000000,24.7
89,Nomad Mornings,Breakfast & Cereal,81,Local Trade Collective #2 (Tier 2/3),General Trade,India - Tier 2/3,39.0,63.6752500000000000,24.7
94,Crunch Cereal Co,Breakfast & Cereal,75,Neighborhood Wholesale (Tier 2/3),General Trade,India - Tier 2/3,39.0,63.6752500000000000,24.7
19,Fresh Fizz,Sparkling Water,78,Bazaar Wholesale (Tier 2/3),General Trade,India - Tier 2/3,38.8,63.3680000000000000,24.6
103,Coastal Baby Essentials,Baby Care,86,Bazaar Wholesale #2 (Tier 2/3),General Trade,India - Tier 2/3,37.3,61.9433333333333333,24.6
24,Spring Care,Personal Care,92,GreenAisle (UAE),Grocery,Gulf - UAE,38.5,63.1394736842105263,24.6
80,Nomad Candy Co,Confectionery,69,DailyBasket (Tier 2/3),Grocery,India - Tier 2/3,37.8,62.4378000000000000,24.6
108,Crunch Baby Co,Baby Care,85,Community Retail Co-op #2 (Tier 2/3),General Trade,India - Tier 2/3,37.3,61.9433333333333333,24.6
59,Pure Shine,Home Care,38,GreenAisle (Metro),Grocery,India - Metro,36.8,61.3740000000000000,24.6
109,Silver Little Ones,Baby Care,13,GreenAisle #2,Grocery,North America,38.4,63.0250000000000000,24.6
46,Fresh Refresh,Beverages,26,CornerFuel Mart,C-Store,North America,38.3,62.8907142857142857,24.6
68,Cloud Dairy,Dairy,196,Corner Store Network (Indonesia),General Trade,SEA - Indonesia,38.7,63.3287500000000000,24.6
25,Royal Skin,Personal Care,160,MarketLink GT (Malaysia),General Trade,SEA - Malaysia,36.9,61.4575000000000000,24.6
59,Pure Shine,Home Care,64,Sundry Traders Network (Metro),General Trade,India - Metro,36.8,61.3740000000000000,24.6
8,Meadow Crisps,Salty Snacks,65,FreshMart (Tier 2/3),Grocery,India - Tier 2/3,38.4,63.0406666666666667,24.6
104,Meadow Baby Co,Baby Care,182,MetroBazaar (Indonesia),Grocery,SEA - Indonesia,35.1,59.7341666666666667,24.6
7,Urban Bites,Salty Snacks,192,FlashCart (Indonesia),Quick Commerce,SEA - Indonesia,33.6,58.1575000000000000,24.6
34,Bold Kitchen,Packaged Foods,196,Corner Store Network (Indonesia),General Trade,SEA - Indonesia,40.1,64.6200000000000000,24.5
101,Everyday Tiny Care,Baby Care,141,Community Retail Co-op (Qatar),General Trade,Gulf - Qatar,37.1,61.6466666666666667,24.5
96,Meadow Breakfast Co,Breakfast & Cereal,69,DailyBasket (Tier 2/3),Grocery,India - Tier 2/3,39.2,63.6752500000000000,24.5
99,Fresh Cereal Co,Breakfast & Cereal,144,GreenAisle (Malaysia),Grocery,SEA - Malaysia,38.1,62.5915625000000000,24.5
14,Golden Bubbles,Sparkling Water,26,CornerFuel Mart,C-Store,North America,38.6,63.0876190476190476,24.5
38,Urban Pantry,Packaged Foods,180,Sundry Traders Network (Philippines),General Trade,SEA - Philippines,37.2,61.6500000000000000,24.5
80,Nomad Candy Co,Confectionery,3,GreenAisle,Grocery,North America,37.4,61.9236111111111111,24.5
6,Coastal Bites,Salty Snacks,18,SaverClub #2,Club,North America,36.9,61.3621428571428571,24.5
86,True Candy Co,Confectionery,175,Neighborhood Wholesale (Philippines),General Trade,SEA - Philippines,38.5,63.0394736842105263,24.5
110,Meadow Tiny Care,Baby Care,58,ValueTrade GT (Metro),General Trade,India - Metro,38.7,63.2150000000000000,24.5
34,Bold Kitchen,Packaged Foods,161,Sundry Traders Network (Malaysia),General Trade,SEA - Malaysia,38.0,62.4881250000000000,24.5
26,Prime Care,Personal Care,89,Local Trade Collective #3 (Tier 2/3),General Trade,India - Tier 2/3,38.3,62.8356666666666667,24.5
28,Spring Skin,Personal Care,11,FreshMart #2,Grocery,North America,38.7,63.2026315789473684,24.5
50,Crunch Drinks,Beverages,175,Neighborhood Wholesale (Philippines),General Trade,SEA - Philippines,40.0,64.5381578947368421,24.5
52,Spring Sip,Beverages,129,GreenAisle (Qatar),Grocery,Gulf - Qatar,37.9,62.3838888888888889,24.5
91,Coastal Cereal Co,Breakfast & Cereal,126,Local Trade Collective #2 (Saudi),General Trade,Gulf - Saudi,34.9,59.3711111111111111,24.5
36,Cloud Table,Packaged Foods,77,Community Retail Co-op (Tier 2/3),General Trade,India - Tier 2/3,37.4,61.8906000000000000,24.5
89,Nomad Mornings,Breakfast & Cereal,88,Sundry Traders Network #2 (Tier 2/3),General Trade,India - Tier 2/3,39.2,63.6752500000000000,24.5
87,Pure Sweets,Confectionery,8,ValueGrocer,Grocery,North America,37.4,61.9236111111111111,24.5
89,Nomad Mornings,Breakfast & Cereal,86,Bazaar Wholesale #2 (Tier 2/3),General Trade,India - Tier 2/3,39.3,63.6752500000000000,24.4
13,Urban Bubbles,Sparkling Water,175,Neighborhood Wholesale (Philippines),General Trade,SEA - Philippines,40.3,64.6703947368421053,24.4
55,Vivid Sip,Beverages,182,MetroBazaar (Indonesia),Grocery,SEA - Indonesia,36.3,60.6750000000000000,24.4
54,Nomad Drinks,Beverages,69,DailyBasket (Tier 2/3),Grocery,India - Tier 2/3,38.2,62.6366666666666667,24.4
52,Spring Sip,Beverages,132,QuickDash (Qatar),Quick Commerce,Gulf - Qatar,38.0,62.3838888888888889,24.4
69,Everyday Milk Co,Dairy,161,Sundry Traders Network (Malaysia),General Trade,SEA - Malaysia,40.2,64.5987500000000000,24.4
9,Spring Crisps,Salty Snacks,97,SaverClub (UAE),Club,Gulf - UAE,38.3,62.7130681818181818,24.4
34,Bold Kitchen,Packaged Foods,188,ZipCart (Indonesia),Quick Commerce,SEA - Indonesia,40.2,64.6200000000000000,24.4
99,Fresh Cereal Co,Breakfast & Cereal,142,FreshMart (Malaysia),Grocery,SEA - Malaysia,38.2,62.5915625000000000,24.4
29,Golden Essentials,Personal Care,58,ValueTrade GT (Metro),General Trade,India - Metro,38.3,62.6680000000000000,24.4
74,Sunrise Milk Co,Dairy,74,ValueTrade GT (Tier 2/3),General Trade,India - Tier 2/3,38.2,62.6312000000000000,24.4
21,Golden Fizz,Sparkling Water,159,Bazaar Wholesale (Malaysia),General Trade,SEA - Malaysia,37.3,61.5825000000000000,24.3
67,Golden Milk Co,Dairy,191,HopMart (Indonesia),Quick Commerce,SEA - Indonesia,39.0,63.3287500000000000,24.3
94,Crunch Cereal Co,Breakfast & Cereal,187,QuickDash (Indonesia),Quick Commerce,SEA - Indonesia,37.1,61.4287500000000000,24.3
51,Coastal Drinks,Beverages,5,DailyBasket,Grocery,North America,38.6,62.8907142857142857,24.3
89,Nomad Mornings,Breakfast & Cereal,9,CityMart,Grocery,North America,38.8,63.0944444444444444,24.3
88,Pure Treats,Confectionery,91,MetroBazaar (UAE),Grocery,Gulf - UAE,37.6,61.9394736842105263,24.3
106,Vivid Little Ones,Baby Care,118,Local Trade Collective (Saudi),General Trade,Gulf - Saudi,40.3,64.5725000000000000,24.3
51,Coastal Drinks,Beverages,23,GreenLeaf Naturals #2,Natural,North America,38.6,62.8907142857142857,24.3
106,Vivid Little Ones,Baby Care,88,Sundry Traders Network #2 (Tier 2/3),General Trade,India - Tier 2/3,37.6,61.9433333333333333,24.3
26,Prime Care,Personal Care,71,UrbanPantry (Tier 2/3),Grocery,India - Tier 2/3,38.5,62.8356666666666667,24.3
47,Sunrise Refresh,Beverages,80,Sundry Traders Network (Tier 2/3),General Trade,India - Tier 2/3,38.3,62.6366666666666667,24.3
75,Vivid Dairy,Dairy,76,Corner Store Network (Tier 2/3),General Trade,India - Tier 2/3,38.3,62.6312000000000000,24.3
57,Cloud Shine,Home Care,175,Neighborhood Wholesale (Philippines),General Trade,SEA - Philippines,33.9,58.1723684210526316,24.3
62,Royal Household,Home Care,113,MetroBazaar (Saudi),Grocery,Gulf - Saudi,38.9,63.1858333333333333,24.3
66,Golden Household,Home Care,69,DailyBasket (Tier 2/3),Grocery,India - Tier 2/3,38.6,62.8800000000000000,24.3
91,Coastal Cereal Co,Breakfast & Cereal,121,Corner Store Network (Saudi),General Trade,Gulf - Saudi,35.1,59.3711111111111111,24.3
55,Vivid Sip,Beverages,190,SwiftBasket (Indonesia),Quick Commerce,SEA - Indonesia,36.4,60.6750000000000000,24.3
55,Vivid Sip,Beverages,191,HopMart (Indonesia),Quick Commerce,SEA - Indonesia,36.4,60.6750000000000000,24.3
12,True Water Co,Sparkling Water,59,Neighborhood Wholesale (Metro),General Trade,India - Metro,37.7,61.9855603448275862,24.3
18,Royal Fizz,Sparkling Water,13,GreenAisle #2,Grocery,North America,38.8,63.0876190476190476,24.3
19,Fresh Fizz,Sparkling Water,34,CornerFuel Mart #3,C-Store,North America,38.8,63.0876190476190476,24.3
28,Spring Skin,Personal Care,161,Sundry Traders Network (Malaysia),General Trade,SEA - Malaysia,37.2,61.4575000000000000,24.3
2,Bold Snacks,Salty Snacks,60,Corner Store Network (Metro),General Trade,India - Metro,35.1,59.4456896551724138,24.3
71,Golden Farms,Dairy,11,FreshMart #2,Grocery,North America,36.5,60.7394736842105263,24.2
51,Coastal Drinks,Beverages,4,PrimeGrocer,Grocery,North America,38.7,62.8907142857142857,24.2
24,Spring Care,Personal Care,133,ZipCart (Qatar),Quick Commerce,Gulf - Qatar,37.4,61.5616666666666667,24.2
1,True Snacks,Salty Snacks,67,GreenAisle (Tier 2/3),Grocery,India - Tier 2/3,38.8,63.0406666666666667,24.2
30,Cloud Essentials,Personal Care,152,HopMart (Malaysia),Quick Commerce,SEA - Malaysia,37.3,61.4575000000000000,24.2
35,Silver Table,Packaged Foods,15,BulkBasket Club,Club,North America,38.3,62.4755208333333333,24.2
56,Golden Shine,Home Care,80,Sundry Traders Network (Tier 2/3),General Trade,India - Tier 2/3,38.7,62.8800000000000000,24.2
74,Sunrise Milk Co,Dairy,75,Neighborhood Wholesale (Tier 2/3),General Trade,India - Tier 2/3,38.4,62.6312000000000000,24.2
12,True Water Co,Sparkling Water,50,HopMart (Metro),Quick Commerce,India - Metro,37.8,61.9855603448275862,24.2
62,Royal Household,Home Care,115,PrimeGrocer (Saudi),Grocery,Gulf - Saudi,39.0,63.1858333333333333,24.2
69,Everyday Milk Co,Dairy,160,MarketLink GT (Malaysia),General Trade,SEA - Malaysia,40.4,64.5987500000000000,24.2
75,Vivid Dairy,Dairy,81,Local Trade Collective #2 (Tier 2/3),General Trade,India - Tier 2/3,38.4,62.6312000000000000,24.2
106,Vivid Little Ones,Baby Care,66,MetroBazaar (Tier 2/3),Grocery,India - Tier 2/3,37.7,61.9433333333333333,24.2
42,Urban Kitchen,Packaged Foods,75,Neighborhood Wholesale (Tier 2/3),General Trade,India - Tier 2/3,37.7,61.8906000000000000,24.2
38,Urban Pantry,Packaged Foods,162,FreshMart (Philippines),Grocery,SEA - Philippines,37.6,61.6500000000000000,24.1
71,Golden Farms,Dairy,5,DailyBasket,Grocery,North America,36.6,60.7394736842105263,24.1
31,Everyday Glow,Personal Care,121,Corner Store Network (Saudi),General Trade,Gulf - Saudi,35.8,59.8583333333333333,24.1
7,Urban Bites,Salty Snacks,106,NimbleMart (UAE),Quick Commerce,Gulf - UAE,38.6,62.7130681818181818,24.1
107,Spring Tiny Care,Baby Care,192,FlashCart (Indonesia),Quick Commerce,SEA - Indonesia,35.6,59.7341666666666667,24.1
6,Coastal Bites,Salty Snacks,114,GreenAisle (Saudi),Grocery,Gulf - Saudi,38.2,62.3475000000000000,24.1
99,Fresh Cereal Co,Breakfast & Cereal,103,SwiftBasket (UAE),Quick Commerce,Gulf - UAE,39.3,63.3928030303030303,24.1
64,Blue Shine,Home Care,191,HopMart (Indonesia),Quick Commerce,SEA - Indonesia,39.6,63.7145833333333333,24.1
32,Cloud Skin,Personal Care,84,Corner Store Network #2 (Tier 2/3),General Trade,India - Tier 2/3,38.7,62.8356666666666667,24.1
28,Spring Skin,Personal Care,23,GreenLeaf Naturals #2,Natural,North America,39.1,63.2026315789473684,24.1
12,True Water Co,Sparkling Water,47,ZipCart (Metro),Quick Commerce,India - Metro,37.9,61.9855603448275862,24.1
81,Prime Candy Co,Confectionery,139,Neighborhood Wholesale (Qatar),General Trade,Gulf - Qatar,36.8,60.9133333333333333,24.1
58,Coastal Clean,Home Care,90,FreshMart (UAE),Grocery,Gulf - UAE,37.3,61.4090909090909091,24.1
33,Cloud Glow,Personal Care,126,Local Trade Collective #2 (Saudi),General Trade,Gulf - Saudi,35.8,59.8583333333333333,24.1
80,Nomad Candy Co,Confectionery,32,ExpressStop #2,C-Store,North America,37.8,61.9236111111111111,24.1
16,Sunrise Water Co,Sparkling Water,178,Bazaar Wholesale (Philippines),General Trade,SEA - Philippines,40.7,64.6703947368421053,24.0
30,Cloud Essentials,Personal Care,23,GreenLeaf Naturals #2,Natural,North America,39.2,63.2026315789473684,24.0
21,Golden Fizz,Sparkling Water,58,ValueTrade GT (Metro),General Trade,India - Metro,38.0,61.9855603448275862,24.0
58,Coastal Clean,Home Care,105,FlashCart (UAE),Quick Commerce,Gulf - UAE,37.4,61.4090909090909091,24.0
39,Blue Kitchen,Packaged Foods,151,SwiftBasket (Malaysia),Quick Commerce,SEA - Malaysia,38.5,62.4881250000000000,24.0
40,Meadow Pantry,Packaged Foods,92,GreenAisle (UAE),Grocery,Gulf - UAE,39.0,63.0119318181818182,24.0
24,Spring Care,Personal Care,138,ValueTrade GT (Qatar),General Trade,Gulf - Qatar,37.6,61.5616666666666667,24.0
73,Blue Milk Co,Dairy,191,HopMart (Indonesia),Quick Commerce,SEA - Indonesia,39.3,63.3287500000000000,24.0
43,Coastal Table,Packaged Foods,67,GreenAisle (Tier 2/3),Grocery,India - Tier 2/3,37.9,61.8906000000000000,24.0
82,Meadow Treats,Confectionery,89,Local Trade Collective #3 (Tier 2/3),General Trade,India - Tier 2/3,38.4,62.4378000000000000,24.0
49,Meadow Beverages,Beverages,87,MarketLink GT #2 (Tier 2/3),General Trade,India - Tier 2/3,38.6,62.6366666666666667,24.0
47,Sunrise Refresh,Beverages,122,Community Retail Co-op (Saudi),General Trade,Gulf - Saudi,38.6,62.5236666666666667,23.9
49,Meadow Beverages,Beverages,72,ValueGrocer (Tier 2/3),Grocery,India - Tier 2/3,38.7,62.6366666666666667,23.9
68,Cloud Dairy,Dairy,192,FlashCart (Indonesia),Quick Commerce,SEA - Indonesia,39.4,63.3287500000000000,23.9
2,Bold Snacks,Salty Snacks,44,GoStop (Metro),C-Store,India - Metro,35.5,59.4456896551724138,23.9
102,Coastal Little Ones,Baby Care,69,DailyBasket (Tier 2/3),Grocery,India - Tier 2/3,38.0,61.9433333333333333,23.9
28,Spring Skin,Personal Care,161,Sundry Traders Network (Malaysia),General Trade,SEA - Malaysia,37.6,61.4575000000000000,23.9
16,Sunrise Water Co,Sparkling Water,197,Community Retail Co-op (Indonesia),General Trade,SEA - Indonesia,40.0,63.8825000000000000,23.9
2,Bold Snacks,Salty Snacks,117,SunriseMart (Saudi),Grocery,Gulf - Saudi,38.4,62.3475000000000000,23.9
23,Golden Skin,Personal Care,47,ZipCart (Metro),Quick Commerce,India - Metro,38.8,62.6680000000000000,23.9
53,Cloud Sip,Beverages,129,GreenAisle (Qatar),Grocery,Gulf - Qatar,38.5,62.3838888888888889,23.9
55,Vivid Sip,Beverages,38,GreenAisle (Metro),Grocery,India - Metro,38.2,62.0715517241379310,23.9
30,Cloud Essentials,Personal Care,6,SunriseMart,Grocery,North America,39.3,63.2026315789473684,23.9
40,Meadow Pantry,Packaged Foods,103,SwiftBasket (UAE),Quick Commerce,Gulf - UAE,39.1,63.0119318181818182,23.9
107,Spring Tiny Care,Baby Care,191,HopMart (Indonesia),Quick Commerce,SEA - Indonesia,35.8,59.7341666666666667,23.9
33,Cloud Glow,Personal Care,123,Bazaar Wholesale (Saudi),General Trade,Gulf - Saudi,36.0,59.8583333333333333,23.9
58,Coastal Clean,Home Care,188,ZipCart (Indonesia),Quick Commerce,SEA - Indonesia,39.8,63.7145833333333333,23.9
1,True Snacks,Salty Snacks,89,Local Trade Collective #3 (Tier 2/3),General Trade,India - Tier 2/3,39.1,63.0406666666666667,23.9
93,Urban Mornings,Breakfast & Cereal,111,Community Retail Co-op (UAE),General Trade,Gulf - UAE,39.6,63.3928030303030303,23.8
44,Spring Pantry,Packaged Foods,91,MetroBazaar (UAE),Grocery,Gulf - UAE,39.2,63.0119318181818182,23.8
22,Crunch Fizz,Sparkling Water,115,PrimeGrocer (Saudi),Grocery,Gulf - Saudi,39.3,63.0650000000000000,23.8
19,Fresh Fizz,Sparkling Water,1,FreshMart,Grocery,North America,39.3,63.0876190476190476,23.8
84,Everyday Treats,Confectionery,190,SwiftBasket (Indonesia),Quick Commerce,SEA - Indonesia,38.1,61.8512500000000000,23.8
88,Pure Treats,Confectionery,188,ZipCart (Indonesia),Quick Commerce,SEA - Indonesia,38.1,61.8512500000000000,23.8
55,Vivid Sip,Beverages,42,QuickStop (Metro),C-Store,India - Metro,38.3,62.0715517241379310,23.8
55,Vivid Sip,Beverages,190,SwiftBasket (Indonesia),Quick Commerce,SEA - Indonesia,36.9,60.6750000000000000,23.8
70,Vivid Milk Co,Dairy,118,Local Trade Collective (Saudi),General Trade,Gulf - Saudi,36.5,60.2775000000000000,23.8
104,Meadow Baby Co,Baby Care,193,Local Trade Collective (Indonesia),General Trade,SEA - Indonesia,35.9,59.7341666666666667,23.8
89,Nomad Mornings,Breakfast & Cereal,17,MegaValue Club,Club,North America,39.3,63.0944444444444444,23.8
60,True Shine,Home Care,106,NimbleMart (UAE),Quick Commerce,Gulf - UAE,37.6,61.4090909090909091,23.8
75,Vivid Dairy,Dairy,93,PrimeGrocer (UAE),Grocery,Gulf - UAE,40.4,64.2289473684210526,23.8
56,Golden Shine,Home Care,84,Corner Store Network #2 (Tier 2/3),General Trade,India - Tier 2/3,39.1,62.8800000000000000,23.8
77,Urban Creamery,Dairy,120,Neighborhood Wholesale (Saudi),General Trade,Gulf - Saudi,36.6,60.2775000000000000,23.7
105,Silver Baby Essentials,Baby Care,81,Local Trade Collective #2 (Tier 2/3),General Trade,India - Tier 2/3,38.2,61.9433333333333333,23.7
57,Cloud Shine,Home Care,168,QuickDash (Philippines),Quick Commerce,SEA - Philippines,34.5,58.1723684210526316,23.7
11,Silver Snacks,Salty Snacks,82,ValueTrade GT #2 (Tier 2/3),General Trade,India - Tier 2/3,39.3,63.0406666666666667,23.7
64,Blue Shine,Home Care,181,FreshMart (Indonesia),Grocery,SEA - Indonesia,40.0,63.7145833333333333,23.7
107,Spring Tiny Care,Baby Care,195,Neighborhood Wholesale (Indonesia),General Trade,SEA - Indonesia,36.0,59.7341666666666667,23.7
80,Nomad Candy Co,Confectionery,29,QuickStop #2,C-Store,North America,38.2,61.9236111111111111,23.7
43,Coastal Table,Packaged Foods,54,GoCart Express (Metro),Quick Commerce,India - Metro,38.6,62.2600000000000000,23.7
104,Meadow Baby Co,Baby Care,132,QuickDash (Qatar),Quick Commerce,Gulf - Qatar,37.9,61.6466666666666667,23.7
13,Urban Bubbles,Sparkling Water,160,MarketLink GT (Malaysia),General Trade,SEA - Malaysia,37.9,61.5825000000000000,23.7
94,Crunch Cereal Co,Breakfast & Cereal,78,Bazaar Wholesale (Tier 2/3),General Trade,India - Tier 2/3,40.0,63.6752500000000000,23.7
57,Cloud Shine,Home Care,82,ValueTrade GT #2 (Tier 2/3),General Trade,India - Tier 2/3,39.2,62.8800000000000000,23.7
18,Royal Fizz,Sparkling Water,11,FreshMart #2,Grocery,North America,39.4,63.0876190476190476,23.7
59,Pure Shine,Home Care,53,RapidBasket (Metro),Quick Commerce,India - Metro,37.7,61.3740000000000000,23.7
11,Silver Snacks,Salty Snacks,28,ExpressStop,C-Store,North America,37.7,61.3621428571428571,23.7
46,Fresh Refresh,Beverages,34,CornerFuel Mart #3,C-Store,North America,39.3,62.8907142857142857,23.6
35,Silver Table,Packaged Foods,23,GreenLeaf Naturals #2,Natural,North America,38.9,62.4755208333333333,23.6
105,Silver Baby Essentials,Baby Care,182,MetroBazaar (Indonesia),Grocery,SEA - Indonesia,36.1,59.7341666666666667,23.6
85,Heritage Treats,Confectionery,74,ValueTrade GT (Tier 2/3),General Trade,India - Tier 2/3,38.8,62.4378000000000000,23.6
54,Nomad Drinks,Beverages,120,Neighborhood Wholesale (Saudi),General Trade,Gulf - Saudi,38.9,62.5236666666666667,23.6
40,Meadow Pantry,Packaged Foods,90,FreshMart (UAE),Grocery,Gulf - UAE,39.4,63.0119318181818182,23.6
76,Royal Farms,Dairy,8,ValueGrocer,Grocery,North America,37.1,60.7394736842105263,23.6
56,Golden Shine,Home Care,66,MetroBazaar (Tier 2/3),Grocery,India - Tier 2/3,39.3,62.8800000000000000,23.6
56,Golden Shine,Home Care,67,GreenAisle (Tier 2/3),Grocery,India - Tier 2/3,39.3,62.8800000000000000,23.6
76,Royal Farms,Dairy,67,GreenAisle (Tier 2/3),Grocery,India - Tier 2/3,39.0,62.6312000000000000,23.6
36,Cloud Table,Packaged Foods,133,ZipCart (Qatar),Quick Commerce,Gulf - Qatar,43.1,66.6983333333333333,23.6
38,Urban Pantry,Packaged Foods,126,Local Trade Collective #2 (Saudi),General Trade,Gulf - Saudi,37.4,61.0458333333333333,23.6
93,Urban Mornings,Breakfast & Cereal,165,PrimeGrocer (Philippines),Grocery,SEA - Philippines,38.4,62.0381578947368421,23.6
30,Cloud Essentials,Personal Care,24,PureRoots Market #2,Natural,North America,39.6,63.2026315789473684,23.6
107,Spring Tiny Care,Baby Care,185,DailyBasket (Indonesia),Grocery,SEA - Indonesia,36.2,59.7341666666666667,23.5
35,Silver Table,Packaged Foods,73,Local Trade Collective (Tier 2/3),General Trade,India - Tier 2/3,38.4,61.8906000000000000,23.5
18,Royal Fizz,Sparkling Water,30,CornerFuel Mart #2,C-Store,North America,39.6,63.0876190476190476,23.5
90,Prime Grains,Breakfast & Cereal,93,PrimeGrocer (UAE),Grocery,Gulf - UAE,39.9,63.3928030303030303,23.5
42,Urban Kitchen,Packaged Foods,178,Bazaar Wholesale (Philippines),General Trade,SEA - Philippines,38.2,61.6500000000000000,23.5
14,Golden Bubbles,Sparkling Water,28,ExpressStop,C-Store,North America,39.6,63.0876190476190476,23.5
80,Nomad Candy Co,Confectionery,80,Sundry Traders Network (Tier 2/3),General Trade,India - Tier 2/3,38.9,62.4378000000000000,23.5
14,Golden Bubbles,Sparkling Water,34,CornerFuel Mart #3,C-Store,North America,39.6,63.0876190476190476,23.5
82,Meadow Treats,Confectionery,72,ValueGrocer (Tier 2/3),Grocery,India - Tier 2/3,38.9,62.4378000000000000,23.5
43,Coastal Table,Packaged Foods,48,DashKart (Metro),Quick Commerce,India - Metro,38.8,62.2600000000000000,23.5
4,Blue Bites,Salty Snacks,144,GreenAisle (Malaysia),Grocery,SEA - Malaysia,36.8,60.3325000000000000,23.5
29,Golden Essentials,Personal Care,59,Neighborhood Wholesale (Metro),General Trade,India - Metro,39.2,62.6680000000000000,23.5
51,Coastal Drinks,Beverages,149,ZipCart (Malaysia),Quick Commerce,SEA - Malaysia,38.3,61.7712500000000000,23.5
4,Blue Bites,Salty Snacks,147,SunriseMart (Malaysia),Grocery,SEA - Malaysia,36.8,60.3325000000000000,23.5
11,Silver Snacks,Salty Snacks,89,Local Trade Collective #3 (Tier 2/3),General Trade,India - Tier 2/3,39.5,63.0406666666666667,23.5
38,Urban Pantry,Packaged Foods,116,DailyBasket (Saudi),Grocery,Gulf - Saudi,37.5,61.0458333333333333,23.5
106,Vivid Little Ones,Baby Care,71,UrbanPantry (Tier 2/3),Grocery,India - Tier 2/3,38.4,61.9433333333333333,23.5
93,Urban Mornings,Breakfast & Cereal,100,QuickDash (UAE),Quick Commerce,Gulf - UAE,39.9,63.3928030303030303,23.5
59,Pure Shine,Home Care,101,ZipCart (UAE),Quick Commerce,Gulf - UAE,37.9,61.4090909090909091,23.5
51,Coastal Drinks,Beverages,21,EarthAisle,Natural,North America,39.4,62.8907142857142857,23.5
64,Blue Shine,Home Care,184,PrimeGrocer (Indonesia),Grocery,SEA - Indonesia,40.3,63.7145833333333333,23.4
55,Vivid Sip,Beverages,46,QuickDash (Metro),Quick Commerce,India - Metro,38.7,62.0715517241379310,23.4
3,Prime Snacks,Salty Snacks,121,Corner Store Network (Saudi),General Trade,Gulf - Saudi,38.9,62.3475000000000000,23.4
71,Golden Farms,Dairy,1,FreshMart,Grocery,North America,37.3,60.7394736842105263,23.4
42,Urban Kitchen,Packaged Foods,166,DailyBasket (Philippines),Grocery,SEA - Philippines,38.3,61.6500000000000000,23.4
90,Prime Grains,Breakfast & Cereal,143,MetroBazaar (Malaysia),Grocery,SEA - Malaysia,39.2,62.5915625000000000,23.4
32,Cloud Skin,Personal Care,74,ValueTrade GT (Tier 2/3),General Trade,India - Tier 2/3,39.4,62.8356666666666667,23.4
77,Urban Creamery,Dairy,114,GreenAisle (Saudi),Grocery,Gulf - Saudi,36.9,60.2775000000000000,23.4
9,Spring Crisps,Salty Snacks,100,QuickDash (UAE),Quick Commerce,Gulf - UAE,39.3,62.7130681818181818,23.4
76,Royal Farms,Dairy,88,Sundry Traders Network #2 (Tier 2/3),General Trade,India - Tier 2/3,39.2,62.6312000000000000,23.4
66,Golden Household,Home Care,191,HopMart (Indonesia),Quick Commerce,SEA - Indonesia,40.3,63.7145833333333333,23.4
30,Cloud Essentials,Personal Care,7,UrbanPantry,Grocery,North America,39.9,63.2026315789473684,23.3
99,Fresh Cereal Co,Breakfast & Cereal,147,SunriseMart (Malaysia),Grocery,SEA - Malaysia,39.3,62.5915625000000000,23.3
77,Urban Creamery,Dairy,117,SunriseMart (Saudi),Grocery,Gulf - Saudi,37.0,60.2775000000000000,23.3
30,Cloud Essentials,Personal Care,148,QuickDash (Malaysia),Quick Commerce,SEA - Malaysia,38.2,61.4575000000000000,23.3
73,Blue Milk Co,Dairy,189,DashKart (Indonesia),Quick Commerce,SEA - Indonesia,40.0,63.3287500000000000,23.3
41,Royal Kitchen,Packaged Foods,17,MegaValue Club,Club,North America,39.2,62.4755208333333333,23.3
30,Cloud Essentials,Personal Care,22,NaturaLife Market,Natural,North America,39.9,63.2026315789473684,23.3
107,Spring Tiny Care,Baby Care,199,MarketLink GT (Indonesia),General Trade,SEA - Indonesia,36.4,59.7341666666666667,23.3
38,Urban Pantry,Packaged Foods,122,Community Retail Co-op (Saudi),General Trade,Gulf - Saudi,37.7,61.0458333333333333,23.3
61,Crunch Household,Home Care,64,Sundry Traders Network (Metro),General Trade,India - Metro,38.1,61.3740000000000000,23.3
43,Coastal Table,Packaged Foods,41,SunriseMart (Metro),Grocery,India - Metro,39.0,62.2600000000000000,23.3
63,Silver Household,Home Care,13,GreenAisle #2,Grocery,North America,38.2,61.5100694444444444,23.3
101,Everyday Tiny Care,Baby Care,135,SwiftBasket (Qatar),Quick Commerce,Gulf - Qatar,38.3,61.6466666666666667,23.3
64,Blue Shine,Home Care,2,MetroBazaar,Grocery,North America,38.2,61.5100694444444444,23.3
55,Vivid Sip,Beverages,53,RapidBasket (Metro),Quick Commerce,India - Metro,38.8,62.0715517241379310,23.3
26,Prime Care,Personal Care,86,Bazaar Wholesale #2 (Tier 2/3),General Trade,India - Tier 2/3,39.5,62.8356666666666667,23.3
74,Sunrise Milk Co,Dairy,78,Bazaar Wholesale (Tier 2/3),General Trade,India - Tier 2/3,39.3,62.6312000000000000,23.3
34,Bold Kitchen,Packaged Foods,156,Neighborhood Wholesale (Malaysia),General Trade,SEA - Malaysia,39.2,62.4881250000000000,23.3
35,Silver Table,Packaged Foods,23,GreenLeaf Naturals #2,Natural,North America,39.2,62.4755208333333333,23.3
35,Silver Table,Packaged Foods,10,HomeFresh,Grocery,North America,39.2,62.4755208333333333,23.3
80,Nomad Candy Co,Confectionery,67,GreenAisle (Tier 2/3),Grocery,India - Tier 2/3,39.1,62.4378000000000000,23.3
108,Crunch Baby Co,Baby Care,67,GreenAisle (Tier 2/3),Grocery,India - Tier 2/3,38.7,61.9433333333333333,23.2
42,Urban Kitchen,Packaged Foods,65,FreshMart (Tier 2/3),Grocery,India - Tier 2/3,38.7,61.8906000000000000,23.2
16,Sunrise Water Co,Sparkling Water,185,DailyBasket (Indonesia),Grocery,SEA - Indonesia,40.7,63.8825000000000000,23.2
11,Silver Snacks,Salty Snacks,84,Corner Store Network #2 (Tier 2/3),General Trade,India - Tier 2/3,39.8,63.0406666666666667,23.2
109,Silver Little Ones,Baby Care,13,GreenAisle #2,Grocery,North America,39.8,63.0250000000000000,23.2
23,Golden Skin,Personal Care,61,Community Retail Co-op (Metro),General Trade,India - Metro,39.5,62.6680000000000000,23.2
79,Coastal Candy Co,Confectionery,79,MarketLink GT (Tier 2/3),General Trade,India - Tier 2/3,39.2,62.4378000000000000,23.2
67,Golden Milk Co,Dairy,193,Local Trade Collective (Indonesia),General Trade,SEA - Indonesia,40.1,63.3287500000000000,23.2
55,Vivid Sip,Beverages,44,GoStop (Metro),C-Store,India - Metro,38.9,62.0715517241379310,23.2
96,Meadow Breakfast Co,Breakfast & Cereal,65,FreshMart (Tier 2/3),Grocery,India - Tier 2/3,40.5,63.6752500000000000,23.2
38,Urban Pantry,Packaged Foods,178,Bazaar Wholesale (Philippines),General Trade,SEA - Philippines,38.5,61.6500000000000000,23.2
102,Coastal Little Ones,Baby Care,81,Local Trade Collective #2 (Tier 2/3),General Trade,India - Tier 2/3,38.7,61.9433333333333333,23.2
45,Pure Drinks,Beverages,121,Corner Store Network (Saudi),General Trade,Gulf - Saudi,39.3,62.5236666666666667,23.2
67,Golden Milk Co,Dairy,194,ValueTrade GT (Indonesia),General Trade,SEA - Indonesia,40.1,63.3287500000000000,23.2
20,Heritage Springs,Sparkling Water,43,CornerFuel Mart (Metro),C-Store,India - Metro,38.8,61.9855603448275862,23.2
101,Everyday Tiny Care,Baby Care,131,DailyBasket (Qatar),Grocery,Gulf - Qatar,38.4,61.6466666666666667,23.2
33,Cloud Glow,Personal Care,74,ValueTrade GT (Tier 2/3),General Trade,India - Tier 2/3,39.6,62.8356666666666667,23.2
6,Coastal Bites,Salty Snacks,33,QuickStop #3,C-Store,North America,38.3,61.3621428571428571,23.1
48,Silver Beverages,Beverages,131,DailyBasket (Qatar),Grocery,Gulf - Qatar,39.3,62.3838888888888889,23.1
54,Nomad Drinks,Beverages,69,DailyBasket (Tier 2/3),Grocery,India - Tier 2/3,39.5,62.6366666666666667,23.1
104,Meadow Baby Co,Baby Care,191,HopMart (Indonesia),Quick Commerce,SEA - Indonesia,36.6,59.7341666666666667,23.1
8,Meadow Crisps,Salty Snacks,72,ValueGrocer (Tier 2/3),Grocery,India - Tier 2/3,39.9,63.0406666666666667,23.1
94,Crunch Cereal Co,Breakfast & Cereal,65,FreshMart (Tier 2/3),Grocery,India - Tier 2/3,40.6,63.6752500000000000,23.1
78,Prime Confections,Confectionery,45,ExpressStop (Metro),C-Store,India - Metro,39.6,62.6568965517241379,23.1
76,Royal Farms,Dairy,8,ValueGrocer,Grocery,North America,37.6,60.7394736842105263,23.1
17,Nomad Bubbles,Sparkling Water,43,CornerFuel Mart (Metro),C-Store,India - Metro,38.9,61.9855603448275862,23.1
27,Golden Glow,Personal Care,188,ZipCart (Indonesia),Quick Commerce,SEA - Indonesia,37.3,60.4337500000000000,23.1
35,Silver Table,Packaged Foods,73,Local Trade Collective (Tier 2/3),General Trade,India - Tier 2/3,38.8,61.8906000000000000,23.1
6,Coastal Bites,Salty Snacks,121,Corner Store Network (Saudi),General Trade,Gulf - Saudi,39.2,62.3475000000000000,23.1
103,Coastal Baby Essentials,Baby Care,72,ValueGrocer (Tier 2/3),Grocery,India - Tier 2/3,38.8,61.9433333333333333,23.1
93,Urban Mornings,Breakfast & Cereal,91,MetroBazaar (UAE),Grocery,Gulf - UAE,40.3,63.3928030303030303,23.1
74,Sunrise Milk Co,Dairy,65,FreshMart (Tier 2/3),Grocery,India - Tier 2/3,39.5,62.6312000000000000,23.1
23,Golden Skin,Personal Care,60,Corner Store Network (Metro),General Trade,India - Metro,39.6,62.6680000000000000,23.1
101,Everyday Tiny Care,Baby Care,132,QuickDash (Qatar),Quick Commerce,Gulf - Qatar,38.5,61.6466666666666667,23.1
53,Cloud Sip,Beverages,123,Bazaar Wholesale (Saudi),General Trade,Gulf - Saudi,39.4,62.5236666666666667,23.1
47,Sunrise Refresh,Beverages,87,MarketLink GT #2 (Tier 2/3),General Trade,India - Tier 2/3,39.5,62.6366666666666667,23.1
44,Spring Pantry,Packaged Foods,85,Community Retail Co-op #2 (Tier 2/3),General Trade,India - Tier 2/3,38.9,61.8906000000000000,23.0
26,Prime Care,Personal Care,84,Corner Store Network #2 (Tier 2/3),General Trade,India - Tier 2/3,39.8,62.8356666666666667,23.0
71,Golden Farms,Dairy,171,SwiftBasket (Philippines),Quick Commerce,SEA - Philippines,38.4,61.3750000000000000,23.0
40,Meadow Pantry,Packaged Foods,102,DashKart (UAE),Quick Commerce,Gulf - UAE,40.0,63.0119318181818182,23.0
51,Coastal Drinks,Beverages,146,DailyBasket (Malaysia),Grocery,SEA - Malaysia,38.8,61.7712500000000000,23.0
108,Crunch Baby Co,Baby Care,89,Local Trade Collective #3 (Tier 2/3),General Trade,India - Tier 2/3,38.9,61.9433333333333333,23.0
36,Cloud Table,Packaged Foods,75,Neighborhood Wholesale (Tier 2/3),General Trade,India - Tier 2/3,38.9,61.8906000000000000,23.0
76,Royal Farms,Dairy,83,Neighborhood Wholesale #2 (Tier 2/3),General Trade,India - Tier 2/3,39.6,62.6312000000000000,23.0
33,Cloud Glow,Personal Care,86,Bazaar Wholesale #2 (Tier 2/3),General Trade,India - Tier 2/3,39.8,62.8356666666666667,23.0
104,Meadow Baby Co,Baby Care,194,ValueTrade GT (Indonesia),General Trade,SEA - Indonesia,36.7,59.7341666666666667,23.0
46,Fresh Refresh,Beverages,1,FreshMart,Grocery,North America,39.9,62.8907142857142857,23.0
1,True Snacks,Salty Snacks,72,ValueGrocer (Tier 2/3),Grocery,India - Tier 2/3,40.0,63.0406666666666667,23.0
98,Coastal Mornings,Breakfast & Cereal,66,MetroBazaar (Tier 2/3),Grocery,India - Tier 2/3,40.7,63.6752500000000000,23.0
54,Nomad Drinks,Beverages,77,Community Retail Co-op (Tier 2/3),General Trade,India - Tier 2/3,39.6,62.6366666666666667,23.0
85,Heritage Treats,Confectionery,83,Neighborhood Wholesale #2 (Tier 2/3),General Trade,India - Tier 2/3,39.4,62.4378000000000000,23.0
3,Prime Snacks,Salty Snacks,28,ExpressStop,C-Store,North America,38.4,61.3621428571428571,23.0
42,Urban Kitchen,Packaged Foods,170,DashKart (Philippines),Quick Commerce,SEA - Philippines,38.7,61.6500000000000000,23.0
110,Meadow Tiny Care,Baby Care,63,MarketLink GT (Metro),General Trade,India - Metro,40.2,63.2150000000000000,23.0
50,Crunch Drinks,Beverages,199,MarketLink GT (Indonesia),General Trade,SEA - Indonesia,37.7,60.6750000000000000,23.0
92,Cloud Grains,Breakfast & Cereal,173,Local Trade Collective (Philippines),General Trade,SEA - Philippines,39.0,62.0381578947368421,23.0
11,Silver Snacks,Salty Snacks,4,PrimeGrocer,Grocery,North America,38.4,61.3621428571428571,23.0
2,Bold Snacks,Salty Snacks,40,DailyBasket (Metro),Grocery,India - Metro,36.4,59.4456896551724138,23.0
103,Coastal Baby Essentials,Baby Care,89,Local Trade Collective #3 (Tier 2/3),General Trade,India - Tier 2/3,39.0,61.9433333333333333,22.9
27,Golden Glow,Personal Care,181,FreshMart (Indonesia),Grocery,SEA - Indonesia,37.5,60.4337500000000000,22.9
75,Vivid Dairy,Dairy,110,Corner Store Network (UAE),General Trade,Gulf - UAE,41.3,64.2289473684210526,22.9
19,Fresh Fizz,Sparkling Water,9,CityMart,Grocery,North America,40.2,63.0876190476190476,22.9
91,Coastal Cereal Co,Breakfast & Cereal,153,FlashCart (Malaysia),Quick Commerce,SEA - Malaysia,39.7,62.5915625000000000,22.9
28,Spring Skin,Personal Care,13,GreenAisle #2,Grocery,North America,40.3,63.2026315789473684,22.9
33,Cloud Glow,Personal Care,124,MarketLink GT (Saudi),General Trade,Gulf - Saudi,37.0,59.8583333333333333,22.9
93,Urban Mornings,Breakfast & Cereal,175,Neighborhood Wholesale (Philippines),General Trade,SEA - Philippines,39.1,62.0381578947368421,22.9
93,Urban Mornings,Breakfast & Cereal,96,UrbanPantry (UAE),Grocery,Gulf - UAE,40.5,63.3928030303030303,22.9
86,True Candy Co,Confectionery,178,Bazaar Wholesale (Philippines),General Trade,SEA - Philippines,40.1,63.0394736842105263,22.9
21,Golden Fizz,Sparkling Water,64,Sundry Traders Network (Metro),General Trade,India - Metro,39.1,61.9855603448275862,22.9
43,Coastal Table,Packaged Foods,69,DailyBasket (Tier 2/3),Grocery,India - Tier 2/3,39.0,61.8906000000000000,22.9
80,Nomad Candy Co,Confectionery,84,Corner Store Network #2 (Tier 2/3),General Trade,India - Tier 2/3,39.5,62.4378000000000000,22.9
99,Fresh Cereal Co,Breakfast & Cereal,93,PrimeGrocer (UAE),Grocery,Gulf - UAE,40.6,63.3928030303030303,22.8
96,Meadow Breakfast Co,Breakfast & Cereal,70,SunriseMart (Tier 2/3),Grocery,India - Tier 2/3,40.9,63.6752500000000000,22.8
96,Meadow Breakfast Co,Breakfast & Cereal,71,UrbanPantry (Tier 2/3),Grocery,India - Tier 2/3,40.9,63.6752500000000000,22.8
21,Golden Fizz,Sparkling Water,47,ZipCart (Metro),Quick Commerce,India - Metro,39.2,61.9855603448275862,22.8
3,Prime Snacks,Salty Snacks,126,Local Trade Collective #2 (Saudi),General Trade,Gulf - Saudi,39.5,62.3475000000000000,22.8
16,Sunrise Water Co,Sparkling Water,200,Sundry Traders Network (Indonesia),General Trade,SEA - Indonesia,41.1,63.8825000000000000,22.8
53,Cloud Sip,Beverages,139,Neighborhood Wholesale (Qatar),General Trade,Gulf - Qatar,39.6,62.3838888888888889,22.8
37,Heritage Kitchen,Packaged Foods,112,FreshMart (Saudi),Grocery,Gulf - Saudi,38.2,61.0458333333333333,22.8
75,Vivid Dairy,Dairy,107,Local Trade Collective (UAE),General Trade,Gulf - UAE,41.4,64.2289473684210526,22.8
19,Fresh Fizz,Sparkling Water,14,SaverClub,Club,North America,40.3,63.0876190476190476,22.8
59,Pure Shine,Home Care,90,FreshMart (UAE),Grocery,Gulf - UAE,38.6,61.4090909090909091,22.8
32,Cloud Skin,Personal Care,83,Neighborhood Wholesale #2 (Tier 2/3),General Trade,India - Tier 2/3,40.0,62.8356666666666667,22.8
55,Vivid Sip,Beverages,36,FreshMart (Metro),Grocery,India - Metro,39.3,62.0715517241379310,22.8
57,Cloud Shine,Home Care,74,ValueTrade GT (Tier 2/3),General Trade,India - Tier 2/3,40.1,62.8800000000000000,22.8
108,Crunch Baby Co,Baby Care,71,UrbanPantry (Tier 2/3),Grocery,India - Tier 2/3,39.1,61.9433333333333333,22.8
110,Meadow Tiny Care,Baby Care,61,Community Retail Co-op (Metro),General Trade,India - Metro,40.4,63.2150000000000000,22.8
22,Crunch Fizz,Sparkling Water,121,Corner Store Network (Saudi),General Trade,Gulf - Saudi,40.4,63.0650000000000000,22.7
64,Blue Shine,Home Care,184,PrimeGrocer (Indonesia),Grocery,SEA - Indonesia,41.0,63.7145833333333333,22.7
34,Bold Kitchen,Packaged Foods,152,HopMart (Malaysia),Quick Commerce,SEA - Malaysia,39.8,62.4881250000000000,22.7
14,Golden Bubbles,Sparkling Water,10,HomeFresh,Grocery,North America,40.4,63.0876190476190476,22.7
95,Cloud Mornings,Breakfast & Cereal,113,MetroBazaar (Saudi),Grocery,Gulf - Saudi,36.7,59.3711111111111111,22.7
35,Silver Table,Packaged Foods,72,ValueGrocer (Tier 2/3),Grocery,India - Tier 2/3,39.2,61.8906000000000000,22.7
17,Nomad Bubbles,Sparkling Water,55,DartMart (Metro),Quick Commerce,India - Metro,39.3,61.9855603448275862,22.7
34,Bold Kitchen,Packaged Foods,182,MetroBazaar (Indonesia),Grocery,SEA - Indonesia,41.9,64.6200000000000000,22.7
82,Meadow Treats,Confectionery,71,UrbanPantry (Tier 2/3),Grocery,India - Tier 2/3,39.7,62.4378000000000000,22.7
109,Silver Little Ones,Baby Care,133,ZipCart (Qatar),Quick Commerce,Gulf - Qatar,38.9,61.6466666666666667,22.7
54,Nomad Drinks,Beverages,85,Community Retail Co-op #2 (Tier 2/3),General Trade,India - Tier 2/3,39.9,62.6366666666666667,22.7
78,Prime Confections,Confectionery,60,Corner Store Network (Metro),General Trade,India - Metro,40.0,62.6568965517241379,22.7
40,Meadow Pantry,Packaged Foods,96,UrbanPantry (UAE),Grocery,Gulf - UAE,40.3,63.0119318181818182,22.7
6,Coastal Bites,Salty Snacks,115,PrimeGrocer (Saudi),Grocery,Gulf - Saudi,39.6,62.3475000000000000,22.7
43,Coastal Table,Packaged Foods,85,Community Retail Co-op #2 (Tier 2/3),General Trade,India - Tier 2/3,39.2,61.8906000000000000,22.7
64,Blue Shine,Home Care,9,CityMart,Grocery,North America,38.8,61.5100694444444444,22.7
5,Urban Crisps,Salty Snacks,134,DashKart (Qatar),Quick Commerce,Gulf - Qatar,38.3,60.9850000000000000,22.7
7,Urban Bites,Salty Snacks,98,BulkBasket Club (UAE),Club,Gulf - UAE,40.0,62.7130681818181818,22.7
59,Pure Shine,Home Care,38,GreenAisle (Metro),Grocery,India - Metro,38.7,61.3740000000000000,22.7
24,Spring Care,Personal Care,107,Local Trade Collective (UAE),General Trade,Gulf - UAE,40.4,63.1394736842105263,22.7
2,Bold Snacks,Salty Snacks,43,CornerFuel Mart (Metro),C-Store,India - Metro,36.7,59.4456896551724138,22.7
102,Coastal Little Ones,Baby Care,85,Community Retail Co-op #2 (Tier 2/3),General Trade,India - Tier 2/3,39.2,61.9433333333333333,22.7
50,Crunch Drinks,Beverages,197,Community Retail Co-op (Indonesia),General Trade,SEA - Indonesia,38.0,60.6750000000000000,22.7
38,Urban Pantry,Packaged Foods,168,QuickDash (Philippines),Quick Commerce,SEA - Philippines,39.0,61.6500000000000000,22.7
34,Bold Kitchen,Packaged Foods,183,GreenAisle (Indonesia),Grocery,SEA - Indonesia,42.0,64.6200000000000000,22.6
80,Nomad Candy Co,Confectionery,73,Local Trade Collective (Tier 2/3),General Trade,India - Tier 2/3,39.8,62.4378000000000000,22.6
2,Bold Snacks,Salty Snacks,119,ValueTrade GT (Saudi),General Trade,Gulf - Saudi,39.7,62.3475000000000000,22.6
47,Sunrise Refresh,Beverages,88,Sundry Traders Network #2 (Tier 2/3),General Trade,India - Tier 2/3,40.0,62.6366666666666667,22.6
82,Meadow Treats,Confectionery,12,MetroBazaar #2,Grocery,North America,39.3,61.9236111111111111,22.6
83,Fresh Treats,Confectionery,73,Local Trade Collective (Tier 2/3),General Trade,India - Tier 2/3,39.8,62.4378000000000000,22.6
41,Royal Kitchen,Packaged Foods,5,DailyBasket,Grocery,North America,39.9,62.4755208333333333,22.6
93,Urban Mornings,Breakfast & Cereal,95,SunriseMart (UAE),Grocery,Gulf - UAE,40.8,63.3928030303030303,22.6
51,Coastal Drinks,Beverages,160,MarketLink GT (Malaysia),General Trade,SEA - Malaysia,39.2,61.7712500000000000,22.6
55,Vivid Sip,Beverages,36,FreshMart (Metro),Grocery,India - Metro,39.5,62.0715517241379310,22.6
53,Cloud Sip,Beverages,135,SwiftBasket (Qatar),Quick Commerce,Gulf - Qatar,39.8,62.3838888888888889,22.6
16,Sunrise Water Co,Sparkling Water,175,Neighborhood Wholesale (Philippines),General Trade,SEA - Philippines,42.1,64.6703947368421053,22.6
57,Cloud Shine,Home Care,179,MarketLink GT (Philippines),General Trade,SEA - Philippines,35.6,58.1723684210526316,22.6
11,Silver Snacks,Salty Snacks,5,DailyBasket,Grocery,North America,38.8,61.3621428571428571,22.6
57,Cloud Shine,Home Care,78,Bazaar Wholesale (Tier 2/3),General Trade,India - Tier 2/3,40.3,62.8800000000000000,22.6
51,Coastal Drinks,Beverages,150,DashKart (Malaysia),Quick Commerce,SEA - Malaysia,39.3,61.7712500000000000,22.5
76,Royal Farms,Dairy,6,SunriseMart,Grocery,North America,38.2,60.7394736842105263,22.5
86,True Candy Co,Confectionery,176,Corner Store Network (Philippines),General Trade,SEA - Philippines,40.5,63.0394736842105263,22.5
107,Spring Tiny Care,Baby Care,193,Local Trade Collective (Indonesia),General Trade,SEA - Indonesia,37.2,59.7341666666666667,22.5
66,Golden Household,Home Care,191,HopMart (Indonesia),Quick Commerce,SEA - Indonesia,41.2,63.7145833333333333,22.5
11,Silver Snacks,Salty Snacks,10,HomeFresh,Grocery,North America,38.9,61.3621428571428571,22.5
32,Cloud Skin,Personal Care,66,MetroBazaar (Tier 2/3),Grocery,India - Tier 2/3,40.3,62.8356666666666667,22.5
102,Coastal Little Ones,Baby Care,86,Bazaar Wholesale #2 (Tier 2/3),General Trade,India - Tier 2/3,39.4,61.9433333333333333,22.5
64,Blue Shine,Home Care,15,BulkBasket Club,Club,North America,39.0,61.5100694444444444,22.5
94,Crunch Cereal Co,Breakfast & Cereal,81,Local Trade Collective #2 (Tier 2/3),General Trade,India - Tier 2/3,41.2,63.6752500000000000,22.5
75,Vivid Dairy,Dairy,66,MetroBazaar (Tier 2/3),Grocery,India - Tier 2/3,40.1,62.6312000000000000,22.5
28,Spring Skin,Personal Care,159,Bazaar Wholesale (Malaysia),General Trade,SEA - Malaysia,39.0,61.4575000000000000,22.5
90,Prime Grains,Breakfast & Cereal,146,DailyBasket (Malaysia),Grocery,SEA - Malaysia,40.2,62.5915625000000000,22.4
64,Blue Shine,Home Care,18,SaverClub #2,Club,North America,39.1,61.5100694444444444,22.4
35,Silver Table,Packaged Foods,74,ValueTrade GT (Tier 2/3),General Trade,India - Tier 2/3,39.5,61.8906000000000000,22.4
51,Coastal Drinks,Beverages,155,ValueTrade GT (Malaysia),General Trade,SEA - Malaysia,39.4,61.7712500000000000,22.4
78,Prime Confections,Confectionery,63,MarketLink GT (Metro),General Trade,India - Metro,40.3,62.6568965517241379,22.4
62,Royal Household,Home Care,2,MetroBazaar,Grocery,North America,39.1,61.5100694444444444,22.4
92,Cloud Grains,Breakfast & Cereal,166,DailyBasket (Philippines),Grocery,SEA - Philippines,39.6,62.0381578947368421,22.4
49,Meadow Beverages,Beverages,69,DailyBasket (Tier 2/3),Grocery,India - Tier 2/3,40.2,62.6366666666666667,22.4
71,Golden Farms,Dairy,174,ValueTrade GT (Philippines),General Trade,SEA - Philippines,39.0,61.3750000000000000,22.4
104,Meadow Baby Co,Baby Care,127,FreshMart (Qatar),Grocery,Gulf - Qatar,39.2,61.6466666666666667,22.4
4,Blue Bites,Salty Snacks,160,MarketLink GT (Malaysia),General Trade,SEA - Malaysia,37.9,60.3325000000000000,22.4
105,Silver Baby Essentials,Baby Care,191,HopMart (Indonesia),Quick Commerce,SEA - Indonesia,37.3,59.7341666666666667,22.4
94,Crunch Cereal Co,Breakfast & Cereal,200,Sundry Traders Network (Indonesia),General Trade,SEA - Indonesia,39.1,61.4287500000000000,22.3
78,Prime Confections,Confectionery,47,ZipCart (Metro),Quick Commerce,India - Metro,40.4,62.6568965517241379,22.3
20,Heritage Springs,Sparkling Water,39,PrimeGrocer (Metro),Grocery,India - Metro,39.7,61.9855603448275862,22.3
51,Coastal Drinks,Beverages,21,EarthAisle,Natural,North America,40.6,62.8907142857142857,22.3
58,Coastal Clean,Home Care,93,PrimeGrocer (UAE),Grocery,Gulf - UAE,39.1,61.4090909090909091,22.3
87,Pure Sweets,Confectionery,25,QuickStop,C-Store,North America,39.6,61.9236111111111111,22.3
44,Spring Pantry,Packaged Foods,87,MarketLink GT #2 (Tier 2/3),General Trade,India - Tier 2/3,39.6,61.8906000000000000,22.3
81,Prime Candy Co,Confectionery,131,DailyBasket (Qatar),Grocery,Gulf - Qatar,38.6,60.9133333333333333,22.3
77,Urban Creamery,Dairy,130,PrimeGrocer (Qatar),Grocery,Gulf - Qatar,43.9,66.1566666666666667,22.3
46,Fresh Refresh,Beverages,5,DailyBasket,Grocery,North America,40.6,62.8907142857142857,22.3
60,True Shine,Home Care,105,FlashCart (UAE),Quick Commerce,Gulf - UAE,39.1,61.4090909090909091,22.3
93,Urban Mornings,Breakfast & Cereal,176,Corner Store Network (Philippines),General Trade,SEA - Philippines,39.7,62.0381578947368421,22.3
34,Bold Kitchen,Packaged Foods,142,FreshMart (Malaysia),Grocery,SEA - Malaysia,40.2,62.4881250000000000,22.3
105,Silver Baby Essentials,Baby Care,70,SunriseMart (Tier 2/3),Grocery,India - Tier 2/3,39.7,61.9433333333333333,22.2
18,Royal Fizz,Sparkling Water,23,GreenLeaf Naturals #2,Natural,North America,40.9,63.0876190476190476,22.2
11,Silver Snacks,Salty Snacks,14,SaverClub,Club,North America,39.2,61.3621428571428571,22.2
93,Urban Mornings,Breakfast & Cereal,162,FreshMart (Philippines),Grocery,SEA - Philippines,39.8,62.0381578947368421,22.2
107,Spring Tiny Care,Baby Care,192,FlashCart (Indonesia),Quick Commerce,SEA - Indonesia,37.5,59.7341666666666667,22.2
95,Cloud Mornings,Breakfast & Cereal,115,PrimeGrocer (Saudi),Grocery,Gulf - Saudi,37.2,59.3711111111111111,22.2
41,Royal Kitchen,Packaged Foods,10,HomeFresh,Grocery,North America,40.3,62.4755208333333333,22.2
45,Pure Drinks,Beverages,113,MetroBazaar (Saudi),Grocery,Gulf - Saudi,40.3,62.5236666666666667,22.2
96,Meadow Breakfast Co,Breakfast & Cereal,75,Neighborhood Wholesale (Tier 2/3),General Trade,India - Tier 2/3,41.5,63.6752500000000000,22.2
61,Crunch Household,Home Care,57,Local Trade Collective (Metro),General Trade,India - Metro,39.2,61.3740000000000000,22.2
93,Urban Mornings,Breakfast & Cereal,97,SaverClub (UAE),Club,Gulf - UAE,41.2,63.3928030303030303,22.2
57,Cloud Shine,Home Care,71,UrbanPantry (Tier 2/3),Grocery,India - Tier 2/3,40.7,62.8800000000000000,22.2
11,Silver Snacks,Salty Snacks,27,GoStop,C-Store,North America,39.2,61.3621428571428571,22.2
101,Everyday Tiny Care,Baby Care,129,GreenAisle (Qatar),Grocery,Gulf - Qatar,39.4,61.6466666666666667,22.2
82,Meadow Treats,Confectionery,27,GoStop,C-Store,North America,39.7,61.9236111111111111,22.2
45,Pure Drinks,Beverages,122,Community Retail Co-op (Saudi),General Trade,Gulf - Saudi,40.3,62.5236666666666667,22.2
35,Silver Table,Packaged Foods,24,PureRoots Market #2,Natural,North America,40.4,62.4755208333333333,22.1
77,Urban Creamery,Dairy,120,Neighborhood Wholesale (Saudi),General Trade,Gulf - Saudi,38.2,60.2775000000000000,22.1
22,Crunch Fizz,Sparkling Water,101,ZipCart (UAE),Quick Commerce,Gulf - UAE,40.9,62.9568181818181818,22.1
85,Heritage Treats,Confectionery,89,Local Trade Collective #3 (Tier 2/3),General Trade,India - Tier 2/3,40.3,62.4378000000000000,22.1
104,Meadow Baby Co,Baby Care,131,DailyBasket (Qatar),Grocery,Gulf - Qatar,39.5,61.6466666666666667,22.1
6,Coastal Bites,Salty Snacks,18,SaverClub #2,Club,North America,39.3,61.3621428571428571,22.1
11,Silver Snacks,Salty Snacks,79,MarketLink GT (Tier 2/3),General Trade,India - Tier 2/3,40.9,63.0406666666666667,22.1
27,Golden Glow,Personal Care,190,SwiftBasket (Indonesia),Quick Commerce,SEA - Indonesia,38.3,60.4337500000000000,22.1
93,Urban Mornings,Breakfast & Cereal,176,Corner Store Network (Philippines),General Trade,SEA - Philippines,39.9,62.0381578947368421,22.1
48,Silver Beverages,Beverages,134,DashKart (Qatar),Quick Commerce,Gulf - Qatar,40.3,62.3838888888888889,22.1
85,Heritage Treats,Confectionery,75,Neighborhood Wholesale (Tier 2/3),General Trade,India - Tier 2/3,40.3,62.4378000000000000,22.1
59,Pure Shine,Home Care,51,FlashCart (Metro),Quick Commerce,India - Metro,39.3,61.3740000000000000,22.1
6,Coastal Bites,Salty Snacks,117,SunriseMart (Saudi),Grocery,Gulf - Saudi,40.2,62.3475000000000000,22.1
89,Nomad Mornings,Breakfast & Cereal,15,BulkBasket Club,Club,North America,41.0,63.0944444444444444,22.1
79,Coastal Candy Co,Confectionery,76,Corner Store Network (Tier 2/3),General Trade,India - Tier 2/3,40.3,62.4378000000000000,22.1
94,Crunch Cereal Co,Breakfast & Cereal,182,MetroBazaar (Indonesia),Grocery,SEA - Indonesia,39.3,61.4287500000000000,22.1
34,Bold Kitchen,Packaged Foods,200,Sundry Traders Network (Indonesia),General Trade,SEA - Indonesia,42.5,64.6200000000000000,22.1
44,Spring Pantry,Packaged Foods,82,ValueTrade GT #2 (Tier 2/3),General Trade,India - Tier 2/3,39.8,61.8906000000000000,22.1
85,Heritage Treats,Confectionery,77,Community Retail Co-op (Tier 2/3),General Trade,India - Tier 2/3,40.3,62.4378000000000000,22.1
6,Coastal Bites,Salty Snacks,112,FreshMart (Saudi),Grocery,Gulf - Saudi,40.2,62.3475000000000000,22.1
29,Golden Essentials,Personal Care,41,SunriseMart (Metro),Grocery,India - Metro,40.6,62.6680000000000000,22.1
34,Bold Kitchen,Packaged Foods,200,Sundry Traders Network (Indonesia),General Trade,SEA - Indonesia,42.6,64.6200000000000000,22.0
6,Coastal Bites,Salty Snacks,12,MetroBazaar #2,Grocery,North America,39.4,61.3621428571428571,22.0
67,Golden Milk Co,Dairy,186,SunriseMart (Indonesia),Grocery,SEA - Indonesia,41.3,63.3287500000000000,22.0
8,Meadow Crisps,Salty Snacks,79,MarketLink GT (Tier 2/3),General Trade,India - Tier 2/3,41.0,63.0406666666666667,22.0
17,Nomad Bubbles,Sparkling Water,60,Corner Store Network (Metro),General Trade,India - Metro,40.0,61.9855603448275862,22.0
99,Fresh Cereal Co,Breakfast & Cereal,104,HopMart (UAE),Quick Commerce,Gulf - UAE,41.4,63.3928030303030303,22.0
57,Cloud Shine,Home Care,169,ZipCart (Philippines),Quick Commerce,SEA - Philippines,36.2,58.1723684210526316,22.0
95,Cloud Mornings,Breakfast & Cereal,123,Bazaar Wholesale (Saudi),General Trade,Gulf - Saudi,37.4,59.3711111111111111,22.0
21,Golden Fizz,Sparkling Water,40,DailyBasket (Metro),Grocery,India - Metro,40.0,61.9855603448275862,22.0
94,Crunch Cereal Co,Breakfast & Cereal,88,Sundry Traders Network #2 (Tier 2/3),General Trade,India - Tier 2/3,41.7,63.6752500000000000,22.0
93,Urban Mornings,Breakfast & Cereal,172,HopMart (Philippines),Quick Commerce,SEA - Philippines,40.0,62.0381578947368421,22.0
28,Spring Skin,Personal Care,5,DailyBasket,Grocery,North America,41.2,63.2026315789473684,22.0
53,Cloud Sip,Beverages,139,Neighborhood Wholesale (Qatar),General Trade,Gulf - Qatar,40.4,62.3838888888888889,22.0
35,Silver Table,Packaged Foods,88,Sundry Traders Network #2 (Tier 2/3),General Trade,India - Tier 2/3,39.9,61.8906000000000000,22.0
77,Urban Creamery,Dairy,132,QuickDash (Qatar),Quick Commerce,Gulf - Qatar,44.2,66.1566666666666667,22.0
42,Urban Kitchen,Packaged Foods,68,PrimeGrocer (Tier 2/3),Grocery,India - Tier 2/3,39.9,61.8906000000000000,22.0
47,Sunrise Refresh,Beverages,117,SunriseMart (Saudi),Grocery,Gulf - Saudi,40.5,62.5236666666666667,22.0
89,Nomad Mornings,Breakfast & Cereal,5,DailyBasket,Grocery,North America,41.2,63.0944444444444444,21.9
28,Spring Skin,Personal Care,148,QuickDash (Malaysia),Quick Commerce,SEA - Malaysia,39.6,61.4575000000000000,21.9
91,Coastal Cereal Co,Breakfast & Cereal,152,HopMart (Malaysia),Quick Commerce,SEA - Malaysia,40.7,62.5915625000000000,21.9
78,Prime Confections,Confectionery,51,FlashCart (Metro),Quick Commerce,India - Metro,40.8,62.6568965517241379,21.9
46,Fresh Refresh,Beverages,34,CornerFuel Mart #3,C-Store,North America,41.0,62.8907142857142857,21.9
25,Royal Skin,Personal Care,154,Local Trade Collective (Malaysia),General Trade,SEA - Malaysia,39.6,61.4575000000000000,21.9
66,Golden Household,Home Care,190,SwiftBasket (Indonesia),Quick Commerce,SEA - Indonesia,41.8,63.7145833333333333,21.9
6,Coastal Bites,Salty Snacks,25,QuickStop,C-Store,North America,39.5,61.3621428571428571,21.9
100,Fresh Tiny Care,Baby Care,87,MarketLink GT #2 (Tier 2/3),General Trade,India - Tier 2/3,40.0,61.9433333333333333,21.9
27,Golden Glow,Personal Care,186,SunriseMart (Indonesia),Grocery,SEA - Indonesia,38.5,60.4337500000000000,21.9
44,Spring Pantry,Packaged Foods,96,UrbanPantry (UAE),Grocery,Gulf - UAE,41.1,63.0119318181818182,21.9
64,Blue Shine,Home Care,11,FreshMart #2,Grocery,North America,39.6,61.5100694444444444,21.9
75,Vivid Dairy,Dairy,83,Neighborhood Wholesale #2 (Tier 2/3),General Trade,India - Tier 2/3,40.7,62.6312000000000000,21.9
70,Vivid Milk Co,Dairy,77,Community Retail Co-op (Tier 2/3),General Trade,India - Tier 2/3,40.7,62.6312000000000000,21.9
83,Fresh Treats,Confectionery,78,Bazaar Wholesale (Tier 2/3),General Trade,India - Tier 2/3,40.5,62.4378000000000000,21.9
52,Spring Sip,Beverages,139,Neighborhood Wholesale (Qatar),General Trade,Gulf - Qatar,40.5,62.3838888888888889,21.9
23,Golden Skin,Personal Care,39,PrimeGrocer (Metro),Grocery,India - Metro,40.8,62.6680000000000000,21.9
89,Nomad Mornings,Breakfast & Cereal,68,PrimeGrocer (Tier 2/3),Grocery,India - Tier 2/3,41.8,63.6752500000000000,21.9
22,Crunch Fizz,Sparkling Water,109,Neighborhood Wholesale (UAE),General Trade,Gulf - UAE,41.1,62.9568181818181818,21.9
54,Nomad Drinks,Beverages,117,SunriseMart (Saudi),Grocery,Gulf - Saudi,40.7,62.5236666666666667,21.8
36,Cloud Table,Packaged Foods,137,Local Trade Collective (Qatar),General Trade,Gulf - Qatar,44.9,66.6983333333333333,21.8
89,Nomad Mornings,Breakfast & Cereal,67,GreenAisle (Tier 2/3),Grocery,India - Tier 2/3,41.9,63.6752500000000000,21.8
78,Prime Confections,Confectionery,56,QuickDash #2 (Metro),Quick Commerce,India - Metro,40.9,62.6568965517241379,21.8
11,Silver Snacks,Salty Snacks,35,GoStop #3,C-Store,North America,39.6,61.3621428571428571,21.8
40,Meadow Pantry,Packaged Foods,99,WareClub (UAE),Club,Gulf - UAE,41.2,63.0119318181818182,21.8
91,Coastal Cereal Co,Breakfast & Cereal,144,GreenAisle (Malaysia),Grocery,SEA - Malaysia,40.8,62.5915625000000000,21.8
27,Golden Glow,Personal Care,190,SwiftBasket (Indonesia),Quick Commerce,SEA - Indonesia,38.6,60.4337500000000000,21.8
78,Prime Confections,Confectionery,54,GoCart Express (Metro),Quick Commerce,India - Metro,40.9,62.6568965517241379,21.8
97,Royal Breakfast Co,Breakfast & Cereal,145,PrimeGrocer (Malaysia),Grocery,SEA - Malaysia,40.8,62.5915625000000000,21.8
80,Nomad Candy Co,Confectionery,28,ExpressStop,C-Store,North America,40.1,61.9236111111111111,21.8
78,Prime Confections,Confectionery,198,Bazaar Wholesale (Indonesia),General Trade,SEA - Indonesia,40.1,61.8512500000000000,21.8
55,Vivid Sip,Beverages,184,PrimeGrocer (Indonesia),Grocery,SEA - Indonesia,38.9,60.6750000000000000,21.8
30,Cloud Essentials,Personal Care,151,SwiftBasket (Malaysia),Quick Commerce,SEA - Malaysia,39.7,61.4575000000000000,21.8
37,Heritage Kitchen,Packaged Foods,112,FreshMart (Saudi),Grocery,Gulf - Saudi,39.2,61.0458333333333333,21.8
34,Bold Kitchen,Packaged Foods,191,HopMart (Indonesia),Quick Commerce,SEA - Indonesia,42.9,64.6200000000000000,21.7
22,Crunch Fizz,Sparkling Water,116,DailyBasket (Saudi),Grocery,Gulf - Saudi,41.4,63.0650000000000000,21.7
64,Blue Shine,Home Care,189,DashKart (Indonesia),Quick Commerce,SEA - Indonesia,42.0,63.7145833333333333,21.7
43,Coastal Table,Packaged Foods,63,MarketLink GT (Metro),General Trade,India - Metro,40.6,62.2600000000000000,21.7
56,Golden Shine,Home Care,85,Community Retail Co-op #2 (Tier 2/3),General Trade,India - Tier 2/3,41.2,62.8800000000000000,21.7
88,Pure Treats,Confectionery,196,Corner Store Network (Indonesia),General Trade,SEA - Indonesia,40.2,61.8512500000000000,21.7
62,Royal Household,Home Care,114,GreenAisle (Saudi),Grocery,Gulf - Saudi,41.5,63.1858333333333333,21.7
7,Urban Bites,Salty Snacks,194,ValueTrade GT (Indonesia),General Trade,SEA - Indonesia,36.5,58.1575000000000000,21.7
14,Golden Bubbles,Sparkling Water,25,QuickStop,C-Store,North America,41.4,63.0876190476190476,21.7
75,Vivid Dairy,Dairy,107,Local Trade Collective (UAE),General Trade,Gulf - UAE,42.5,64.2289473684210526,21.7
91,Coastal Cereal Co,Breakfast & Cereal,123,Bazaar Wholesale (Saudi),General Trade,Gulf - Saudi,37.7,59.3711111111111111,21.7
62,Royal Household,Home Care,13,GreenAisle #2,Grocery,North America,39.8,61.5100694444444444,21.7
108,Crunch Baby Co,Baby Care,122,Community Retail Co-op (Saudi),General Trade,Gulf - Saudi,42.9,64.5725000000000000,21.7
108,Crunch Baby Co,Baby Care,86,Bazaar Wholesale #2 (Tier 2/3),General Trade,India - Tier 2/3,40.2,61.9433333333333333,21.7
102,Coastal Little Ones,Baby Care,71,UrbanPantry (Tier 2/3),Grocery,India - Tier 2/3,40.2,61.9433333333333333,21.7
2,Bold Snacks,Salty Snacks,64,Sundry Traders Network (Metro),General Trade,India - Metro,37.7,59.4456896551724138,21.7
50,Crunch Drinks,Beverages,184,PrimeGrocer (Indonesia),Grocery,SEA - Indonesia,39.0,60.6750000000000000,21.7
29,Golden Essentials,Personal Care,54,GoCart Express (Metro),Quick Commerce,India - Metro,41.0,62.6680000000000000,21.7
23,Golden Skin,Personal Care,60,Corner Store Network (Metro),General Trade,India - Metro,41.0,62.6680000000000000,21.7
47,Sunrise Refresh,Beverages,82,ValueTrade GT #2 (Tier 2/3),General Trade,India - Tier 2/3,40.9,62.6366666666666667,21.7
55,Vivid Sip,Beverages,64,Sundry Traders Network (Metro),General Trade,India - Metro,40.4,62.0715517241379310,21.7
78,Prime Confections,Confectionery,200,Sundry Traders Network (Indonesia),General Trade,SEA - Indonesia,40.2,61.8512500000000000,21.7
71,Golden Farms,Dairy,8,ValueGrocer,Grocery,North America,39.0,60.7394736842105263,21.7
47,Sunrise Refresh,Beverages,119,ValueTrade GT (Saudi),General Trade,Gulf - Saudi,40.8,62.5236666666666667,21.7
15,Blue Springs,Sparkling Water,118,Local Trade Collective (Saudi),General Trade,Gulf - Saudi,41.4,63.0650000000000000,21.7
100,Fresh Tiny Care,Baby Care,83,Neighborhood Wholesale #2 (Tier 2/3),General Trade,India - Tier 2/3,40.2,61.9433333333333333,21.7
50,Crunch Drinks,Beverages,168,QuickDash (Philippines),Quick Commerce,SEA - Philippines,42.8,64.5381578947368421,21.7
26,Prime Care,Personal Care,83,Neighborhood Wholesale #2 (Tier 2/3),General Trade,India - Tier 2/3,41.1,62.8356666666666667,21.7
93,Urban Mornings,Breakfast & Cereal,178,Bazaar Wholesale (Philippines),General Trade,SEA - Philippines,40.3,62.0381578947368421,21.7
66,Golden Household,Home Care,193,Local Trade Collective (Indonesia),General Trade,SEA - Indonesia,42.0,63.7145833333333333,21.7
74,Sunrise Milk Co,Dairy,89,Local Trade Collective #3 (Tier 2/3),General Trade,India - Tier 2/3,41.0,62.6312000000000000,21.6
56,Golden Shine,Home Care,87,MarketLink GT #2 (Tier 2/3),General Trade,India - Tier 2/3,41.3,62.8800000000000000,21.6
108,Crunch Baby Co,Baby Care,125,Sundry Traders Network (Saudi),General Trade,Gulf - Saudi,43.0,64.5725000000000000,21.6
38,Urban Pantry,Packaged Foods,125,Sundry Traders Network (Saudi),General Trade,Gulf - Saudi,39.4,61.0458333333333333,21.6
58,Coastal Clean,Home Care,103,SwiftBasket (UAE),Quick Commerce,Gulf - UAE,39.8,61.4090909090909091,21.6
9,Spring Crisps,Salty Snacks,95,SunriseMart (UAE),Grocery,Gulf - UAE,41.1,62.7130681818181818,21.6
59,Pure Shine,Home Care,90,FreshMart (UAE),Grocery,Gulf - UAE,39.8,61.4090909090909091,21.6
76,Royal Farms,Dairy,84,Corner Store Network #2 (Tier 2/3),General Trade,India - Tier 2/3,41.0,62.6312000000000000,21.6
12,True Water Co,Sparkling Water,84,Corner Store Network #2 (Tier 2/3),General Trade,India - Tier 2/3,41.8,63.3680000000000000,21.6
104,Meadow Baby Co,Baby Care,141,Community Retail Co-op (Qatar),General Trade,Gulf - Qatar,40.0,61.6466666666666667,21.6
38,Urban Pantry,Packaged Foods,112,FreshMart (Saudi),Grocery,Gulf - Saudi,39.4,61.0458333333333333,21.6
44,Spring Pantry,Packaged Foods,94,DailyBasket (UAE),Grocery,Gulf - UAE,41.4,63.0119318181818182,21.6
13,Urban Bubbles,Sparkling Water,162,FreshMart (Philippines),Grocery,SEA - Philippines,43.1,64.6703947368421053,21.6
82,Meadow Treats,Confectionery,2,MetroBazaar,Grocery,North America,40.3,61.9236111111111111,21.6
18,Royal Fizz,Sparkling Water,22,NaturaLife Market,Natural,North America,41.5,63.0876190476190476,21.6
80,Nomad Candy Co,Confectionery,87,MarketLink GT #2 (Tier 2/3),General Trade,India - Tier 2/3,40.9,62.4378000000000000,21.5
46,Fresh Refresh,Beverages,114,GreenAisle (Saudi),Grocery,Gulf - Saudi,41.0,62.5236666666666667,21.5
18,Royal Fizz,Sparkling Water,6,SunriseMart,Grocery,North America,41.6,63.0876190476190476,21.5
11,Silver Snacks,Salty Snacks,83,Neighborhood Wholesale #2 (Tier 2/3),General Trade,India - Tier 2/3,41.5,63.0406666666666667,21.5
43,Coastal Table,Packaged Foods,79,MarketLink GT (Tier 2/3),General Trade,India - Tier 2/3,40.4,61.8906000000000000,21.5
40,Meadow Pantry,Packaged Foods,107,Local Trade Collective (UAE),General Trade,Gulf - UAE,41.5,63.0119318181818182,21.5
80,Nomad Candy Co,Confectionery,79,MarketLink GT (Tier 2/3),General Trade,India - Tier 2/3,40.9,62.4378000000000000,21.5
7,Urban Bites,Salty Snacks,91,MetroBazaar (UAE),Grocery,Gulf - UAE,41.2,62.7130681818181818,21.5
82,Meadow Treats,Confectionery,67,GreenAisle (Tier 2/3),Grocery,India - Tier 2/3,40.9,62.4378000000000000,21.5
94,Crunch Cereal Co,Breakfast & Cereal,80,Sundry Traders Network (Tier 2/3),General Trade,India - Tier 2/3,42.2,63.6752500000000000,21.5
76,Royal Farms,Dairy,89,Local Trade Collective #3 (Tier 2/3),General Trade,India - Tier 2/3,41.1,62.6312000000000000,21.5
38,Urban Pantry,Packaged Foods,177,Community Retail Co-op (Philippines),General Trade,SEA - Philippines,40.2,61.6500000000000000,21.5
88,Pure Treats,Confectionery,105,FlashCart (UAE),Quick Commerce,Gulf - UAE,40.4,61.9394736842105263,21.5
77,Urban Creamery,Dairy,119,ValueTrade GT (Saudi),General Trade,Gulf - Saudi,38.8,60.2775000000000000,21.5
46,Fresh Refresh,Beverages,14,SaverClub,Club,North America,41.4,62.8907142857142857,21.5
23,Golden Skin,Personal Care,51,FlashCart (Metro),Quick Commerce,India - Metro,41.2,62.6680000000000000,21.5
73,Blue Milk Co,Dairy,193,Local Trade Collective (Indonesia),General Trade,SEA - Indonesia,41.8,63.3287500000000000,21.5
61,Crunch Household,Home Care,59,Neighborhood Wholesale (Metro),General Trade,India - Metro,40.0,61.3740000000000000,21.4
12,True Water Co,Sparkling Water,80,Sundry Traders Network (Tier 2/3),General Trade,India - Tier 2/3,42.0,63.3680000000000000,21.4
36,Cloud Table,Packaged Foods,137,Local Trade Collective (Qatar),General Trade,Gulf - Qatar,45.3,66.6983333333333333,21.4
105,Silver Baby Essentials,Baby Care,66,MetroBazaar (Tier 2/3),Grocery,India - Tier 2/3,40.5,61.9433333333333333,21.4
44,Spring Pantry,Packaged Foods,78,Bazaar Wholesale (Tier 2/3),General Trade,India - Tier 2/3,40.5,61.8906000000000000,21.4
44,Spring Pantry,Packaged Foods,89,Local Trade Collective #3 (Tier 2/3),General Trade,India - Tier 2/3,40.5,61.8906000000000000,21.4
11,Silver Snacks,Salty Snacks,5,DailyBasket,Grocery,North America,40.0,61.3621428571428571,21.4
59,Pure Shine,Home Care,105,FlashCart (UAE),Quick Commerce,Gulf - UAE,40.0,61.4090909090909091,21.4
51,Coastal Drinks,Beverages,151,SwiftBasket (Malaysia),Quick Commerce,SEA - Malaysia,40.4,61.7712500000000000,21.4
61,Crunch Household,Home Care,63,MarketLink GT (Metro),General Trade,India - Metro,40.0,61.3740000000000000,21.4
90,Prime Grains,Breakfast & Cereal,158,Community Retail Co-op (Malaysia),General Trade,SEA - Malaysia,41.2,62.5915625000000000,21.4
53,Cloud Sip,Beverages,124,MarketLink GT (Saudi),General Trade,Gulf - Saudi,41.1,62.5236666666666667,21.4
78,Prime Confections,Confectionery,40,DailyBasket (Metro),Grocery,India - Metro,41.3,62.6568965517241379,21.4
11,Silver Snacks,Salty Snacks,19,GreenLeaf Naturals,Natural,North America,40.0,61.3621428571428571,21.4
58,Coastal Clean,Home Care,193,Local Trade Collective (Indonesia),General Trade,SEA - Indonesia,42.3,63.7145833333333333,21.4
42,Urban Kitchen,Packaged Foods,173,Local Trade Collective (Philippines),General Trade,SEA - Philippines,40.3,61.6500000000000000,21.4
33,Cloud Glow,Personal Care,122,Community Retail Co-op (Saudi),General Trade,Gulf - Saudi,38.5,59.8583333333333333,21.4
71,Golden Farms,Dairy,11,FreshMart #2,Grocery,North America,39.3,60.7394736842105263,21.4
35,Silver Table,Packaged Foods,81,Local Trade Collective #2 (Tier 2/3),General Trade,India - Tier 2/3,40.5,61.8906000000000000,21.4
12,True Water Co,Sparkling Water,74,ValueTrade GT (Tier 2/3),General Trade,India - Tier 2/3,42.0,63.3680000000000000,21.4
49,Meadow Beverages,Beverages,70,SunriseMart (Tier 2/3),Grocery,India - Tier 2/3,41.2,62.6366666666666667,21.4
12,True Water Co,Sparkling Water,57,Local Trade Collective (Metro),General Trade,India - Metro,40.6,61.9855603448275862,21.4
20,Heritage Springs,Sparkling Water,45,ExpressStop (Metro),C-Store,India - Metro,40.7,61.9855603448275862,21.3
36,Cloud Table,Packaged Foods,70,SunriseMart (Tier 2/3),Grocery,India - Tier 2/3,40.6,61.8906000000000000,21.3
6,Coastal Bites,Salty Snacks,26,CornerFuel Mart,C-Store,North America,40.1,61.3621428571428571,21.3
22,Crunch Fizz,Sparkling Water,114,GreenAisle (Saudi),Grocery,Gulf - Saudi,41.8,63.0650000000000000,21.3
65,Urban Clean,Home Care,18,SaverClub #2,Club,North America,40.2,61.5100694444444444,21.3
73,Blue Milk Co,Dairy,21,EarthAisle,Natural,North America,39.4,60.7394736842105263,21.3
8,Meadow Crisps,Salty Snacks,82,ValueTrade GT #2 (Tier 2/3),General Trade,India - Tier 2/3,41.7,63.0406666666666667,21.3
80,Nomad Candy Co,Confectionery,70,SunriseMart (Tier 2/3),Grocery,India - Tier 2/3,41.1,62.4378000000000000,21.3
41,Royal Kitchen,Packaged Foods,5,DailyBasket,Grocery,North America,41.2,62.4755208333333333,21.3
2,Bold Snacks,Salty Snacks,122,Community Retail Co-op (Saudi),General Trade,Gulf - Saudi,41.0,62.3475000000000000,21.3
56,Golden Shine,Home Care,78,Bazaar Wholesale (Tier 2/3),General Trade,India - Tier 2/3,41.7,62.8800000000000000,21.2
54,Nomad Drinks,Beverages,118,Local Trade Collective (Saudi),General Trade,Gulf - Saudi,41.3,62.5236666666666667,21.2
18,Royal Fizz,Sparkling Water,19,GreenLeaf Naturals,Natural,North America,41.9,63.0876190476190476,21.2
109,Silver Little Ones,Baby Care,12,MetroBazaar #2,Grocery,North America,41.8,63.0250000000000000,21.2
42,Urban Kitchen,Packaged Foods,85,Community Retail Co-op #2 (Tier 2/3),General Trade,India - Tier 2/3,40.7,61.8906000000000000,21.2
12,True Water Co,Sparkling Water,70,SunriseMart (Tier 2/3),Grocery,India - Tier 2/3,42.2,63.3680000000000000,21.2
16,Sunrise Water Co,Sparkling Water,190,SwiftBasket (Indonesia),Quick Commerce,SEA - Indonesia,42.7,63.8825000000000000,21.2
13,Urban Bubbles,Sparkling Water,157,Corner Store Network (Malaysia),General Trade,SEA - Malaysia,40.4,61.5825000000000000,21.2
86,True Candy Co,Confectionery,168,QuickDash (Philippines),Quick Commerce,SEA - Philippines,41.8,63.0394736842105263,21.2
55,Vivid Sip,Beverages,39,PrimeGrocer (Metro),Grocery,India - Metro,40.9,62.0715517241379310,21.2
30,Cloud Essentials,Personal Care,151,SwiftBasket (Malaysia),Quick Commerce,SEA - Malaysia,40.3,61.4575000000000000,21.2
47,Sunrise Refresh,Beverages,112,FreshMart (Saudi),Grocery,Gulf - Saudi,41.3,62.5236666666666667,21.2
10,Silver Chips,Salty Snacks,120,Neighborhood Wholesale (Saudi),General Trade,Gulf - Saudi,41.1,62.3475000000000000,21.2
42,Urban Kitchen,Packaged Foods,85,Community Retail Co-op #2 (Tier 2/3),General Trade,India - Tier 2/3,40.7,61.8906000000000000,21.2
59,Pure Shine,Home Care,61,Community Retail Co-op (Metro),General Trade,India - Metro,40.2,61.3740000000000000,21.2
50,Crunch Drinks,Beverages,198,Bazaar Wholesale (Indonesia),General Trade,SEA - Indonesia,39.5,60.6750000000000000,21.2
54,Nomad Drinks,Beverages,122,Community Retail Co-op (Saudi),General Trade,Gulf - Saudi,41.3,62.5236666666666667,21.2
43,Coastal Table,Packaged Foods,58,ValueTrade GT (Metro),General Trade,India - Metro,41.1,62.2600000000000000,21.2
59,Pure Shine,Home Care,51,FlashCart (Metro),Quick Commerce,India - Metro,40.2,61.3740000000000000,21.2
28,Spring Skin,Personal Care,19,GreenLeaf Naturals,Natural,North America,42.0,63.2026315789473684,21.2
12,True Water Co,Sparkling Water,45,ExpressStop (Metro),C-Store,India - Metro,40.8,61.9855603448275862,21.2
57,Cloud Shine,Home Care,180,Sundry Traders Network (Philippines),General Trade,SEA - Philippines,37.0,58.1723684210526316,21.2
2,Bold Snacks,Salty Snacks,124,MarketLink GT (Saudi),General Trade,Gulf - Saudi,41.2,62.3475000000000000,21.1
76,Royal Farms,Dairy,71,UrbanPantry (Tier 2/3),Grocery,India - Tier 2/3,41.5,62.6312000000000000,21.1
22,Crunch Fizz,Sparkling Water,90,FreshMart (UAE),Grocery,Gulf - UAE,41.9,62.9568181818181818,21.1
104,Meadow Baby Co,Baby Care,135,SwiftBasket (Qatar),Quick Commerce,Gulf - Qatar,40.5,61.6466666666666667,21.1
20,Heritage Springs,Sparkling Water,45,ExpressStop (Metro),C-Store,India - Metro,40.9,61.9855603448275862,21.1
26,Prime Care,Personal Care,72,ValueGrocer (Tier 2/3),Grocery,India - Tier 2/3,41.7,62.8356666666666667,21.1
55,Vivid Sip,Beverages,61,Community Retail Co-op (Metro),General Trade,India - Metro,41.0,62.0715517241379310,21.1
35,Silver Table,Packaged Foods,78,Bazaar Wholesale (Tier 2/3),General Trade,India - Tier 2/3,40.8,61.8906000000000000,21.1
93,Urban Mornings,Breakfast & Cereal,108,ValueTrade GT (UAE),General Trade,Gulf - UAE,42.3,63.3928030303030303,21.1
76,Royal Farms,Dairy,21,EarthAisle,Natural,North America,39.6,60.7394736842105263,21.1
59,Pure Shine,Home Care,59,Neighborhood Wholesale (Metro),General Trade,India - Metro,40.3,61.3740000000000000,21.1
36,Cloud Table,Packaged Foods,129,GreenAisle (Qatar),Grocery,Gulf - Qatar,45.6,66.6983333333333333,21.1
27,Golden Glow,Personal Care,195,Neighborhood Wholesale (Indonesia),General Trade,SEA - Indonesia,39.3,60.4337500000000000,21.1
75,Vivid Dairy,Dairy,79,MarketLink GT (Tier 2/3),General Trade,India - Tier 2/3,41.5,62.6312000000000000,21.1
83,Fresh Treats,Confectionery,84,Corner Store Network #2 (Tier 2/3),General Trade,India - Tier 2/3,41.3,62.4378000000000000,21.1
74,Sunrise Milk Co,Dairy,84,Corner Store Network #2 (Tier 2/3),General Trade,India - Tier 2/3,41.5,62.6312000000000000,21.1
33,Cloud Glow,Personal Care,70,SunriseMart (Tier 2/3),Grocery,India - Tier 2/3,41.7,62.8356666666666667,21.1
46,Fresh Refresh,Beverages,5,DailyBasket,Grocery,North America,41.8,62.8907142857142857,21.1
80,Nomad Candy Co,Confectionery,77,Community Retail Co-op (Tier 2/3),General Trade,India - Tier 2/3,41.3,62.4378000000000000,21.1
97,Royal Breakfast Co,Breakfast & Cereal,148,QuickDash (Malaysia),Quick Commerce,SEA - Malaysia,41.5,62.5915625000000000,21.1
51,Coastal Drinks,Beverages,22,NaturaLife Market,Natural,North America,41.9,62.8907142857142857,21.0
75,Vivid Dairy,Dairy,93,PrimeGrocer (UAE),Grocery,Gulf - UAE,43.2,64.2289473684210526,21.0
55,Vivid Sip,Beverages,200,Sundry Traders Network (Indonesia),General Trade,SEA - Indonesia,39.7,60.6750000000000000,21.0
21,Golden Fizz,Sparkling Water,36,FreshMart (Metro),Grocery,India - Metro,41.0,61.9855603448275862,21.0
78,Prime Confections,Confectionery,187,QuickDash (Indonesia),Quick Commerce,SEA - Indonesia,40.9,61.8512500000000000,21.0
87,Pure Sweets,Confectionery,34,CornerFuel Mart #3,C-Store,North America,40.9,61.9236111111111111,21.0
55,Vivid Sip,Beverages,181,FreshMart (Indonesia),Grocery,SEA - Indonesia,39.7,60.6750000000000000,21.0
11,Silver Snacks,Salty Snacks,80,Sundry Traders Network (Tier 2/3),General Trade,India - Tier 2/3,42.0,63.0406666666666667,21.0
106,Vivid Little Ones,Baby Care,119,ValueTrade GT (Saudi),General Trade,Gulf - Saudi,43.6,64.5725000000000000,21.0
91,Coastal Cereal Co,Breakfast & Cereal,159,Bazaar Wholesale (Malaysia),General Trade,SEA - Malaysia,41.6,62.5915625000000000,21.0
76,Royal Farms,Dairy,80,Sundry Traders Network (Tier 2/3),General Trade,India - Tier 2/3,41.6,62.6312000000000000,21.0
32,Cloud Skin,Personal Care,82,ValueTrade GT #2 (Tier 2/3),General Trade,India - Tier 2/3,41.8,62.8356666666666667,21.0
32,Cloud Skin,Personal Care,72,ValueGrocer (Tier 2/3),Grocery,India - Tier 2/3,41.8,62.8356666666666667,21.0
90,Prime Grains,Breakfast & Cereal,107,Local Trade Collective (UAE),General Trade,Gulf - UAE,42.5,63.3928030303030303,20.9
4,Blue Bites,Salty Snacks,145,PrimeGrocer (Malaysia),Grocery,SEA - Malaysia,39.4,60.3325000000000000,20.9
37,Heritage Kitchen,Packaged Foods,122,Community Retail Co-op (Saudi),General Trade,Gulf - Saudi,40.1,61.0458333333333333,20.9
30,Cloud Essentials,Personal Care,156,Neighborhood Wholesale (Malaysia),General Trade,SEA - Malaysia,40.6,61.4575000000000000,20.9
6,Coastal Bites,Salty Snacks,125,Sundry Traders Network (Saudi),General Trade,Gulf - Saudi,41.4,62.3475000000000000,20.9
81,Prime Candy Co,Confectionery,141,Community Retail Co-op (Qatar),General Trade,Gulf - Qatar,40.0,60.9133333333333333,20.9
73,Blue Milk Co,Dairy,6,SunriseMart,Grocery,North America,39.8,60.7394736842105263,20.9
108,Crunch Baby Co,Baby Care,81,Local Trade Collective #2 (Tier 2/3),General Trade,India - Tier 2/3,41.0,61.9433333333333333,20.9
61,Crunch Household,Home Care,38,GreenAisle (Metro),Grocery,India - Metro,40.5,61.3740000000000000,20.9
10,Silver Chips,Salty Snacks,116,DailyBasket (Saudi),Grocery,Gulf - Saudi,41.4,62.3475000000000000,20.9
55,Vivid Sip,Beverages,39,PrimeGrocer (Metro),Grocery,India - Metro,41.2,62.0715517241379310,20.9
7,Urban Bites,Salty Snacks,186,SunriseMart (Indonesia),Grocery,SEA - Indonesia,37.3,58.1575000000000000,20.9
86,True Candy Co,Confectionery,166,DailyBasket (Philippines),Grocery,SEA - Philippines,42.1,63.0394736842105263,20.9
102,Coastal Little Ones,Baby Care,84,Corner Store Network #2 (Tier 2/3),General Trade,India - Tier 2/3,41.0,61.9433333333333333,20.9
46,Fresh Refresh,Beverages,120,Neighborhood Wholesale (Saudi),General Trade,Gulf - Saudi,41.6,62.5236666666666667,20.9
7,Urban Bites,Salty Snacks,199,MarketLink GT (Indonesia),General Trade,SEA - Indonesia,37.3,58.1575000000000000,20.9
35,Silver Table,Packaged Foods,84,Corner Store Network #2 (Tier 2/3),General Trade,India - Tier 2/3,41.0,61.8906000000000000,20.9
36,Cloud Table,Packaged Foods,89,Local Trade Collective #3 (Tier 2/3),General Trade,India - Tier 2/3,41.0,61.8906000000000000,20.9
90,Prime Grains,Breakfast & Cereal,150,DashKart (Malaysia),Quick Commerce,SEA - Malaysia,41.8,62.5915625000000000,20.8
43,Coastal Table,Packaged Foods,86,Bazaar Wholesale #2 (Tier 2/3),General Trade,India - Tier 2/3,41.1,61.8906000000000000,20.8
14,Golden Bubbles,Sparkling Water,9,CityMart,Grocery,North America,42.3,63.0876190476190476,20.8
93,Urban Mornings,Breakfast & Cereal,93,PrimeGrocer (UAE),Grocery,Gulf - UAE,42.6,63.3928030303030303,20.8
59,Pure Shine,Home Care,92,GreenAisle (UAE),Grocery,Gulf - UAE,40.6,61.4090909090909091,20.8
30,Cloud Essentials,Personal Care,19,GreenLeaf Naturals,Natural,North America,42.4,63.2026315789473684,20.8
30,Cloud Essentials,Personal Care,150,DashKart (Malaysia),Quick Commerce,SEA - Malaysia,40.7,61.4575000000000000,20.8
34,Bold Kitchen,Packaged Foods,182,MetroBazaar (Indonesia),Grocery,SEA - Indonesia,43.8,64.6200000000000000,20.8
30,Cloud Essentials,Personal Care,143,MetroBazaar (Malaysia),Grocery,SEA - Malaysia,40.7,61.4575000000000000,20.8
6,Coastal Bites,Salty Snacks,119,ValueTrade GT (Saudi),General Trade,Gulf - Saudi,41.5,62.3475000000000000,20.8
75,Vivid Dairy,Dairy,93,PrimeGrocer (UAE),Grocery,Gulf - UAE,43.4,64.2289473684210526,20.8
76,Royal Farms,Dairy,5,DailyBasket,Grocery,North America,39.9,60.7394736842105263,20.8
71,Golden Farms,Dairy,166,DailyBasket (Philippines),Grocery,SEA - Philippines,40.6,61.3750000000000000,20.8
42,Urban Kitchen,Packaged Foods,69,DailyBasket (Tier 2/3),Grocery,India - Tier 2/3,41.1,61.8906000000000000,20.8
12,True Water Co,Sparkling Water,85,Community Retail Co-op #2 (Tier 2/3),General Trade,India - Tier 2/3,42.6,63.3680000000000000,20.8
11,Silver Snacks,Salty Snacks,71,UrbanPantry (Tier 2/3),Grocery,India - Tier 2/3,42.2,63.0406666666666667,20.8
107,Spring Tiny Care,Baby Care,181,FreshMart (Indonesia),Grocery,SEA - Indonesia,38.9,59.7341666666666667,20.8
62,Royal Household,Home Care,7,UrbanPantry,Grocery,North America,40.7,61.5100694444444444,20.8
98,Coastal Mornings,Breakfast & Cereal,85,Community Retail Co-op #2 (Tier 2/3),General Trade,India - Tier 2/3,42.9,63.6752500000000000,20.8
76,Royal Farms,Dairy,81,Local Trade Collective #2 (Tier 2/3),General Trade,India - Tier 2/3,41.8,62.6312000000000000,20.8
26,Prime Care,Personal Care,81,Local Trade Collective #2 (Tier 2/3),General Trade,India - Tier 2/3,42.0,62.8356666666666667,20.8
99,Fresh Cereal Co,Breakfast & Cereal,105,FlashCart (UAE),Quick Commerce,Gulf - UAE,42.7,63.3928030303030303,20.7
2,Bold Snacks,Salty Snacks,126,Local Trade Collective #2 (Saudi),General Trade,Gulf - Saudi,41.6,62.3475000000000000,20.7
14,Golden Bubbles,Sparkling Water,12,MetroBazaar #2,Grocery,North America,42.4,63.0876190476190476,20.7
43,Coastal Table,Packaged Foods,77,Community Retail Co-op (Tier 2/3),General Trade,India - Tier 2/3,41.2,61.8906000000000000,20.7
63,Silver Household,Home Care,123,Bazaar Wholesale (Saudi),General Trade,Gulf - Saudi,42.5,63.1858333333333333,20.7
5,Urban Crisps,Salty Snacks,133,ZipCart (Qatar),Quick Commerce,Gulf - Qatar,40.3,60.9850000000000000,20.7
65,Urban Clean,Home Care,4,PrimeGrocer,Grocery,North America,40.8,61.5100694444444444,20.7
56,Golden Shine,Home Care,68,PrimeGrocer (Tier 2/3),Grocery,India - Tier 2/3,42.2,62.8800000000000000,20.7
20,Heritage Springs,Sparkling Water,61,Community Retail Co-op (Metro),General Trade,India - Metro,41.3,61.9855603448275862,20.7
84,Everyday Treats,Confectionery,191,HopMart (Indonesia),Quick Commerce,SEA - Indonesia,41.2,61.8512500000000000,20.7
28,Spring Skin,Personal Care,3,GreenAisle,Grocery,North America,42.5,63.2026315789473684,20.7
91,Coastal Cereal Co,Breakfast & Cereal,153,FlashCart (Malaysia),Quick Commerce,SEA - Malaysia,41.9,62.5915625000000000,20.7
8,Meadow Crisps,Salty Snacks,88,Sundry Traders Network #2 (Tier 2/3),General Trade,India - Tier 2/3,42.3,63.0406666666666667,20.7
78,Prime Confections,Confectionery,40,DailyBasket (Metro),Grocery,India - Metro,42.0,62.6568965517241379,20.7
57,Cloud Shine,Home Care,169,ZipCart (Philippines),Quick Commerce,SEA - Philippines,37.5,58.1723684210526316,20.7
58,Coastal Clean,Home Care,99,WareClub (UAE),Club,Gulf - UAE,40.7,61.4090909090909091,20.7
88,Pure Treats,Confectionery,100,QuickDash (UAE),Quick Commerce,Gulf - UAE,41.2,61.9394736842105263,20.7
105,Silver Baby Essentials,Baby Care,65,FreshMart (Tier 2/3),Grocery,India - Tier 2/3,41.2,61.9433333333333333,20.7
83,Fresh Treats,Confectionery,115,PrimeGrocer (Saudi),Grocery,Gulf - Saudi,41.9,62.4883333333333333,20.6
103,Coastal Baby Essentials,Baby Care,77,Community Retail Co-op (Tier 2/3),General Trade,India - Tier 2/3,41.3,61.9433333333333333,20.6
16,Sunrise Water Co,Sparkling Water,181,FreshMart (Indonesia),Grocery,SEA - Indonesia,43.3,63.8825000000000000,20.6
58,Coastal Clean,Home Care,196,Corner Store Network (Indonesia),General Trade,SEA - Indonesia,43.1,63.7145833333333333,20.6
7,Urban Bites,Salty Snacks,90,FreshMart (UAE),Grocery,Gulf - UAE,42.1,62.7130681818181818,20.6
71,Golden Farms,Dairy,22,NaturaLife Market,Natural,North America,40.1,60.7394736842105263,20.6
99,Fresh Cereal Co,Breakfast & Cereal,92,GreenAisle (UAE),Grocery,Gulf - UAE,42.8,63.3928030303030303,20.6
94,Crunch Cereal Co,Breakfast & Cereal,86,Bazaar Wholesale #2 (Tier 2/3),General Trade,India - Tier 2/3,43.1,63.6752500000000000,20.6
37,Heritage Kitchen,Packaged Foods,116,DailyBasket (Saudi),Grocery,Gulf - Saudi,40.4,61.0458333333333333,20.6
88,Pure Treats,Confectionery,183,GreenAisle (Indonesia),Grocery,SEA - Indonesia,41.3,61.8512500000000000,20.6
59,Pure Shine,Home Care,103,SwiftBasket (UAE),Quick Commerce,Gulf - UAE,40.8,61.4090909090909091,20.6
95,Cloud Mornings,Breakfast & Cereal,121,Corner Store Network (Saudi),General Trade,Gulf - Saudi,38.8,59.3711111111111111,20.6
9,Spring Crisps,Salty Snacks,111,Community Retail Co-op (UAE),General Trade,Gulf - UAE,42.1,62.7130681818181818,20.6
36,Cloud Table,Packaged Foods,131,DailyBasket (Qatar),Grocery,Gulf - Qatar,46.1,66.6983333333333333,20.6
8,Meadow Crisps,Salty Snacks,74,ValueTrade GT (Tier 2/3),General Trade,India - Tier 2/3,42.4,63.0406666666666667,20.6
13,Urban Bubbles,Sparkling Water,163,MetroBazaar (Philippines),Grocery,SEA - Philippines,44.1,64.6703947368421053,20.6
108,Crunch Baby Co,Baby Care,72,ValueGrocer (Tier 2/3),Grocery,India - Tier 2/3,41.3,61.9433333333333333,20.6
54,Nomad Drinks,Beverages,125,Sundry Traders Network (Saudi),General Trade,Gulf - Saudi,41.9,62.5236666666666667,20.6
28,Spring Skin,Personal Care,151,SwiftBasket (Malaysia),Quick Commerce,SEA - Malaysia,40.9,61.4575000000000000,20.6
56,Golden Shine,Home Care,89,Local Trade Collective #3 (Tier 2/3),General Trade,India - Tier 2/3,42.3,62.8800000000000000,20.6
59,Pure Shine,Home Care,91,MetroBazaar (UAE),Grocery,Gulf - UAE,40.8,61.4090909090909091,20.6
99,Fresh Cereal Co,Breakfast & Cereal,90,FreshMart (UAE),Grocery,Gulf - UAE,42.8,63.3928030303030303,20.6
82,Meadow Treats,Confectionery,25,QuickStop,C-Store,North America,41.4,61.9236111111111111,20.5
106,Vivid Little Ones,Baby Care,115,PrimeGrocer (Saudi),Grocery,Gulf - Saudi,44.1,64.5725000000000000,20.5
28,Spring Skin,Personal Care,151,SwiftBasket (Malaysia),Quick Commerce,SEA - Malaysia,41.0,61.4575000000000000,20.5
71,Golden Farms,Dairy,165,PrimeGrocer (Philippines),Grocery,SEA - Philippines,40.9,61.3750000000000000,20.5
7,Urban Bites,Salty Snacks,102,DashKart (UAE),Quick Commerce,Gulf - UAE,42.2,62.7130681818181818,20.5
73,Blue Milk Co,Dairy,195,Neighborhood Wholesale (Indonesia),General Trade,SEA - Indonesia,42.8,63.3287500000000000,20.5
68,Cloud Dairy,Dairy,183,GreenAisle (Indonesia),Grocery,SEA - Indonesia,42.8,63.3287500000000000,20.5
85,Heritage Treats,Confectionery,83,Neighborhood Wholesale #2 (Tier 2/3),General Trade,India - Tier 2/3,41.9,62.4378000000000000,20.5
15,Blue Springs,Sparkling Water,125,Sundry Traders Network (Saudi),General Trade,Gulf - Saudi,42.6,63.0650000000000000,20.5
77,Urban Creamery,Dairy,127,FreshMart (Qatar),Grocery,Gulf - Qatar,45.7,66.1566666666666667,20.5
59,Pure Shine,Home Care,36,FreshMart (Metro),Grocery,India - Metro,40.9,61.3740000000000000,20.5
34,Bold Kitchen,Packaged Foods,193,Local Trade Collective (Indonesia),General Trade,SEA - Indonesia,44.1,64.6200000000000000,20.5
91,Coastal Cereal Co,Breakfast & Cereal,143,MetroBazaar (Malaysia),Grocery,SEA - Malaysia,42.1,62.5915625000000000,20.5
34,Bold Kitchen,Packaged Foods,155,ValueTrade GT (Malaysia),General Trade,SEA - Malaysia,42.0,62.4881250000000000,20.5
18,Royal Fizz,Sparkling Water,120,Neighborhood Wholesale (Saudi),General Trade,Gulf - Saudi,42.6,63.0650000000000000,20.5
110,Meadow Tiny Care,Baby Care,47,ZipCart (Metro),Quick Commerce,India - Metro,42.7,63.2150000000000000,20.5
93,Urban Mornings,Breakfast & Cereal,164,GreenAisle (Philippines),Grocery,SEA - Philippines,41.5,62.0381578947368421,20.5
64,Blue Shine,Home Care,200,Sundry Traders Network (Indonesia),General Trade,SEA - Indonesia,43.2,63.7145833333333333,20.5
64,Blue Shine,Home Care,2,MetroBazaar,Grocery,North America,41.0,61.5100694444444444,20.5
98,Coastal Mornings,Breakfast & Cereal,82,ValueTrade GT #2 (Tier 2/3),General Trade,India - Tier 2/3,43.2,63.6752500000000000,20.5
80,Nomad Candy Co,Confectionery,9,CityMart,Grocery,North America,41.4,61.9236111111111111,20.5
8,Meadow Crisps,Salty Snacks,80,Sundry Traders Network (Tier 2/3),General Trade,India - Tier 2/3,42.5,63.0406666666666667,20.5
40,Meadow Pantry,Packaged Foods,105,FlashCart (UAE),Quick Commerce,Gulf - UAE,42.6,63.0119318181818182,20.4
34,Bold Kitchen,Packaged Foods,186,SunriseMart (Indonesia),Grocery,SEA - Indonesia,44.2,64.6200000000000000,20.4
85,Heritage Treats,Confectionery,66,MetroBazaar (Tier 2/3),Grocery,India - Tier 2/3,42.0,62.4378000000000000,20.4
109,Silver Little Ones,Baby Care,134,DashKart (Qatar),Quick Commerce,Gulf - Qatar,41.2,61.6466666666666667,20.4
74,Sunrise Milk Co,Dairy,81,Local Trade Collective #2 (Tier 2/3),General Trade,India - Tier 2/3,42.2,62.6312000000000000,20.4
19,Fresh Fizz,Sparkling Water,75,Neighborhood Wholesale (Tier 2/3),General Trade,India - Tier 2/3,43.0,63.3680000000000000,20.4
63,Silver Household,Home Care,117,SunriseMart (Saudi),Grocery,Gulf - Saudi,42.8,63.1858333333333333,20.4
80,Nomad Candy Co,Confectionery,84,Corner Store Network #2 (Tier 2/3),General Trade,India - Tier 2/3,42.0,62.4378000000000000,20.4
30,Cloud Essentials,Personal Care,3,GreenAisle,Grocery,North America,42.8,63.2026315789473684,20.4
93,Urban Mornings,Breakfast & Cereal,106,NimbleMart (UAE),Quick Commerce,Gulf - UAE,43.0,63.3928030303030303,20.4
93,Urban Mornings,Breakfast & Cereal,91,MetroBazaar (UAE),Grocery,Gulf - UAE,43.0,63.3928030303030303,20.4
73,Blue Milk Co,Dairy,184,PrimeGrocer (Indonesia),Grocery,SEA - Indonesia,42.9,63.3287500000000000,20.4
8,Meadow Crisps,Salty Snacks,76,Corner Store Network (Tier 2/3),General Trade,India - Tier 2/3,42.6,63.0406666666666667,20.4
47,Sunrise Refresh,Beverages,75,Neighborhood Wholesale (Tier 2/3),General Trade,India - Tier 2/3,42.2,62.6366666666666667,20.4
86,True Candy Co,Confectionery,174,ValueTrade GT (Philippines),General Trade,SEA - Philippines,42.6,63.0394736842105263,20.4
59,Pure Shine,Home Care,111,Community Retail Co-op (UAE),General Trade,Gulf - UAE,41.0,61.4090909090909091,20.4
88,Pure Treats,Confectionery,191,HopMart (Indonesia),Quick Commerce,SEA - Indonesia,41.6,61.8512500000000000,20.3
19,Fresh Fizz,Sparkling Water,33,QuickStop #3,C-Store,North America,42.8,63.0876190476190476,20.3
77,Urban Creamery,Dairy,115,PrimeGrocer (Saudi),Grocery,Gulf - Saudi,40.0,60.2775000000000000,20.3
14,Golden Bubbles,Sparkling Water,35,GoStop #3,C-Store,North America,42.8,63.0876190476190476,20.3
105,Silver Baby Essentials,Baby Care,68,PrimeGrocer (Tier 2/3),Grocery,India - Tier 2/3,41.6,61.9433333333333333,20.3
33,Cloud Glow,Personal Care,118,Local Trade Collective (Saudi),General Trade,Gulf - Saudi,39.6,59.8583333333333333,20.3
2,Bold Snacks,Salty Snacks,57,Local Trade Collective (Metro),General Trade,India - Metro,39.1,59.4456896551724138,20.3
27,Golden Glow,Personal Care,191,HopMart (Indonesia),Quick Commerce,SEA - Indonesia,40.1,60.4337500000000000,20.3
79,Coastal Candy Co,Confectionery,74,ValueTrade GT (Tier 2/3),General Trade,India - Tier 2/3,42.1,62.4378000000000000,20.3
99,Fresh Cereal Co,Breakfast & Cereal,149,ZipCart (Malaysia),Quick Commerce,SEA - Malaysia,42.3,62.5915625000000000,20.3
35,Silver Table,Packaged Foods,69,DailyBasket (Tier 2/3),Grocery,India - Tier 2/3,41.7,61.8906000000000000,20.2
109,Silver Little Ones,Baby Care,3,GreenAisle,Grocery,North America,42.8,63.0250000000000000,20.2
2,Bold Snacks,Salty Snacks,38,GreenAisle (Metro),Grocery,India - Metro,39.2,59.4456896551724138,20.2
72,Nomad Milk Co,Dairy,72,ValueGrocer (Tier 2/3),Grocery,India - Tier 2/3,42.4,62.6312000000000000,20.2
18,Royal Fizz,Sparkling Water,126,Local Trade Collective #2 (Saudi),General Trade,Gulf - Saudi,42.9,63.0650000000000000,20.2
14,Golden Bubbles,Sparkling Water,17,MegaValue Club,Club,North America,42.9,63.0876190476190476,20.2
42,Urban Kitchen,Packaged Foods,170,DashKart (Philippines),Quick Commerce,SEA - Philippines,41.5,61.6500000000000000,20.2
98,Coastal Mornings,Breakfast & Cereal,76,Corner Store Network (Tier 2/3),General Trade,India - Tier 2/3,43.5,63.6752500000000000,20.2
36,Cloud Table,Packaged Foods,134,DashKart (Qatar),Quick Commerce,Gulf - Qatar,46.5,66.6983333333333333,20.2
32,Cloud Skin,Personal Care,85,Community Retail Co-op #2 (Tier 2/3),General Trade,India - Tier 2/3,42.6,62.8356666666666667,20.2
43,Coastal Table,Packaged Foods,55,DartMart (Metro),Quick Commerce,India - Metro,42.1,62.2600000000000000,20.2
82,Meadow Treats,Confectionery,79,MarketLink GT (Tier 2/3),General Trade,India - Tier 2/3,42.2,62.4378000000000000,20.2
8,Meadow Crisps,Salty Snacks,66,MetroBazaar (Tier 2/3),Grocery,India - Tier 2/3,42.8,63.0406666666666667,20.2
64,Blue Shine,Home Care,197,Community Retail Co-op (Indonesia),General Trade,SEA - Indonesia,43.5,63.7145833333333333,20.2
88,Pure Treats,Confectionery,92,GreenAisle (UAE),Grocery,Gulf - UAE,41.7,61.9394736842105263,20.2
7,Urban Bites,Salty Snacks,110,Corner Store Network (UAE),General Trade,Gulf - UAE,42.5,62.7130681818181818,20.2
36,Cloud Table,Packaged Foods,138,ValueTrade GT (Qatar),General Trade,Gulf - Qatar,46.5,66.6983333333333333,20.2
2,Bold Snacks,Salty Snacks,48,DashKart (Metro),Quick Commerce,India - Metro,39.2,59.4456896551724138,20.2
80,Nomad Candy Co,Confectionery,8,ValueGrocer,Grocery,North America,41.7,61.9236111111111111,20.2
89,Nomad Mornings,Breakfast & Cereal,71,UrbanPantry (Tier 2/3),Grocery,India - Tier 2/3,43.6,63.6752500000000000,20.1
81,Prime Candy Co,Confectionery,130,PrimeGrocer (Qatar),Grocery,Gulf - Qatar,40.8,60.9133333333333333,20.1
34,Bold Kitchen,Packaged Foods,158,Community Retail Co-op (Malaysia),General Trade,SEA - Malaysia,42.4,62.4881250000000000,20.1
80,Nomad Candy Co,Confectionery,79,MarketLink GT (Tier 2/3),General Trade,India - Tier 2/3,42.3,62.4378000000000000,20.1
108,Crunch Baby Co,Baby Care,122,Community Retail Co-op (Saudi),General Trade,Gulf - Saudi,44.5,64.5725000000000000,20.1
26,Prime Care,Personal Care,73,Local Trade Collective (Tier 2/3),General Trade,India - Tier 2/3,42.7,62.8356666666666667,20.1
66,Golden Household,Home Care,83,Neighborhood Wholesale #2 (Tier 2/3),General Trade,India - Tier 2/3,42.8,62.8800000000000000,20.1
91,Coastal Cereal Co,Breakfast & Cereal,113,MetroBazaar (Saudi),Grocery,Gulf - Saudi,39.3,59.3711111111111111,20.1
36,Cloud Table,Packaged Foods,130,PrimeGrocer (Qatar),Grocery,Gulf - Qatar,46.6,66.6983333333333333,20.1
59,Pure Shine,Home Care,48,DashKart (Metro),Quick Commerce,India - Metro,41.3,61.3740000000000000,20.1
8,Meadow Crisps,Salty Snacks,89,Local Trade Collective #3 (Tier 2/3),General Trade,India - Tier 2/3,42.9,63.0406666666666667,20.1
9,Spring Crisps,Salty Snacks,103,SwiftBasket (UAE),Quick Commerce,Gulf - UAE,42.6,62.7130681818181818,20.1
51,Coastal Drinks,Beverages,14,SaverClub,Club,North America,42.8,62.8907142857142857,20.1
77,Urban Creamery,Dairy,118,Local Trade Collective (Saudi),General Trade,Gulf - Saudi,40.2,60.2775000000000000,20.1
12,True Water Co,Sparkling Water,77,Community Retail Co-op (Tier 2/3),General Trade,India - Tier 2/3,43.3,63.3680000000000000,20.1
86,True Candy Co,Confectionery,173,Local Trade Collective (Philippines),General Trade,SEA - Philippines,42.9,63.0394736842105263,20.1
58,Coastal Clean,Home Care,91,MetroBazaar (UAE),Grocery,Gulf - UAE,41.4,61.4090909090909091,20.0
101,Everyday Tiny Care,Baby Care,141,Community Retail Co-op (Qatar),General Trade,Gulf - Qatar,41.6,61.6466666666666667,20.0
64,Blue Shine,Home Care,194,ValueTrade GT (Indonesia),General Trade,SEA - Indonesia,43.7,63.7145833333333333,20.0
108,Crunch Baby Co,Baby Care,121,Corner Store Network (Saudi),General Trade,Gulf - Saudi,44.6,64.5725000000000000,20.0
108,Crunch Baby Co,Baby Care,86,Bazaar Wholesale #2 (Tier 2/3),General Trade,India - Tier 2/3,41.9,61.9433333333333333,20.0
6,Coastal Bites,Salty Snacks,6,SunriseMart,Grocery,North America,41.4,61.3621428571428571,20.0
68,Cloud Dairy,Dairy,182,MetroBazaar (Indonesia),Grocery,SEA - Indonesia,43.3,63.3287500000000000,20.0
39,Blue Kitchen,Packaged Foods,160,MarketLink GT (Malaysia),General Trade,SEA - Malaysia,42.5,62.4881250000000000,20.0
28,Spring Skin,Personal Care,158,Community Retail Co-op (Malaysia),General Trade,SEA - Malaysia,41.5,61.4575000000000000,20.0
105,Silver Baby Essentials,Baby Care,189,DashKart (Indonesia),Quick Commerce,SEA - Indonesia,39.7,59.7341666666666667,20.0
38,Urban Pantry,Packaged Foods,125,Sundry Traders Network (Saudi),General Trade,Gulf - Saudi,41.0,61.0458333333333333,20.0
29,Golden Essentials,Personal Care,59,Neighborhood Wholesale (Metro),General Trade,India - Metro,42.7,62.6680000000000000,20.0
77,Urban Creamery,Dairy,139,Neighborhood Wholesale (Qatar),General Trade,Gulf - Qatar,46.2,66.1566666666666667,20.0
37,Heritage Kitchen,Packaged Foods,120,Neighborhood Wholesale (Saudi),General Trade,Gulf - Saudi,41.0,61.0458333333333333,20.0
70,Vivid Milk Co,Dairy,125,Sundry Traders Network (Saudi),General Trade,Gulf - Saudi,40.3,60.2775000000000000,20.0
70,Vivid Milk Co,Dairy,69,DailyBasket (Tier 2/3),Grocery,India - Tier 2/3,42.6,62.6312000000000000,20.0
87,Pure Sweets,Confectionery,3,GreenAisle,Grocery,North America,41.9,61.9236111111111111,20.0
99,Fresh Cereal Co,Breakfast & Cereal,103,SwiftBasket (UAE),Quick Commerce,Gulf - UAE,43.4,63.3928030303030303,20.0
13,Urban Bubbles,Sparkling Water,178,Bazaar Wholesale (Philippines),General Trade,SEA - Philippines,44.7,64.6703947368421053,20.0
35,Silver Table,Packaged Foods,86,Bazaar Wholesale #2 (Tier 2/3),General Trade,India - Tier 2/3,42.0,61.8906000000000000,19.9
32,Cloud Skin,Personal Care,71,UrbanPantry (Tier 2/3),Grocery,India - Tier 2/3,42.9,62.8356666666666667,19.9
27,Golden Glow,Personal Care,199,MarketLink GT (Indonesia),General Trade,SEA - Indonesia,40.5,60.4337500000000000,19.9
11,Silver Snacks,Salty Snacks,83,Neighborhood Wholesale #2 (Tier 2/3),General Trade,India - Tier 2/3,43.1,63.0406666666666667,19.9
18,Royal Fizz,Sparkling Water,119,ValueTrade GT (Saudi),General Trade,Gulf - Saudi,43.2,63.0650000000000000,19.9
19,Fresh Fizz,Sparkling Water,14,SaverClub,Club,North America,43.2,63.0876190476190476,19.9
29,Golden Essentials,Personal Care,51,FlashCart (Metro),Quick Commerce,India - Metro,42.8,62.6680000000000000,19.9
105,Silver Baby Essentials,Baby Care,200,Sundry Traders Network (Indonesia),General Trade,SEA - Indonesia,39.8,59.7341666666666667,19.9
103,Coastal Baby Essentials,Baby Care,75,Neighborhood Wholesale (Tier 2/3),General Trade,India - Tier 2/3,42.0,61.9433333333333333,19.9
13,Urban Bubbles,Sparkling Water,163,MetroBazaar (Philippines),Grocery,SEA - Philippines,44.8,64.6703947368421053,19.9
34,Bold Kitchen,Packaged Foods,196,Corner Store Network (Indonesia),General Trade,SEA - Indonesia,44.7,64.6200000000000000,19.9
71,Golden Farms,Dairy,174,ValueTrade GT (Philippines),General Trade,SEA - Philippines,41.5,61.3750000000000000,19.9
47,Sunrise Refresh,Beverages,118,Local Trade Collective (Saudi),General Trade,Gulf - Saudi,42.6,62.5236666666666667,19.9
17,Nomad Bubbles,Sparkling Water,61,Community Retail Co-op (Metro),General Trade,India - Metro,42.1,61.9855603448275862,19.9
90,Prime Grains,Breakfast & Cereal,90,FreshMart (UAE),Grocery,Gulf - UAE,43.5,63.3928030303030303,19.9
12,True Water Co,Sparkling Water,65,FreshMart (Tier 2/3),Grocery,India - Tier 2/3,43.5,63.3680000000000000,19.9
76,Royal Farms,Dairy,13,GreenAisle #2,Grocery,North America,40.8,60.7394736842105263,19.9
67,Golden Milk Co,Dairy,192,FlashCart (Indonesia),Quick Commerce,SEA - Indonesia,43.4,63.3287500000000000,19.9
90,Prime Grains,Breakfast & Cereal,156,Neighborhood Wholesale (Malaysia),General Trade,SEA - Malaysia,42.7,62.5915625000000000,19.9
1,True Snacks,Salty Snacks,75,Neighborhood Wholesale (Tier 2/3),General Trade,India - Tier 2/3,43.1,63.0406666666666667,19.9
23,Golden Skin,Personal Care,49,SwiftBasket (Metro),Quick Commerce,India - Metro,42.8,62.6680000000000000,19.9
89,Nomad Mornings,Breakfast & Cereal,2,MetroBazaar,Grocery,North America,43.3,63.0944444444444444,19.8
108,Crunch Baby Co,Baby Care,72,ValueGrocer (Tier 2/3),Grocery,India - Tier 2/3,42.1,61.9433333333333333,19.8
100,Fresh Tiny Care,Baby Care,72,ValueGrocer (Tier 2/3),Grocery,India - Tier 2/3,42.1,61.9433333333333333,19.8
23,Golden Skin,Personal Care,54,GoCart Express (Metro),Quick Commerce,India - Metro,42.9,62.6680000000000000,19.8
75,Vivid Dairy,Dairy,102,DashKart (UAE),Quick Commerce,Gulf - UAE,44.4,64.2289473684210526,19.8
83,Fresh Treats,Confectionery,114,GreenAisle (Saudi),Grocery,Gulf - Saudi,42.7,62.4883333333333333,19.8
55,Vivid Sip,Beverages,187,QuickDash (Indonesia),Quick Commerce,SEA - Indonesia,40.9,60.6750000000000000,19.8
49,Meadow Beverages,Beverages,72,ValueGrocer (Tier 2/3),Grocery,India - Tier 2/3,42.8,62.6366666666666667,19.8
95,Cloud Mornings,Breakfast & Cereal,113,MetroBazaar (Saudi),Grocery,Gulf - Saudi,39.6,59.3711111111111111,19.8
54,Nomad Drinks,Beverages,89,Local Trade Collective #3 (Tier 2/3),General Trade,India - Tier 2/3,42.8,62.6366666666666667,19.8
22,Crunch Fizz,Sparkling Water,99,WareClub (UAE),Club,Gulf - UAE,43.2,62.9568181818181818,19.8
106,Vivid Little Ones,Baby Care,77,Community Retail Co-op (Tier 2/3),General Trade,India - Tier 2/3,42.1,61.9433333333333333,19.8
44,Spring Pantry,Packaged Foods,65,FreshMart (Tier 2/3),Grocery,India - Tier 2/3,42.1,61.8906000000000000,19.8
6,Coastal Bites,Salty Snacks,7,UrbanPantry,Grocery,North America,41.6,61.3621428571428571,19.8
89,Nomad Mornings,Breakfast & Cereal,67,GreenAisle (Tier 2/3),Grocery,India - Tier 2/3,43.9,63.6752500000000000,19.8
96,Meadow Breakfast Co,Breakfast & Cereal,66,MetroBazaar (Tier 2/3),Grocery,India - Tier 2/3,43.9,63.6752500000000000,19.8
20,Heritage Springs,Sparkling Water,40,DailyBasket (Metro),Grocery,India - Metro,42.2,61.9855603448275862,19.8
16,Sunrise Water Co,Sparkling Water,171,SwiftBasket (Philippines),Quick Commerce,SEA - Philippines,44.9,64.6703947368421053,19.8
38,Urban Pantry,Packaged Foods,170,DashKart (Philippines),Quick Commerce,SEA - Philippines,41.9,61.6500000000000000,19.8
105,Silver Baby Essentials,Baby Care,199,MarketLink GT (Indonesia),General Trade,SEA - Indonesia,39.9,59.7341666666666667,19.8
8,Meadow Crisps,Salty Snacks,81,Local Trade Collective #2 (Tier 2/3),General Trade,India - Tier 2/3,43.2,63.0406666666666667,19.8
34,Bold Kitchen,Packaged Foods,189,DashKart (Indonesia),Quick Commerce,SEA - Indonesia,44.8,64.6200000000000000,19.8
72,Nomad Milk Co,Dairy,66,MetroBazaar (Tier 2/3),Grocery,India - Tier 2/3,42.8,62.6312000000000000,19.8
110,Meadow Tiny Care,Baby Care,41,SunriseMart (Metro),Grocery,India - Metro,43.4,63.2150000000000000,19.8
21,Golden Fizz,Sparkling Water,61,Community Retail Co-op (Metro),General Trade,India - Metro,42.3,61.9855603448275862,19.7
13,Urban Bubbles,Sparkling Water,168,QuickDash (Philippines),Quick Commerce,SEA - Philippines,45.0,64.6703947368421053,19.7
30,Cloud Essentials,Personal Care,146,DailyBasket (Malaysia),Grocery,SEA - Malaysia,41.8,61.4575000000000000,19.7
13,Urban Bubbles,Sparkling Water,162,FreshMart (Philippines),Grocery,SEA - Philippines,45.0,64.6703947368421053,19.7
10,Silver Chips,Salty Snacks,123,Bazaar Wholesale (Saudi),General Trade,Gulf - Saudi,42.6,62.3475000000000000,19.7
50,Crunch Drinks,Beverages,195,Neighborhood Wholesale (Indonesia),General Trade,SEA - Indonesia,41.0,60.6750000000000000,19.7
68,Cloud Dairy,Dairy,197,Community Retail Co-op (Indonesia),General Trade,SEA - Indonesia,43.6,63.3287500000000000,19.7
78,Prime Confections,Confectionery,50,HopMart (Metro),Quick Commerce,India - Metro,43.0,62.6568965517241379,19.7
30,Cloud Essentials,Personal Care,157,Corner Store Network (Malaysia),General Trade,SEA - Malaysia,41.8,61.4575000000000000,19.7
75,Vivid Dairy,Dairy,69,DailyBasket (Tier 2/3),Grocery,India - Tier 2/3,42.9,62.6312000000000000,19.7
4,Blue Bites,Salty Snacks,143,MetroBazaar (Malaysia),Grocery,SEA - Malaysia,40.6,60.3325000000000000,19.7
108,Crunch Baby Co,Baby Care,73,Local Trade Collective (Tier 2/3),General Trade,India - Tier 2/3,42.2,61.9433333333333333,19.7
26,Prime Care,Personal Care,67,GreenAisle (Tier 2/3),Grocery,India - Tier 2/3,43.1,62.8356666666666667,19.7
58,Coastal Clean,Home Care,183,GreenAisle (Indonesia),Grocery,SEA - Indonesia,44.0,63.7145833333333333,19.7
80,Nomad Candy Co,Confectionery,35,GoStop #3,C-Store,North America,42.2,61.9236111111111111,19.7
44,Spring Pantry,Packaged Foods,102,DashKart (UAE),Quick Commerce,Gulf - UAE,43.3,63.0119318181818182,19.7
94,Crunch Cereal Co,Breakfast & Cereal,183,GreenAisle (Indonesia),Grocery,SEA - Indonesia,41.7,61.4287500000000000,19.7
58,Coastal Clean,Home Care,189,DashKart (Indonesia),Quick Commerce,SEA - Indonesia,44.0,63.7145833333333333,19.7
66,Golden Household,Home Care,197,Community Retail Co-op (Indonesia),General Trade,SEA - Indonesia,44.1,63.7145833333333333,19.6
74,Sunrise Milk Co,Dairy,80,Sundry Traders Network (Tier 2/3),General Trade,India - Tier 2/3,43.0,62.6312000000000000,19.6
35,Silver Table,Packaged Foods,76,Corner Store Network (Tier 2/3),General Trade,India - Tier 2/3,42.3,61.8906000000000000,19.6
109,Silver Little Ones,Baby Care,9,CityMart,Grocery,North America,43.4,63.0250000000000000,19.6
10,Silver Chips,Salty Snacks,125,Sundry Traders Network (Saudi),General Trade,Gulf - Saudi,42.7,62.3475000000000000,19.6
87,Pure Sweets,Confectionery,10,HomeFresh,Grocery,North America,42.3,61.9236111111111111,19.6
40,Meadow Pantry,Packaged Foods,95,SunriseMart (UAE),Grocery,Gulf - UAE,43.4,63.0119318181818182,19.6
58,Coastal Clean,Home Care,193,Local Trade Collective (Indonesia),General Trade,SEA - Indonesia,44.1,63.7145833333333333,19.6
1,True Snacks,Salty Snacks,81,Local Trade Collective #2 (Tier 2/3),General Trade,India - Tier 2/3,43.4,63.0406666666666667,19.6
62,Royal Household,Home Care,17,MegaValue Club,Club,North America,41.9,61.5100694444444444,19.6
93,Urban Mornings,Breakfast & Cereal,93,PrimeGrocer (UAE),Grocery,Gulf - UAE,43.8,63.3928030303030303,19.6
46,Fresh Refresh,Beverages,20,PureRoots Market,Natural,North America,43.3,62.8907142857142857,19.6
44,Spring Pantry,Packaged Foods,89,Local Trade Collective #3 (Tier 2/3),General Trade,India - Tier 2/3,42.3,61.8906000000000000,19.6
33,Cloud Glow,Personal Care,86,Bazaar Wholesale #2 (Tier 2/3),General Trade,India - Tier 2/3,43.2,62.8356666666666667,19.6
82,Meadow Treats,Confectionery,87,MarketLink GT #2 (Tier 2/3),General Trade,India - Tier 2/3,42.8,62.4378000000000000,19.6
17,Nomad Bubbles,Sparkling Water,59,Neighborhood Wholesale (Metro),General Trade,India - Metro,42.4,61.9855603448275862,19.6
89,Nomad Mornings,Breakfast & Cereal,78,Bazaar Wholesale (Tier 2/3),General Trade,India - Tier 2/3,44.1,63.6752500000000000,19.6
16,Sunrise Water Co,Sparkling Water,179,MarketLink GT (Philippines),General Trade,SEA - Philippines,45.1,64.6703947368421053,19.6
54,Nomad Drinks,Beverages,80,Sundry Traders Network (Tier 2/3),General Trade,India - Tier 2/3,43.0,62.6366666666666667,19.6
100,Fresh Tiny Care,Baby Care,81,Local Trade Collective #2 (Tier 2/3),General Trade,India - Tier 2/3,42.4,61.9433333333333333,19.5
84,Everyday Treats,Confectionery,195,Neighborhood Wholesale (Indonesia),General Trade,SEA - Indonesia,42.4,61.8512500000000000,19.5
39,Blue Kitchen,Packaged Foods,161,Sundry Traders Network (Malaysia),General Trade,SEA - Malaysia,43.0,62.4881250000000000,19.5
97,Royal Breakfast Co,Breakfast & Cereal,161,Sundry Traders Network (Malaysia),General Trade,SEA - Malaysia,43.1,62.5915625000000000,19.5
105,Silver Baby Essentials,Baby Care,196,Corner Store Network (Indonesia),General Trade,SEA - Indonesia,40.2,59.7341666666666667,19.5
76,Royal Farms,Dairy,89,Local Trade Collective #3 (Tier 2/3),General Trade,India - Tier 2/3,43.1,62.6312000000000000,19.5
74,Sunrise Milk Co,Dairy,73,Local Trade Collective (Tier 2/3),General Trade,India - Tier 2/3,43.1,62.6312000000000000,19.5
38,Urban Pantry,Packaged Foods,113,MetroBazaar (Saudi),Grocery,Gulf - Saudi,41.5,61.0458333333333333,19.5
110,Meadow Tiny Care,Baby Care,9,CityMart,Grocery,North America,43.5,63.0250000000000000,19.5
1,True Snacks,Salty Snacks,75,Neighborhood Wholesale (Tier 2/3),General Trade,India - Tier 2/3,43.5,63.0406666666666667,19.5
27,Golden Glow,Personal Care,193,Local Trade Collective (Indonesia),General Trade,SEA - Indonesia,40.9,60.4337500000000000,19.5
75,Vivid Dairy,Dairy,111,Community Retail Co-op (UAE),General Trade,Gulf - UAE,44.7,64.2289473684210526,19.5
72,Nomad Milk Co,Dairy,74,ValueTrade GT (Tier 2/3),General Trade,India - Tier 2/3,43.1,62.6312000000000000,19.5
13,Urban Bubbles,Sparkling Water,162,FreshMart (Philippines),Grocery,SEA - Philippines,45.2,64.6703947368421053,19.5
45,Pure Drinks,Beverages,123,Bazaar Wholesale (Saudi),General Trade,Gulf - Saudi,43.1,62.5236666666666667,19.4
64,Blue Shine,Home Care,17,MegaValue Club,Club,North America,42.1,61.5100694444444444,19.4
42,Urban Kitchen,Packaged Foods,174,ValueTrade GT (Philippines),General Trade,SEA - Philippines,42.3,61.6500000000000000,19.4
45,Pure Drinks,Beverages,123,Bazaar Wholesale (Saudi),General Trade,Gulf - Saudi,43.1,62.5236666666666667,19.4
66,Golden Household,Home Care,186,SunriseMart (Indonesia),Grocery,SEA - Indonesia,44.3,63.7145833333333333,19.4
2,Bold Snacks,Salty Snacks,43,CornerFuel Mart (Metro),C-Store,India - Metro,40.0,59.4456896551724138,19.4
89,Nomad Mornings,Breakfast & Cereal,83,Neighborhood Wholesale #2 (Tier 2/3),General Trade,India - Tier 2/3,44.3,63.6752500000000000,19.4
10,Silver Chips,Salty Snacks,125,Sundry Traders Network (Saudi),General Trade,Gulf - Saudi,42.9,62.3475000000000000,19.4
66,Golden Household,Home Care,190,SwiftBasket (Indonesia),Quick Commerce,SEA - Indonesia,44.3,63.7145833333333333,19.4
94,Crunch Cereal Co,Breakfast & Cereal,69,DailyBasket (Tier 2/3),Grocery,India - Tier 2/3,44.3,63.6752500000000000,19.4
73,Blue Milk Co,Dairy,187,QuickDash (Indonesia),Quick Commerce,SEA - Indonesia,43.9,63.3287500000000000,19.4
28,Spring Skin,Personal Care,5,DailyBasket,Grocery,North America,43.8,63.2026315789473684,19.4
54,Nomad Drinks,Beverages,122,Community Retail Co-op (Saudi),General Trade,Gulf - Saudi,43.1,62.5236666666666667,19.4
11,Silver Snacks,Salty Snacks,3,GreenAisle,Grocery,North America,42.0,61.3621428571428571,19.4
25,Royal Skin,Personal Care,150,DashKart (Malaysia),Quick Commerce,SEA - Malaysia,42.1,61.4575000000000000,19.4
59,Pure Shine,Home Care,56,QuickDash #2 (Metro),Quick Commerce,India - Metro,42.0,61.3740000000000000,19.4
101,Everyday Tiny Care,Baby Care,136,HopMart (Qatar),Quick Commerce,Gulf - Qatar,42.2,61.6466666666666667,19.4
65,Urban Clean,Home Care,1,FreshMart,Grocery,North America,42.2,61.5100694444444444,19.3
35,Silver Table,Packaged Foods,68,PrimeGrocer (Tier 2/3),Grocery,India - Tier 2/3,42.6,61.8906000000000000,19.3
62,Royal Household,Home Care,10,HomeFresh,Grocery,North America,42.2,61.5100694444444444,19.3
71,Golden Farms,Dairy,22,NaturaLife Market,Natural,North America,41.4,60.7394736842105263,19.3
61,Crunch Household,Home Care,46,QuickDash (Metro),Quick Commerce,India - Metro,42.1,61.3740000000000000,19.3
12,True Water Co,Sparkling Water,41,SunriseMart (Metro),Grocery,India - Metro,42.7,61.9855603448275862,19.3
46,Fresh Refresh,Beverages,13,GreenAisle #2,Grocery,North America,43.6,62.8907142857142857,19.3
110,Meadow Tiny Care,Baby Care,7,UrbanPantry,Grocery,North America,43.7,63.0250000000000000,19.3
71,Golden Farms,Dairy,5,DailyBasket,Grocery,North America,41.4,60.7394736842105263,19.3
110,Meadow Tiny Care,Baby Care,56,QuickDash #2 (Metro),Quick Commerce,India - Metro,43.9,63.2150000000000000,19.3
35,Silver Table,Packaged Foods,88,Sundry Traders Network #2 (Tier 2/3),General Trade,India - Tier 2/3,42.6,61.8906000000000000,19.3
21,Golden Fizz,Sparkling Water,146,DailyBasket (Malaysia),Grocery,SEA - Malaysia,42.3,61.5825000000000000,19.3
58,Coastal Clean,Home Care,105,FlashCart (UAE),Quick Commerce,Gulf - UAE,42.1,61.4090909090909091,19.3
16,Sunrise Water Co,Sparkling Water,175,Neighborhood Wholesale (Philippines),General Trade,SEA - Philippines,45.4,64.6703947368421053,19.3
58,Coastal Clean,Home Care,93,PrimeGrocer (UAE),Grocery,Gulf - UAE,42.1,61.4090909090909091,19.3
24,Spring Care,Personal Care,129,GreenAisle (Qatar),Grocery,Gulf - Qatar,42.4,61.5616666666666667,19.2
24,Spring Care,Personal Care,129,GreenAisle (Qatar),Grocery,Gulf - Qatar,42.4,61.5616666666666667,19.2
94,Crunch Cereal Co,Breakfast & Cereal,186,SunriseMart (Indonesia),Grocery,SEA - Indonesia,42.2,61.4287500000000000,19.2
22,Crunch Fizz,Sparkling Water,98,BulkBasket Club (UAE),Club,Gulf - UAE,43.8,62.9568181818181818,19.2
93,Urban Mornings,Breakfast & Cereal,92,GreenAisle (UAE),Grocery,Gulf - UAE,44.2,63.3928030303030303,19.2
93,Urban Mornings,Breakfast & Cereal,101,ZipCart (UAE),Quick Commerce,Gulf - UAE,44.2,63.3928030303030303,19.2
26,Prime Care,Personal Care,79,MarketLink GT (Tier 2/3),General Trade,India - Tier 2/3,43.6,62.8356666666666667,19.2
56,Golden Shine,Home Care,77,Community Retail Co-op (Tier 2/3),General Trade,India - Tier 2/3,43.7,62.8800000000000000,19.2
53,Cloud Sip,Beverages,141,Community Retail Co-op (Qatar),General Trade,Gulf - Qatar,43.2,62.3838888888888889,19.2
99,Fresh Cereal Co,Breakfast & Cereal,97,SaverClub (UAE),Club,Gulf - UAE,44.2,63.3928030303030303,19.2
17,Nomad Bubbles,Sparkling Water,52,NimbleMart (Metro),Quick Commerce,India - Metro,42.8,61.9855603448275862,19.2
72,Nomad Milk Co,Dairy,87,MarketLink GT #2 (Tier 2/3),General Trade,India - Tier 2/3,43.4,62.6312000000000000,19.2
89,Nomad Mornings,Breakfast & Cereal,12,MetroBazaar #2,Grocery,North America,43.9,63.0944444444444444,19.2
33,Cloud Glow,Personal Care,69,DailyBasket (Tier 2/3),Grocery,India - Tier 2/3,43.6,62.8356666666666667,19.2
14,Golden Bubbles,Sparkling Water,31,GoStop #2,C-Store,North America,43.9,63.0876190476190476,19.2
51,Coastal Drinks,Beverages,29,QuickStop #2,C-Store,North America,43.7,62.8907142857142857,19.2
106,Vivid Little Ones,Baby Care,72,ValueGrocer (Tier 2/3),Grocery,India - Tier 2/3,42.7,61.9433333333333333,19.2
49,Meadow Beverages,Beverages,83,Neighborhood Wholesale #2 (Tier 2/3),General Trade,India - Tier 2/3,43.4,62.6366666666666667,19.2
7,Urban Bites,Salty Snacks,187,QuickDash (Indonesia),Quick Commerce,SEA - Indonesia,39.0,58.1575000000000000,19.2
6,Coastal Bites,Salty Snacks,13,GreenAisle #2,Grocery,North America,42.2,61.3621428571428571,19.2
3,Prime Snacks,Salty Snacks,9,CityMart,Grocery,North America,42.2,61.3621428571428571,19.2
109,Silver Little Ones,Baby Care,134,DashKart (Qatar),Quick Commerce,Gulf - Qatar,42.4,61.6466666666666667,19.2
109,Silver Little Ones,Baby Care,140,Corner Store Network (Qatar),General Trade,Gulf - Qatar,42.4,61.6466666666666667,19.2
3,Prime Snacks,Salty Snacks,5,DailyBasket,Grocery,North America,42.2,61.3621428571428571,19.2
110,Meadow Tiny Care,Baby Care,58,ValueTrade GT (Metro),General Trade,India - Metro,44.0,63.2150000000000000,19.2
2,Bold Snacks,Salty Snacks,113,MetroBazaar (Saudi),Grocery,Gulf - Saudi,43.1,62.3475000000000000,19.2
78,Prime Confections,Confectionery,196,Corner Store Network (Indonesia),General Trade,SEA - Indonesia,42.8,61.8512500000000000,19.1
71,Golden Farms,Dairy,10,HomeFresh,Grocery,North America,41.6,60.7394736842105263,19.1
29,Golden Essentials,Personal Care,54,GoCart Express (Metro),Quick Commerce,India - Metro,43.6,62.6680000000000000,19.1
35,Silver Table,Packaged Foods,1,FreshMart,Grocery,North America,43.4,62.4755208333333333,19.1
4,Blue Bites,Salty Snacks,159,Bazaar Wholesale (Malaysia),General Trade,SEA - Malaysia,41.2,60.3325000000000000,19.1
24,Spring Care,Personal Care,103,SwiftBasket (UAE),Quick Commerce,Gulf - UAE,44.0,63.1394736842105263,19.1
41,Royal Kitchen,Packaged Foods,9,CityMart,Grocery,North America,43.4,62.4755208333333333,19.1
54,Nomad Drinks,Beverages,71,UrbanPantry (Tier 2/3),Grocery,India - Tier 2/3,43.5,62.6366666666666667,19.1
19,Fresh Fizz,Sparkling Water,28,ExpressStop,C-Store,North America,44.0,63.0876190476190476,19.1
78,Prime Confections,Confectionery,183,GreenAisle (Indonesia),Grocery,SEA - Indonesia,42.8,61.8512500000000000,19.1
13,Urban Bubbles,Sparkling Water,147,SunriseMart (Malaysia),Grocery,SEA - Malaysia,42.5,61.5825000000000000,19.1
19,Fresh Fizz,Sparkling Water,18,SaverClub #2,Club,North America,44.0,63.0876190476190476,19.1
44,Spring Pantry,Packaged Foods,65,FreshMart (Tier 2/3),Grocery,India - Tier 2/3,42.8,61.8906000000000000,19.1
107,Spring Tiny Care,Baby Care,195,Neighborhood Wholesale (Indonesia),General Trade,SEA - Indonesia,40.6,59.7341666666666667,19.1
56,Golden Shine,Home Care,67,GreenAisle (Tier 2/3),Grocery,India - Tier 2/3,43.9,62.8800000000000000,19.0
5,Urban Crisps,Salty Snacks,141,Community Retail Co-op (Qatar),General Trade,Gulf - Qatar,42.0,60.9850000000000000,19.0
20,Heritage Springs,Sparkling Water,59,Neighborhood Wholesale (Metro),General Trade,India - Metro,43.0,61.9855603448275862,19.0
22,Crunch Fizz,Sparkling Water,107,Local Trade Collective (UAE),General Trade,Gulf - UAE,44.0,62.9568181818181818,19.0
84,Everyday Treats,Confectionery,188,ZipCart (Indonesia),Quick Commerce,SEA - Indonesia,42.9,61.8512500000000000,19.0
40,Meadow Pantry,Packaged Foods,97,SaverClub (UAE),Club,Gulf - UAE,44.0,63.0119318181818182,19.0
69,Everyday Milk Co,Dairy,145,PrimeGrocer (Malaysia),Grocery,SEA - Malaysia,45.6,64.5987500000000000,19.0
8,Meadow Crisps,Salty Snacks,83,Neighborhood Wholesale #2 (Tier 2/3),General Trade,India - Tier 2/3,44.0,63.0406666666666667,19.0
8,Meadow Crisps,Salty Snacks,85,Community Retail Co-op #2 (Tier 2/3),General Trade,India - Tier 2/3,44.0,63.0406666666666667,19.0
35,Silver Table,Packaged Foods,7,UrbanPantry,Grocery,North America,43.5,62.4755208333333333,19.0
47,Sunrise Refresh,Beverages,73,Local Trade Collective (Tier 2/3),General Trade,India - Tier 2/3,43.6,62.6366666666666667,19.0
78,Prime Confections,Confectionery,184,PrimeGrocer (Indonesia),Grocery,SEA - Indonesia,42.9,61.8512500000000000,19.0
55,Vivid Sip,Beverages,185,DailyBasket (Indonesia),Grocery,SEA - Indonesia,41.7,60.6750000000000000,19.0
100,Fresh Tiny Care,Baby Care,85,Community Retail Co-op #2 (Tier 2/3),General Trade,India - Tier 2/3,42.9,61.9433333333333333,19.0
72,Nomad Milk Co,Dairy,77,Community Retail Co-op (Tier 2/3),General Trade,India - Tier 2/3,43.6,62.6312000000000000,19.0
83,Fresh Treats,Confectionery,117,SunriseMart (Saudi),Grocery,Gulf - Saudi,43.5,62.4883333333333333,19.0
54,Nomad Drinks,Beverages,121,Corner Store Network (Saudi),General Trade,Gulf - Saudi,43.5,62.5236666666666667,19.0
2,Bold Snacks,Salty Snacks,114,GreenAisle (Saudi),Grocery,Gulf - Saudi,43.3,62.3475000000000000,19.0
4,Blue Bites,Salty Snacks,156,Neighborhood Wholesale (Malaysia),General Trade,SEA - Malaysia,41.3,60.3325000000000000,19.0
95,Cloud Mornings,Breakfast & Cereal,123,Bazaar Wholesale (Saudi),General Trade,Gulf - Saudi,40.5,59.3711111111111111,18.9
55,Vivid Sip,Beverages,199,MarketLink GT (Indonesia),General Trade,SEA - Indonesia,41.8,60.6750000000000000,18.9
72,Nomad Milk Co,Dairy,71,UrbanPantry (Tier 2/3),Grocery,India - Tier 2/3,43.7,62.6312000000000000,18.9
14,Golden Bubbles,Sparkling Water,34,CornerFuel Mart #3,C-Store,North America,44.2,63.0876190476190476,18.9
43,Coastal Table,Packaged Foods,56,QuickDash #2 (Metro),Quick Commerce,India - Metro,43.4,62.2600000000000000,18.9
56,Golden Shine,Home Care,69,DailyBasket (Tier 2/3),Grocery,India - Tier 2/3,44.0,62.8800000000000000,18.9
36,Cloud Table,Packaged Foods,141,Community Retail Co-op (Qatar),General Trade,Gulf - Qatar,47.8,66.6983333333333333,18.9
99,Fresh Cereal Co,Breakfast & Cereal,104,HopMart (UAE),Quick Commerce,Gulf - UAE,44.5,63.3928030303030303,18.9
56,Golden Shine,Home Care,65,FreshMart (Tier 2/3),Grocery,India - Tier 2/3,44.0,62.8800000000000000,18.9
104,Meadow Baby Co,Baby Care,199,MarketLink GT (Indonesia),General Trade,SEA - Indonesia,40.8,59.7341666666666667,18.9
57,Cloud Shine,Home Care,163,MetroBazaar (Philippines),Grocery,SEA - Philippines,39.3,58.1723684210526316,18.9
109,Silver Little Ones,Baby Care,11,FreshMart #2,Grocery,North America,44.1,63.0250000000000000,18.9
12,True Water Co,Sparkling Water,80,Sundry Traders Network (Tier 2/3),General Trade,India - Tier 2/3,44.5,63.3680000000000000,18.9
14,Golden Bubbles,Sparkling Water,24,PureRoots Market #2,Natural,North America,44.2,63.0876190476190476,18.9
95,Cloud Mornings,Breakfast & Cereal,121,Corner Store Network (Saudi),General Trade,Gulf - Saudi,40.5,59.3711111111111111,18.9
11,Silver Snacks,Salty Snacks,31,GoStop #2,C-Store,North America,42.5,61.3621428571428571,18.9
7,Urban Bites,Salty Snacks,106,NimbleMart (UAE),Quick Commerce,Gulf - UAE,43.8,62.7130681818181818,18.9
11,Silver Snacks,Salty Snacks,78,Bazaar Wholesale (Tier 2/3),General Trade,India - Tier 2/3,44.1,63.0406666666666667,18.9
83,Fresh Treats,Confectionery,74,ValueTrade GT (Tier 2/3),General Trade,India - Tier 2/3,43.5,62.4378000000000000,18.9
49,Meadow Beverages,Beverages,76,Corner Store Network (Tier 2/3),General Trade,India - Tier 2/3,43.7,62.6366666666666667,18.9
101,Everyday Tiny Care,Baby Care,131,DailyBasket (Qatar),Grocery,Gulf - Qatar,42.8,61.6466666666666667,18.8
82,Meadow Treats,Confectionery,6,SunriseMart,Grocery,North America,43.1,61.9236111111111111,18.8
51,Coastal Drinks,Beverages,5,DailyBasket,Grocery,North America,44.1,62.8907142857142857,18.8
104,Meadow Baby Co,Baby Care,192,FlashCart (Indonesia),Quick Commerce,SEA - Indonesia,40.9,59.7341666666666667,18.8
35,Silver Table,Packaged Foods,87,MarketLink GT #2 (Tier 2/3),General Trade,India - Tier 2/3,43.1,61.8906000000000000,18.8
110,Meadow Tiny Care,Baby Care,1,FreshMart,Grocery,North America,44.2,63.0250000000000000,18.8
18,Royal Fizz,Sparkling Water,27,GoStop,C-Store,North America,44.3,63.0876190476190476,18.8
72,Nomad Milk Co,Dairy,71,UrbanPantry (Tier 2/3),Grocery,India - Tier 2/3,43.8,62.6312000000000000,18.8
6,Coastal Bites,Salty Snacks,35,GoStop #3,C-Store,North America,42.6,61.3621428571428571,18.8
18,Royal Fizz,Sparkling Water,113,MetroBazaar (Saudi),Grocery,Gulf - Saudi,44.3,63.0650000000000000,18.8
104,Meadow Baby Co,Baby Care,200,Sundry Traders Network (Indonesia),General Trade,SEA - Indonesia,40.9,59.7341666666666667,18.8
79,Coastal Candy Co,Confectionery,65,FreshMart (Tier 2/3),Grocery,India - Tier 2/3,43.6,62.4378000000000000,18.8
47,Sunrise Refresh,Beverages,81,Local Trade Collective #2 (Tier 2/3),General Trade,India - Tier 2/3,43.8,62.6366666666666667,18.8
12,True Water Co,Sparkling Water,64,Sundry Traders Network (Metro),General Trade,India - Metro,43.2,61.9855603448275862,18.8
106,Vivid Little Ones,Baby Care,86,Bazaar Wholesale #2 (Tier 2/3),General Trade,India - Tier 2/3,43.1,61.9433333333333333,18.8
47,Sunrise Refresh,Beverages,76,Corner Store Network (Tier 2/3),General Trade,India - Tier 2/3,43.8,62.6366666666666667,18.8
98,Coastal Mornings,Breakfast & Cereal,73,Local Trade Collective (Tier 2/3),General Trade,India - Tier 2/3,44.9,63.6752500000000000,18.8
10,Silver Chips,Salty Snacks,126,Local Trade Collective #2 (Saudi),General Trade,Gulf - Saudi,43.6,62.3475000000000000,18.7
41,Royal Kitchen,Packaged Foods,23,GreenLeaf Naturals #2,Natural,North America,43.8,62.4755208333333333,18.7
6,Coastal Bites,Salty Snacks,122,Community Retail Co-op (Saudi),General Trade,Gulf - Saudi,43.6,62.3475000000000000,18.7
6,Coastal Bites,Salty Snacks,30,CornerFuel Mart #2,C-Store,North America,42.7,61.3621428571428571,18.7
56,Golden Shine,Home Care,72,ValueGrocer (Tier 2/3),Grocery,India - Tier 2/3,44.2,62.8800000000000000,18.7
34,Bold Kitchen,Packaged Foods,160,MarketLink GT (Malaysia),General Trade,SEA - Malaysia,43.8,62.4881250000000000,18.7
57,Cloud Shine,Home Care,82,ValueTrade GT #2 (Tier 2/3),General Trade,India - Tier 2/3,44.2,62.8800000000000000,18.7
100,Fresh Tiny Care,Baby Care,66,MetroBazaar (Tier 2/3),Grocery,India - Tier 2/3,43.2,61.9433333333333333,18.7
22,Crunch Fizz,Sparkling Water,125,Sundry Traders Network (Saudi),General Trade,Gulf - Saudi,44.4,63.0650000000000000,18.7
44,Spring Pantry,Packaged Foods,99,WareClub (UAE),Club,Gulf - UAE,44.3,63.0119318181818182,18.7
80,Nomad Candy Co,Confectionery,29,QuickStop #2,C-Store,North America,43.2,61.9236111111111111,18.7
103,Coastal Baby Essentials,Baby Care,82,ValueTrade GT #2 (Tier 2/3),General Trade,India - Tier 2/3,43.2,61.9433333333333333,18.7
93,Urban Mornings,Breakfast & Cereal,96,UrbanPantry (UAE),Grocery,Gulf - UAE,44.7,63.3928030303030303,18.7
103,Coastal Baby Essentials,Baby Care,75,Neighborhood Wholesale (Tier 2/3),General Trade,India - Tier 2/3,43.2,61.9433333333333333,18.7
78,Prime Confections,Confectionery,191,HopMart (Indonesia),Quick Commerce,SEA - Indonesia,43.2,61.8512500000000000,18.7
47,Sunrise Refresh,Beverages,88,Sundry Traders Network #2 (Tier 2/3),General Trade,India - Tier 2/3,43.9,62.6366666666666667,18.7
3,Prime Snacks,Salty Snacks,119,ValueTrade GT (Saudi),General Trade,Gulf - Saudi,43.6,62.3475000000000000,18.7
30,Cloud Essentials,Personal Care,158,Community Retail Co-op (Malaysia),General Trade,SEA - Malaysia,42.8,61.4575000000000000,18.7
12,True Water Co,Sparkling Water,74,ValueTrade GT (Tier 2/3),General Trade,India - Tier 2/3,44.7,63.3680000000000000,18.7
99,Fresh Cereal Co,Breakfast & Cereal,152,HopMart (Malaysia),Quick Commerce,SEA - Malaysia,43.9,62.5915625000000000,18.7
104,Meadow Baby Co,Baby Care,196,Corner Store Network (Indonesia),General Trade,SEA - Indonesia,41.0,59.7341666666666667,18.7
33,Cloud Glow,Personal Care,76,Corner Store Network (Tier 2/3),General Trade,India - Tier 2/3,44.2,62.8356666666666667,18.6
98,Coastal Mornings,Breakfast & Cereal,117,SunriseMart (Saudi),Grocery,Gulf - Saudi,40.8,59.3711111111111111,18.6
87,Pure Sweets,Confectionery,26,CornerFuel Mart,C-Store,North America,43.3,61.9236111111111111,18.6
71,Golden Farms,Dairy,174,ValueTrade GT (Philippines),General Trade,SEA - Philippines,42.8,61.3750000000000000,18.6
94,Crunch Cereal Co,Breakfast & Cereal,86,Bazaar Wholesale #2 (Tier 2/3),General Trade,India - Tier 2/3,45.1,63.6752500000000000,18.6
78,Prime Confections,Confectionery,55,DartMart (Metro),Quick Commerce,India - Metro,44.1,62.6568965517241379,18.6
14,Golden Bubbles,Sparkling Water,18,SaverClub #2,Club,North America,44.5,63.0876190476190476,18.6
47,Sunrise Refresh,Beverages,115,PrimeGrocer (Saudi),Grocery,Gulf - Saudi,43.9,62.5236666666666667,18.6
82,Meadow Treats,Confectionery,88,Sundry Traders Network #2 (Tier 2/3),General Trade,India - Tier 2/3,43.8,62.4378000000000000,18.6
19,Fresh Fizz,Sparkling Water,5,DailyBasket,Grocery,North America,44.5,63.0876190476190476,18.6
24,Spring Care,Personal Care,108,ValueTrade GT (UAE),General Trade,Gulf - UAE,44.5,63.1394736842105263,18.6
57,Cloud Shine,Home Care,75,Neighborhood Wholesale (Tier 2/3),General Trade,India - Tier 2/3,44.3,62.8800000000000000,18.6
82,Meadow Treats,Confectionery,72,ValueGrocer (Tier 2/3),Grocery,India - Tier 2/3,43.8,62.4378000000000000,18.6
12,True Water Co,Sparkling Water,65,FreshMart (Tier 2/3),Grocery,India - Tier 2/3,44.8,63.3680000000000000,18.6
21,Golden Fizz,Sparkling Water,157,Corner Store Network (Malaysia),General Trade,SEA - Malaysia,43.0,61.5825000000000000,18.6
64,Blue Shine,Home Care,18,SaverClub #2,Club,North America,42.9,61.5100694444444444,18.6
33,Cloud Glow,Personal Care,79,MarketLink GT (Tier 2/3),General Trade,India - Tier 2/3,44.2,62.8356666666666667,18.6
55,Vivid Sip,Beverages,49,SwiftBasket (Metro),Quick Commerce,India - Metro,43.5,62.0715517241379310,18.6
47,Sunrise Refresh,Beverages,66,MetroBazaar (Tier 2/3),Grocery,India - Tier 2/3,44.0,62.6366666666666667,18.6
43,Coastal Table,Packaged Foods,63,MarketLink GT (Metro),General Trade,India - Metro,43.7,62.2600000000000000,18.6
42,Urban Kitchen,Packaged Foods,87,MarketLink GT #2 (Tier 2/3),General Trade,India - Tier 2/3,43.3,61.8906000000000000,18.6
12,True Water Co,Sparkling Water,70,SunriseMart (Tier 2/3),Grocery,India - Tier 2/3,44.9,63.3680000000000000,18.5
72,Nomad Milk Co,Dairy,65,FreshMart (Tier 2/3),Grocery,India - Tier 2/3,44.1,62.6312000000000000,18.5
71,Golden Farms,Dairy,23,GreenLeaf Naturals #2,Natural,North America,42.2,60.7394736842105263,18.5
75,Vivid Dairy,Dairy,76,Corner Store Network (Tier 2/3),General Trade,India - Tier 2/3,44.1,62.6312000000000000,18.5
21,Golden Fizz,Sparkling Water,38,GreenAisle (Metro),Grocery,India - Metro,43.5,61.9855603448275862,18.5
25,Royal Skin,Personal Care,147,SunriseMart (Malaysia),Grocery,SEA - Malaysia,43.0,61.4575000000000000,18.5
22,Crunch Fizz,Sparkling Water,123,Bazaar Wholesale (Saudi),General Trade,Gulf - Saudi,44.6,63.0650000000000000,18.5
11,Silver Snacks,Salty Snacks,81,Local Trade Collective #2 (Tier 2/3),General Trade,India - Tier 2/3,44.5,63.0406666666666667,18.5
106,Vivid Little Ones,Baby Care,66,MetroBazaar (Tier 2/3),Grocery,India - Tier 2/3,43.4,61.9433333333333333,18.5
106,Vivid Little Ones,Baby Care,81,Local Trade Collective #2 (Tier 2/3),General Trade,India - Tier 2/3,43.4,61.9433333333333333,18.5
96,Meadow Breakfast Co,Breakfast & Cereal,69,DailyBasket (Tier 2/3),Grocery,India - Tier 2/3,45.2,63.6752500000000000,18.5
20,Heritage Springs,Sparkling Water,63,MarketLink GT (Metro),General Trade,India - Metro,43.5,61.9855603448275862,18.5
73,Blue Milk Co,Dairy,196,Corner Store Network (Indonesia),General Trade,SEA - Indonesia,44.8,63.3287500000000000,18.5
88,Pure Treats,Confectionery,109,Neighborhood Wholesale (UAE),General Trade,Gulf - UAE,43.4,61.9394736842105263,18.5
35,Silver Table,Packaged Foods,66,MetroBazaar (Tier 2/3),Grocery,India - Tier 2/3,43.4,61.8906000000000000,18.5
17,Nomad Bubbles,Sparkling Water,43,CornerFuel Mart (Metro),C-Store,India - Metro,43.5,61.9855603448275862,18.5
43,Coastal Table,Packaged Foods,59,Neighborhood Wholesale (Metro),General Trade,India - Metro,43.8,62.2600000000000000,18.5
66,Golden Household,Home Care,74,ValueTrade GT (Tier 2/3),General Trade,India - Tier 2/3,44.4,62.8800000000000000,18.5
86,True Candy Co,Confectionery,177,Community Retail Co-op (Philippines),General Trade,SEA - Philippines,44.5,63.0394736842105263,18.5
13,Urban Bubbles,Sparkling Water,153,FlashCart (Malaysia),Quick Commerce,SEA - Malaysia,43.1,61.5825000000000000,18.5
19,Fresh Fizz,Sparkling Water,14,SaverClub,Club,North America,44.6,63.0876190476190476,18.5
14,Golden Bubbles,Sparkling Water,29,QuickStop #2,C-Store,North America,44.6,63.0876190476190476,18.5
52,Spring Sip,Beverages,137,Local Trade Collective (Qatar),General Trade,Gulf - Qatar,43.9,62.3838888888888889,18.5
22,Crunch Fizz,Sparkling Water,118,Local Trade Collective (Saudi),General Trade,Gulf - Saudi,44.6,63.0650000000000000,18.5
29,Golden Essentials,Personal Care,39,PrimeGrocer (Metro),Grocery,India - Metro,44.3,62.6680000000000000,18.4
8,Meadow Crisps,Salty Snacks,68,PrimeGrocer (Tier 2/3),Grocery,India - Tier 2/3,44.6,63.0406666666666667,18.4
73,Blue Milk Co,Dairy,186,SunriseMart (Indonesia),Grocery,SEA - Indonesia,44.9,63.3287500000000000,18.4
74,Sunrise Milk Co,Dairy,69,DailyBasket (Tier 2/3),Grocery,India - Tier 2/3,44.2,62.6312000000000000,18.4
105,Silver Baby Essentials,Baby Care,82,ValueTrade GT #2 (Tier 2/3),General Trade,India - Tier 2/3,43.5,61.9433333333333333,18.4
85,Heritage Treats,Confectionery,71,UrbanPantry (Tier 2/3),Grocery,India - Tier 2/3,44.0,62.4378000000000000,18.4
29,Golden Essentials,Personal Care,49,SwiftBasket (Metro),Quick Commerce,India - Metro,44.3,62.6680000000000000,18.4
47,Sunrise Refresh,Beverages,113,MetroBazaar (Saudi),Grocery,Gulf - Saudi,44.1,62.5236666666666667,18.4
29,Golden Essentials,Personal Care,52,NimbleMart (Metro),Quick Commerce,India - Metro,44.3,62.6680000000000000,18.4
66,Golden Household,Home Care,187,QuickDash (Indonesia),Quick Commerce,SEA - Indonesia,45.3,63.7145833333333333,18.4
71,Golden Farms,Dairy,12,MetroBazaar #2,Grocery,North America,42.3,60.7394736842105263,18.4
10,Silver Chips,Salty Snacks,124,MarketLink GT (Saudi),General Trade,Gulf - Saudi,43.9,62.3475000000000000,18.4
43,Coastal Table,Packaged Foods,47,ZipCart (Metro),Quick Commerce,India - Metro,43.9,62.2600000000000000,18.4
13,Urban Bubbles,Sparkling Water,169,ZipCart (Philippines),Quick Commerce,SEA - Philippines,46.3,64.6703947368421053,18.4
39,Blue Kitchen,Packaged Foods,146,DailyBasket (Malaysia),Grocery,SEA - Malaysia,44.1,62.4881250000000000,18.4
22,Crunch Fizz,Sparkling Water,120,Neighborhood Wholesale (Saudi),General Trade,Gulf - Saudi,44.7,63.0650000000000000,18.4
44,Spring Pantry,Packaged Foods,81,Local Trade Collective #2 (Tier 2/3),General Trade,India - Tier 2/3,43.6,61.8906000000000000,18.3
75,Vivid Dairy,Dairy,70,SunriseMart (Tier 2/3),Grocery,India - Tier 2/3,44.3,62.6312000000000000,18.3
80,Nomad Candy Co,Confectionery,66,MetroBazaar (Tier 2/3),Grocery,India - Tier 2/3,44.1,62.4378000000000000,18.3
72,Nomad Milk Co,Dairy,65,FreshMart (Tier 2/3),Grocery,India - Tier 2/3,44.3,62.6312000000000000,18.3
64,Blue Shine,Home Care,13,GreenAisle #2,Grocery,North America,43.2,61.5100694444444444,18.3
81,Prime Candy Co,Confectionery,134,DashKart (Qatar),Quick Commerce,Gulf - Qatar,42.6,60.9133333333333333,18.3
71,Golden Farms,Dairy,20,PureRoots Market,Natural,North America,42.4,60.7394736842105263,18.3
16,Sunrise Water Co,Sparkling Water,163,MetroBazaar (Philippines),Grocery,SEA - Philippines,46.4,64.6703947368421053,18.3
43,Coastal Table,Packaged Foods,89,Local Trade Collective #3 (Tier 2/3),General Trade,India - Tier 2/3,43.6,61.8906000000000000,18.3
67,Golden Milk Co,Dairy,184,PrimeGrocer (Indonesia),Grocery,SEA - Indonesia,45.0,63.3287500000000000,18.3
46,Fresh Refresh,Beverages,15,BulkBasket Club,Club,North America,44.6,62.8907142857142857,18.3
105,Silver Baby Essentials,Baby Care,83,Neighborhood Wholesale #2 (Tier 2/3),General Trade,India - Tier 2/3,43.6,61.9433333333333333,18.3
96,Meadow Breakfast Co,Breakfast & Cereal,74,ValueTrade GT (Tier 2/3),General Trade,India - Tier 2/3,45.4,63.6752500000000000,18.3
78,Prime Confections,Confectionery,193,Local Trade Collective (Indonesia),General Trade,SEA - Indonesia,43.6,61.8512500000000000,18.3
10,Silver Chips,Salty Snacks,119,ValueTrade GT (Saudi),General Trade,Gulf - Saudi,44.0,62.3475000000000000,18.3
83,Fresh Treats,Confectionery,88,Sundry Traders Network #2 (Tier 2/3),General Trade,India - Tier 2/3,44.1,62.4378000000000000,18.3
27,Golden Glow,Personal Care,183,GreenAisle (Indonesia),Grocery,SEA - Indonesia,42.1,60.4337500000000000,18.3
75,Vivid Dairy,Dairy,69,DailyBasket (Tier 2/3),Grocery,India - Tier 2/3,44.3,62.6312000000000000,18.3
4,Blue Bites,Salty Snacks,156,Neighborhood Wholesale (Malaysia),General Trade,SEA - Malaysia,42.1,60.3325000000000000,18.2
12,True Water Co,Sparkling Water,42,QuickStop (Metro),C-Store,India - Metro,43.8,61.9855603448275862,18.2
26,Prime Care,Personal Care,76,Corner Store Network (Tier 2/3),General Trade,India - Tier 2/3,44.6,62.8356666666666667,18.2
77,Urban Creamery,Dairy,136,HopMart (Qatar),Quick Commerce,Gulf - Qatar,48.0,66.1566666666666667,18.2
65,Urban Clean,Home Care,8,ValueGrocer,Grocery,North America,43.3,61.5100694444444444,18.2
108,Crunch Baby Co,Baby Care,114,GreenAisle (Saudi),Grocery,Gulf - Saudi,46.4,64.5725000000000000,18.2
82,Meadow Treats,Confectionery,12,MetroBazaar #2,Grocery,North America,43.7,61.9236111111111111,18.2
87,Pure Sweets,Confectionery,30,CornerFuel Mart #2,C-Store,North America,43.7,61.9236111111111111,18.2
47,Sunrise Refresh,Beverages,117,SunriseMart (Saudi),Grocery,Gulf - Saudi,44.3,62.5236666666666667,18.2
38,Urban Pantry,Packaged Foods,162,FreshMart (Philippines),Grocery,SEA - Philippines,43.5,61.6500000000000000,18.2
53,Cloud Sip,Beverages,112,FreshMart (Saudi),Grocery,Gulf - Saudi,44.3,62.5236666666666667,18.2
36,Cloud Table,Packaged Foods,69,DailyBasket (Tier 2/3),Grocery,India - Tier 2/3,43.7,61.8906000000000000,18.2
102,Coastal Little Ones,Baby Care,88,Sundry Traders Network #2 (Tier 2/3),General Trade,India - Tier 2/3,43.7,61.9433333333333333,18.2
94,Crunch Cereal Co,Breakfast & Cereal,78,Bazaar Wholesale (Tier 2/3),General Trade,India - Tier 2/3,45.5,63.6752500000000000,18.2
81,Prime Candy Co,Confectionery,137,Local Trade Collective (Qatar),General Trade,Gulf - Qatar,42.8,60.9133333333333333,18.1
27,Golden Glow,Personal Care,183,GreenAisle (Indonesia),Grocery,SEA - Indonesia,42.3,60.4337500000000000,18.1
91,Coastal Cereal Co,Breakfast & Cereal,124,MarketLink GT (Saudi),General Trade,Gulf - Saudi,41.3,59.3711111111111111,18.1
70,Vivid Milk Co,Dairy,116,DailyBasket (Saudi),Grocery,Gulf - Saudi,42.2,60.2775000000000000,18.1
110,Meadow Tiny Care,Baby Care,11,FreshMart #2,Grocery,North America,44.9,63.0250000000000000,18.1
90,Prime Grains,Breakfast & Cereal,152,HopMart (Malaysia),Quick Commerce,SEA - Malaysia,44.5,62.5915625000000000,18.1
95,Cloud Mornings,Breakfast & Cereal,116,DailyBasket (Saudi),Grocery,Gulf - Saudi,41.3,59.3711111111111111,18.1
50,Crunch Drinks,Beverages,194,ValueTrade GT (Indonesia),General Trade,SEA - Indonesia,42.6,60.6750000000000000,18.1
91,Coastal Cereal Co,Breakfast & Cereal,119,ValueTrade GT (Saudi),General Trade,Gulf - Saudi,41.3,59.3711111111111111,18.1
99,Fresh Cereal Co,Breakfast & Cereal,98,BulkBasket Club (UAE),Club,Gulf - UAE,45.3,63.3928030303030303,18.1
37,Heritage Kitchen,Packaged Foods,124,MarketLink GT (Saudi),General Trade,Gulf - Saudi,42.9,61.0458333333333333,18.1
46,Fresh Refresh,Beverages,16,WareClub,Club,North America,44.8,62.8907142857142857,18.1
57,Cloud Shine,Home Care,162,FreshMart (Philippines),Grocery,SEA - Philippines,40.1,58.1723684210526316,18.1
80,Nomad Candy Co,Confectionery,11,FreshMart #2,Grocery,North America,43.8,61.9236111111111111,18.1
58,Coastal Clean,Home Care,98,BulkBasket Club (UAE),Club,Gulf - UAE,43.3,61.4090909090909091,18.1
34,Bold Kitchen,Packaged Foods,193,Local Trade Collective (Indonesia),General Trade,SEA - Indonesia,46.5,64.6200000000000000,18.1
6,Coastal Bites,Salty Snacks,112,FreshMart (Saudi),Grocery,Gulf - Saudi,44.2,62.3475000000000000,18.1
82,Meadow Treats,Confectionery,34,CornerFuel Mart #3,C-Store,North America,43.8,61.9236111111111111,18.1
82,Meadow Treats,Confectionery,4,PrimeGrocer,Grocery,North America,43.8,61.9236111111111111,18.1
12,True Water Co,Sparkling Water,72,ValueGrocer (Tier 2/3),Grocery,India - Tier 2/3,45.3,63.3680000000000000,18.1
108,Crunch Baby Co,Baby Care,118,Local Trade Collective (Saudi),General Trade,Gulf - Saudi,46.6,64.5725000000000000,18.0
6,Coastal Bites,Salty Snacks,1,FreshMart,Grocery,North America,43.4,61.3621428571428571,18.0
92,Cloud Grains,Breakfast & Cereal,163,MetroBazaar (Philippines),Grocery,SEA - Philippines,44.0,62.0381578947368421,18.0
33,Cloud Glow,Personal Care,83,Neighborhood Wholesale #2 (Tier 2/3),General Trade,India - Tier 2/3,44.8,62.8356666666666667,18.0
97,Royal Breakfast Co,Breakfast & Cereal,161,Sundry Traders Network (Malaysia),General Trade,SEA - Malaysia,44.6,62.5915625000000000,18.0
51,Coastal Drinks,Beverages,16,WareClub,Club,North America,44.9,62.8907142857142857,18.0
46,Fresh Refresh,Beverages,6,SunriseMart,Grocery,North America,44.9,62.8907142857142857,18.0
82,Meadow Treats,Confectionery,65,FreshMart (Tier 2/3),Grocery,India - Tier 2/3,44.4,62.4378000000000000,18.0
104,Meadow Baby Co,Baby Care,187,QuickDash (Indonesia),Quick Commerce,SEA - Indonesia,41.7,59.7341666666666667,18.0
63,Silver Household,Home Care,115,PrimeGrocer (Saudi),Grocery,Gulf - Saudi,45.2,63.1858333333333333,18.0
18,Royal Fizz,Sparkling Water,11,FreshMart #2,Grocery,North America,45.1,63.0876190476190476,18.0
90,Prime Grains,Breakfast & Cereal,104,HopMart (UAE),Quick Commerce,Gulf - UAE,45.4,63.3928030303030303,18.0
74,Sunrise Milk Co,Dairy,83,Neighborhood Wholesale #2 (Tier 2/3),General Trade,India - Tier 2/3,44.6,62.6312000000000000,18.0
92,Cloud Grains,Breakfast & Cereal,174,ValueTrade GT (Philippines),General Trade,SEA - Philippines,44.0,62.0381578947368421,18.0
106,Vivid Little Ones,Baby Care,115,PrimeGrocer (Saudi),Grocery,Gulf - Saudi,46.6,64.5725000000000000,18.0
30,Cloud Essentials,Personal Care,147,SunriseMart (Malaysia),Grocery,SEA - Malaysia,43.5,61.4575000000000000,18.0
90,Prime Grains,Breakfast & Cereal,156,Neighborhood Wholesale (Malaysia),General Trade,SEA - Malaysia,44.6,62.5915625000000000,18.0
27,Golden Glow,Personal Care,187,QuickDash (Indonesia),Quick Commerce,SEA - Indonesia,42.4,60.4337500000000000,18.0
97,Royal Breakfast Co,Breakfast & Cereal,159,Bazaar Wholesale (Malaysia),General Trade,SEA - Malaysia,44.6,62.5915625000000000,18.0
28,Spring Skin,Personal Care,11,FreshMart #2,Grocery,North America,45.2,63.2026315789473684,18.0
110,Meadow Tiny Care,Baby Care,4,PrimeGrocer,Grocery,North America,45.0,63.0250000000000000,18.0
18,Royal Fizz,Sparkling Water,21,EarthAisle,Natural,North America,45.1,63.0876190476190476,18.0
6,Coastal Bites,Salty Snacks,113,MetroBazaar (Saudi),Grocery,Gulf - Saudi,44.3,62.3475000000000000,18.0
85,Heritage Treats,Confectionery,73,Local Trade Collective (Tier 2/3),General Trade,India - Tier 2/3,44.4,62.4378000000000000,18.0
19,Fresh Fizz,Sparkling Water,3,GreenAisle,Grocery,North America,45.1,63.0876190476190476,18.0
80,Nomad Candy Co,Confectionery,8,ValueGrocer,Grocery,North America,43.9,61.9236111111111111,18.0
29,Golden Essentials,Personal Care,55,DartMart (Metro),Quick Commerce,India - Metro,44.7,62.6680000000000000,18.0
12,True Water Co,Sparkling Water,58,ValueTrade GT (Metro),General Trade,India - Metro,44.0,61.9855603448275862,18.0
107,Spring Tiny Care,Baby Care,186,SunriseMart (Indonesia),Grocery,SEA - Indonesia,41.8,59.7341666666666667,17.9
43,Coastal Table,Packaged Foods,39,PrimeGrocer (Metro),Grocery,India - Metro,44.4,62.2600000000000000,17.9
76,Royal Farms,Dairy,2,MetroBazaar,Grocery,North America,42.8,60.7394736842105263,17.9
24,Spring Care,Personal Care,130,PrimeGrocer (Qatar),Grocery,Gulf - Qatar,43.7,61.5616666666666667,17.9
32,Cloud Skin,Personal Care,88,Sundry Traders Network #2 (Tier 2/3),General Trade,India - Tier 2/3,44.9,62.8356666666666667,17.9
6,Coastal Bites,Salty Snacks,122,Community Retail Co-op (Saudi),General Trade,Gulf - Saudi,44.4,62.3475000000000000,17.9
11,Silver Snacks,Salty Snacks,17,MegaValue Club,Club,North America,43.5,61.3621428571428571,17.9
15,Blue Springs,Sparkling Water,112,FreshMart (Saudi),Grocery,Gulf - Saudi,45.2,63.0650000000000000,17.9
51,Coastal Drinks,Beverages,152,HopMart (Malaysia),Quick Commerce,SEA - Malaysia,43.9,61.7712500000000000,17.9
98,Coastal Mornings,Breakfast & Cereal,70,SunriseMart (Tier 2/3),Grocery,India - Tier 2/3,45.8,63.6752500000000000,17.9
21,Golden Fizz,Sparkling Water,151,SwiftBasket (Malaysia),Quick Commerce,SEA - Malaysia,43.7,61.5825000000000000,17.9
82,Meadow Treats,Confectionery,79,MarketLink GT (Tier 2/3),General Trade,India - Tier 2/3,44.5,62.4378000000000000,17.9
25,Royal Skin,Personal Care,160,MarketLink GT (Malaysia),General Trade,SEA - Malaysia,43.6,61.4575000000000000,17.9
41,Royal Kitchen,Packaged Foods,13,GreenAisle #2,Grocery,North America,44.6,62.4755208333333333,17.9
3,Prime Snacks,Salty Snacks,19,GreenLeaf Naturals,Natural,North America,43.5,61.3621428571428571,17.9
57,Cloud Shine,Home Care,166,DailyBasket (Philippines),Grocery,SEA - Philippines,40.3,58.1723684210526316,17.9
43,Coastal Table,Packaged Foods,78,Bazaar Wholesale (Tier 2/3),General Trade,India - Tier 2/3,44.0,61.8906000000000000,17.9
45,Pure Drinks,Beverages,124,MarketLink GT (Saudi),General Trade,Gulf - Saudi,44.6,62.5236666666666667,17.9
13,Urban Bubbles,Sparkling Water,159,Bazaar Wholesale (Malaysia),General Trade,SEA - Malaysia,43.7,61.5825000000000000,17.9
89,Nomad Mornings,Breakfast & Cereal,70,SunriseMart (Tier 2/3),Grocery,India - Tier 2/3,45.8,63.6752500000000000,17.9
68,Cloud Dairy,Dairy,188,ZipCart (Indonesia),Quick Commerce,SEA - Indonesia,45.5,63.3287500000000000,17.8
105,Silver Baby Essentials,Baby Care,181,FreshMart (Indonesia),Grocery,SEA - Indonesia,41.9,59.7341666666666667,17.8
83,Fresh Treats,Confectionery,85,Community Retail Co-op #2 (Tier 2/3),General Trade,India - Tier 2/3,44.6,62.4378000000000000,17.8
21,Golden Fizz,Sparkling Water,53,RapidBasket (Metro),Quick Commerce,India - Metro,44.2,61.9855603448275862,17.8
60,True Shine,Home Care,94,DailyBasket (UAE),Grocery,Gulf - UAE,43.6,61.4090909090909091,17.8
91,Coastal Cereal Co,Breakfast & Cereal,147,SunriseMart (Malaysia),Grocery,SEA - Malaysia,44.8,62.5915625000000000,17.8
71,Golden Farms,Dairy,163,MetroBazaar (Philippines),Grocery,SEA - Philippines,43.6,61.3750000000000000,17.8
12,True Water Co,Sparkling Water,80,Sundry Traders Network (Tier 2/3),General Trade,India - Tier 2/3,45.6,63.3680000000000000,17.8
59,Pure Shine,Home Care,37,MetroBazaar (Metro),Grocery,India - Metro,43.6,61.3740000000000000,17.8
77,Urban Creamery,Dairy,129,GreenAisle (Qatar),Grocery,Gulf - Qatar,48.4,66.1566666666666667,17.8
93,Urban Mornings,Breakfast & Cereal,179,MarketLink GT (Philippines),General Trade,SEA - Philippines,44.2,62.0381578947368421,17.8
91,Coastal Cereal Co,Breakfast & Cereal,145,PrimeGrocer (Malaysia),Grocery,SEA - Malaysia,44.8,62.5915625000000000,17.8
109,Silver Little Ones,Baby Care,3,GreenAisle,Grocery,North America,45.2,63.0250000000000000,17.8
28,Spring Skin,Personal Care,6,SunriseMart,Grocery,North America,45.4,63.2026315789473684,17.8
39,Blue Kitchen,Packaged Foods,142,FreshMart (Malaysia),Grocery,SEA - Malaysia,44.7,62.4881250000000000,17.8
30,Cloud Essentials,Personal Care,9,CityMart,Grocery,North America,45.4,63.2026315789473684,17.8
82,Meadow Treats,Confectionery,70,SunriseMart (Tier 2/3),Grocery,India - Tier 2/3,44.6,62.4378000000000000,17.8
43,Coastal Table,Packaged Foods,59,Neighborhood Wholesale (Metro),General Trade,India - Metro,44.5,62.2600000000000000,17.8
91,Coastal Cereal Co,Breakfast & Cereal,112,FreshMart (Saudi),Grocery,Gulf - Saudi,41.6,59.3711111111111111,17.8
90,Prime Grains,Breakfast & Cereal,161,Sundry Traders Network (Malaysia),General Trade,SEA - Malaysia,44.8,62.5915625000000000,17.8
73,Blue Milk Co,Dairy,22,NaturaLife Market,Natural,North America,42.9,60.7394736842105263,17.8
53,Cloud Sip,Beverages,112,FreshMart (Saudi),Grocery,Gulf - Saudi,44.7,62.5236666666666667,17.8
68,Cloud Dairy,Dairy,198,Bazaar Wholesale (Indonesia),General Trade,SEA - Indonesia,45.5,63.3287500000000000,17.8
105,Silver Baby Essentials,Baby Care,74,ValueTrade GT (Tier 2/3),General Trade,India - Tier 2/3,44.2,61.9433333333333333,17.7
102,Coastal Little Ones,Baby Care,70,SunriseMart (Tier 2/3),Grocery,India - Tier 2/3,44.2,61.9433333333333333,17.7
80,Nomad Candy Co,Confectionery,34,CornerFuel Mart #3,C-Store,North America,44.2,61.9236111111111111,17.7
99,Fresh Cereal Co,Breakfast & Cereal,110,Corner Store Network (UAE),General Trade,Gulf - UAE,45.7,63.3928030303030303,17.7
106,Vivid Little Ones,Baby Care,66,MetroBazaar (Tier 2/3),Grocery,India - Tier 2/3,44.2,61.9433333333333333,17.7
77,Urban Creamery,Dairy,136,HopMart (Qatar),Quick Commerce,Gulf - Qatar,48.5,66.1566666666666667,17.7
51,Coastal Drinks,Beverages,3,GreenAisle,Grocery,North America,45.2,62.8907142857142857,17.7
63,Silver Household,Home Care,1,FreshMart,Grocery,North America,43.8,61.5100694444444444,17.7
63,Silver Household,Home Care,16,WareClub,Club,North America,43.8,61.5100694444444444,17.7
95,Cloud Mornings,Breakfast & Cereal,115,PrimeGrocer (Saudi),Grocery,Gulf - Saudi,41.7,59.3711111111111111,17.7
6,Coastal Bites,Salty Snacks,15,BulkBasket Club,Club,North America,43.7,61.3621428571428571,17.7
34,Bold Kitchen,Packaged Foods,149,ZipCart (Malaysia),Quick Commerce,SEA - Malaysia,44.8,62.4881250000000000,17.7
8,Meadow Crisps,Salty Snacks,80,Sundry Traders Network (Tier 2/3),General Trade,India - Tier 2/3,45.3,63.0406666666666667,17.7
91,Coastal Cereal Co,Breakfast & Cereal,146,DailyBasket (Malaysia),Grocery,SEA - Malaysia,44.9,62.5915625000000000,17.7
51,Coastal Drinks,Beverages,152,HopMart (Malaysia),Quick Commerce,SEA - Malaysia,44.1,61.7712500000000000,17.7
66,Golden Household,Home Care,72,ValueGrocer (Tier 2/3),Grocery,India - Tier 2/3,45.3,62.8800000000000000,17.6
3,Prime Snacks,Salty Snacks,23,GreenLeaf Naturals #2,Natural,North America,43.8,61.3621428571428571,17.6
62,Royal Household,Home Care,120,Neighborhood Wholesale (Saudi),General Trade,Gulf - Saudi,45.6,63.1858333333333333,17.6
21,Golden Fizz,Sparkling Water,46,QuickDash (Metro),Quick Commerce,India - Metro,44.4,61.9855603448275862,17.6
84,Everyday Treats,Confectionery,200,Sundry Traders Network (Indonesia),General Trade,SEA - Indonesia,44.3,61.8512500000000000,17.6
93,Urban Mornings,Breakfast & Cereal,95,SunriseMart (UAE),Grocery,Gulf - UAE,45.8,63.3928030303030303,17.6
79,Coastal Candy Co,Confectionery,72,ValueGrocer (Tier 2/3),Grocery,India - Tier 2/3,44.8,62.4378000000000000,17.6
11,Silver Snacks,Salty Snacks,75,Neighborhood Wholesale (Tier 2/3),General Trade,India - Tier 2/3,45.4,63.0406666666666667,17.6
105,Silver Baby Essentials,Baby Care,85,Community Retail Co-op #2 (Tier 2/3),General Trade,India - Tier 2/3,44.3,61.9433333333333333,17.6
36,Cloud Table,Packaged Foods,73,Local Trade Collective (Tier 2/3),General Trade,India - Tier 2/3,44.3,61.8906000000000000,17.6
43,Coastal Table,Packaged Foods,88,Sundry Traders Network #2 (Tier 2/3),General Trade,India - Tier 2/3,44.3,61.8906000000000000,17.6
54,Nomad Drinks,Beverages,77,Community Retail Co-op (Tier 2/3),General Trade,India - Tier 2/3,45.0,62.6366666666666667,17.6
90,Prime Grains,Breakfast & Cereal,111,Community Retail Co-op (UAE),General Trade,Gulf - UAE,45.8,63.3928030303030303,17.6
43,Coastal Table,Packaged Foods,72,ValueGrocer (Tier 2/3),Grocery,India - Tier 2/3,44.3,61.8906000000000000,17.6
70,Vivid Milk Co,Dairy,81,Local Trade Collective #2 (Tier 2/3),General Trade,India - Tier 2/3,45.0,62.6312000000000000,17.6
25,Royal Skin,Personal Care,146,DailyBasket (Malaysia),Grocery,SEA - Malaysia,43.9,61.4575000000000000,17.6
91,Coastal Cereal Co,Breakfast & Cereal,143,MetroBazaar (Malaysia),Grocery,SEA - Malaysia,45.0,62.5915625000000000,17.6
75,Vivid Dairy,Dairy,86,Bazaar Wholesale #2 (Tier 2/3),General Trade,India - Tier 2/3,45.0,62.6312000000000000,17.6
83,Fresh Treats,Confectionery,69,DailyBasket (Tier 2/3),Grocery,India - Tier 2/3,44.8,62.4378000000000000,17.6
7,Urban Bites,Salty Snacks,94,DailyBasket (UAE),Grocery,Gulf - UAE,45.1,62.7130681818181818,17.6
18,Royal Fizz,Sparkling Water,30,CornerFuel Mart #2,C-Store,North America,45.5,63.0876190476190476,17.6
99,Fresh Cereal Co,Breakfast & Cereal,145,PrimeGrocer (Malaysia),Grocery,SEA - Malaysia,45.0,62.5915625000000000,17.6
71,Golden Farms,Dairy,2,MetroBazaar,Grocery,North America,43.2,60.7394736842105263,17.5
72,Nomad Milk Co,Dairy,85,Community Retail Co-op #2 (Tier 2/3),General Trade,India - Tier 2/3,45.1,62.6312000000000000,17.5
12,True Water Co,Sparkling Water,77,Community Retail Co-op (Tier 2/3),General Trade,India - Tier 2/3,45.9,63.3680000000000000,17.5
79,Coastal Candy Co,Confectionery,81,Local Trade Collective #2 (Tier 2/3),General Trade,India - Tier 2/3,44.9,62.4378000000000000,17.5
51,Coastal Drinks,Beverages,151,SwiftBasket (Malaysia),Quick Commerce,SEA - Malaysia,44.3,61.7712500000000000,17.5
18,Royal Fizz,Sparkling Water,12,MetroBazaar #2,Grocery,North America,45.6,63.0876190476190476,17.5
93,Urban Mornings,Breakfast & Cereal,90,FreshMart (UAE),Grocery,Gulf - UAE,45.9,63.3928030303030303,17.5
77,Urban Creamery,Dairy,135,SwiftBasket (Qatar),Quick Commerce,Gulf - Qatar,48.7,66.1566666666666667,17.5
88,Pure Treats,Confectionery,109,Neighborhood Wholesale (UAE),General Trade,Gulf - UAE,44.4,61.9394736842105263,17.5
108,Crunch Baby Co,Baby Care,74,ValueTrade GT (Tier 2/3),General Trade,India - Tier 2/3,44.4,61.9433333333333333,17.5
89,Nomad Mornings,Breakfast & Cereal,84,Corner Store Network #2 (Tier 2/3),General Trade,India - Tier 2/3,46.2,63.6752500000000000,17.5
32,Cloud Skin,Personal Care,78,Bazaar Wholesale (Tier 2/3),General Trade,India - Tier 2/3,45.3,62.8356666666666667,17.5
21,Golden Fizz,Sparkling Water,60,Corner Store Network (Metro),General Trade,India - Metro,44.5,61.9855603448275862,17.5
11,Silver Snacks,Salty Snacks,5,DailyBasket,Grocery,North America,43.9,61.3621428571428571,17.5
6,Coastal Bites,Salty Snacks,23,GreenLeaf Naturals #2,Natural,North America,43.9,61.3621428571428571,17.5
16,Sunrise Water Co,Sparkling Water,187,QuickDash (Indonesia),Quick Commerce,SEA - Indonesia,46.4,63.8825000000000000,17.5
98,Coastal Mornings,Breakfast & Cereal,116,DailyBasket (Saudi),Grocery,Gulf - Saudi,41.9,59.3711111111111111,17.5
15,Blue Springs,Sparkling Water,113,MetroBazaar (Saudi),Grocery,Gulf - Saudi,45.6,63.0650000000000000,17.5
106,Vivid Little Ones,Baby Care,119,ValueTrade GT (Saudi),General Trade,Gulf - Saudi,47.1,64.5725000000000000,17.5
73,Blue Milk Co,Dairy,19,GreenLeaf Naturals,Natural,North America,43.2,60.7394736842105263,17.5
49,Meadow Beverages,Beverages,79,MarketLink GT (Tier 2/3),General Trade,India - Tier 2/3,45.1,62.6366666666666667,17.5
78,Prime Confections,Confectionery,192,FlashCart (Indonesia),Quick Commerce,SEA - Indonesia,44.4,61.8512500000000000,17.5
73,Blue Milk Co,Dairy,20,PureRoots Market,Natural,North America,43.2,60.7394736842105263,17.5
88,Pure Treats,Confectionery,200,Sundry Traders Network (Indonesia),General Trade,SEA - Indonesia,44.5,61.8512500000000000,17.4
2,Bold Snacks,Salty Snacks,121,Corner Store Network (Saudi),General Trade,Gulf - Saudi,44.9,62.3475000000000000,17.4
2,Bold Snacks,Salty Snacks,38,GreenAisle (Metro),Grocery,India - Metro,42.0,59.4456896551724138,17.4
61,Crunch Household,Home Care,37,MetroBazaar (Metro),Grocery,India - Metro,44.0,61.3740000000000000,17.4
106,Vivid Little Ones,Baby Care,68,PrimeGrocer (Tier 2/3),Grocery,India - Tier 2/3,44.5,61.9433333333333333,17.4
21,Golden Fizz,Sparkling Water,56,QuickDash #2 (Metro),Quick Commerce,India - Metro,44.6,61.9855603448275862,17.4
14,Golden Bubbles,Sparkling Water,12,MetroBazaar #2,Grocery,North America,45.7,63.0876190476190476,17.4
104,Meadow Baby Co,Baby Care,196,Corner Store Network (Indonesia),General Trade,SEA - Indonesia,42.3,59.7341666666666667,17.4
42,Urban Kitchen,Packaged Foods,177,Community Retail Co-op (Philippines),General Trade,SEA - Philippines,44.3,61.6500000000000000,17.4
36,Cloud Table,Packaged Foods,88,Sundry Traders Network #2 (Tier 2/3),General Trade,India - Tier 2/3,44.5,61.8906000000000000,17.4
30,Cloud Essentials,Personal Care,7,UrbanPantry,Grocery,North America,45.8,63.2026315789473684,17.4
14,Golden Bubbles,Sparkling Water,15,BulkBasket Club,Club,North America,45.8,63.0876190476190476,17.3
34,Bold Kitchen,Packaged Foods,151,SwiftBasket (Malaysia),Quick Commerce,SEA - Malaysia,45.2,62.4881250000000000,17.3
52,Spring Sip,Beverages,131,DailyBasket (Qatar),Grocery,Gulf - Qatar,45.1,62.3838888888888889,17.3
45,Pure Drinks,Beverages,115,PrimeGrocer (Saudi),Grocery,Gulf - Saudi,45.2,62.5236666666666667,17.3
71,Golden Farms,Dairy,9,CityMart,Grocery,North America,43.4,60.7394736842105263,17.3
54,Nomad Drinks,Beverages,117,SunriseMart (Saudi),Grocery,Gulf - Saudi,45.2,62.5236666666666667,17.3
39,Blue Kitchen,Packaged Foods,159,Bazaar Wholesale (Malaysia),General Trade,SEA - Malaysia,45.2,62.4881250000000000,17.3
75,Vivid Dairy,Dairy,88,Sundry Traders Network #2 (Tier 2/3),General Trade,India - Tier 2/3,45.3,62.6312000000000000,17.3
106,Vivid Little Ones,Baby Care,70,SunriseMart (Tier 2/3),Grocery,India - Tier 2/3,44.6,61.9433333333333333,17.3
33,Cloud Glow,Personal Care,77,Community Retail Co-op (Tier 2/3),General Trade,India - Tier 2/3,45.5,62.8356666666666667,17.3
66,Golden Household,Home Care,69,DailyBasket (Tier 2/3),Grocery,India - Tier 2/3,45.6,62.8800000000000000,17.3
3,Prime Snacks,Salty Snacks,22,NaturaLife Market,Natural,North America,44.1,61.3621428571428571,17.3
110,Meadow Tiny Care,Baby Care,63,MarketLink GT (Metro),General Trade,India - Metro,45.9,63.2150000000000000,17.3
83,Fresh Treats,Confectionery,114,GreenAisle (Saudi),Grocery,Gulf - Saudi,45.2,62.4883333333333333,17.3
3,Prime Snacks,Salty Snacks,9,CityMart,Grocery,North America,44.1,61.3621428571428571,17.3
7,Urban Bites,Salty Snacks,196,Corner Store Network (Indonesia),General Trade,SEA - Indonesia,40.9,58.1575000000000000,17.3
44,Spring Pantry,Packaged Foods,66,MetroBazaar (Tier 2/3),Grocery,India - Tier 2/3,44.6,61.8906000000000000,17.3
16,Sunrise Water Co,Sparkling Water,183,GreenAisle (Indonesia),Grocery,SEA - Indonesia,46.6,63.8825000000000000,17.3
86,True Candy Co,Confectionery,174,ValueTrade GT (Philippines),General Trade,SEA - Philippines,45.7,63.0394736842105263,17.3
80,Nomad Candy Co,Confectionery,74,ValueTrade GT (Tier 2/3),General Trade,India - Tier 2/3,45.2,62.4378000000000000,17.2
2,Bold Snacks,Salty Snacks,116,DailyBasket (Saudi),Grocery,Gulf - Saudi,45.1,62.3475000000000000,17.2
96,Meadow Breakfast Co,Breakfast & Cereal,70,SunriseMart (Tier 2/3),Grocery,India - Tier 2/3,46.5,63.6752500000000000,17.2
75,Vivid Dairy,Dairy,95,SunriseMart (UAE),Grocery,Gulf - UAE,47.0,64.2289473684210526,17.2
88,Pure Treats,Confectionery,188,ZipCart (Indonesia),Quick Commerce,SEA - Indonesia,44.7,61.8512500000000000,17.2
107,Spring Tiny Care,Baby Care,190,SwiftBasket (Indonesia),Quick Commerce,SEA - Indonesia,42.5,59.7341666666666667,17.2
110,Meadow Tiny Care,Baby Care,54,GoCart Express (Metro),Quick Commerce,India - Metro,46.0,63.2150000000000000,17.2
88,Pure Treats,Confectionery,92,GreenAisle (UAE),Grocery,Gulf - UAE,44.7,61.9394736842105263,17.2
34,Bold Kitchen,Packaged Foods,195,Neighborhood Wholesale (Indonesia),General Trade,SEA - Indonesia,47.4,64.6200000000000000,17.2
91,Coastal Cereal Co,Breakfast & Cereal,121,Corner Store Network (Saudi),General Trade,Gulf - Saudi,42.2,59.3711111111111111,17.2
98,Coastal Mornings,Breakfast & Cereal,87,MarketLink GT #2 (Tier 2/3),General Trade,India - Tier 2/3,46.5,63.6752500000000000,17.2
99,Fresh Cereal Co,Breakfast & Cereal,150,DashKart (Malaysia),Quick Commerce,SEA - Malaysia,45.4,62.5915625000000000,17.2
13,Urban Bubbles,Sparkling Water,148,QuickDash (Malaysia),Quick Commerce,SEA - Malaysia,44.4,61.5825000000000000,17.2
82,Meadow Treats,Confectionery,28,ExpressStop,C-Store,North America,44.7,61.9236111111111111,17.2
38,Urban Pantry,Packaged Foods,118,Local Trade Collective (Saudi),General Trade,Gulf - Saudi,43.8,61.0458333333333333,17.2
6,Coastal Bites,Salty Snacks,11,FreshMart #2,Grocery,North America,44.2,61.3621428571428571,17.2
52,Spring Sip,Beverages,132,QuickDash (Qatar),Quick Commerce,Gulf - Qatar,45.2,62.3838888888888889,17.2
23,Golden Skin,Personal Care,56,QuickDash #2 (Metro),Quick Commerce,India - Metro,45.5,62.6680000000000000,17.2
61,Crunch Household,Home Care,62,Bazaar Wholesale (Metro),General Trade,India - Metro,44.3,61.3740000000000000,17.1
105,Silver Baby Essentials,Baby Care,183,GreenAisle (Indonesia),Grocery,SEA - Indonesia,42.6,59.7341666666666667,17.1
21,Golden Fizz,Sparkling Water,154,Local Trade Collective (Malaysia),General Trade,SEA - Malaysia,44.5,61.5825000000000000,17.1
55,Vivid Sip,Beverages,181,FreshMart (Indonesia),Grocery,SEA - Indonesia,43.6,60.6750000000000000,17.1
36,Cloud Table,Packaged Foods,79,MarketLink GT (Tier 2/3),General Trade,India - Tier 2/3,44.8,61.8906000000000000,17.1
105,Silver Baby Essentials,Baby Care,69,DailyBasket (Tier 2/3),Grocery,India - Tier 2/3,44.8,61.9433333333333333,17.1
101,Everyday Tiny Care,Baby Care,140,Corner Store Network (Qatar),General Trade,Gulf - Qatar,44.5,61.6466666666666667,17.1
19,Fresh Fizz,Sparkling Water,21,EarthAisle,Natural,North America,46.0,63.0876190476190476,17.1
13,Urban Bubbles,Sparkling Water,156,Neighborhood Wholesale (Malaysia),General Trade,SEA - Malaysia,44.5,61.5825000000000000,17.1
44,Spring Pantry,Packaged Foods,102,DashKart (UAE),Quick Commerce,Gulf - UAE,45.9,63.0119318181818182,17.1
58,Coastal Clean,Home Care,95,SunriseMart (UAE),Grocery,Gulf - UAE,44.3,61.4090909090909091,17.1
94,Crunch Cereal Co,Breakfast & Cereal,192,FlashCart (Indonesia),Quick Commerce,SEA - Indonesia,44.3,61.4287500000000000,17.1
55,Vivid Sip,Beverages,57,Local Trade Collective (Metro),General Trade,India - Metro,45.0,62.0715517241379310,17.1
21,Golden Fizz,Sparkling Water,55,DartMart (Metro),Quick Commerce,India - Metro,44.9,61.9855603448275862,17.1
11,Silver Snacks,Salty Snacks,87,MarketLink GT #2 (Tier 2/3),General Trade,India - Tier 2/3,45.9,63.0406666666666667,17.1
79,Coastal Candy Co,Confectionery,88,Sundry Traders Network #2 (Tier 2/3),General Trade,India - Tier 2/3,45.3,62.4378000000000000,17.1
91,Coastal Cereal Co,Breakfast & Cereal,160,MarketLink GT (Malaysia),General Trade,SEA - Malaysia,45.5,62.5915625000000000,17.1
63,Silver Household,Home Care,7,UrbanPantry,Grocery,North America,44.4,61.5100694444444444,17.1
84,Everyday Treats,Confectionery,187,QuickDash (Indonesia),Quick Commerce,SEA - Indonesia,44.8,61.8512500000000000,17.1
51,Coastal Drinks,Beverages,149,ZipCart (Malaysia),Quick Commerce,SEA - Malaysia,44.8,61.7712500000000000,17.0
70,Vivid Milk Co,Dairy,113,MetroBazaar (Saudi),Grocery,Gulf - Saudi,43.3,60.2775000000000000,17.0
80,Nomad Candy Co,Confectionery,27,GoStop,C-Store,North America,44.9,61.9236111111111111,17.0
55,Vivid Sip,Beverages,58,ValueTrade GT (Metro),General Trade,India - Metro,45.1,62.0715517241379310,17.0
6,Coastal Bites,Salty Snacks,15,BulkBasket Club,Club,North America,44.4,61.3621428571428571,17.0
14,Golden Bubbles,Sparkling Water,27,GoStop,C-Store,North America,46.1,63.0876190476190476,17.0
103,Coastal Baby Essentials,Baby Care,67,GreenAisle (Tier 2/3),Grocery,India - Tier 2/3,44.9,61.9433333333333333,17.0
46,Fresh Refresh,Beverages,116,DailyBasket (Saudi),Grocery,Gulf - Saudi,45.5,62.5236666666666667,17.0
69,Everyday Milk Co,Dairy,148,QuickDash (Malaysia),Quick Commerce,SEA - Malaysia,47.6,64.5987500000000000,17.0
13,Urban Bubbles,Sparkling Water,161,Sundry Traders Network (Malaysia),General Trade,SEA - Malaysia,44.6,61.5825000000000000,17.0
90,Prime Grains,Breakfast & Cereal,152,HopMart (Malaysia),Quick Commerce,SEA - Malaysia,45.6,62.5915625000000000,17.0
110,Meadow Tiny Care,Baby Care,5,DailyBasket,Grocery,North America,46.0,63.0250000000000000,17.0
69,Everyday Milk Co,Dairy,154,Local Trade Collective (Malaysia),General Trade,SEA - Malaysia,47.6,64.5987500000000000,17.0
22,Crunch Fizz,Sparkling Water,100,QuickDash (UAE),Quick Commerce,Gulf - UAE,46.0,62.9568181818181818,17.0
87,Pure Sweets,Confectionery,9,CityMart,Grocery,North America,44.9,61.9236111111111111,17.0
73,Blue Milk Co,Dairy,7,UrbanPantry,Grocery,North America,43.7,60.7394736842105263,17.0
84,Everyday Treats,Confectionery,200,Sundry Traders Network (Indonesia),General Trade,SEA - Indonesia,44.9,61.8512500000000000,17.0
25,Royal Skin,Personal Care,160,MarketLink GT (Malaysia),General Trade,SEA - Malaysia,44.5,61.4575000000000000,17.0
1,True Snacks,Salty Snacks,69,DailyBasket (Tier 2/3),Grocery,India - Tier 2/3,46.0,63.0406666666666667,17.0
12,True Water Co,Sparkling Water,88,Sundry Traders Network #2 (Tier 2/3),General Trade,India - Tier 2/3,46.4,63.3680000000000000,17.0
85,Heritage Treats,Confectionery,67,GreenAisle (Tier 2/3),Grocery,India - Tier 2/3,45.4,62.4378000000000000,17.0
62,Royal Household,Home Care,1,FreshMart,Grocery,North America,44.5,61.5100694444444444,17.0
94,Crunch Cereal Co,Breakfast & Cereal,192,FlashCart (Indonesia),Quick Commerce,SEA - Indonesia,44.4,61.4287500000000000,17.0
30,Cloud Essentials,Personal Care,11,FreshMart #2,Grocery,North America,46.2,63.2026315789473684,17.0
2,Bold Snacks,Salty Snacks,38,GreenAisle (Metro),Grocery,India - Metro,42.4,59.4456896551724138,17.0
25,Royal Skin,Personal Care,144,GreenAisle (Malaysia),Grocery,SEA - Malaysia,44.5,61.4575000000000000,17.0
63,Silver Household,Home Care,126,Local Trade Collective #2 (Saudi),General Trade,Gulf - Saudi,46.2,63.1858333333333333,17.0
90,Prime Grains,Breakfast & Cereal,101,ZipCart (UAE),Quick Commerce,Gulf - UAE,46.4,63.3928030303030303,17.0
38,Urban Pantry,Packaged Foods,122,Community Retail Co-op (Saudi),General Trade,Gulf - Saudi,44.0,61.0458333333333333,17.0
77,Urban Creamery,Dairy,141,Community Retail Co-op (Qatar),General Trade,Gulf - Qatar,49.2,66.1566666666666667,17.0
11,Silver Snacks,Salty Snacks,27,GoStop,C-Store,North America,44.4,61.3621428571428571,17.0
80,Nomad Candy Co,Confectionery,33,QuickStop #3,C-Store,North America,45.0,61.9236111111111111,16.9
90,Prime Grains,Breakfast & Cereal,104,HopMart (UAE),Quick Commerce,Gulf - UAE,46.5,63.3928030303030303,16.9
12,True Water Co,Sparkling Water,36,FreshMart (Metro),Grocery,India - Metro,45.1,61.9855603448275862,16.9
36,Cloud Table,Packaged Foods,84,Corner Store Network #2 (Tier 2/3),General Trade,India - Tier 2/3,45.0,61.8906000000000000,16.9
62,Royal Household,Home Care,17,MegaValue Club,Club,North America,44.6,61.5100694444444444,16.9
73,Blue Milk Co,Dairy,187,QuickDash (Indonesia),Quick Commerce,SEA - Indonesia,46.4,63.3287500000000000,16.9
21,Golden Fizz,Sparkling Water,153,FlashCart (Malaysia),Quick Commerce,SEA - Malaysia,44.7,61.5825000000000000,16.9
21,Golden Fizz,Sparkling Water,41,SunriseMart (Metro),Grocery,India - Metro,45.1,61.9855603448275862,16.9
73,Blue Milk Co,Dairy,199,MarketLink GT (Indonesia),General Trade,SEA - Indonesia,46.4,63.3287500000000000,16.9
16,Sunrise Water Co,Sparkling Water,200,Sundry Traders Network (Indonesia),General Trade,SEA - Indonesia,47.0,63.8825000000000000,16.9
39,Blue Kitchen,Packaged Foods,146,DailyBasket (Malaysia),Grocery,SEA - Malaysia,45.6,62.4881250000000000,16.9
60,True Shine,Home Care,100,QuickDash (UAE),Quick Commerce,Gulf - UAE,44.5,61.4090909090909091,16.9
83,Fresh Treats,Confectionery,123,Bazaar Wholesale (Saudi),General Trade,Gulf - Saudi,45.6,62.4883333333333333,16.9
75,Vivid Dairy,Dairy,88,Sundry Traders Network #2 (Tier 2/3),General Trade,India - Tier 2/3,45.7,62.6312000000000000,16.9
68,Cloud Dairy,Dairy,188,ZipCart (Indonesia),Quick Commerce,SEA - Indonesia,46.4,63.3287500000000000,16.9
1,True Snacks,Salty Snacks,74,ValueTrade GT (Tier 2/3),General Trade,India - Tier 2/3,46.1,63.0406666666666667,16.9
80,Nomad Candy Co,Confectionery,71,UrbanPantry (Tier 2/3),Grocery,India - Tier 2/3,45.5,62.4378000000000000,16.9
70,Vivid Milk Co,Dairy,70,SunriseMart (Tier 2/3),Grocery,India - Tier 2/3,45.7,62.6312000000000000,16.9
59,Pure Shine,Home Care,49,SwiftBasket (Metro),Quick Commerce,India - Metro,44.5,61.3740000000000000,16.9
94,Crunch Cereal Co,Breakfast & Cereal,81,Local Trade Collective #2 (Tier 2/3),General Trade,India - Tier 2/3,46.8,63.6752500000000000,16.9
76,Royal Farms,Dairy,87,MarketLink GT #2 (Tier 2/3),General Trade,India - Tier 2/3,45.7,62.6312000000000000,16.9
109,Silver Little Ones,Baby Care,131,DailyBasket (Qatar),Grocery,Gulf - Qatar,44.7,61.6466666666666667,16.9
17,Nomad Bubbles,Sparkling Water,62,Bazaar Wholesale (Metro),General Trade,India - Metro,45.1,61.9855603448275862,16.9
99,Fresh Cereal Co,Breakfast & Cereal,155,ValueTrade GT (Malaysia),General Trade,SEA - Malaysia,45.7,62.5915625000000000,16.9
66,Golden Household,Home Care,76,Corner Store Network (Tier 2/3),General Trade,India - Tier 2/3,46.1,62.8800000000000000,16.8
35,Silver Table,Packaged Foods,5,DailyBasket,Grocery,North America,45.7,62.4755208333333333,16.8
2,Bold Snacks,Salty Snacks,49,SwiftBasket (Metro),Quick Commerce,India - Metro,42.6,59.4456896551724138,16.8
22,Crunch Fizz,Sparkling Water,114,GreenAisle (Saudi),Grocery,Gulf - Saudi,46.3,63.0650000000000000,16.8
43,Coastal Table,Packaged Foods,74,ValueTrade GT (Tier 2/3),General Trade,India - Tier 2/3,45.1,61.8906000000000000,16.8
54,Nomad Drinks,Beverages,125,Sundry Traders Network (Saudi),General Trade,Gulf - Saudi,45.7,62.5236666666666667,16.8
15,Blue Springs,Sparkling Water,121,Corner Store Network (Saudi),General Trade,Gulf - Saudi,46.3,63.0650000000000000,16.8
109,Silver Little Ones,Baby Care,132,QuickDash (Qatar),Quick Commerce,Gulf - Qatar,44.8,61.6466666666666667,16.8
65,Urban Clean,Home Care,13,GreenAisle #2,Grocery,North America,44.7,61.5100694444444444,16.8
99,Fresh Cereal Co,Breakfast & Cereal,91,MetroBazaar (UAE),Grocery,Gulf - UAE,46.6,63.3928030303030303,16.8
83,Fresh Treats,Confectionery,81,Local Trade Collective #2 (Tier 2/3),General Trade,India - Tier 2/3,45.6,62.4378000000000000,16.8
33,Cloud Glow,Personal Care,66,MetroBazaar (Tier 2/3),Grocery,India - Tier 2/3,46.0,62.8356666666666667,16.8
3,Prime Snacks,Salty Snacks,114,GreenAisle (Saudi),Grocery,Gulf - Saudi,45.5,62.3475000000000000,16.8
83,Fresh Treats,Confectionery,125,Sundry Traders Network (Saudi),General Trade,Gulf - Saudi,45.7,62.4883333333333333,16.8
90,Prime Grains,Breakfast & Cereal,148,QuickDash (Malaysia),Quick Commerce,SEA - Malaysia,45.8,62.5915625000000000,16.8
53,Cloud Sip,Beverages,120,Neighborhood Wholesale (Saudi),General Trade,Gulf - Saudi,45.7,62.5236666666666667,16.8
33,Cloud Glow,Personal Care,124,MarketLink GT (Saudi),General Trade,Gulf - Saudi,43.1,59.8583333333333333,16.8
2,Bold Snacks,Salty Snacks,39,PrimeGrocer (Metro),Grocery,India - Metro,42.6,59.4456896551724138,16.8
8,Meadow Crisps,Salty Snacks,68,PrimeGrocer (Tier 2/3),Grocery,India - Tier 2/3,46.2,63.0406666666666667,16.8
82,Meadow Treats,Confectionery,12,MetroBazaar #2,Grocery,North America,45.1,61.9236111111111111,16.8
3,Prime Snacks,Salty Snacks,120,Neighborhood Wholesale (Saudi),General Trade,Gulf - Saudi,45.5,62.3475000000000000,16.8
88,Pure Treats,Confectionery,197,Community Retail Co-op (Indonesia),General Trade,SEA - Indonesia,45.1,61.8512500000000000,16.8
13,Urban Bubbles,Sparkling Water,178,Bazaar Wholesale (Philippines),General Trade,SEA - Philippines,48.0,64.6703947368421053,16.7
16,Sunrise Water Co,Sparkling Water,196,Corner Store Network (Indonesia),General Trade,SEA - Indonesia,47.2,63.8825000000000000,16.7
88,Pure Treats,Confectionery,196,Corner Store Network (Indonesia),General Trade,SEA - Indonesia,45.2,61.8512500000000000,16.7
35,Silver Table,Packaged Foods,4,PrimeGrocer,Grocery,North America,45.8,62.4755208333333333,16.7
35,Silver Table,Packaged Foods,71,UrbanPantry (Tier 2/3),Grocery,India - Tier 2/3,45.2,61.8906000000000000,16.7
87,Pure Sweets,Confectionery,33,QuickStop #3,C-Store,North America,45.2,61.9236111111111111,16.7
12,True Water Co,Sparkling Water,48,DashKart (Metro),Quick Commerce,India - Metro,45.3,61.9855603448275862,16.7
30,Cloud Essentials,Personal Care,144,GreenAisle (Malaysia),Grocery,SEA - Malaysia,44.8,61.4575000000000000,16.7
36,Cloud Table,Packaged Foods,85,Community Retail Co-op #2 (Tier 2/3),General Trade,India - Tier 2/3,45.2,61.8906000000000000,16.7
30,Cloud Essentials,Personal Care,154,Local Trade Collective (Malaysia),General Trade,SEA - Malaysia,44.8,61.4575000000000000,16.7
105,Silver Baby Essentials,Baby Care,80,Sundry Traders Network (Tier 2/3),General Trade,India - Tier 2/3,45.2,61.9433333333333333,16.7
105,Silver Baby Essentials,Baby Care,78,Bazaar Wholesale (Tier 2/3),General Trade,India - Tier 2/3,45.2,61.9433333333333333,16.7
50,Crunch Drinks,Beverages,180,Sundry Traders Network (Philippines),General Trade,SEA - Philippines,47.8,64.5381578947368421,16.7
66,Golden Household,Home Care,198,Bazaar Wholesale (Indonesia),General Trade,SEA - Indonesia,47.0,63.7145833333333333,16.7
80,Nomad Candy Co,Confectionery,77,Community Retail Co-op (Tier 2/3),General Trade,India - Tier 2/3,45.7,62.4378000000000000,16.7
56,Golden Shine,Home Care,86,Bazaar Wholesale #2 (Tier 2/3),General Trade,India - Tier 2/3,46.2,62.8800000000000000,16.7
56,Golden Shine,Home Care,78,Bazaar Wholesale (Tier 2/3),General Trade,India - Tier 2/3,46.2,62.8800000000000000,16.7
65,Urban Clean,Home Care,3,GreenAisle,Grocery,North America,44.8,61.5100694444444444,16.7
54,Nomad Drinks,Beverages,78,Bazaar Wholesale (Tier 2/3),General Trade,India - Tier 2/3,45.9,62.6366666666666667,16.7
42,Urban Kitchen,Packaged Foods,177,Community Retail Co-op (Philippines),General Trade,SEA - Philippines,45.0,61.6500000000000000,16.7
83,Fresh Treats,Confectionery,82,ValueTrade GT #2 (Tier 2/3),General Trade,India - Tier 2/3,45.7,62.4378000000000000,16.7
108,Crunch Baby Co,Baby Care,84,Corner Store Network #2 (Tier 2/3),General Trade,India - Tier 2/3,45.2,61.9433333333333333,16.7
83,Fresh Treats,Confectionery,86,Bazaar Wholesale #2 (Tier 2/3),General Trade,India - Tier 2/3,45.7,62.4378000000000000,16.7
6,Coastal Bites,Salty Snacks,14,SaverClub,Club,North America,44.7,61.3621428571428571,16.7
26,Prime Care,Personal Care,68,PrimeGrocer (Tier 2/3),Grocery,India - Tier 2/3,46.1,62.8356666666666667,16.7
25,Royal Skin,Personal Care,159,Bazaar Wholesale (Malaysia),General Trade,SEA - Malaysia,44.8,61.4575000000000000,16.7
2,Bold Snacks,Salty Snacks,47,ZipCart (Metro),Quick Commerce,India - Metro,42.7,59.4456896551724138,16.7
81,Prime Candy Co,Confectionery,127,FreshMart (Qatar),Grocery,Gulf - Qatar,44.2,60.9133333333333333,16.7
64,Blue Shine,Home Care,196,Corner Store Network (Indonesia),General Trade,SEA - Indonesia,47.0,63.7145833333333333,16.7
66,Golden Household,Home Care,71,UrbanPantry (Tier 2/3),Grocery,India - Tier 2/3,46.2,62.8800000000000000,16.7
94,Crunch Cereal Co,Breakfast & Cereal,79,MarketLink GT (Tier 2/3),General Trade,India - Tier 2/3,47.0,63.6752500000000000,16.7
110,Meadow Tiny Care,Baby Care,64,Sundry Traders Network (Metro),General Trade,India - Metro,46.5,63.2150000000000000,16.7
14,Golden Bubbles,Sparkling Water,6,SunriseMart,Grocery,North America,46.5,63.0876190476190476,16.6
42,Urban Kitchen,Packaged Foods,162,FreshMart (Philippines),Grocery,SEA - Philippines,45.1,61.6500000000000000,16.6
11,Silver Snacks,Salty Snacks,10,HomeFresh,Grocery,North America,44.8,61.3621428571428571,16.6
11,Silver Snacks,Salty Snacks,6,SunriseMart,Grocery,North America,44.8,61.3621428571428571,16.6
102,Coastal Little Ones,Baby Care,71,UrbanPantry (Tier 2/3),Grocery,India - Tier 2/3,45.3,61.9433333333333333,16.6
24,Spring Care,Personal Care,102,DashKart (UAE),Quick Commerce,Gulf - UAE,46.5,63.1394736842105263,16.6
34,Bold Kitchen,Packaged Foods,198,Bazaar Wholesale (Indonesia),General Trade,SEA - Indonesia,48.0,64.6200000000000000,16.6
103,Coastal Baby Essentials,Baby Care,87,MarketLink GT #2 (Tier 2/3),General Trade,India - Tier 2/3,45.3,61.9433333333333333,16.6
33,Cloud Glow,Personal Care,114,GreenAisle (Saudi),Grocery,Gulf - Saudi,43.3,59.8583333333333333,16.6
11,Silver Snacks,Salty Snacks,9,CityMart,Grocery,North America,44.8,61.3621428571428571,16.6
29,Golden Essentials,Personal Care,61,Community Retail Co-op (Metro),General Trade,India - Metro,46.1,62.6680000000000000,16.6
75,Vivid Dairy,Dairy,81,Local Trade Collective #2 (Tier 2/3),General Trade,India - Tier 2/3,46.0,62.6312000000000000,16.6
106,Vivid Little Ones,Baby Care,89,Local Trade Collective #3 (Tier 2/3),General Trade,India - Tier 2/3,45.3,61.9433333333333333,16.6
18,Royal Fizz,Sparkling Water,9,CityMart,Grocery,North America,46.5,63.0876190476190476,16.6
110,Meadow Tiny Care,Baby Care,59,Neighborhood Wholesale (Metro),General Trade,India - Metro,46.6,63.2150000000000000,16.6
43,Coastal Table,Packaged Foods,77,Community Retail Co-op (Tier 2/3),General Trade,India - Tier 2/3,45.3,61.8906000000000000,16.6
53,Cloud Sip,Beverages,116,DailyBasket (Saudi),Grocery,Gulf - Saudi,45.9,62.5236666666666667,16.6
6,Coastal Bites,Salty Snacks,25,QuickStop,C-Store,North America,44.8,61.3621428571428571,16.6
62,Royal Household,Home Care,119,ValueTrade GT (Saudi),General Trade,Gulf - Saudi,46.6,63.1858333333333333,16.6
22,Crunch Fizz,Sparkling Water,98,BulkBasket Club (UAE),Club,Gulf - UAE,46.4,62.9568181818181818,16.6
51,Coastal Drinks,Beverages,16,WareClub,Club,North America,46.3,62.8907142857142857,16.6
16,Sunrise Water Co,Sparkling Water,164,GreenAisle (Philippines),Grocery,SEA - Philippines,48.1,64.6703947368421053,16.6
17,Nomad Bubbles,Sparkling Water,58,ValueTrade GT (Metro),General Trade,India - Metro,45.5,61.9855603448275862,16.5
76,Royal Farms,Dairy,5,DailyBasket,Grocery,North America,44.2,60.7394736842105263,16.5
108,Crunch Baby Co,Baby Care,65,FreshMart (Tier 2/3),Grocery,India - Tier 2/3,45.4,61.9433333333333333,16.5
13,Urban Bubbles,Sparkling Water,155,ValueTrade GT (Malaysia),General Trade,SEA - Malaysia,45.1,61.5825000000000000,16.5
13,Urban Bubbles,Sparkling Water,167,SunriseMart (Philippines),Grocery,SEA - Philippines,48.2,64.6703947368421053,16.5
99,Fresh Cereal Co,Breakfast & Cereal,142,FreshMart (Malaysia),Grocery,SEA - Malaysia,46.1,62.5915625000000000,16.5
3,Prime Snacks,Salty Snacks,118,Local Trade Collective (Saudi),General Trade,Gulf - Saudi,45.8,62.3475000000000000,16.5
103,Coastal Baby Essentials,Baby Care,87,MarketLink GT #2 (Tier 2/3),General Trade,India - Tier 2/3,45.4,61.9433333333333333,16.5
104,Meadow Baby Co,Baby Care,197,Community Retail Co-op (Indonesia),General Trade,SEA - Indonesia,43.2,59.7341666666666667,16.5
48,Silver Beverages,Beverages,137,Local Trade Collective (Qatar),General Trade,Gulf - Qatar,45.9,62.3838888888888889,16.5
28,Spring Skin,Personal Care,153,FlashCart (Malaysia),Quick Commerce,SEA - Malaysia,45.0,61.4575000000000000,16.5
54,Nomad Drinks,Beverages,65,FreshMart (Tier 2/3),Grocery,India - Tier 2/3,46.1,62.6366666666666667,16.5
61,Crunch Household,Home Care,57,Local Trade Collective (Metro),General Trade,India - Metro,44.9,61.3740000000000000,16.5
98,Coastal Mornings,Breakfast & Cereal,117,SunriseMart (Saudi),Grocery,Gulf - Saudi,42.9,59.3711111111111111,16.5
105,Silver Baby Essentials,Baby Care,65,FreshMart (Tier 2/3),Grocery,India - Tier 2/3,45.4,61.9433333333333333,16.5
7,Urban Bites,Salty Snacks,189,DashKart (Indonesia),Quick Commerce,SEA - Indonesia,41.7,58.1575000000000000,16.5
20,Heritage Springs,Sparkling Water,57,Local Trade Collective (Metro),General Trade,India - Metro,45.5,61.9855603448275862,16.5
94,Crunch Cereal Co,Breakfast & Cereal,184,PrimeGrocer (Indonesia),Grocery,SEA - Indonesia,44.9,61.4287500000000000,16.5
1,True Snacks,Salty Snacks,86,Bazaar Wholesale #2 (Tier 2/3),General Trade,India - Tier 2/3,46.5,63.0406666666666667,16.5
94,Crunch Cereal Co,Breakfast & Cereal,187,QuickDash (Indonesia),Quick Commerce,SEA - Indonesia,44.9,61.4287500000000000,16.5
107,Spring Tiny Care,Baby Care,183,GreenAisle (Indonesia),Grocery,SEA - Indonesia,43.2,59.7341666666666667,16.5
46,Fresh Refresh,Beverages,4,PrimeGrocer,Grocery,North America,46.4,62.8907142857142857,16.5
83,Fresh Treats,Confectionery,80,Sundry Traders Network (Tier 2/3),General Trade,India - Tier 2/3,45.9,62.4378000000000000,16.5
102,Coastal Little Ones,Baby Care,85,Community Retail Co-op #2 (Tier 2/3),General Trade,India - Tier 2/3,45.4,61.9433333333333333,16.5
8,Meadow Crisps,Salty Snacks,88,Sundry Traders Network #2 (Tier 2/3),General Trade,India - Tier 2/3,46.5,63.0406666666666667,16.5
14,Golden Bubbles,Sparkling Water,32,ExpressStop #2,C-Store,North America,46.6,63.0876190476190476,16.5
99,Fresh Cereal Co,Breakfast & Cereal,96,UrbanPantry (UAE),Grocery,Gulf - UAE,46.9,63.3928030303030303,16.5
97,Royal Breakfast Co,Breakfast & Cereal,157,Corner Store Network (Malaysia),General Trade,SEA - Malaysia,46.1,62.5915625000000000,16.5
97,Royal Breakfast Co,Breakfast & Cereal,152,HopMart (Malaysia),Quick Commerce,SEA - Malaysia,46.1,62.5915625000000000,16.5
110,Meadow Tiny Care,Baby Care,37,MetroBazaar (Metro),Grocery,India - Metro,46.7,63.2150000000000000,16.5
34,Bold Kitchen,Packaged Foods,154,Local Trade Collective (Malaysia),General Trade,SEA - Malaysia,46.0,62.4881250000000000,16.5
13,Urban Bubbles,Sparkling Water,161,Sundry Traders Network (Malaysia),General Trade,SEA - Malaysia,45.1,61.5825000000000000,16.5
10,Silver Chips,Salty Snacks,121,Corner Store Network (Saudi),General Trade,Gulf - Saudi,45.8,62.3475000000000000,16.5
37,Heritage Kitchen,Packaged Foods,123,Bazaar Wholesale (Saudi),General Trade,Gulf - Saudi,44.5,61.0458333333333333,16.5
80,Nomad Candy Co,Confectionery,6,SunriseMart,Grocery,North America,45.4,61.9236111111111111,16.5
7,Urban Bites,Salty Snacks,95,SunriseMart (UAE),Grocery,Gulf - UAE,46.2,62.7130681818181818,16.5
12,True Water Co,Sparkling Water,72,ValueGrocer (Tier 2/3),Grocery,India - Tier 2/3,47.0,63.3680000000000000,16.4
53,Cloud Sip,Beverages,120,Neighborhood Wholesale (Saudi),General Trade,Gulf - Saudi,46.1,62.5236666666666667,16.4
51,Coastal Drinks,Beverages,35,GoStop #3,C-Store,North America,46.5,62.8907142857142857,16.4
54,Nomad Drinks,Beverages,80,Sundry Traders Network (Tier 2/3),General Trade,India - Tier 2/3,46.2,62.6366666666666667,16.4
82,Meadow Treats,Confectionery,8,ValueGrocer,Grocery,North America,45.5,61.9236111111111111,16.4
32,Cloud Skin,Personal Care,81,Local Trade Collective #2 (Tier 2/3),General Trade,India - Tier 2/3,46.4,62.8356666666666667,16.4
28,Spring Skin,Personal Care,23,GreenLeaf Naturals #2,Natural,North America,46.8,63.2026315789473684,16.4
77,Urban Creamery,Dairy,118,Local Trade Collective (Saudi),General Trade,Gulf - Saudi,43.9,60.2775000000000000,16.4
11,Silver Snacks,Salty Snacks,2,MetroBazaar,Grocery,North America,45.0,61.3621428571428571,16.4
11,Silver Snacks,Salty Snacks,86,Bazaar Wholesale #2 (Tier 2/3),General Trade,India - Tier 2/3,46.6,63.0406666666666667,16.4
76,Royal Farms,Dairy,79,MarketLink GT (Tier 2/3),General Trade,India - Tier 2/3,46.2,62.6312000000000000,16.4
63,Silver Household,Home Care,113,MetroBazaar (Saudi),Grocery,Gulf - Saudi,46.8,63.1858333333333333,16.4
59,Pure Shine,Home Care,37,MetroBazaar (Metro),Grocery,India - Metro,45.0,61.3740000000000000,16.4
98,Coastal Mornings,Breakfast & Cereal,67,GreenAisle (Tier 2/3),Grocery,India - Tier 2/3,47.3,63.6752500000000000,16.4
89,Nomad Mornings,Breakfast & Cereal,15,BulkBasket Club,Club,North America,46.7,63.0944444444444444,16.4
3,Prime Snacks,Salty Snacks,31,GoStop #2,C-Store,North America,45.0,61.3621428571428571,16.4
18,Royal Fizz,Sparkling Water,31,GoStop #2,C-Store,North America,46.7,63.0876190476190476,16.4
12,True Water Co,Sparkling Water,82,ValueTrade GT #2 (Tier 2/3),General Trade,India - Tier 2/3,47.0,63.3680000000000000,16.4
57,Cloud Shine,Home Care,173,Local Trade Collective (Philippines),General Trade,SEA - Philippines,41.9,58.1723684210526316,16.3
107,Spring Tiny Care,Baby Care,194,ValueTrade GT (Indonesia),General Trade,SEA - Indonesia,43.4,59.7341666666666667,16.3
8,Meadow Crisps,Salty Snacks,67,GreenAisle (Tier 2/3),Grocery,India - Tier 2/3,46.7,63.0406666666666667,16.3
9,Spring Crisps,Salty Snacks,96,UrbanPantry (UAE),Grocery,Gulf - UAE,46.4,62.7130681818181818,16.3
85,Heritage Treats,Confectionery,80,Sundry Traders Network (Tier 2/3),General Trade,India - Tier 2/3,46.1,62.4378000000000000,16.3
75,Vivid Dairy,Dairy,86,Bazaar Wholesale #2 (Tier 2/3),General Trade,India - Tier 2/3,46.3,62.6312000000000000,16.3
54,Nomad Drinks,Beverages,126,Local Trade Collective #2 (Saudi),General Trade,Gulf - Saudi,46.2,62.5236666666666667,16.3
43,Coastal Table,Packaged Foods,56,QuickDash #2 (Metro),Quick Commerce,India - Metro,46.0,62.2600000000000000,16.3
61,Crunch Household,Home Care,51,FlashCart (Metro),Quick Commerce,India - Metro,45.1,61.3740000000000000,16.3
93,Urban Mornings,Breakfast & Cereal,111,Community Retail Co-op (UAE),General Trade,Gulf - UAE,47.1,63.3928030303030303,16.3
98,Coastal Mornings,Breakfast & Cereal,82,ValueTrade GT #2 (Tier 2/3),General Trade,India - Tier 2/3,47.4,63.6752500000000000,16.3
36,Cloud Table,Packaged Foods,135,SwiftBasket (Qatar),Quick Commerce,Gulf - Qatar,50.4,66.6983333333333333,16.3
87,Pure Sweets,Confectionery,8,ValueGrocer,Grocery,North America,45.6,61.9236111111111111,16.3
75,Vivid Dairy,Dairy,71,UrbanPantry (Tier 2/3),Grocery,India - Tier 2/3,46.3,62.6312000000000000,16.3
53,Cloud Sip,Beverages,126,Local Trade Collective #2 (Saudi),General Trade,Gulf - Saudi,46.2,62.5236666666666667,16.3
74,Sunrise Milk Co,Dairy,67,GreenAisle (Tier 2/3),Grocery,India - Tier 2/3,46.3,62.6312000000000000,16.3
34,Bold Kitchen,Packaged Foods,197,Community Retail Co-op (Indonesia),General Trade,SEA - Indonesia,48.3,64.6200000000000000,16.3
64,Blue Shine,Home Care,16,WareClub,Club,North America,45.2,61.5100694444444444,16.3
100,Fresh Tiny Care,Baby Care,73,Local Trade Collective (Tier 2/3),General Trade,India - Tier 2/3,45.6,61.9433333333333333,16.3
24,Spring Care,Personal Care,104,HopMart (UAE),Quick Commerce,Gulf - UAE,46.8,63.1394736842105263,16.3
46,Fresh Refresh,Beverages,119,ValueTrade GT (Saudi),General Trade,Gulf - Saudi,46.2,62.5236666666666667,16.3
24,Spring Care,Personal Care,141,Community Retail Co-op (Qatar),General Trade,Gulf - Qatar,45.3,61.5616666666666667,16.3
7,Urban Bites,Salty Snacks,197,Community Retail Co-op (Indonesia),General Trade,SEA - Indonesia,41.9,58.1575000000000000,16.3
7,Urban Bites,Salty Snacks,193,Local Trade Collective (Indonesia),General Trade,SEA - Indonesia,41.9,58.1575000000000000,16.3
85,Heritage Treats,Confectionery,72,ValueGrocer (Tier 2/3),Grocery,India - Tier 2/3,46.2,62.4378000000000000,16.2
43,Coastal Table,Packaged Foods,55,DartMart (Metro),Quick Commerce,India - Metro,46.1,62.2600000000000000,16.2
29,Golden Essentials,Personal Care,56,QuickDash #2 (Metro),Quick Commerce,India - Metro,46.5,62.6680000000000000,16.2
14,Golden Bubbles,Sparkling Water,33,QuickStop #3,C-Store,North America,46.9,63.0876190476190476,16.2
10,Silver Chips,Salty Snacks,118,Local Trade Collective (Saudi),General Trade,Gulf - Saudi,46.1,62.3475000000000000,16.2
48,Silver Beverages,Beverages,141,Community Retail Co-op (Qatar),General Trade,Gulf - Qatar,46.2,62.3838888888888889,16.2
84,Everyday Treats,Confectionery,182,MetroBazaar (Indonesia),Grocery,SEA - Indonesia,45.7,61.8512500000000000,16.2
4,Blue Bites,Salty Snacks,154,Local Trade Collective (Malaysia),General Trade,SEA - Malaysia,44.1,60.3325000000000000,16.2
106,Vivid Little Ones,Baby Care,113,MetroBazaar (Saudi),Grocery,Gulf - Saudi,48.4,64.5725000000000000,16.2
56,Golden Shine,Home Care,67,GreenAisle (Tier 2/3),Grocery,India - Tier 2/3,46.7,62.8800000000000000,16.2
26,Prime Care,Personal Care,79,MarketLink GT (Tier 2/3),General Trade,India - Tier 2/3,46.6,62.8356666666666667,16.2
12,True Water Co,Sparkling Water,87,MarketLink GT #2 (Tier 2/3),General Trade,India - Tier 2/3,47.2,63.3680000000000000,16.2
108,Crunch Baby Co,Baby Care,80,Sundry Traders Network (Tier 2/3),General Trade,India - Tier 2/3,45.7,61.9433333333333333,16.2
33,Cloud Glow,Personal Care,82,ValueTrade GT #2 (Tier 2/3),General Trade,India - Tier 2/3,46.6,62.8356666666666667,16.2
5,Urban Crisps,Salty Snacks,130,PrimeGrocer (Qatar),Grocery,Gulf - Qatar,44.8,60.9850000000000000,16.2
96,Meadow Breakfast Co,Breakfast & Cereal,66,MetroBazaar (Tier 2/3),Grocery,India - Tier 2/3,47.5,63.6752500000000000,16.2
17,Nomad Bubbles,Sparkling Water,40,DailyBasket (Metro),Grocery,India - Metro,45.8,61.9855603448275862,16.2
75,Vivid Dairy,Dairy,100,QuickDash (UAE),Quick Commerce,Gulf - UAE,48.0,64.2289473684210526,16.2
2,Bold Snacks,Salty Snacks,118,Local Trade Collective (Saudi),General Trade,Gulf - Saudi,46.1,62.3475000000000000,16.2
60,True Shine,Home Care,107,Local Trade Collective (UAE),General Trade,Gulf - UAE,45.2,61.4090909090909091,16.2
98,Coastal Mornings,Breakfast & Cereal,74,ValueTrade GT (Tier 2/3),General Trade,India - Tier 2/3,47.6,63.6752500000000000,16.1
93,Urban Mornings,Breakfast & Cereal,175,Neighborhood Wholesale (Philippines),General Trade,SEA - Philippines,45.9,62.0381578947368421,16.1
38,Urban Pantry,Packaged Foods,163,MetroBazaar (Philippines),Grocery,SEA - Philippines,45.6,61.6500000000000000,16.1
45,Pure Drinks,Beverages,117,SunriseMart (Saudi),Grocery,Gulf - Saudi,46.4,62.5236666666666667,16.1
2,Bold Snacks,Salty Snacks,45,ExpressStop (Metro),C-Store,India - Metro,43.3,59.4456896551724138,16.1
60,True Shine,Home Care,96,UrbanPantry (UAE),Grocery,Gulf - UAE,45.3,61.4090909090909091,16.1
7,Urban Bites,Salty Snacks,186,SunriseMart (Indonesia),Grocery,SEA - Indonesia,42.1,58.1575000000000000,16.1
35,Silver Table,Packaged Foods,5,DailyBasket,Grocery,North America,46.4,62.4755208333333333,16.1
90,Prime Grains,Breakfast & Cereal,98,BulkBasket Club (UAE),Club,Gulf - UAE,47.3,63.3928030303030303,16.1
53,Cloud Sip,Beverages,133,ZipCart (Qatar),Quick Commerce,Gulf - Qatar,46.3,62.3838888888888889,16.1
36,Cloud Table,Packaged Foods,77,Community Retail Co-op (Tier 2/3),General Trade,India - Tier 2/3,45.8,61.8906000000000000,16.1
3,Prime Snacks,Salty Snacks,2,MetroBazaar,Grocery,North America,45.3,61.3621428571428571,16.1
104,Meadow Baby Co,Baby Care,140,Corner Store Network (Qatar),General Trade,Gulf - Qatar,45.5,61.6466666666666667,16.1
13,Urban Bubbles,Sparkling Water,170,DashKart (Philippines),Quick Commerce,SEA - Philippines,48.6,64.6703947368421053,16.1
21,Golden Fizz,Sparkling Water,153,FlashCart (Malaysia),Quick Commerce,SEA - Malaysia,45.6,61.5825000000000000,16.0
28,Spring Skin,Personal Care,6,SunriseMart,Grocery,North America,47.2,63.2026315789473684,16.0
50,Crunch Drinks,Beverages,197,Community Retail Co-op (Indonesia),General Trade,SEA - Indonesia,44.7,60.6750000000000000,16.0
102,Coastal Little Ones,Baby Care,79,MarketLink GT (Tier 2/3),General Trade,India - Tier 2/3,45.9,61.9433333333333333,16.0
64,Blue Shine,Home Care,18,SaverClub #2,Club,North America,45.5,61.5100694444444444,16.0
78,Prime Confections,Confectionery,183,GreenAisle (Indonesia),Grocery,SEA - Indonesia,45.9,61.8512500000000000,16.0
76,Royal Farms,Dairy,66,MetroBazaar (Tier 2/3),Grocery,India - Tier 2/3,46.6,62.6312000000000000,16.0
1,True Snacks,Salty Snacks,74,ValueTrade GT (Tier 2/3),General Trade,India - Tier 2/3,47.0,63.0406666666666667,16.0
34,Bold Kitchen,Packaged Foods,160,MarketLink GT (Malaysia),General Trade,SEA - Malaysia,46.5,62.4881250000000000,16.0
50,Crunch Drinks,Beverages,198,Bazaar Wholesale (Indonesia),General Trade,SEA - Indonesia,44.7,60.6750000000000000,16.0
65,Urban Clean,Home Care,7,UrbanPantry,Grocery,North America,45.5,61.5100694444444444,16.0
34,Bold Kitchen,Packaged Foods,187,QuickDash (Indonesia),Quick Commerce,SEA - Indonesia,48.6,64.6200000000000000,16.0
76,Royal Farms,Dairy,71,UrbanPantry (Tier 2/3),Grocery,India - Tier 2/3,46.6,62.6312000000000000,16.0
54,Nomad Drinks,Beverages,112,FreshMart (Saudi),Grocery,Gulf - Saudi,46.5,62.5236666666666667,16.0
8,Meadow Crisps,Salty Snacks,69,DailyBasket (Tier 2/3),Grocery,India - Tier 2/3,47.0,63.0406666666666667,16.0
64,Blue Shine,Home Care,188,ZipCart (Indonesia),Quick Commerce,SEA - Indonesia,47.7,63.7145833333333333,16.0
65,Urban Clean,Home Care,17,MegaValue Club,Club,North America,45.5,61.5100694444444444,16.0
49,Meadow Beverages,Beverages,82,ValueTrade GT #2 (Tier 2/3),General Trade,India - Tier 2/3,46.6,62.6366666666666667,16.0
12,True Water Co,Sparkling Water,48,DashKart (Metro),Quick Commerce,India - Metro,46.0,61.9855603448275862,16.0
51,Coastal Drinks,Beverages,158,Community Retail Co-op (Malaysia),General Trade,SEA - Malaysia,45.8,61.7712500000000000,16.0
51,Coastal Drinks,Beverages,148,QuickDash (Malaysia),Quick Commerce,SEA - Malaysia,45.8,61.7712500000000000,16.0
51,Coastal Drinks,Beverages,142,FreshMart (Malaysia),Grocery,SEA - Malaysia,45.8,61.7712500000000000,16.0
75,Vivid Dairy,Dairy,67,GreenAisle (Tier 2/3),Grocery,India - Tier 2/3,46.6,62.6312000000000000,16.0
51,Coastal Drinks,Beverages,13,GreenAisle #2,Grocery,North America,46.9,62.8907142857142857,16.0
75,Vivid Dairy,Dairy,71,UrbanPantry (Tier 2/3),Grocery,India - Tier 2/3,46.6,62.6312000000000000,16.0
37,Heritage Kitchen,Packaged Foods,120,Neighborhood Wholesale (Saudi),General Trade,Gulf - Saudi,45.0,61.0458333333333333,16.0
59,Pure Shine,Home Care,48,DashKart (Metro),Quick Commerce,India - Metro,45.4,61.3740000000000000,16.0
93,Urban Mornings,Breakfast & Cereal,172,HopMart (Philippines),Quick Commerce,SEA - Philippines,46.0,62.0381578947368421,16.0
27,Golden Glow,Personal Care,191,HopMart (Indonesia),Quick Commerce,SEA - Indonesia,44.4,60.4337500000000000,16.0
63,Silver Household,Home Care,113,MetroBazaar (Saudi),Grocery,Gulf - Saudi,47.2,63.1858333333333333,16.0
2,Bold Snacks,Salty Snacks,36,FreshMart (Metro),Grocery,India - Metro,43.4,59.4456896551724138,16.0
85,Heritage Treats,Confectionery,81,Local Trade Collective #2 (Tier 2/3),General Trade,India - Tier 2/3,46.4,62.4378000000000000,16.0
108,Crunch Baby Co,Baby Care,68,PrimeGrocer (Tier 2/3),Grocery,India - Tier 2/3,46.0,61.9433333333333333,15.9
94,Crunch Cereal Co,Breakfast & Cereal,78,Bazaar Wholesale (Tier 2/3),General Trade,India - Tier 2/3,47.8,63.6752500000000000,15.9
100,Fresh Tiny Care,Baby Care,65,FreshMart (Tier 2/3),Grocery,India - Tier 2/3,46.0,61.9433333333333333,15.9
68,Cloud Dairy,Dairy,186,SunriseMart (Indonesia),Grocery,SEA - Indonesia,47.4,63.3287500000000000,15.9
29,Golden Essentials,Personal Care,62,Bazaar Wholesale (Metro),General Trade,India - Metro,46.8,62.6680000000000000,15.9
73,Blue Milk Co,Dairy,6,SunriseMart,Grocery,North America,44.8,60.7394736842105263,15.9
76,Royal Farms,Dairy,72,ValueGrocer (Tier 2/3),Grocery,India - Tier 2/3,46.7,62.6312000000000000,15.9
54,Nomad Drinks,Beverages,87,MarketLink GT #2 (Tier 2/3),General Trade,India - Tier 2/3,46.7,62.6366666666666667,15.9
71,Golden Farms,Dairy,172,HopMart (Philippines),Quick Commerce,SEA - Philippines,45.5,61.3750000000000000,15.9
11,Silver Snacks,Salty Snacks,74,ValueTrade GT (Tier 2/3),General Trade,India - Tier 2/3,47.1,63.0406666666666667,15.9
52,Spring Sip,Beverages,138,ValueTrade GT (Qatar),General Trade,Gulf - Qatar,46.5,62.3838888888888889,15.9
19,Fresh Fizz,Sparkling Water,5,DailyBasket,Grocery,North America,47.2,63.0876190476190476,15.9
70,Vivid Milk Co,Dairy,115,PrimeGrocer (Saudi),Grocery,Gulf - Saudi,44.4,60.2775000000000000,15.9
92,Cloud Grains,Breakfast & Cereal,180,Sundry Traders Network (Philippines),General Trade,SEA - Philippines,46.1,62.0381578947368421,15.9
23,Golden Skin,Personal Care,58,ValueTrade GT (Metro),General Trade,India - Metro,46.8,62.6680000000000000,15.9
34,Bold Kitchen,Packaged Foods,200,Sundry Traders Network (Indonesia),General Trade,SEA - Indonesia,48.7,64.6200000000000000,15.9
100,Fresh Tiny Care,Baby Care,82,ValueTrade GT #2 (Tier 2/3),General Trade,India - Tier 2/3,46.0,61.9433333333333333,15.9
59,Pure Shine,Home Care,108,ValueTrade GT (UAE),General Trade,Gulf - UAE,45.5,61.4090909090909091,15.9
49,Meadow Beverages,Beverages,72,ValueGrocer (Tier 2/3),Grocery,India - Tier 2/3,46.7,62.6366666666666667,15.9
6,Coastal Bites,Salty Snacks,9,CityMart,Grocery,North America,45.5,61.3621428571428571,15.9
94,Crunch Cereal Co,Breakfast & Cereal,67,GreenAisle (Tier 2/3),Grocery,India - Tier 2/3,47.8,63.6752500000000000,15.9
21,Golden Fizz,Sparkling Water,59,Neighborhood Wholesale (Metro),General Trade,India - Metro,46.1,61.9855603448275862,15.9
44,Spring Pantry,Packaged Foods,105,FlashCart (UAE),Quick Commerce,Gulf - UAE,47.1,63.0119318181818182,15.9
75,Vivid Dairy,Dairy,88,Sundry Traders Network #2 (Tier 2/3),General Trade,India - Tier 2/3,46.7,62.6312000000000000,15.9
72,Nomad Milk Co,Dairy,80,Sundry Traders Network (Tier 2/3),General Trade,India - Tier 2/3,46.7,62.6312000000000000,15.9
105,Silver Baby Essentials,Baby Care,88,Sundry Traders Network #2 (Tier 2/3),General Trade,India - Tier 2/3,46.0,61.9433333333333333,15.9
68,Cloud Dairy,Dairy,191,HopMart (Indonesia),Quick Commerce,SEA - Indonesia,47.4,63.3287500000000000,15.9
44,Spring Pantry,Packaged Foods,73,Local Trade Collective (Tier 2/3),General Trade,India - Tier 2/3,46.1,61.8906000000000000,15.8
89,Nomad Mornings,Breakfast & Cereal,65,FreshMart (Tier 2/3),Grocery,India - Tier 2/3,47.9,63.6752500000000000,15.8
98,Coastal Mornings,Breakfast & Cereal,73,Local Trade Collective (Tier 2/3),General Trade,India - Tier 2/3,47.9,63.6752500000000000,15.8
37,Heritage Kitchen,Packaged Foods,120,Neighborhood Wholesale (Saudi),General Trade,Gulf - Saudi,45.2,61.0458333333333333,15.8
4,Blue Bites,Salty Snacks,144,GreenAisle (Malaysia),Grocery,SEA - Malaysia,44.5,60.3325000000000000,15.8
57,Cloud Shine,Home Care,69,DailyBasket (Tier 2/3),Grocery,India - Tier 2/3,47.1,62.8800000000000000,15.8
9,Spring Crisps,Salty Snacks,110,Corner Store Network (UAE),General Trade,Gulf - UAE,46.9,62.7130681818181818,15.8
36,Cloud Table,Packaged Foods,80,Sundry Traders Network (Tier 2/3),General Trade,India - Tier 2/3,46.1,61.8906000000000000,15.8
70,Vivid Milk Co,Dairy,119,ValueTrade GT (Saudi),General Trade,Gulf - Saudi,44.5,60.2775000000000000,15.8
35,Silver Table,Packaged Foods,81,Local Trade Collective #2 (Tier 2/3),General Trade,India - Tier 2/3,46.1,61.8906000000000000,15.8
59,Pure Shine,Home Care,48,DashKart (Metro),Quick Commerce,India - Metro,45.6,61.3740000000000000,15.8
103,Coastal Baby Essentials,Baby Care,74,ValueTrade GT (Tier 2/3),General Trade,India - Tier 2/3,46.1,61.9433333333333333,15.8
78,Prime Confections,Confectionery,42,QuickStop (Metro),C-Store,India - Metro,46.9,62.6568965517241379,15.8
89,Nomad Mornings,Breakfast & Cereal,71,UrbanPantry (Tier 2/3),Grocery,India - Tier 2/3,47.9,63.6752500000000000,15.8
66,Golden Household,Home Care,83,Neighborhood Wholesale #2 (Tier 2/3),General Trade,India - Tier 2/3,47.1,62.8800000000000000,15.8
46,Fresh Refresh,Beverages,5,DailyBasket,Grocery,North America,47.1,62.8907142857142857,15.8
94,Crunch Cereal Co,Breakfast & Cereal,68,PrimeGrocer (Tier 2/3),Grocery,India - Tier 2/3,47.9,63.6752500000000000,15.8
17,Nomad Bubbles,Sparkling Water,44,GoStop (Metro),C-Store,India - Metro,46.2,61.9855603448275862,15.8
2,Bold Snacks,Salty Snacks,59,Neighborhood Wholesale (Metro),General Trade,India - Metro,43.6,59.4456896551724138,15.8
2,Bold Snacks,Salty Snacks,51,FlashCart (Metro),Quick Commerce,India - Metro,43.6,59.4456896551724138,15.8
99,Fresh Cereal Co,Breakfast & Cereal,153,FlashCart (Malaysia),Quick Commerce,SEA - Malaysia,46.8,62.5915625000000000,15.8
49,Meadow Beverages,Beverages,68,PrimeGrocer (Tier 2/3),Grocery,India - Tier 2/3,46.8,62.6366666666666667,15.8
88,Pure Treats,Confectionery,191,HopMart (Indonesia),Quick Commerce,SEA - Indonesia,46.1,61.8512500000000000,15.8
68,Cloud Dairy,Dairy,194,ValueTrade GT (Indonesia),General Trade,SEA - Indonesia,47.5,63.3287500000000000,15.8
23,Golden Skin,Personal Care,61,Community Retail Co-op (Metro),General Trade,India - Metro,46.9,62.6680000000000000,15.8
78,Prime Confections,Confectionery,44,GoStop (Metro),C-Store,India - Metro,46.9,62.6568965517241379,15.8
45,Pure Drinks,Beverages,123,Bazaar Wholesale (Saudi),General Trade,Gulf - Saudi,46.7,62.5236666666666667,15.8
102,Coastal Little Ones,Baby Care,85,Community Retail Co-op #2 (Tier 2/3),General Trade,India - Tier 2/3,46.1,61.9433333333333333,15.8
66,Golden Household,Home Care,197,Community Retail Co-op (Indonesia),General Trade,SEA - Indonesia,47.9,63.7145833333333333,15.8
89,Nomad Mornings,Breakfast & Cereal,79,MarketLink GT (Tier 2/3),General Trade,India - Tier 2/3,47.9,63.6752500000000000,15.8
46,Fresh Refresh,Beverages,1,FreshMart,Grocery,North America,47.1,62.8907142857142857,15.8
96,Meadow Breakfast Co,Breakfast & Cereal,79,MarketLink GT (Tier 2/3),General Trade,India - Tier 2/3,47.9,63.6752500000000000,15.8
108,Crunch Baby Co,Baby Care,77,Community Retail Co-op (Tier 2/3),General Trade,India - Tier 2/3,46.1,61.9433333333333333,15.8
78,Prime Confections,Confectionery,63,MarketLink GT (Metro),General Trade,India - Metro,47.0,62.6568965517241379,15.7
13,Urban Bubbles,Sparkling Water,143,MetroBazaar (Malaysia),Grocery,SEA - Malaysia,45.9,61.5825000000000000,15.7
21,Golden Fizz,Sparkling Water,39,PrimeGrocer (Metro),Grocery,India - Metro,46.3,61.9855603448275862,15.7
77,Urban Creamery,Dairy,129,GreenAisle (Qatar),Grocery,Gulf - Qatar,50.5,66.1566666666666667,15.7
63,Silver Household,Home Care,120,Neighborhood Wholesale (Saudi),General Trade,Gulf - Saudi,47.5,63.1858333333333333,15.7
39,Blue Kitchen,Packaged Foods,147,SunriseMart (Malaysia),Grocery,SEA - Malaysia,46.8,62.4881250000000000,15.7
77,Urban Creamery,Dairy,135,SwiftBasket (Qatar),Quick Commerce,Gulf - Qatar,50.5,66.1566666666666667,15.7
106,Vivid Little Ones,Baby Care,116,DailyBasket (Saudi),Grocery,Gulf - Saudi,48.9,64.5725000000000000,15.7
65,Urban Clean,Home Care,12,MetroBazaar #2,Grocery,North America,45.8,61.5100694444444444,15.7
76,Royal Farms,Dairy,78,Bazaar Wholesale (Tier 2/3),General Trade,India - Tier 2/3,46.9,62.6312000000000000,15.7
91,Coastal Cereal Co,Breakfast & Cereal,125,Sundry Traders Network (Saudi),General Trade,Gulf - Saudi,43.7,59.3711111111111111,15.7
108,Crunch Baby Co,Baby Care,114,GreenAisle (Saudi),Grocery,Gulf - Saudi,48.9,64.5725000000000000,15.7
47,Sunrise Refresh,Beverages,116,DailyBasket (Saudi),Grocery,Gulf - Saudi,46.8,62.5236666666666667,15.7
74,Sunrise Milk Co,Dairy,83,Neighborhood Wholesale #2 (Tier 2/3),General Trade,India - Tier 2/3,46.9,62.6312000000000000,15.7
21,Golden Fizz,Sparkling Water,50,HopMart (Metro),Quick Commerce,India - Metro,46.3,61.9855603448275862,15.7
18,Royal Fizz,Sparkling Water,30,CornerFuel Mart #2,C-Store,North America,47.4,63.0876190476190476,15.7
78,Prime Confections,Confectionery,54,GoCart Express (Metro),Quick Commerce,India - Metro,47.0,62.6568965517241379,15.7
82,Meadow Treats,Confectionery,9,CityMart,Grocery,North America,46.2,61.9236111111111111,15.7
51,Coastal Drinks,Beverages,159,Bazaar Wholesale (Malaysia),General Trade,SEA - Malaysia,46.1,61.7712500000000000,15.7
105,Silver Baby Essentials,Baby Care,68,PrimeGrocer (Tier 2/3),Grocery,India - Tier 2/3,46.2,61.9433333333333333,15.7
50,Crunch Drinks,Beverages,182,MetroBazaar (Indonesia),Grocery,SEA - Indonesia,45.0,60.6750000000000000,15.7
16,Sunrise Water Co,Sparkling Water,166,DailyBasket (Philippines),Grocery,SEA - Philippines,49.0,64.6703947368421053,15.7
94,Crunch Cereal Co,Breakfast & Cereal,72,ValueGrocer (Tier 2/3),Grocery,India - Tier 2/3,48.1,63.6752500000000000,15.6
39,Blue Kitchen,Packaged Foods,146,DailyBasket (Malaysia),Grocery,SEA - Malaysia,46.9,62.4881250000000000,15.6
55,Vivid Sip,Beverages,53,RapidBasket (Metro),Quick Commerce,India - Metro,46.5,62.0715517241379310,15.6
66,Golden Household,Home Care,65,FreshMart (Tier 2/3),Grocery,India - Tier 2/3,47.3,62.8800000000000000,15.6
72,Nomad Milk Co,Dairy,80,Sundry Traders Network (Tier 2/3),General Trade,India - Tier 2/3,47.0,62.6312000000000000,15.6
38,Urban Pantry,Packaged Foods,119,ValueTrade GT (Saudi),General Trade,Gulf - Saudi,45.4,61.0458333333333333,15.6
55,Vivid Sip,Beverages,51,FlashCart (Metro),Quick Commerce,India - Metro,46.5,62.0715517241379310,15.6
17,Nomad Bubbles,Sparkling Water,50,HopMart (Metro),Quick Commerce,India - Metro,46.4,61.9855603448275862,15.6
22,Crunch Fizz,Sparkling Water,95,SunriseMart (UAE),Grocery,Gulf - UAE,47.4,62.9568181818181818,15.6
106,Vivid Little Ones,Baby Care,79,MarketLink GT (Tier 2/3),General Trade,India - Tier 2/3,46.3,61.9433333333333333,15.6
58,Coastal Clean,Home Care,199,MarketLink GT (Indonesia),General Trade,SEA - Indonesia,48.1,63.7145833333333333,15.6
57,Cloud Shine,Home Care,82,ValueTrade GT #2 (Tier 2/3),General Trade,India - Tier 2/3,47.3,62.8800000000000000,15.6
4,Blue Bites,Salty Snacks,154,Local Trade Collective (Malaysia),General Trade,SEA - Malaysia,44.7,60.3325000000000000,15.6
18,Royal Fizz,Sparkling Water,32,ExpressStop #2,C-Store,North America,47.5,63.0876190476190476,15.6
78,Prime Confections,Confectionery,37,MetroBazaar (Metro),Grocery,India - Metro,47.1,62.6568965517241379,15.6
99,Fresh Cereal Co,Breakfast & Cereal,111,Community Retail Co-op (UAE),General Trade,Gulf - UAE,47.8,63.3928030303030303,15.6
47,Sunrise Refresh,Beverages,83,Neighborhood Wholesale #2 (Tier 2/3),General Trade,India - Tier 2/3,47.0,62.6366666666666667,15.6
51,Coastal Drinks,Beverages,24,PureRoots Market #2,Natural,North America,47.3,62.8907142857142857,15.6
58,Coastal Clean,Home Care,99,WareClub (UAE),Club,Gulf - UAE,45.9,61.4090909090909091,15.5
109,Silver Little Ones,Baby Care,138,ValueTrade GT (Qatar),General Trade,Gulf - Qatar,46.1,61.6466666666666667,15.5
78,Prime Confections,Confectionery,39,PrimeGrocer (Metro),Grocery,India - Metro,47.2,62.6568965517241379,15.5
108,Crunch Baby Co,Baby Care,119,ValueTrade GT (Saudi),General Trade,Gulf - Saudi,49.1,64.5725000000000000,15.5
26,Prime Care,Personal Care,80,Sundry Traders Network (Tier 2/3),General Trade,India - Tier 2/3,47.3,62.8356666666666667,15.5
42,Urban Kitchen,Packaged Foods,82,ValueTrade GT #2 (Tier 2/3),General Trade,India - Tier 2/3,46.4,61.8906000000000000,15.5
36,Cloud Table,Packaged Foods,130,PrimeGrocer (Qatar),Grocery,Gulf - Qatar,51.2,66.6983333333333333,15.5
93,Urban Mornings,Breakfast & Cereal,93,PrimeGrocer (UAE),Grocery,Gulf - UAE,47.9,63.3928030303030303,15.5
56,Golden Shine,Home Care,80,Sundry Traders Network (Tier 2/3),General Trade,India - Tier 2/3,47.4,62.8800000000000000,15.5
94,Crunch Cereal Co,Breakfast & Cereal,190,SwiftBasket (Indonesia),Quick Commerce,SEA - Indonesia,45.9,61.4287500000000000,15.5
44,Spring Pantry,Packaged Foods,107,Local Trade Collective (UAE),General Trade,Gulf - UAE,47.5,63.0119318181818182,15.5
55,Vivid Sip,Beverages,190,SwiftBasket (Indonesia),Quick Commerce,SEA - Indonesia,45.2,60.6750000000000000,15.5
86,True Candy Co,Confectionery,162,FreshMart (Philippines),Grocery,SEA - Philippines,47.5,63.0394736842105263,15.5
23,Golden Skin,Personal Care,52,NimbleMart (Metro),Quick Commerce,India - Metro,47.2,62.6680000000000000,15.5
105,Silver Baby Essentials,Baby Care,72,ValueGrocer (Tier 2/3),Grocery,India - Tier 2/3,46.4,61.9433333333333333,15.5
106,Vivid Little Ones,Baby Care,77,Community Retail Co-op (Tier 2/3),General Trade,India - Tier 2/3,46.4,61.9433333333333333,15.5
33,Cloud Glow,Personal Care,113,MetroBazaar (Saudi),Grocery,Gulf - Saudi,44.4,59.8583333333333333,15.5
88,Pure Treats,Confectionery,184,PrimeGrocer (Indonesia),Grocery,SEA - Indonesia,46.4,61.8512500000000000,15.5
74,Sunrise Milk Co,Dairy,74,ValueTrade GT (Tier 2/3),General Trade,India - Tier 2/3,47.1,62.6312000000000000,15.5
55,Vivid Sip,Beverages,46,QuickDash (Metro),Quick Commerce,India - Metro,46.6,62.0715517241379310,15.5
34,Bold Kitchen,Packaged Foods,190,SwiftBasket (Indonesia),Quick Commerce,SEA - Indonesia,49.1,64.6200000000000000,15.5
17,Nomad Bubbles,Sparkling Water,61,Community Retail Co-op (Metro),General Trade,India - Metro,46.5,61.9855603448275862,15.5
61,Crunch Household,Home Care,41,SunriseMart (Metro),Grocery,India - Metro,45.9,61.3740000000000000,15.5
62,Royal Household,Home Care,118,Local Trade Collective (Saudi),General Trade,Gulf - Saudi,47.7,63.1858333333333333,15.5
64,Blue Shine,Home Care,7,UrbanPantry,Grocery,North America,46.0,61.5100694444444444,15.5
23,Golden Skin,Personal Care,50,HopMart (Metro),Quick Commerce,India - Metro,47.2,62.6680000000000000,15.5
86,True Candy Co,Confectionery,164,GreenAisle (Philippines),Grocery,SEA - Philippines,47.6,63.0394736842105263,15.4
35,Silver Table,Packaged Foods,87,MarketLink GT #2 (Tier 2/3),General Trade,India - Tier 2/3,46.5,61.8906000000000000,15.4
93,Urban Mornings,Breakfast & Cereal,101,ZipCart (UAE),Quick Commerce,Gulf - UAE,48.0,63.3928030303030303,15.4
78,Prime Confections,Confectionery,52,NimbleMart (Metro),Quick Commerce,India - Metro,47.3,62.6568965517241379,15.4
67,Golden Milk Co,Dairy,194,ValueTrade GT (Indonesia),General Trade,SEA - Indonesia,47.9,63.3287500000000000,15.4
46,Fresh Refresh,Beverages,121,Corner Store Network (Saudi),General Trade,Gulf - Saudi,47.1,62.5236666666666667,15.4
76,Royal Farms,Dairy,73,Local Trade Collective (Tier 2/3),General Trade,India - Tier 2/3,47.2,62.6312000000000000,15.4
71,Golden Farms,Dairy,176,Corner Store Network (Philippines),General Trade,SEA - Philippines,46.0,61.3750000000000000,15.4
58,Coastal Clean,Home Care,107,Local Trade Collective (UAE),General Trade,Gulf - UAE,46.0,61.4090909090909091,15.4
52,Spring Sip,Beverages,127,FreshMart (Qatar),Grocery,Gulf - Qatar,47.0,62.3838888888888889,15.4
54,Nomad Drinks,Beverages,76,Corner Store Network (Tier 2/3),General Trade,India - Tier 2/3,47.2,62.6366666666666667,15.4
12,True Water Co,Sparkling Water,78,Bazaar Wholesale (Tier 2/3),General Trade,India - Tier 2/3,48.0,63.3680000000000000,15.4
75,Vivid Dairy,Dairy,108,ValueTrade GT (UAE),General Trade,Gulf - UAE,48.8,64.2289473684210526,15.4
110,Meadow Tiny Care,Baby Care,37,MetroBazaar (Metro),Grocery,India - Metro,47.9,63.2150000000000000,15.3
95,Cloud Mornings,Breakfast & Cereal,115,PrimeGrocer (Saudi),Grocery,Gulf - Saudi,44.1,59.3711111111111111,15.3
62,Royal Household,Home Care,115,PrimeGrocer (Saudi),Grocery,Gulf - Saudi,47.9,63.1858333333333333,15.3
6,Coastal Bites,Salty Snacks,23,GreenLeaf Naturals #2,Natural,North America,46.1,61.3621428571428571,15.3
24,Spring Care,Personal Care,109,Neighborhood Wholesale (UAE),General Trade,Gulf - UAE,47.8,63.1394736842105263,15.3
49,Meadow Beverages,Beverages,67,GreenAisle (Tier 2/3),Grocery,India - Tier 2/3,47.3,62.6366666666666667,15.3
30,Cloud Essentials,Personal Care,10,HomeFresh,Grocery,North America,47.9,63.2026315789473684,15.3
63,Silver Household,Home Care,112,FreshMart (Saudi),Grocery,Gulf - Saudi,47.9,63.1858333333333333,15.3
79,Coastal Candy Co,Confectionery,86,Bazaar Wholesale #2 (Tier 2/3),General Trade,India - Tier 2/3,47.1,62.4378000000000000,15.3
105,Silver Baby Essentials,Baby Care,197,Community Retail Co-op (Indonesia),General Trade,SEA - Indonesia,44.4,59.7341666666666667,15.3
61,Crunch Household,Home Care,37,MetroBazaar (Metro),Grocery,India - Metro,46.1,61.3740000000000000,15.3
32,Cloud Skin,Personal Care,85,Community Retail Co-op #2 (Tier 2/3),General Trade,India - Tier 2/3,47.5,62.8356666666666667,15.3
63,Silver Household,Home Care,119,ValueTrade GT (Saudi),General Trade,Gulf - Saudi,47.9,63.1858333333333333,15.3
43,Coastal Table,Packaged Foods,53,RapidBasket (Metro),Quick Commerce,India - Metro,47.0,62.2600000000000000,15.3
43,Coastal Table,Packaged Foods,50,HopMart (Metro),Quick Commerce,India - Metro,47.0,62.2600000000000000,15.3
4,Blue Bites,Salty Snacks,143,MetroBazaar (Malaysia),Grocery,SEA - Malaysia,45.0,60.3325000000000000,15.3
24,Spring Care,Personal Care,132,QuickDash (Qatar),Quick Commerce,Gulf - Qatar,46.3,61.5616666666666667,15.3
43,Coastal Table,Packaged Foods,52,NimbleMart (Metro),Quick Commerce,India - Metro,47.0,62.2600000000000000,15.3
38,Urban Pantry,Packaged Foods,179,MarketLink GT (Philippines),General Trade,SEA - Philippines,46.4,61.6500000000000000,15.3
11,Silver Snacks,Salty Snacks,20,PureRoots Market,Natural,North America,46.1,61.3621428571428571,15.3
63,Silver Household,Home Care,7,UrbanPantry,Grocery,North America,46.2,61.5100694444444444,15.3
87,Pure Sweets,Confectionery,32,ExpressStop #2,C-Store,North America,46.6,61.9236111111111111,15.3
73,Blue Milk Co,Dairy,23,GreenLeaf Naturals #2,Natural,North America,45.4,60.7394736842105263,15.3
94,Crunch Cereal Co,Breakfast & Cereal,190,SwiftBasket (Indonesia),Quick Commerce,SEA - Indonesia,46.1,61.4287500000000000,15.3
85,Heritage Treats,Confectionery,65,FreshMart (Tier 2/3),Grocery,India - Tier 2/3,47.1,62.4378000000000000,15.3
91,Coastal Cereal Co,Breakfast & Cereal,124,MarketLink GT (Saudi),General Trade,Gulf - Saudi,44.1,59.3711111111111111,15.3
69,Everyday Milk Co,Dairy,147,SunriseMart (Malaysia),Grocery,SEA - Malaysia,49.3,64.5987500000000000,15.3
3,Prime Snacks,Salty Snacks,10,HomeFresh,Grocery,North America,46.1,61.3621428571428571,15.3
74,Sunrise Milk Co,Dairy,85,Community Retail Co-op #2 (Tier 2/3),General Trade,India - Tier 2/3,47.4,62.6312000000000000,15.2
104,Meadow Baby Co,Baby Care,181,FreshMart (Indonesia),Grocery,SEA - Indonesia,44.5,59.7341666666666667,15.2
13,Urban Bubbles,Sparkling Water,145,PrimeGrocer (Malaysia),Grocery,SEA - Malaysia,46.4,61.5825000000000000,15.2
89,Nomad Mornings,Breakfast & Cereal,3,GreenAisle,Grocery,North America,47.9,63.0944444444444444,15.2
77,Urban Creamery,Dairy,133,ZipCart (Qatar),Quick Commerce,Gulf - Qatar,51.0,66.1566666666666667,15.2
34,Bold Kitchen,Packaged Foods,185,DailyBasket (Indonesia),Grocery,SEA - Indonesia,49.4,64.6200000000000000,15.2
80,Nomad Candy Co,Confectionery,86,Bazaar Wholesale #2 (Tier 2/3),General Trade,India - Tier 2/3,47.2,62.4378000000000000,15.2
57,Cloud Shine,Home Care,172,HopMart (Philippines),Quick Commerce,SEA - Philippines,43.0,58.1723684210526316,15.2
110,Meadow Tiny Care,Baby Care,56,QuickDash #2 (Metro),Quick Commerce,India - Metro,48.0,63.2150000000000000,15.2
24,Spring Care,Personal Care,140,Corner Store Network (Qatar),General Trade,Gulf - Qatar,46.4,61.5616666666666667,15.2
55,Vivid Sip,Beverages,194,ValueTrade GT (Indonesia),General Trade,SEA - Indonesia,45.5,60.6750000000000000,15.2
58,Coastal Clean,Home Care,106,NimbleMart (UAE),Quick Commerce,Gulf - UAE,46.2,61.4090909090909091,15.2
3,Prime Snacks,Salty Snacks,3,GreenAisle,Grocery,North America,46.2,61.3621428571428571,15.2
98,Coastal Mornings,Breakfast & Cereal,88,Sundry Traders Network #2 (Tier 2/3),General Trade,India - Tier 2/3,48.5,63.6752500000000000,15.2
62,Royal Household,Home Care,17,MegaValue Club,Club,North America,46.3,61.5100694444444444,15.2
3,Prime Snacks,Salty Snacks,14,SaverClub,Club,North America,46.2,61.3621428571428571,15.2
76,Royal Farms,Dairy,72,ValueGrocer (Tier 2/3),Grocery,India - Tier 2/3,47.4,62.6312000000000000,15.2
18,Royal Fizz,Sparkling Water,32,ExpressStop #2,C-Store,North America,47.9,63.0876190476190476,15.2
14,Golden Bubbles,Sparkling Water,33,QuickStop #3,C-Store,North America,47.9,63.0876190476190476,15.2
10,Silver Chips,Salty Snacks,119,ValueTrade GT (Saudi),General Trade,Gulf - Saudi,47.1,62.3475000000000000,15.2
52,Spring Sip,Beverages,127,FreshMart (Qatar),Grocery,Gulf - Qatar,47.2,62.3838888888888889,15.2
56,Golden Shine,Home Care,79,MarketLink GT (Tier 2/3),General Trade,India - Tier 2/3,47.7,62.8800000000000000,15.2
84,Everyday Treats,Confectionery,184,PrimeGrocer (Indonesia),Grocery,SEA - Indonesia,46.7,61.8512500000000000,15.2
108,Crunch Baby Co,Baby Care,80,Sundry Traders Network (Tier 2/3),General Trade,India - Tier 2/3,46.7,61.9433333333333333,15.2
73,Blue Milk Co,Dairy,196,Corner Store Network (Indonesia),General Trade,SEA - Indonesia,48.2,63.3287500000000000,15.1
109,Silver Little Ones,Baby Care,2,MetroBazaar,Grocery,North America,47.9,63.0250000000000000,15.1
3,Prime Snacks,Salty Snacks,116,DailyBasket (Saudi),Grocery,Gulf - Saudi,47.2,62.3475000000000000,15.1
6,Coastal Bites,Salty Snacks,21,EarthAisle,Natural,North America,46.3,61.3621428571428571,15.1
107,Spring Tiny Care,Baby Care,200,Sundry Traders Network (Indonesia),General Trade,SEA - Indonesia,44.6,59.7341666666666667,15.1
105,Silver Baby Essentials,Baby Care,198,Bazaar Wholesale (Indonesia),General Trade,SEA - Indonesia,44.6,59.7341666666666667,15.1
12,True Water Co,Sparkling Water,48,DashKart (Metro),Quick Commerce,India - Metro,46.9,61.9855603448275862,15.1
18,Royal Fizz,Sparkling Water,12,MetroBazaar #2,Grocery,North America,48.0,63.0876190476190476,15.1
98,Coastal Mornings,Breakfast & Cereal,78,Bazaar Wholesale (Tier 2/3),General Trade,India - Tier 2/3,48.6,63.6752500000000000,15.1
98,Coastal Mornings,Breakfast & Cereal,85,Community Retail Co-op #2 (Tier 2/3),General Trade,India - Tier 2/3,48.6,63.6752500000000000,15.1
19,Fresh Fizz,Sparkling Water,5,DailyBasket,Grocery,North America,48.0,63.0876190476190476,15.1
19,Fresh Fizz,Sparkling Water,8,ValueGrocer,Grocery,North America,48.0,63.0876190476190476,15.1
96,Meadow Breakfast Co,Breakfast & Cereal,67,GreenAisle (Tier 2/3),Grocery,India - Tier 2/3,48.6,63.6752500000000000,15.1
22,Crunch Fizz,Sparkling Water,113,MetroBazaar (Saudi),Grocery,Gulf - Saudi,48.0,63.0650000000000000,15.1
28,Spring Skin,Personal Care,21,EarthAisle,Natural,North America,48.1,63.2026315789473684,15.1
28,Spring Skin,Personal Care,2,MetroBazaar,Grocery,North America,48.1,63.2026315789473684,15.1
30,Cloud Essentials,Personal Care,158,Community Retail Co-op (Malaysia),General Trade,SEA - Malaysia,46.4,61.4575000000000000,15.1
32,Cloud Skin,Personal Care,86,Bazaar Wholesale #2 (Tier 2/3),General Trade,India - Tier 2/3,47.7,62.8356666666666667,15.1
89,Nomad Mornings,Breakfast & Cereal,65,FreshMart (Tier 2/3),Grocery,India - Tier 2/3,48.6,63.6752500000000000,15.1
36,Cloud Table,Packaged Foods,141,Community Retail Co-op (Qatar),General Trade,Gulf - Qatar,51.6,66.6983333333333333,15.1
36,Cloud Table,Packaged Foods,80,Sundry Traders Network (Tier 2/3),General Trade,India - Tier 2/3,46.8,61.8906000000000000,15.1
39,Blue Kitchen,Packaged Foods,143,MetroBazaar (Malaysia),Grocery,SEA - Malaysia,47.4,62.4881250000000000,15.1
43,Coastal Table,Packaged Foods,54,GoCart Express (Metro),Quick Commerce,India - Metro,47.2,62.2600000000000000,15.1
44,Spring Pantry,Packaged Foods,96,UrbanPantry (UAE),Grocery,Gulf - UAE,47.9,63.0119318181818182,15.1
78,Prime Confections,Confectionery,44,GoStop (Metro),C-Store,India - Metro,47.6,62.6568965517241379,15.1
75,Vivid Dairy,Dairy,73,Local Trade Collective (Tier 2/3),General Trade,India - Tier 2/3,47.5,62.6312000000000000,15.1
57,Cloud Shine,Home Care,74,ValueTrade GT (Tier 2/3),General Trade,India - Tier 2/3,47.8,62.8800000000000000,15.1
57,Cloud Shine,Home Care,78,Bazaar Wholesale (Tier 2/3),General Trade,India - Tier 2/3,47.8,62.8800000000000000,15.1
70,Vivid Milk Co,Dairy,115,PrimeGrocer (Saudi),Grocery,Gulf - Saudi,45.2,60.2775000000000000,15.1
61,Crunch Household,Home Care,48,DashKart (Metro),Quick Commerce,India - Metro,46.3,61.3740000000000000,15.1
55,Vivid Sip,Beverages,63,MarketLink GT (Metro),General Trade,India - Metro,47.1,62.0715517241379310,15.0
46,Fresh Refresh,Beverages,30,CornerFuel Mart #2,C-Store,North America,47.9,62.8907142857142857,15.0
51,Coastal Drinks,Beverages,34,CornerFuel Mart #3,C-Store,North America,47.9,62.8907142857142857,15.0
106,Vivid Little Ones,Baby Care,114,GreenAisle (Saudi),Grocery,Gulf - Saudi,49.6,64.5725000000000000,15.0
89,Nomad Mornings,Breakfast & Cereal,65,FreshMart (Tier 2/3),Grocery,India - Tier 2/3,48.7,63.6752500000000000,15.0
90,Prime Grains,Breakfast & Cereal,97,SaverClub (UAE),Club,Gulf - UAE,48.4,63.3928030303030303,15.0
26,Prime Care,Personal Care,71,UrbanPantry (Tier 2/3),Grocery,India - Tier 2/3,47.8,62.8356666666666667,15.0
110,Meadow Tiny Care,Baby Care,7,UrbanPantry,Grocery,North America,48.0,63.0250000000000000,15.0
90,Prime Grains,Breakfast & Cereal,150,DashKart (Malaysia),Quick Commerce,SEA - Malaysia,47.6,62.5915625000000000,15.0
27,Golden Glow,Personal Care,198,Bazaar Wholesale (Indonesia),General Trade,SEA - Indonesia,45.4,60.4337500000000000,15.0
106,Vivid Little Ones,Baby Care,118,Local Trade Collective (Saudi),General Trade,Gulf - Saudi,49.6,64.5725000000000000,15.0
92,Cloud Grains,Breakfast & Cereal,177,Community Retail Co-op (Philippines),General Trade,SEA - Philippines,47.0,62.0381578947368421,15.0
10,Silver Chips,Salty Snacks,114,GreenAisle (Saudi),Grocery,Gulf - Saudi,47.3,62.3475000000000000,15.0
90,Prime Grains,Breakfast & Cereal,154,Local Trade Collective (Malaysia),General Trade,SEA - Malaysia,47.6,62.5915625000000000,15.0
25,Royal Skin,Personal Care,151,SwiftBasket (Malaysia),Quick Commerce,SEA - Malaysia,46.5,61.4575000000000000,15.0
58,Coastal Clean,Home Care,107,Local Trade Collective (UAE),General Trade,Gulf - UAE,46.4,61.4090909090909091,15.0
64,Blue Shine,Home Care,198,Bazaar Wholesale (Indonesia),General Trade,SEA - Indonesia,48.7,63.7145833333333333,15.0
104,Meadow Baby Co,Baby Care,188,ZipCart (Indonesia),Quick Commerce,SEA - Indonesia,44.7,59.7341666666666667,15.0
33,Cloud Glow,Personal Care,68,PrimeGrocer (Tier 2/3),Grocery,India - Tier 2/3,47.8,62.8356666666666667,15.0
54,Nomad Drinks,Beverages,78,Bazaar Wholesale (Tier 2/3),General Trade,India - Tier 2/3,47.6,62.6366666666666667,15.0
37,Heritage Kitchen,Packaged Foods,124,MarketLink GT (Saudi),General Trade,Gulf - Saudi,46.0,61.0458333333333333,15.0
60,True Shine,Home Care,95,SunriseMart (UAE),Grocery,Gulf - UAE,46.4,61.4090909090909091,15.0
16,Sunrise Water Co,Sparkling Water,179,MarketLink GT (Philippines),General Trade,SEA - Philippines,49.7,64.6703947368421053,15.0
81,Prime Candy Co,Confectionery,133,ZipCart (Qatar),Quick Commerce,Gulf - Qatar,45.9,60.9133333333333333,15.0
43,Coastal Table,Packaged Foods,75,Neighborhood Wholesale (Tier 2/3),General Trade,India - Tier 2/3,46.9,61.8906000000000000,15.0
90,Prime Grains,Breakfast & Cereal,160,MarketLink GT (Malaysia),General Trade,SEA - Malaysia,47.7,62.5915625000000000,14.9
30,Cloud Essentials,Personal Care,20,PureRoots Market,Natural,North America,48.3,63.2026315789473684,14.9
6,Coastal Bites,Salty Snacks,5,DailyBasket,Grocery,North America,46.5,61.3621428571428571,14.9
2,Bold Snacks,Salty Snacks,112,FreshMart (Saudi),Grocery,Gulf - Saudi,47.4,62.3475000000000000,14.9
47,Sunrise Refresh,Beverages,113,MetroBazaar (Saudi),Grocery,Gulf - Saudi,47.6,62.5236666666666667,14.9
66,Golden Household,Home Care,77,Community Retail Co-op (Tier 2/3),General Trade,India - Tier 2/3,48.0,62.8800000000000000,14.9
108,Crunch Baby Co,Baby Care,77,Community Retail Co-op (Tier 2/3),General Trade,India - Tier 2/3,47.0,61.9433333333333333,14.9
70,Vivid Milk Co,Dairy,74,ValueTrade GT (Tier 2/3),General Trade,India - Tier 2/3,47.7,62.6312000000000000,14.9
80,Nomad Candy Co,Confectionery,13,GreenAisle #2,Grocery,North America,47.0,61.9236111111111111,14.9
3,Prime Snacks,Salty Snacks,12,MetroBazaar #2,Grocery,North America,46.5,61.3621428571428571,14.9
19,Fresh Fizz,Sparkling Water,17,MegaValue Club,Club,North America,48.2,63.0876190476190476,14.9
67,Golden Milk Co,Dairy,186,SunriseMart (Indonesia),Grocery,SEA - Indonesia,48.4,63.3287500000000000,14.9
59,Pure Shine,Home Care,105,FlashCart (UAE),Quick Commerce,Gulf - UAE,46.5,61.4090909090909091,14.9
22,Crunch Fizz,Sparkling Water,120,Neighborhood Wholesale (Saudi),General Trade,Gulf - Saudi,48.2,63.0650000000000000,14.9
93,Urban Mornings,Breakfast & Cereal,167,SunriseMart (Philippines),Grocery,SEA - Philippines,47.1,62.0381578947368421,14.9
33,Cloud Glow,Personal Care,85,Community Retail Co-op #2 (Tier 2/3),General Trade,India - Tier 2/3,47.9,62.8356666666666667,14.9
104,Meadow Baby Co,Baby Care,185,DailyBasket (Indonesia),Grocery,SEA - Indonesia,44.8,59.7341666666666667,14.9
53,Cloud Sip,Beverages,130,PrimeGrocer (Qatar),Grocery,Gulf - Qatar,47.5,62.3838888888888889,14.9
56,Golden Shine,Home Care,83,Neighborhood Wholesale #2 (Tier 2/3),General Trade,India - Tier 2/3,48.0,62.8800000000000000,14.9
14,Golden Bubbles,Sparkling Water,8,ValueGrocer,Grocery,North America,48.2,63.0876190476190476,14.9
10,Silver Chips,Salty Snacks,112,FreshMart (Saudi),Grocery,Gulf - Saudi,47.4,62.3475000000000000,14.9
53,Cloud Sip,Beverages,131,DailyBasket (Qatar),Grocery,Gulf - Qatar,47.5,62.3838888888888889,14.9
84,Everyday Treats,Confectionery,184,PrimeGrocer (Indonesia),Grocery,SEA - Indonesia,47.1,61.8512500000000000,14.8
99,Fresh Cereal Co,Breakfast & Cereal,150,DashKart (Malaysia),Quick Commerce,SEA - Malaysia,47.8,62.5915625000000000,14.8
107,Spring Tiny Care,Baby Care,186,SunriseMart (Indonesia),Grocery,SEA - Indonesia,44.9,59.7341666666666667,14.8
77,Urban Creamery,Dairy,120,Neighborhood Wholesale (Saudi),General Trade,Gulf - Saudi,45.5,60.2775000000000000,14.8
91,Coastal Cereal Co,Breakfast & Cereal,116,DailyBasket (Saudi),Grocery,Gulf - Saudi,44.6,59.3711111111111111,14.8
35,Silver Table,Packaged Foods,67,GreenAisle (Tier 2/3),Grocery,India - Tier 2/3,47.1,61.8906000000000000,14.8
53,Cloud Sip,Beverages,132,QuickDash (Qatar),Quick Commerce,Gulf - Qatar,47.6,62.3838888888888889,14.8
19,Fresh Fizz,Sparkling Water,7,UrbanPantry,Grocery,North America,48.3,63.0876190476190476,14.8
57,Cloud Shine,Home Care,84,Corner Store Network #2 (Tier 2/3),General Trade,India - Tier 2/3,48.1,62.8800000000000000,14.8
95,Cloud Mornings,Breakfast & Cereal,120,Neighborhood Wholesale (Saudi),General Trade,Gulf - Saudi,44.6,59.3711111111111111,14.8
23,Golden Skin,Personal Care,46,QuickDash (Metro),Quick Commerce,India - Metro,47.9,62.6680000000000000,14.8
110,Meadow Tiny Care,Baby Care,59,Neighborhood Wholesale (Metro),General Trade,India - Metro,48.4,63.2150000000000000,14.8
93,Urban Mornings,Breakfast & Cereal,176,Corner Store Network (Philippines),General Trade,SEA - Philippines,47.2,62.0381578947368421,14.8
70,Vivid Milk Co,Dairy,116,DailyBasket (Saudi),Grocery,Gulf - Saudi,45.5,60.2775000000000000,14.8
46,Fresh Refresh,Beverages,126,Local Trade Collective #2 (Saudi),General Trade,Gulf - Saudi,47.7,62.5236666666666667,14.8
18,Royal Fizz,Sparkling Water,6,SunriseMart,Grocery,North America,48.3,63.0876190476190476,14.8
84,Everyday Treats,Confectionery,190,SwiftBasket (Indonesia),Quick Commerce,SEA - Indonesia,47.1,61.8512500000000000,14.8
109,Silver Little Ones,Baby Care,8,ValueGrocer,Grocery,North America,48.2,63.0250000000000000,14.8
42,Urban Kitchen,Packaged Foods,82,ValueTrade GT #2 (Tier 2/3),General Trade,India - Tier 2/3,47.1,61.8906000000000000,14.8
21,Golden Fizz,Sparkling Water,142,FreshMart (Malaysia),Grocery,SEA - Malaysia,46.8,61.5825000000000000,14.8
42,Urban Kitchen,Packaged Foods,80,Sundry Traders Network (Tier 2/3),General Trade,India - Tier 2/3,47.1,61.8906000000000000,14.8
48,Silver Beverages,Beverages,130,PrimeGrocer (Qatar),Grocery,Gulf - Qatar,47.6,62.3838888888888889,14.8
67,Golden Milk Co,Dairy,181,FreshMart (Indonesia),Grocery,SEA - Indonesia,48.5,63.3287500000000000,14.8
42,Urban Kitchen,Packaged Foods,172,HopMart (Philippines),Quick Commerce,SEA - Philippines,46.9,61.6500000000000000,14.8
67,Golden Milk Co,Dairy,195,Neighborhood Wholesale (Indonesia),General Trade,SEA - Indonesia,48.5,63.3287500000000000,14.8
58,Coastal Clean,Home Care,190,SwiftBasket (Indonesia),Quick Commerce,SEA - Indonesia,48.9,63.7145833333333333,14.8
40,Meadow Pantry,Packaged Foods,107,Local Trade Collective (UAE),General Trade,Gulf - UAE,48.2,63.0119318181818182,14.8
49,Meadow Beverages,Beverages,88,Sundry Traders Network #2 (Tier 2/3),General Trade,India - Tier 2/3,47.9,62.6366666666666667,14.7
64,Blue Shine,Home Care,4,PrimeGrocer,Grocery,North America,46.8,61.5100694444444444,14.7
73,Blue Milk Co,Dairy,23,GreenLeaf Naturals #2,Natural,North America,46.0,60.7394736842105263,14.7
92,Cloud Grains,Breakfast & Cereal,172,HopMart (Philippines),Quick Commerce,SEA - Philippines,47.3,62.0381578947368421,14.7
102,Coastal Little Ones,Baby Care,84,Corner Store Network #2 (Tier 2/3),General Trade,India - Tier 2/3,47.2,61.9433333333333333,14.7
13,Urban Bubbles,Sparkling Water,143,MetroBazaar (Malaysia),Grocery,SEA - Malaysia,46.9,61.5825000000000000,14.7
29,Golden Essentials,Personal Care,47,ZipCart (Metro),Quick Commerce,India - Metro,48.0,62.6680000000000000,14.7
110,Meadow Tiny Care,Baby Care,9,CityMart,Grocery,North America,48.3,63.0250000000000000,14.7
6,Coastal Bites,Salty Snacks,121,Corner Store Network (Saudi),General Trade,Gulf - Saudi,47.6,62.3475000000000000,14.7
82,Meadow Treats,Confectionery,33,QuickStop #3,C-Store,North America,47.2,61.9236111111111111,14.7
76,Royal Farms,Dairy,76,Corner Store Network (Tier 2/3),General Trade,India - Tier 2/3,47.9,62.6312000000000000,14.7
80,Nomad Candy Co,Confectionery,71,UrbanPantry (Tier 2/3),Grocery,India - Tier 2/3,47.7,62.4378000000000000,14.7
3,Prime Snacks,Salty Snacks,20,PureRoots Market,Natural,North America,46.7,61.3621428571428571,14.7
76,Royal Farms,Dairy,78,Bazaar Wholesale (Tier 2/3),General Trade,India - Tier 2/3,47.9,62.6312000000000000,14.7
104,Meadow Baby Co,Baby Care,131,DailyBasket (Qatar),Grocery,Gulf - Qatar,46.9,61.6466666666666667,14.7
83,Fresh Treats,Confectionery,121,Corner Store Network (Saudi),General Trade,Gulf - Saudi,47.8,62.4883333333333333,14.7
35,Silver Table,Packaged Foods,85,Community Retail Co-op #2 (Tier 2/3),General Trade,India - Tier 2/3,47.2,61.8906000000000000,14.7
105,Silver Baby Essentials,Baby Care,192,FlashCart (Indonesia),Quick Commerce,SEA - Indonesia,45.0,59.7341666666666667,14.7
78,Prime Confections,Confectionery,182,MetroBazaar (Indonesia),Grocery,SEA - Indonesia,47.2,61.8512500000000000,14.7
49,Meadow Beverages,Beverages,77,Community Retail Co-op (Tier 2/3),General Trade,India - Tier 2/3,47.9,62.6366666666666667,14.7
38,Urban Pantry,Packaged Foods,125,Sundry Traders Network (Saudi),General Trade,Gulf - Saudi,46.3,61.0458333333333333,14.7
21,Golden Fizz,Sparkling Water,160,MarketLink GT (Malaysia),General Trade,SEA - Malaysia,47.0,61.5825000000000000,14.6
48,Silver Beverages,Beverages,127,FreshMart (Qatar),Grocery,Gulf - Qatar,47.8,62.3838888888888889,14.6
69,Everyday Milk Co,Dairy,157,Corner Store Network (Malaysia),General Trade,SEA - Malaysia,50.0,64.5987500000000000,14.6
33,Cloud Glow,Personal Care,126,Local Trade Collective #2 (Saudi),General Trade,Gulf - Saudi,45.3,59.8583333333333333,14.6
58,Coastal Clean,Home Care,97,SaverClub (UAE),Club,Gulf - UAE,46.8,61.4090909090909091,14.6
28,Spring Skin,Personal Care,145,PrimeGrocer (Malaysia),Grocery,SEA - Malaysia,46.9,61.4575000000000000,14.6
82,Meadow Treats,Confectionery,66,MetroBazaar (Tier 2/3),Grocery,India - Tier 2/3,47.8,62.4378000000000000,14.6
61,Crunch Household,Home Care,41,SunriseMart (Metro),Grocery,India - Metro,46.8,61.3740000000000000,14.6
30,Cloud Essentials,Personal Care,155,ValueTrade GT (Malaysia),General Trade,SEA - Malaysia,46.9,61.4575000000000000,14.6
56,Golden Shine,Home Care,65,FreshMart (Tier 2/3),Grocery,India - Tier 2/3,48.3,62.8800000000000000,14.6
26,Prime Care,Personal Care,83,Neighborhood Wholesale #2 (Tier 2/3),General Trade,India - Tier 2/3,48.2,62.8356666666666667,14.6
53,Cloud Sip,Beverages,112,FreshMart (Saudi),Grocery,Gulf - Saudi,47.9,62.5236666666666667,14.6
77,Urban Creamery,Dairy,123,Bazaar Wholesale (Saudi),General Trade,Gulf - Saudi,45.7,60.2775000000000000,14.6
2,Bold Snacks,Salty Snacks,53,RapidBasket (Metro),Quick Commerce,India - Metro,44.8,59.4456896551724138,14.6
6,Coastal Bites,Salty Snacks,1,FreshMart,Grocery,North America,46.8,61.3621428571428571,14.6
57,Cloud Shine,Home Care,167,SunriseMart (Philippines),Grocery,SEA - Philippines,43.6,58.1723684210526316,14.6
74,Sunrise Milk Co,Dairy,78,Bazaar Wholesale (Tier 2/3),General Trade,India - Tier 2/3,48.0,62.6312000000000000,14.6
54,Nomad Drinks,Beverages,118,Local Trade Collective (Saudi),General Trade,Gulf - Saudi,47.9,62.5236666666666667,14.6
59,Pure Shine,Home Care,106,NimbleMart (UAE),Quick Commerce,Gulf - UAE,46.8,61.4090909090909091,14.6
46,Fresh Refresh,Beverages,9,CityMart,Grocery,North America,48.3,62.8907142857142857,14.6
18,Royal Fizz,Sparkling Water,21,EarthAisle,Natural,North America,48.5,63.0876190476190476,14.6
76,Royal Farms,Dairy,86,Bazaar Wholesale #2 (Tier 2/3),General Trade,India - Tier 2/3,48.0,62.6312000000000000,14.6
16,Sunrise Water Co,Sparkling Water,170,DashKart (Philippines),Quick Commerce,SEA - Philippines,50.1,64.6703947368421053,14.6
103,Coastal Baby Essentials,Baby Care,76,Corner Store Network (Tier 2/3),General Trade,India - Tier 2/3,47.3,61.9433333333333333,14.6
42,Urban Kitchen,Packaged Foods,75,Neighborhood Wholesale (Tier 2/3),General Trade,India - Tier 2/3,47.3,61.8906000000000000,14.6
104,Meadow Baby Co,Baby Care,130,PrimeGrocer (Qatar),Grocery,Gulf - Qatar,47.0,61.6466666666666667,14.6
33,Cloud Glow,Personal Care,72,ValueGrocer (Tier 2/3),Grocery,India - Tier 2/3,48.2,62.8356666666666667,14.6
59,Pure Shine,Home Care,39,PrimeGrocer (Metro),Grocery,India - Metro,46.9,61.3740000000000000,14.5
18,Royal Fizz,Sparkling Water,8,ValueGrocer,Grocery,North America,48.6,63.0876190476190476,14.5
13,Urban Bubbles,Sparkling Water,179,MarketLink GT (Philippines),General Trade,SEA - Philippines,50.2,64.6703947368421053,14.5
101,Everyday Tiny Care,Baby Care,135,SwiftBasket (Qatar),Quick Commerce,Gulf - Qatar,47.1,61.6466666666666667,14.5
86,True Candy Co,Confectionery,163,MetroBazaar (Philippines),Grocery,SEA - Philippines,48.5,63.0394736842105263,14.5
75,Vivid Dairy,Dairy,92,GreenAisle (UAE),Grocery,Gulf - UAE,49.7,64.2289473684210526,14.5
13,Urban Bubbles,Sparkling Water,147,SunriseMart (Malaysia),Grocery,SEA - Malaysia,47.1,61.5825000000000000,14.5
6,Coastal Bites,Salty Snacks,7,UrbanPantry,Grocery,North America,46.9,61.3621428571428571,14.5
62,Royal Household,Home Care,6,SunriseMart,Grocery,North America,47.0,61.5100694444444444,14.5
104,Meadow Baby Co,Baby Care,139,Neighborhood Wholesale (Qatar),General Trade,Gulf - Qatar,47.1,61.6466666666666667,14.5
88,Pure Treats,Confectionery,181,FreshMart (Indonesia),Grocery,SEA - Indonesia,47.4,61.8512500000000000,14.5
88,Pure Treats,Confectionery,108,ValueTrade GT (UAE),General Trade,Gulf - UAE,47.4,61.9394736842105263,14.5
1,True Snacks,Salty Snacks,67,GreenAisle (Tier 2/3),Grocery,India - Tier 2/3,48.5,63.0406666666666667,14.5
19,Fresh Fizz,Sparkling Water,67,GreenAisle (Tier 2/3),Grocery,India - Tier 2/3,48.9,63.3680000000000000,14.5
74,Sunrise Milk Co,Dairy,85,Community Retail Co-op #2 (Tier 2/3),General Trade,India - Tier 2/3,48.1,62.6312000000000000,14.5
51,Coastal Drinks,Beverages,154,Local Trade Collective (Malaysia),General Trade,SEA - Malaysia,47.3,61.7712500000000000,14.5
13,Urban Bubbles,Sparkling Water,165,PrimeGrocer (Philippines),Grocery,SEA - Philippines,50.2,64.6703947368421053,14.5
35,Silver Table,Packaged Foods,19,GreenLeaf Naturals,Natural,North America,48.0,62.4755208333333333,14.5
98,Coastal Mornings,Breakfast & Cereal,77,Community Retail Co-op (Tier 2/3),General Trade,India - Tier 2/3,49.2,63.6752500000000000,14.5
84,Everyday Treats,Confectionery,195,Neighborhood Wholesale (Indonesia),General Trade,SEA - Indonesia,47.4,61.8512500000000000,14.5
41,Royal Kitchen,Packaged Foods,14,SaverClub,Club,North America,48.0,62.4755208333333333,14.5
93,Urban Mornings,Breakfast & Cereal,104,HopMart (UAE),Quick Commerce,Gulf - UAE,48.9,63.3928030303030303,14.5
104,Meadow Baby Co,Baby Care,185,DailyBasket (Indonesia),Grocery,SEA - Indonesia,45.3,59.7341666666666667,14.4
102,Coastal Little Ones,Baby Care,65,FreshMart (Tier 2/3),Grocery,India - Tier 2/3,47.5,61.9433333333333333,14.4
72,Nomad Milk Co,Dairy,88,Sundry Traders Network #2 (Tier 2/3),General Trade,India - Tier 2/3,48.2,62.6312000000000000,14.4
43,Coastal Table,Packaged Foods,67,GreenAisle (Tier 2/3),Grocery,India - Tier 2/3,47.5,61.8906000000000000,14.4
76,Royal Farms,Dairy,19,GreenLeaf Naturals,Natural,North America,46.3,60.7394736842105263,14.4
66,Golden Household,Home Care,198,Bazaar Wholesale (Indonesia),General Trade,SEA - Indonesia,49.3,63.7145833333333333,14.4
105,Silver Baby Essentials,Baby Care,76,Corner Store Network (Tier 2/3),General Trade,India - Tier 2/3,47.5,61.9433333333333333,14.4
66,Golden Household,Home Care,195,Neighborhood Wholesale (Indonesia),General Trade,SEA - Indonesia,49.3,63.7145833333333333,14.4
47,Sunrise Refresh,Beverages,89,Local Trade Collective #3 (Tier 2/3),General Trade,India - Tier 2/3,48.2,62.6366666666666667,14.4
98,Coastal Mornings,Breakfast & Cereal,118,Local Trade Collective (Saudi),General Trade,Gulf - Saudi,45.0,59.3711111111111111,14.4
108,Crunch Baby Co,Baby Care,120,Neighborhood Wholesale (Saudi),General Trade,Gulf - Saudi,50.2,64.5725000000000000,14.4
41,Royal Kitchen,Packaged Foods,1,FreshMart,Grocery,North America,48.1,62.4755208333333333,14.4
66,Golden Household,Home Care,72,ValueGrocer (Tier 2/3),Grocery,India - Tier 2/3,48.5,62.8800000000000000,14.4
43,Coastal Table,Packaged Foods,73,Local Trade Collective (Tier 2/3),General Trade,India - Tier 2/3,47.5,61.8906000000000000,14.4
93,Urban Mornings,Breakfast & Cereal,175,Neighborhood Wholesale (Philippines),General Trade,SEA - Philippines,47.6,62.0381578947368421,14.4
43,Coastal Table,Packaged Foods,89,Local Trade Collective #3 (Tier 2/3),General Trade,India - Tier 2/3,47.5,61.8906000000000000,14.4
9,Spring Crisps,Salty Snacks,93,PrimeGrocer (UAE),Grocery,Gulf - UAE,48.3,62.7130681818181818,14.4
32,Cloud Skin,Personal Care,88,Sundry Traders Network #2 (Tier 2/3),General Trade,India - Tier 2/3,48.4,62.8356666666666667,14.4
61,Crunch Household,Home Care,56,QuickDash #2 (Metro),Quick Commerce,India - Metro,47.0,61.3740000000000000,14.4
38,Urban Pantry,Packaged Foods,169,ZipCart (Philippines),Quick Commerce,SEA - Philippines,47.3,61.6500000000000000,14.4
65,Urban Clean,Home Care,6,SunriseMart,Grocery,North America,47.1,61.5100694444444444,14.4
11,Silver Snacks,Salty Snacks,32,ExpressStop #2,C-Store,North America,47.0,61.3621428571428571,14.4
22,Crunch Fizz,Sparkling Water,122,Community Retail Co-op (Saudi),General Trade,Gulf - Saudi,48.7,63.0650000000000000,14.4
34,Bold Kitchen,Packaged Foods,151,SwiftBasket (Malaysia),Quick Commerce,SEA - Malaysia,48.1,62.4881250000000000,14.4
46,Fresh Refresh,Beverages,21,EarthAisle,Natural,North America,48.5,62.8907142857142857,14.4
86,True Candy Co,Confectionery,170,DashKart (Philippines),Quick Commerce,SEA - Philippines,48.7,63.0394736842105263,14.3
31,Everyday Glow,Personal Care,114,GreenAisle (Saudi),Grocery,Gulf - Saudi,45.6,59.8583333333333333,14.3
38,Urban Pantry,Packaged Foods,166,DailyBasket (Philippines),Grocery,SEA - Philippines,47.4,61.6500000000000000,14.3
87,Pure Sweets,Confectionery,30,CornerFuel Mart #2,C-Store,North America,47.6,61.9236111111111111,14.3
60,True Shine,Home Care,91,MetroBazaar (UAE),Grocery,Gulf - UAE,47.1,61.4090909090909091,14.3
68,Cloud Dairy,Dairy,200,Sundry Traders Network (Indonesia),General Trade,SEA - Indonesia,49.0,63.3287500000000000,14.3
59,Pure Shine,Home Care,102,DashKart (UAE),Quick Commerce,Gulf - UAE,47.1,61.4090909090909091,14.3
73,Blue Milk Co,Dairy,183,GreenAisle (Indonesia),Grocery,SEA - Indonesia,49.0,63.3287500000000000,14.3
32,Cloud Skin,Personal Care,71,UrbanPantry (Tier 2/3),Grocery,India - Tier 2/3,48.5,62.8356666666666667,14.3
11,Silver Snacks,Salty Snacks,67,GreenAisle (Tier 2/3),Grocery,India - Tier 2/3,48.7,63.0406666666666667,14.3
99,Fresh Cereal Co,Breakfast & Cereal,157,Corner Store Network (Malaysia),General Trade,SEA - Malaysia,48.3,62.5915625000000000,14.3
93,Urban Mornings,Breakfast & Cereal,170,DashKart (Philippines),Quick Commerce,SEA - Philippines,47.7,62.0381578947368421,14.3
36,Cloud Table,Packaged Foods,71,UrbanPantry (Tier 2/3),Grocery,India - Tier 2/3,47.6,61.8906000000000000,14.3
9,Spring Crisps,Salty Snacks,99,WareClub (UAE),Club,Gulf - UAE,48.4,62.7130681818181818,14.3
44,Spring Pantry,Packaged Foods,88,Sundry Traders Network #2 (Tier 2/3),General Trade,India - Tier 2/3,47.6,61.8906000000000000,14.3
54,Nomad Drinks,Beverages,115,PrimeGrocer (Saudi),Grocery,Gulf - Saudi,48.2,62.5236666666666667,14.3
16,Sunrise Water Co,Sparkling Water,181,FreshMart (Indonesia),Grocery,SEA - Indonesia,49.6,63.8825000000000000,14.3
83,Fresh Treats,Confectionery,68,PrimeGrocer (Tier 2/3),Grocery,India - Tier 2/3,48.1,62.4378000000000000,14.3
53,Cloud Sip,Beverages,118,Local Trade Collective (Saudi),General Trade,Gulf - Saudi,48.2,62.5236666666666667,14.3
50,Crunch Drinks,Beverages,172,HopMart (Philippines),Quick Commerce,SEA - Philippines,50.2,64.5381578947368421,14.3
61,Crunch Household,Home Care,41,SunriseMart (Metro),Grocery,India - Metro,47.1,61.3740000000000000,14.3
19,Fresh Fizz,Sparkling Water,72,ValueGrocer (Tier 2/3),Grocery,India - Tier 2/3,49.1,63.3680000000000000,14.3
96,Meadow Breakfast Co,Breakfast & Cereal,66,MetroBazaar (Tier 2/3),Grocery,India - Tier 2/3,49.4,63.6752500000000000,14.3
110,Meadow Tiny Care,Baby Care,52,NimbleMart (Metro),Quick Commerce,India - Metro,48.9,63.2150000000000000,14.3
12,True Water Co,Sparkling Water,76,Corner Store Network (Tier 2/3),General Trade,India - Tier 2/3,49.1,63.3680000000000000,14.3
23,Golden Skin,Personal Care,64,Sundry Traders Network (Metro),General Trade,India - Metro,48.4,62.6680000000000000,14.3
1,True Snacks,Salty Snacks,72,ValueGrocer (Tier 2/3),Grocery,India - Tier 2/3,48.7,63.0406666666666667,14.3
18,Royal Fizz,Sparkling Water,113,MetroBazaar (Saudi),Grocery,Gulf - Saudi,48.8,63.0650000000000000,14.3
72,Nomad Milk Co,Dairy,81,Local Trade Collective #2 (Tier 2/3),General Trade,India - Tier 2/3,48.3,62.6312000000000000,14.3
27,Golden Glow,Personal Care,188,ZipCart (Indonesia),Quick Commerce,SEA - Indonesia,46.1,60.4337500000000000,14.3
78,Prime Confections,Confectionery,44,GoStop (Metro),C-Store,India - Metro,48.4,62.6568965517241379,14.3
104,Meadow Baby Co,Baby Care,182,MetroBazaar (Indonesia),Grocery,SEA - Indonesia,45.4,59.7341666666666667,14.3
44,Spring Pantry,Packaged Foods,94,DailyBasket (UAE),Grocery,Gulf - UAE,48.7,63.0119318181818182,14.3
2,Bold Snacks,Salty Snacks,125,Sundry Traders Network (Saudi),General Trade,Gulf - Saudi,48.1,62.3475000000000000,14.2
106,Vivid Little Ones,Baby Care,65,FreshMart (Tier 2/3),Grocery,India - Tier 2/3,47.7,61.9433333333333333,14.2
12,True Water Co,Sparkling Water,71,UrbanPantry (Tier 2/3),Grocery,India - Tier 2/3,49.2,63.3680000000000000,14.2
13,Urban Bubbles,Sparkling Water,172,HopMart (Philippines),Quick Commerce,SEA - Philippines,50.5,64.6703947368421053,14.2
59,Pure Shine,Home Care,62,Bazaar Wholesale (Metro),General Trade,India - Metro,47.2,61.3740000000000000,14.2
2,Bold Snacks,Salty Snacks,40,DailyBasket (Metro),Grocery,India - Metro,45.2,59.4456896551724138,14.2
43,Coastal Table,Packaged Foods,64,Sundry Traders Network (Metro),General Trade,India - Metro,48.1,62.2600000000000000,14.2
71,Golden Farms,Dairy,162,FreshMart (Philippines),Grocery,SEA - Philippines,47.2,61.3750000000000000,14.2
3,Prime Snacks,Salty Snacks,14,SaverClub,Club,North America,47.2,61.3621428571428571,14.2
16,Sunrise Water Co,Sparkling Water,183,GreenAisle (Indonesia),Grocery,SEA - Indonesia,49.7,63.8825000000000000,14.2
12,True Water Co,Sparkling Water,69,DailyBasket (Tier 2/3),Grocery,India - Tier 2/3,49.2,63.3680000000000000,14.2
17,Nomad Bubbles,Sparkling Water,60,Corner Store Network (Metro),General Trade,India - Metro,47.8,61.9855603448275862,14.2
87,Pure Sweets,Confectionery,10,HomeFresh,Grocery,North America,47.7,61.9236111111111111,14.2
108,Crunch Baby Co,Baby Care,126,Local Trade Collective #2 (Saudi),General Trade,Gulf - Saudi,50.4,64.5725000000000000,14.2
51,Coastal Drinks,Beverages,10,HomeFresh,Grocery,North America,48.7,62.8907142857142857,14.2
61,Crunch Household,Home Care,39,PrimeGrocer (Metro),Grocery,India - Metro,47.2,61.3740000000000000,14.2
97,Royal Breakfast Co,Breakfast & Cereal,158,Community Retail Co-op (Malaysia),General Trade,SEA - Malaysia,48.4,62.5915625000000000,14.2
70,Vivid Milk Co,Dairy,70,SunriseMart (Tier 2/3),Grocery,India - Tier 2/3,48.4,62.6312000000000000,14.2
105,Silver Baby Essentials,Baby Care,188,ZipCart (Indonesia),Quick Commerce,SEA - Indonesia,45.5,59.7341666666666667,14.2
21,Golden Fizz,Sparkling Water,57,Local Trade Collective (Metro),General Trade,India - Metro,47.8,61.9855603448275862,14.2
27,Golden Glow,Personal Care,200,Sundry Traders Network (Indonesia),General Trade,SEA - Indonesia,46.2,60.4337500000000000,14.2
7,Urban Bites,Salty Snacks,111,Community Retail Co-op (UAE),General Trade,Gulf - UAE,48.5,62.7130681818181818,14.2
58,Coastal Clean,Home Care,190,SwiftBasket (Indonesia),Quick Commerce,SEA - Indonesia,49.6,63.7145833333333333,14.1
99,Fresh Cereal Co,Breakfast & Cereal,153,FlashCart (Malaysia),Quick Commerce,SEA - Malaysia,48.5,62.5915625000000000,14.1
102,Coastal Little Ones,Baby Care,84,Corner Store Network #2 (Tier 2/3),General Trade,India - Tier 2/3,47.8,61.9433333333333333,14.1
18,Royal Fizz,Sparkling Water,118,Local Trade Collective (Saudi),General Trade,Gulf - Saudi,49.0,63.0650000000000000,14.1
12,True Water Co,Sparkling Water,78,Bazaar Wholesale (Tier 2/3),General Trade,India - Tier 2/3,49.3,63.3680000000000000,14.1
25,Royal Skin,Personal Care,145,PrimeGrocer (Malaysia),Grocery,SEA - Malaysia,47.4,61.4575000000000000,14.1
58,Coastal Clean,Home Care,181,FreshMart (Indonesia),Grocery,SEA - Indonesia,49.6,63.7145833333333333,14.1
7,Urban Bites,Salty Snacks,93,PrimeGrocer (UAE),Grocery,Gulf - UAE,48.6,62.7130681818181818,14.1
3,Prime Snacks,Salty Snacks,114,GreenAisle (Saudi),Grocery,Gulf - Saudi,48.2,62.3475000000000000,14.1
82,Meadow Treats,Confectionery,33,QuickStop #3,C-Store,North America,47.8,61.9236111111111111,14.1
42,Urban Kitchen,Packaged Foods,67,GreenAisle (Tier 2/3),Grocery,India - Tier 2/3,47.8,61.8906000000000000,14.1
44,Spring Pantry,Packaged Foods,108,ValueTrade GT (UAE),General Trade,Gulf - UAE,48.9,63.0119318181818182,14.1
49,Meadow Beverages,Beverages,82,ValueTrade GT #2 (Tier 2/3),General Trade,India - Tier 2/3,48.5,62.6366666666666667,14.1
41,Royal Kitchen,Packaged Foods,14,SaverClub,Club,North America,48.4,62.4755208333333333,14.1
82,Meadow Treats,Confectionery,65,FreshMart (Tier 2/3),Grocery,India - Tier 2/3,48.3,62.4378000000000000,14.1
2,Bold Snacks,Salty Snacks,36,FreshMart (Metro),Grocery,India - Metro,45.3,59.4456896551724138,14.1
55,Vivid Sip,Beverages,36,FreshMart (Metro),Grocery,India - Metro,48.0,62.0715517241379310,14.1
91,Coastal Cereal Co,Breakfast & Cereal,149,ZipCart (Malaysia),Quick Commerce,SEA - Malaysia,48.5,62.5915625000000000,14.1
5,Urban Crisps,Salty Snacks,136,HopMart (Qatar),Quick Commerce,Gulf - Qatar,46.9,60.9850000000000000,14.1
57,Cloud Shine,Home Care,73,Local Trade Collective (Tier 2/3),General Trade,India - Tier 2/3,48.8,62.8800000000000000,14.1
22,Crunch Fizz,Sparkling Water,93,PrimeGrocer (UAE),Grocery,Gulf - UAE,48.9,62.9568181818181818,14.1
43,Coastal Table,Packaged Foods,87,MarketLink GT #2 (Tier 2/3),General Trade,India - Tier 2/3,47.8,61.8906000000000000,14.1
21,Golden Fizz,Sparkling Water,59,Neighborhood Wholesale (Metro),General Trade,India - Metro,47.9,61.9855603448275862,14.1
46,Fresh Refresh,Beverages,24,PureRoots Market #2,Natural,North America,48.8,62.8907142857142857,14.1
87,Pure Sweets,Confectionery,12,MetroBazaar #2,Grocery,North America,47.8,61.9236111111111111,14.1
3,Prime Snacks,Salty Snacks,125,Sundry Traders Network (Saudi),General Trade,Gulf - Saudi,48.2,62.3475000000000000,14.1
24,Spring Care,Personal Care,109,Neighborhood Wholesale (UAE),General Trade,Gulf - UAE,49.0,63.1394736842105263,14.1
108,Crunch Baby Co,Baby Care,73,Local Trade Collective (Tier 2/3),General Trade,India - Tier 2/3,47.8,61.9433333333333333,14.1
11,Silver Snacks,Salty Snacks,11,FreshMart #2,Grocery,North America,47.4,61.3621428571428571,14.0
38,Urban Pantry,Packaged Foods,123,Bazaar Wholesale (Saudi),General Trade,Gulf - Saudi,47.0,61.0458333333333333,14.0
52,Spring Sip,Beverages,134,DashKart (Qatar),Quick Commerce,Gulf - Qatar,48.4,62.3838888888888889,14.0
5,Urban Crisps,Salty Snacks,139,Neighborhood Wholesale (Qatar),General Trade,Gulf - Qatar,47.0,60.9850000000000000,14.0
22,Crunch Fizz,Sparkling Water,111,Community Retail Co-op (UAE),General Trade,Gulf - UAE,49.0,62.9568181818181818,14.0
57,Cloud Shine,Home Care,75,Neighborhood Wholesale (Tier 2/3),General Trade,India - Tier 2/3,48.9,62.8800000000000000,14.0
29,Golden Essentials,Personal Care,51,FlashCart (Metro),Quick Commerce,India - Metro,48.7,62.6680000000000000,14.0
80,Nomad Candy Co,Confectionery,31,GoStop #2,C-Store,North America,47.9,61.9236111111111111,14.0
47,Sunrise Refresh,Beverages,114,GreenAisle (Saudi),Grocery,Gulf - Saudi,48.5,62.5236666666666667,14.0
7,Urban Bites,Salty Snacks,97,SaverClub (UAE),Club,Gulf - UAE,48.7,62.7130681818181818,14.0
21,Golden Fizz,Sparkling Water,148,QuickDash (Malaysia),Quick Commerce,SEA - Malaysia,47.6,61.5825000000000000,14.0
48,Silver Beverages,Beverages,131,DailyBasket (Qatar),Grocery,Gulf - Qatar,48.4,62.3838888888888889,14.0
43,Coastal Table,Packaged Foods,75,Neighborhood Wholesale (Tier 2/3),General Trade,India - Tier 2/3,47.9,61.8906000000000000,14.0
76,Royal Farms,Dairy,67,GreenAisle (Tier 2/3),Grocery,India - Tier 2/3,48.6,62.6312000000000000,14.0
11,Silver Snacks,Salty Snacks,81,Local Trade Collective #2 (Tier 2/3),General Trade,India - Tier 2/3,49.0,63.0406666666666667,14.0
11,Silver Snacks,Salty Snacks,80,Sundry Traders Network (Tier 2/3),General Trade,India - Tier 2/3,49.0,63.0406666666666667,14.0
36,Cloud Table,Packaged Foods,133,ZipCart (Qatar),Quick Commerce,Gulf - Qatar,52.7,66.6983333333333333,14.0
14,Golden Bubbles,Sparkling Water,24,PureRoots Market #2,Natural,North America,49.1,63.0876190476190476,14.0
38,Urban Pantry,Packaged Foods,173,Local Trade Collective (Philippines),General Trade,SEA - Philippines,47.7,61.6500000000000000,14.0
14,Golden Bubbles,Sparkling Water,22,NaturaLife Market,Natural,North America,49.1,63.0876190476190476,14.0
39,Blue Kitchen,Packaged Foods,143,MetroBazaar (Malaysia),Grocery,SEA - Malaysia,48.6,62.4881250000000000,13.9
39,Blue Kitchen,Packaged Foods,155,ValueTrade GT (Malaysia),General Trade,SEA - Malaysia,48.6,62.4881250000000000,13.9
61,Crunch Household,Home Care,37,MetroBazaar (Metro),Grocery,India - Metro,47.5,61.3740000000000000,13.9
71,Golden Farms,Dairy,13,GreenAisle #2,Grocery,North America,46.8,60.7394736842105263,13.9
83,Fresh Treats,Confectionery,87,MarketLink GT #2 (Tier 2/3),General Trade,India - Tier 2/3,48.5,62.4378000000000000,13.9
82,Meadow Treats,Confectionery,27,GoStop,C-Store,North America,48.0,61.9236111111111111,13.9
42,Urban Kitchen,Packaged Foods,169,ZipCart (Philippines),Quick Commerce,SEA - Philippines,47.8,61.6500000000000000,13.9
11,Silver Snacks,Salty Snacks,82,ValueTrade GT #2 (Tier 2/3),General Trade,India - Tier 2/3,49.1,63.0406666666666667,13.9
55,Vivid Sip,Beverages,52,NimbleMart (Metro),Quick Commerce,India - Metro,48.2,62.0715517241379310,13.9
33,Cloud Glow,Personal Care,80,Sundry Traders Network (Tier 2/3),General Trade,India - Tier 2/3,48.9,62.8356666666666667,13.9
3,Prime Snacks,Salty Snacks,116,DailyBasket (Saudi),Grocery,Gulf - Saudi,48.4,62.3475000000000000,13.9
49,Meadow Beverages,Beverages,88,Sundry Traders Network #2 (Tier 2/3),General Trade,India - Tier 2/3,48.7,62.6366666666666667,13.9
80,Nomad Candy Co,Confectionery,89,Local Trade Collective #3 (Tier 2/3),General Trade,India - Tier 2/3,48.5,62.4378000000000000,13.9
23,Golden Skin,Personal Care,37,MetroBazaar (Metro),Grocery,India - Metro,48.8,62.6680000000000000,13.9
20,Heritage Springs,Sparkling Water,55,DartMart (Metro),Quick Commerce,India - Metro,48.1,61.9855603448275862,13.9
32,Cloud Skin,Personal Care,89,Local Trade Collective #3 (Tier 2/3),General Trade,India - Tier 2/3,48.9,62.8356666666666667,13.9
78,Prime Confections,Confectionery,58,ValueTrade GT (Metro),General Trade,India - Metro,48.8,62.6568965517241379,13.9
1,True Snacks,Salty Snacks,76,Corner Store Network (Tier 2/3),General Trade,India - Tier 2/3,49.1,63.0406666666666667,13.9
23,Golden Skin,Personal Care,38,GreenAisle (Metro),Grocery,India - Metro,48.9,62.6680000000000000,13.8
3,Prime Snacks,Salty Snacks,115,PrimeGrocer (Saudi),Grocery,Gulf - Saudi,48.5,62.3475000000000000,13.8
58,Coastal Clean,Home Care,110,Corner Store Network (UAE),General Trade,Gulf - UAE,47.6,61.4090909090909091,13.8
96,Meadow Breakfast Co,Breakfast & Cereal,85,Community Retail Co-op #2 (Tier 2/3),General Trade,India - Tier 2/3,49.9,63.6752500000000000,13.8
104,Meadow Baby Co,Baby Care,138,ValueTrade GT (Qatar),General Trade,Gulf - Qatar,47.8,61.6466666666666667,13.8
14,Golden Bubbles,Sparkling Water,31,GoStop #2,C-Store,North America,49.3,63.0876190476190476,13.8
36,Cloud Table,Packaged Foods,129,GreenAisle (Qatar),Grocery,Gulf - Qatar,52.9,66.6983333333333333,13.8
15,Blue Springs,Sparkling Water,124,MarketLink GT (Saudi),General Trade,Gulf - Saudi,49.3,63.0650000000000000,13.8
44,Spring Pantry,Packaged Foods,98,BulkBasket Club (UAE),Club,Gulf - UAE,49.2,63.0119318181818182,13.8
59,Pure Shine,Home Care,51,FlashCart (Metro),Quick Commerce,India - Metro,47.6,61.3740000000000000,13.8
110,Meadow Tiny Care,Baby Care,63,MarketLink GT (Metro),General Trade,India - Metro,49.4,63.2150000000000000,13.8
108,Crunch Baby Co,Baby Care,126,Local Trade Collective #2 (Saudi),General Trade,Gulf - Saudi,50.8,64.5725000000000000,13.8
7,Urban Bites,Salty Snacks,184,PrimeGrocer (Indonesia),Grocery,SEA - Indonesia,44.4,58.1575000000000000,13.8
89,Nomad Mornings,Breakfast & Cereal,8,ValueGrocer,Grocery,North America,49.3,63.0944444444444444,13.8
29,Golden Essentials,Personal Care,51,FlashCart (Metro),Quick Commerce,India - Metro,48.9,62.6680000000000000,13.8
76,Royal Farms,Dairy,4,PrimeGrocer,Grocery,North America,46.9,60.7394736842105263,13.8
104,Meadow Baby Co,Baby Care,199,MarketLink GT (Indonesia),General Trade,SEA - Indonesia,46.0,59.7341666666666667,13.7
32,Cloud Skin,Personal Care,85,Community Retail Co-op #2 (Tier 2/3),General Trade,India - Tier 2/3,49.1,62.8356666666666667,13.7
38,Urban Pantry,Packaged Foods,118,Local Trade Collective (Saudi),General Trade,Gulf - Saudi,47.3,61.0458333333333333,13.7
18,Royal Fizz,Sparkling Water,24,PureRoots Market #2,Natural,North America,49.4,63.0876190476190476,13.7
62,Royal Household,Home Care,121,Corner Store Network (Saudi),General Trade,Gulf - Saudi,49.5,63.1858333333333333,13.7
78,Prime Confections,Confectionery,50,HopMart (Metro),Quick Commerce,India - Metro,49.0,62.6568965517241379,13.7
86,True Candy Co,Confectionery,169,ZipCart (Philippines),Quick Commerce,SEA - Philippines,49.3,63.0394736842105263,13.7
58,Coastal Clean,Home Care,188,ZipCart (Indonesia),Quick Commerce,SEA - Indonesia,50.0,63.7145833333333333,13.7
40,Meadow Pantry,Packaged Foods,94,DailyBasket (UAE),Grocery,Gulf - UAE,49.3,63.0119318181818182,13.7
57,Cloud Shine,Home Care,78,Bazaar Wholesale (Tier 2/3),General Trade,India - Tier 2/3,49.2,62.8800000000000000,13.7
68,Cloud Dairy,Dairy,199,MarketLink GT (Indonesia),General Trade,SEA - Indonesia,49.6,63.3287500000000000,13.7
36,Cloud Table,Packaged Foods,80,Sundry Traders Network (Tier 2/3),General Trade,India - Tier 2/3,48.2,61.8906000000000000,13.7
7,Urban Bites,Salty Snacks,185,DailyBasket (Indonesia),Grocery,SEA - Indonesia,44.5,58.1575000000000000,13.7
80,Nomad Candy Co,Confectionery,8,ValueGrocer,Grocery,North America,48.2,61.9236111111111111,13.7
18,Royal Fizz,Sparkling Water,120,Neighborhood Wholesale (Saudi),General Trade,Gulf - Saudi,49.4,63.0650000000000000,13.7
13,Urban Bubbles,Sparkling Water,158,Community Retail Co-op (Malaysia),General Trade,SEA - Malaysia,47.9,61.5825000000000000,13.7
19,Fresh Fizz,Sparkling Water,75,Neighborhood Wholesale (Tier 2/3),General Trade,India - Tier 2/3,49.7,63.3680000000000000,13.7
23,Golden Skin,Personal Care,46,QuickDash (Metro),Quick Commerce,India - Metro,49.0,62.6680000000000000,13.7
22,Crunch Fizz,Sparkling Water,108,ValueTrade GT (UAE),General Trade,Gulf - UAE,49.3,62.9568181818181818,13.7
9,Spring Crisps,Salty Snacks,106,NimbleMart (UAE),Quick Commerce,Gulf - UAE,49.0,62.7130681818181818,13.7
103,Coastal Baby Essentials,Baby Care,77,Community Retail Co-op (Tier 2/3),General Trade,India - Tier 2/3,48.2,61.9433333333333333,13.7
54,Nomad Drinks,Beverages,113,MetroBazaar (Saudi),Grocery,Gulf - Saudi,48.8,62.5236666666666667,13.7
58,Coastal Clean,Home Care,102,DashKart (UAE),Quick Commerce,Gulf - UAE,47.7,61.4090909090909091,13.7
83,Fresh Treats,Confectionery,68,PrimeGrocer (Tier 2/3),Grocery,India - Tier 2/3,48.7,62.4378000000000000,13.7
109,Silver Little Ones,Baby Care,7,UrbanPantry,Grocery,North America,49.3,63.0250000000000000,13.7
90,Prime Grains,Breakfast & Cereal,96,UrbanPantry (UAE),Grocery,Gulf - UAE,49.7,63.3928030303030303,13.7
51,Coastal Drinks,Beverages,12,MetroBazaar #2,Grocery,North America,49.2,62.8907142857142857,13.7
16,Sunrise Water Co,Sparkling Water,176,Corner Store Network (Philippines),General Trade,SEA - Philippines,51.0,64.6703947368421053,13.7
11,Silver Snacks,Salty Snacks,75,Neighborhood Wholesale (Tier 2/3),General Trade,India - Tier 2/3,49.3,63.0406666666666667,13.7
90,Prime Grains,Breakfast & Cereal,105,FlashCart (UAE),Quick Commerce,Gulf - UAE,49.7,63.3928030303030303,13.7
89,Nomad Mornings,Breakfast & Cereal,10,HomeFresh,Grocery,North America,49.4,63.0944444444444444,13.7
31,Everyday Glow,Personal Care,124,MarketLink GT (Saudi),General Trade,Gulf - Saudi,46.3,59.8583333333333333,13.6
38,Urban Pantry,Packaged Foods,169,ZipCart (Philippines),Quick Commerce,SEA - Philippines,48.1,61.6500000000000000,13.6
85,Heritage Treats,Confectionery,70,SunriseMart (Tier 2/3),Grocery,India - Tier 2/3,48.8,62.4378000000000000,13.6
108,Crunch Baby Co,Baby Care,79,MarketLink GT (Tier 2/3),General Trade,India - Tier 2/3,48.3,61.9433333333333333,13.6
73,Blue Milk Co,Dairy,8,ValueGrocer,Grocery,North America,47.1,60.7394736842105263,13.6
55,Vivid Sip,Beverages,196,Corner Store Network (Indonesia),General Trade,SEA - Indonesia,47.1,60.6750000000000000,13.6
43,Coastal Table,Packaged Foods,87,MarketLink GT #2 (Tier 2/3),General Trade,India - Tier 2/3,48.3,61.8906000000000000,13.6
40,Meadow Pantry,Packaged Foods,94,DailyBasket (UAE),Grocery,Gulf - UAE,49.4,63.0119318181818182,13.6
89,Nomad Mornings,Breakfast & Cereal,77,Community Retail Co-op (Tier 2/3),General Trade,India - Tier 2/3,50.1,63.6752500000000000,13.6
87,Pure Sweets,Confectionery,27,GoStop,C-Store,North America,48.3,61.9236111111111111,13.6
73,Blue Milk Co,Dairy,9,CityMart,Grocery,North America,47.1,60.7394736842105263,13.6
82,Meadow Treats,Confectionery,31,GoStop #2,C-Store,North America,48.3,61.9236111111111111,13.6
58,Coastal Clean,Home Care,100,QuickDash (UAE),Quick Commerce,Gulf - UAE,47.8,61.4090909090909091,13.6
3,Prime Snacks,Salty Snacks,31,GoStop #2,C-Store,North America,47.8,61.3621428571428571,13.6
12,True Water Co,Sparkling Water,54,GoCart Express (Metro),Quick Commerce,India - Metro,48.4,61.9855603448275862,13.6
60,True Shine,Home Care,99,WareClub (UAE),Club,Gulf - UAE,47.8,61.4090909090909091,13.6
104,Meadow Baby Co,Baby Care,198,Bazaar Wholesale (Indonesia),General Trade,SEA - Indonesia,46.1,59.7341666666666667,13.6
49,Meadow Beverages,Beverages,84,Corner Store Network #2 (Tier 2/3),General Trade,India - Tier 2/3,49.0,62.6366666666666667,13.6
60,True Shine,Home Care,101,ZipCart (UAE),Quick Commerce,Gulf - UAE,47.8,61.4090909090909091,13.6
67,Golden Milk Co,Dairy,191,HopMart (Indonesia),Quick Commerce,SEA - Indonesia,49.7,63.3287500000000000,13.6
96,Meadow Breakfast Co,Breakfast & Cereal,72,ValueGrocer (Tier 2/3),Grocery,India - Tier 2/3,50.1,63.6752500000000000,13.6
50,Crunch Drinks,Beverages,163,MetroBazaar (Philippines),Grocery,SEA - Philippines,50.9,64.5381578947368421,13.6
47,Sunrise Refresh,Beverages,79,MarketLink GT (Tier 2/3),General Trade,India - Tier 2/3,49.0,62.6366666666666667,13.6
99,Fresh Cereal Co,Breakfast & Cereal,151,SwiftBasket (Malaysia),Quick Commerce,SEA - Malaysia,49.0,62.5915625000000000,13.6
93,Urban Mornings,Breakfast & Cereal,109,Neighborhood Wholesale (UAE),General Trade,Gulf - UAE,49.9,63.3928030303030303,13.5
87,Pure Sweets,Confectionery,33,QuickStop #3,C-Store,North America,48.4,61.9236111111111111,13.5
76,Royal Farms,Dairy,81,Local Trade Collective #2 (Tier 2/3),General Trade,India - Tier 2/3,49.1,62.6312000000000000,13.5
93,Urban Mornings,Breakfast & Cereal,170,DashKart (Philippines),Quick Commerce,SEA - Philippines,48.5,62.0381578947368421,13.5
106,Vivid Little Ones,Baby Care,118,Local Trade Collective (Saudi),General Trade,Gulf - Saudi,51.1,64.5725000000000000,13.5
64,Blue Shine,Home Care,190,SwiftBasket (Indonesia),Quick Commerce,SEA - Indonesia,50.2,63.7145833333333333,13.5
84,Everyday Treats,Confectionery,198,Bazaar Wholesale (Indonesia),General Trade,SEA - Indonesia,48.4,61.8512500000000000,13.5
17,Nomad Bubbles,Sparkling Water,41,SunriseMart (Metro),Grocery,India - Metro,48.5,61.9855603448275862,13.5
28,Spring Skin,Personal Care,9,CityMart,Grocery,North America,49.7,63.2026315789473684,13.5
18,Royal Fizz,Sparkling Water,120,Neighborhood Wholesale (Saudi),General Trade,Gulf - Saudi,49.6,63.0650000000000000,13.5
51,Coastal Drinks,Beverages,28,ExpressStop,C-Store,North America,49.4,62.8907142857142857,13.5
7,Urban Bites,Salty Snacks,98,BulkBasket Club (UAE),Club,Gulf - UAE,49.2,62.7130681818181818,13.5
62,Royal Household,Home Care,118,Local Trade Collective (Saudi),General Trade,Gulf - Saudi,49.7,63.1858333333333333,13.5
106,Vivid Little Ones,Baby Care,123,Bazaar Wholesale (Saudi),General Trade,Gulf - Saudi,51.1,64.5725000000000000,13.5
106,Vivid Little Ones,Baby Care,80,Sundry Traders Network (Tier 2/3),General Trade,India - Tier 2/3,48.4,61.9433333333333333,13.5
14,Golden Bubbles,Sparkling Water,6,SunriseMart,Grocery,North America,49.6,63.0876190476190476,13.5
31,Everyday Glow,Personal Care,114,GreenAisle (Saudi),Grocery,Gulf - Saudi,46.4,59.8583333333333333,13.5
7,Urban Bites,Salty Snacks,193,Local Trade Collective (Indonesia),General Trade,SEA - Indonesia,44.7,58.1575000000000000,13.5
103,Coastal Baby Essentials,Baby Care,84,Corner Store Network #2 (Tier 2/3),General Trade,India - Tier 2/3,48.4,61.9433333333333333,13.5
35,Silver Table,Packaged Foods,85,Community Retail Co-op #2 (Tier 2/3),General Trade,India - Tier 2/3,48.4,61.8906000000000000,13.5
46,Fresh Refresh,Beverages,20,PureRoots Market,Natural,North America,49.4,62.8907142857142857,13.5
35,Silver Table,Packaged Foods,70,SunriseMart (Tier 2/3),Grocery,India - Tier 2/3,48.4,61.8906000000000000,13.5
35,Silver Table,Packaged Foods,73,Local Trade Collective (Tier 2/3),General Trade,India - Tier 2/3,48.4,61.8906000000000000,13.5
28,Spring Skin,Personal Care,19,GreenLeaf Naturals,Natural,North America,49.7,63.2026315789473684,13.5
71,Golden Farms,Dairy,175,Neighborhood Wholesale (Philippines),General Trade,SEA - Philippines,47.9,61.3750000000000000,13.5
94,Crunch Cereal Co,Breakfast & Cereal,192,FlashCart (Indonesia),Quick Commerce,SEA - Indonesia,47.9,61.4287500000000000,13.5
39,Blue Kitchen,Packaged Foods,161,Sundry Traders Network (Malaysia),General Trade,SEA - Malaysia,49.0,62.4881250000000000,13.5
53,Cloud Sip,Beverages,134,DashKart (Qatar),Quick Commerce,Gulf - Qatar,48.9,62.3838888888888889,13.5
4,Blue Bites,Salty Snacks,155,ValueTrade GT (Malaysia),General Trade,SEA - Malaysia,46.8,60.3325000000000000,13.5
12,True Water Co,Sparkling Water,68,PrimeGrocer (Tier 2/3),Grocery,India - Tier 2/3,49.9,63.3680000000000000,13.5
55,Vivid Sip,Beverages,197,Community Retail Co-op (Indonesia),General Trade,SEA - Indonesia,47.3,60.6750000000000000,13.4
18,Royal Fizz,Sparkling Water,15,BulkBasket Club,Club,North America,49.7,63.0876190476190476,13.4
105,Silver Baby Essentials,Baby Care,194,ValueTrade GT (Indonesia),General Trade,SEA - Indonesia,46.3,59.7341666666666667,13.4
3,Prime Snacks,Salty Snacks,5,DailyBasket,Grocery,North America,48.0,61.3621428571428571,13.4
36,Cloud Table,Packaged Foods,127,FreshMart (Qatar),Grocery,Gulf - Qatar,53.3,66.6983333333333333,13.4
19,Fresh Fizz,Sparkling Water,9,CityMart,Grocery,North America,49.7,63.0876190476190476,13.4
98,Coastal Mornings,Breakfast & Cereal,125,Sundry Traders Network (Saudi),General Trade,Gulf - Saudi,46.0,59.3711111111111111,13.4
76,Royal Farms,Dairy,68,PrimeGrocer (Tier 2/3),Grocery,India - Tier 2/3,49.2,62.6312000000000000,13.4
52,Spring Sip,Beverages,137,Local Trade Collective (Qatar),General Trade,Gulf - Qatar,49.0,62.3838888888888889,13.4
78,Prime Confections,Confectionery,45,ExpressStop (Metro),C-Store,India - Metro,49.3,62.6568965517241379,13.4
31,Everyday Glow,Personal Care,119,ValueTrade GT (Saudi),General Trade,Gulf - Saudi,46.5,59.8583333333333333,13.4
30,Cloud Essentials,Personal Care,10,HomeFresh,Grocery,North America,49.8,63.2026315789473684,13.4
55,Vivid Sip,Beverages,189,DashKart (Indonesia),Quick Commerce,SEA - Indonesia,47.3,60.6750000000000000,13.4
54,Nomad Drinks,Beverages,68,PrimeGrocer (Tier 2/3),Grocery,India - Tier 2/3,49.2,62.6366666666666667,13.4
54,Nomad Drinks,Beverages,74,ValueTrade GT (Tier 2/3),General Trade,India - Tier 2/3,49.2,62.6366666666666667,13.4
91,Coastal Cereal Co,Breakfast & Cereal,123,Bazaar Wholesale (Saudi),General Trade,Gulf - Saudi,46.0,59.3711111111111111,13.4
79,Coastal Candy Co,Confectionery,72,ValueGrocer (Tier 2/3),Grocery,India - Tier 2/3,49.0,62.4378000000000000,13.4
22,Crunch Fizz,Sparkling Water,109,Neighborhood Wholesale (UAE),General Trade,Gulf - UAE,49.6,62.9568181818181818,13.4
82,Meadow Treats,Confectionery,83,Neighborhood Wholesale #2 (Tier 2/3),General Trade,India - Tier 2/3,49.1,62.4378000000000000,13.3
78,Prime Confections,Confectionery,184,PrimeGrocer (Indonesia),Grocery,SEA - Indonesia,48.6,61.8512500000000000,13.3
70,Vivid Milk Co,Dairy,117,SunriseMart (Saudi),Grocery,Gulf - Saudi,47.0,60.2775000000000000,13.3
73,Blue Milk Co,Dairy,200,Sundry Traders Network (Indonesia),General Trade,SEA - Indonesia,50.0,63.3287500000000000,13.3
35,Silver Table,Packaged Foods,6,SunriseMart,Grocery,North America,49.2,62.4755208333333333,13.3
89,Nomad Mornings,Breakfast & Cereal,11,FreshMart #2,Grocery,North America,49.8,63.0944444444444444,13.3
63,Silver Household,Home Care,8,ValueGrocer,Grocery,North America,48.2,61.5100694444444444,13.3
70,Vivid Milk Co,Dairy,67,GreenAisle (Tier 2/3),Grocery,India - Tier 2/3,49.3,62.6312000000000000,13.3
21,Golden Fizz,Sparkling Water,51,FlashCart (Metro),Quick Commerce,India - Metro,48.7,61.9855603448275862,13.3
13,Urban Bubbles,Sparkling Water,173,Local Trade Collective (Philippines),General Trade,SEA - Philippines,51.4,64.6703947368421053,13.3
20,Heritage Springs,Sparkling Water,38,GreenAisle (Metro),Grocery,India - Metro,48.7,61.9855603448275862,13.3
33,Cloud Glow,Personal Care,115,PrimeGrocer (Saudi),Grocery,Gulf - Saudi,46.6,59.8583333333333333,13.3
71,Golden Farms,Dairy,19,GreenLeaf Naturals,Natural,North America,47.4,60.7394736842105263,13.3
41,Royal Kitchen,Packaged Foods,16,WareClub,Club,North America,49.2,62.4755208333333333,13.3
28,Spring Skin,Personal Care,156,Neighborhood Wholesale (Malaysia),General Trade,SEA - Malaysia,48.2,61.4575000000000000,13.3
22,Crunch Fizz,Sparkling Water,115,PrimeGrocer (Saudi),Grocery,Gulf - Saudi,49.8,63.0650000000000000,13.3
35,Silver Table,Packaged Foods,79,MarketLink GT (Tier 2/3),General Trade,India - Tier 2/3,48.6,61.8906000000000000,13.3
109,Silver Little Ones,Baby Care,134,DashKart (Qatar),Quick Commerce,Gulf - Qatar,48.3,61.6466666666666667,13.3
70,Vivid Milk Co,Dairy,72,ValueGrocer (Tier 2/3),Grocery,India - Tier 2/3,49.3,62.6312000000000000,13.3
63,Silver Household,Home Care,123,Bazaar Wholesale (Saudi),General Trade,Gulf - Saudi,49.9,63.1858333333333333,13.3
90,Prime Grains,Breakfast & Cereal,91,MetroBazaar (UAE),Grocery,Gulf - UAE,50.1,63.3928030303030303,13.3
13,Urban Bubbles,Sparkling Water,157,Corner Store Network (Malaysia),General Trade,SEA - Malaysia,48.3,61.5825000000000000,13.3
45,Pure Drinks,Beverages,112,FreshMart (Saudi),Grocery,Gulf - Saudi,49.2,62.5236666666666667,13.3
74,Sunrise Milk Co,Dairy,75,Neighborhood Wholesale (Tier 2/3),General Trade,India - Tier 2/3,49.3,62.6312000000000000,13.3
75,Vivid Dairy,Dairy,69,DailyBasket (Tier 2/3),Grocery,India - Tier 2/3,49.3,62.6312000000000000,13.3
14,Golden Bubbles,Sparkling Water,13,GreenAisle #2,Grocery,North America,49.9,63.0876190476190476,13.2
65,Urban Clean,Home Care,14,SaverClub,Club,North America,48.3,61.5100694444444444,13.2
65,Urban Clean,Home Care,18,SaverClub #2,Club,North America,48.3,61.5100694444444444,13.2
48,Silver Beverages,Beverages,140,Corner Store Network (Qatar),General Trade,Gulf - Qatar,49.2,62.3838888888888889,13.2
27,Golden Glow,Personal Care,189,DashKart (Indonesia),Quick Commerce,SEA - Indonesia,47.2,60.4337500000000000,13.2
41,Royal Kitchen,Packaged Foods,16,WareClub,Club,North America,49.3,62.4755208333333333,13.2
88,Pure Treats,Confectionery,182,MetroBazaar (Indonesia),Grocery,SEA - Indonesia,48.7,61.8512500000000000,13.2
18,Royal Fizz,Sparkling Water,20,PureRoots Market,Natural,North America,49.9,63.0876190476190476,13.2
55,Vivid Sip,Beverages,44,GoStop (Metro),C-Store,India - Metro,48.9,62.0715517241379310,13.2
91,Coastal Cereal Co,Breakfast & Cereal,114,GreenAisle (Saudi),Grocery,Gulf - Saudi,46.2,59.3711111111111111,13.2
55,Vivid Sip,Beverages,64,Sundry Traders Network (Metro),General Trade,India - Metro,48.9,62.0715517241379310,13.2
8,Meadow Crisps,Salty Snacks,72,ValueGrocer (Tier 2/3),Grocery,India - Tier 2/3,49.8,63.0406666666666667,13.2
85,Heritage Treats,Confectionery,73,Local Trade Collective (Tier 2/3),General Trade,India - Tier 2/3,49.2,62.4378000000000000,13.2
91,Coastal Cereal Co,Breakfast & Cereal,156,Neighborhood Wholesale (Malaysia),General Trade,SEA - Malaysia,49.4,62.5915625000000000,13.2
94,Crunch Cereal Co,Breakfast & Cereal,196,Corner Store Network (Indonesia),General Trade,SEA - Indonesia,48.2,61.4287500000000000,13.2
90,Prime Grains,Breakfast & Cereal,149,ZipCart (Malaysia),Quick Commerce,SEA - Malaysia,49.4,62.5915625000000000,13.2
94,Crunch Cereal Co,Breakfast & Cereal,197,Community Retail Co-op (Indonesia),General Trade,SEA - Indonesia,48.2,61.4287500000000000,13.2
19,Fresh Fizz,Sparkling Water,30,CornerFuel Mart #2,C-Store,North America,49.9,63.0876190476190476,13.2
72,Nomad Milk Co,Dairy,69,DailyBasket (Tier 2/3),Grocery,India - Tier 2/3,49.4,62.6312000000000000,13.2
22,Crunch Fizz,Sparkling Water,107,Local Trade Collective (UAE),General Trade,Gulf - UAE,49.8,62.9568181818181818,13.2
6,Coastal Bites,Salty Snacks,4,PrimeGrocer,Grocery,North America,48.2,61.3621428571428571,13.2
39,Blue Kitchen,Packaged Foods,144,GreenAisle (Malaysia),Grocery,SEA - Malaysia,49.3,62.4881250000000000,13.2
57,Cloud Shine,Home Care,87,MarketLink GT #2 (Tier 2/3),General Trade,India - Tier 2/3,49.7,62.8800000000000000,13.2
36,Cloud Table,Packaged Foods,131,DailyBasket (Qatar),Grocery,Gulf - Qatar,53.5,66.6983333333333333,13.2
84,Everyday Treats,Confectionery,186,SunriseMart (Indonesia),Grocery,SEA - Indonesia,48.8,61.8512500000000000,13.1
85,Heritage Treats,Confectionery,65,FreshMart (Tier 2/3),Grocery,India - Tier 2/3,49.3,62.4378000000000000,13.1
3,Prime Snacks,Salty Snacks,35,GoStop #3,C-Store,North America,48.3,61.3621428571428571,13.1
52,Spring Sip,Beverages,133,ZipCart (Qatar),Quick Commerce,Gulf - Qatar,49.3,62.3838888888888889,13.1
106,Vivid Little Ones,Baby Care,71,UrbanPantry (Tier 2/3),Grocery,India - Tier 2/3,48.8,61.9433333333333333,13.1
18,Royal Fizz,Sparkling Water,7,UrbanPantry,Grocery,North America,50.0,63.0876190476190476,13.1
110,Meadow Tiny Care,Baby Care,13,GreenAisle #2,Grocery,North America,49.9,63.0250000000000000,13.1
78,Prime Confections,Confectionery,38,GreenAisle (Metro),Grocery,India - Metro,49.6,62.6568965517241379,13.1
64,Blue Shine,Home Care,196,Corner Store Network (Indonesia),General Trade,SEA - Indonesia,50.6,63.7145833333333333,13.1
71,Golden Farms,Dairy,13,GreenAisle #2,Grocery,North America,47.6,60.7394736842105263,13.1
32,Cloud Skin,Personal Care,73,Local Trade Collective (Tier 2/3),General Trade,India - Tier 2/3,49.7,62.8356666666666667,13.1
67,Golden Milk Co,Dairy,195,Neighborhood Wholesale (Indonesia),General Trade,SEA - Indonesia,50.2,63.3287500000000000,13.1
6,Coastal Bites,Salty Snacks,20,PureRoots Market,Natural,North America,48.3,61.3621428571428571,13.1
54,Nomad Drinks,Beverages,68,PrimeGrocer (Tier 2/3),Grocery,India - Tier 2/3,49.5,62.6366666666666667,13.1
6,Coastal Bites,Salty Snacks,124,MarketLink GT (Saudi),General Trade,Gulf - Saudi,49.2,62.3475000000000000,13.1
97,Royal Breakfast Co,Breakfast & Cereal,156,Neighborhood Wholesale (Malaysia),General Trade,SEA - Malaysia,49.5,62.5915625000000000,13.1
46,Fresh Refresh,Beverages,112,FreshMart (Saudi),Grocery,Gulf - Saudi,49.4,62.5236666666666667,13.1
3,Prime Snacks,Salty Snacks,35,GoStop #3,C-Store,North America,48.3,61.3621428571428571,13.1
90,Prime Grains,Breakfast & Cereal,152,HopMart (Malaysia),Quick Commerce,SEA - Malaysia,49.5,62.5915625000000000,13.1
3,Prime Snacks,Salty Snacks,117,SunriseMart (Saudi),Grocery,Gulf - Saudi,49.2,62.3475000000000000,13.1
92,Cloud Grains,Breakfast & Cereal,163,MetroBazaar (Philippines),Grocery,SEA - Philippines,48.9,62.0381578947368421,13.1
39,Blue Kitchen,Packaged Foods,153,FlashCart (Malaysia),Quick Commerce,SEA - Malaysia,49.5,62.4881250000000000,13.0
33,Cloud Glow,Personal Care,65,FreshMart (Tier 2/3),Grocery,India - Tier 2/3,49.8,62.8356666666666667,13.0
56,Golden Shine,Home Care,66,MetroBazaar (Tier 2/3),Grocery,India - Tier 2/3,49.9,62.8800000000000000,13.0
68,Cloud Dairy,Dairy,192,FlashCart (Indonesia),Quick Commerce,SEA - Indonesia,50.3,63.3287500000000000,13.0
56,Golden Shine,Home Care,73,Local Trade Collective (Tier 2/3),General Trade,India - Tier 2/3,49.9,62.8800000000000000,13.0
100,Fresh Tiny Care,Baby Care,76,Corner Store Network (Tier 2/3),General Trade,India - Tier 2/3,48.9,61.9433333333333333,13.0
5,Urban Crisps,Salty Snacks,140,Corner Store Network (Qatar),General Trade,Gulf - Qatar,48.0,60.9850000000000000,13.0
63,Silver Household,Home Care,18,SaverClub #2,Club,North America,48.5,61.5100694444444444,13.0
76,Royal Farms,Dairy,74,ValueTrade GT (Tier 2/3),General Trade,India - Tier 2/3,49.6,62.6312000000000000,13.0
17,Nomad Bubbles,Sparkling Water,59,Neighborhood Wholesale (Metro),General Trade,India - Metro,49.0,61.9855603448275862,13.0
50,Crunch Drinks,Beverages,188,ZipCart (Indonesia),Quick Commerce,SEA - Indonesia,47.7,60.6750000000000000,13.0
55,Vivid Sip,Beverages,196,Corner Store Network (Indonesia),General Trade,SEA - Indonesia,47.7,60.6750000000000000,13.0
91,Coastal Cereal Co,Breakfast & Cereal,161,Sundry Traders Network (Malaysia),General Trade,SEA - Malaysia,49.6,62.5915625000000000,13.0
94,Crunch Cereal Co,Breakfast & Cereal,81,Local Trade Collective #2 (Tier 2/3),General Trade,India - Tier 2/3,50.7,63.6752500000000000,13.0
14,Golden Bubbles,Sparkling Water,6,SunriseMart,Grocery,North America,50.1,63.0876190476190476,13.0
13,Urban Bubbles,Sparkling Water,142,FreshMart (Malaysia),Grocery,SEA - Malaysia,48.6,61.5825000000000000,13.0
103,Coastal Baby Essentials,Baby Care,80,Sundry Traders Network (Tier 2/3),General Trade,India - Tier 2/3,48.9,61.9433333333333333,13.0
70,Vivid Milk Co,Dairy,120,Neighborhood Wholesale (Saudi),General Trade,Gulf - Saudi,47.3,60.2775000000000000,13.0
86,True Candy Co,Confectionery,175,Neighborhood Wholesale (Philippines),General Trade,SEA - Philippines,50.0,63.0394736842105263,13.0
24,Spring Care,Personal Care,130,PrimeGrocer (Qatar),Grocery,Gulf - Qatar,48.6,61.5616666666666667,13.0
32,Cloud Skin,Personal Care,65,FreshMart (Tier 2/3),Grocery,India - Tier 2/3,49.8,62.8356666666666667,13.0
21,Golden Fizz,Sparkling Water,154,Local Trade Collective (Malaysia),General Trade,SEA - Malaysia,48.7,61.5825000000000000,12.9
15,Blue Springs,Sparkling Water,119,ValueTrade GT (Saudi),General Trade,Gulf - Saudi,50.2,63.0650000000000000,12.9
94,Crunch Cereal Co,Breakfast & Cereal,71,UrbanPantry (Tier 2/3),Grocery,India - Tier 2/3,50.8,63.6752500000000000,12.9
27,Golden Glow,Personal Care,200,Sundry Traders Network (Indonesia),General Trade,SEA - Indonesia,47.5,60.4337500000000000,12.9
13,Urban Bubbles,Sparkling Water,171,SwiftBasket (Philippines),Quick Commerce,SEA - Philippines,51.8,64.6703947368421053,12.9
68,Cloud Dairy,Dairy,195,Neighborhood Wholesale (Indonesia),General Trade,SEA - Indonesia,50.4,63.3287500000000000,12.9
47,Sunrise Refresh,Beverages,66,MetroBazaar (Tier 2/3),Grocery,India - Tier 2/3,49.7,62.6366666666666667,12.9
106,Vivid Little Ones,Baby Care,82,ValueTrade GT #2 (Tier 2/3),General Trade,India - Tier 2/3,49.0,61.9433333333333333,12.9
7,Urban Bites,Salty Snacks,193,Local Trade Collective (Indonesia),General Trade,SEA - Indonesia,45.3,58.1575000000000000,12.9
2,Bold Snacks,Salty Snacks,44,GoStop (Metro),C-Store,India - Metro,46.5,59.4456896551724138,12.9
24,Spring Care,Personal Care,110,Corner Store Network (UAE),General Trade,Gulf - UAE,50.2,63.1394736842105263,12.9
70,Vivid Milk Co,Dairy,114,GreenAisle (Saudi),Grocery,Gulf - Saudi,47.4,60.2775000000000000,12.9
6,Coastal Bites,Salty Snacks,18,SaverClub #2,Club,North America,48.5,61.3621428571428571,12.9
89,Nomad Mornings,Breakfast & Cereal,1,FreshMart,Grocery,North America,50.2,63.0944444444444444,12.9
27,Golden Glow,Personal Care,199,MarketLink GT (Indonesia),General Trade,SEA - Indonesia,47.5,60.4337500000000000,12.9
82,Meadow Treats,Confectionery,85,Community Retail Co-op #2 (Tier 2/3),General Trade,India - Tier 2/3,49.5,62.4378000000000000,12.9
85,Heritage Treats,Confectionery,69,DailyBasket (Tier 2/3),Grocery,India - Tier 2/3,49.5,62.4378000000000000,12.9
31,Everyday Glow,Personal Care,119,ValueTrade GT (Saudi),General Trade,Gulf - Saudi,47.0,59.8583333333333333,12.9
35,Silver Table,Packaged Foods,19,GreenLeaf Naturals,Natural,North America,49.6,62.4755208333333333,12.9
71,Golden Farms,Dairy,9,CityMart,Grocery,North America,47.8,60.7394736842105263,12.9
106,Vivid Little Ones,Baby Care,89,Local Trade Collective #3 (Tier 2/3),General Trade,India - Tier 2/3,49.0,61.9433333333333333,12.9
108,Crunch Baby Co,Baby Care,122,Community Retail Co-op (Saudi),General Trade,Gulf - Saudi,51.7,64.5725000000000000,12.9
80,Nomad Candy Co,Confectionery,84,Corner Store Network #2 (Tier 2/3),General Trade,India - Tier 2/3,49.5,62.4378000000000000,12.9
35,Silver Table,Packaged Foods,17,MegaValue Club,Club,North America,49.6,62.4755208333333333,12.9
28,Spring Skin,Personal Care,5,DailyBasket,Grocery,North America,50.3,63.2026315789473684,12.9
108,Crunch Baby Co,Baby Care,87,MarketLink GT #2 (Tier 2/3),General Trade,India - Tier 2/3,49.0,61.9433333333333333,12.9
93,Urban Mornings,Breakfast & Cereal,171,SwiftBasket (Philippines),Quick Commerce,SEA - Philippines,49.1,62.0381578947368421,12.9
7,Urban Bites,Salty Snacks,190,SwiftBasket (Indonesia),Quick Commerce,SEA - Indonesia,45.3,58.1575000000000000,12.9
14,Golden Bubbles,Sparkling Water,10,HomeFresh,Grocery,North America,50.2,63.0876190476190476,12.9
30,Cloud Essentials,Personal Care,160,MarketLink GT (Malaysia),General Trade,SEA - Malaysia,48.7,61.4575000000000000,12.8
66,Golden Household,Home Care,88,Sundry Traders Network #2 (Tier 2/3),General Trade,India - Tier 2/3,50.1,62.8800000000000000,12.8
50,Crunch Drinks,Beverages,190,SwiftBasket (Indonesia),Quick Commerce,SEA - Indonesia,47.9,60.6750000000000000,12.8
29,Golden Essentials,Personal Care,48,DashKart (Metro),Quick Commerce,India - Metro,49.9,62.6680000000000000,12.8
6,Coastal Bites,Salty Snacks,29,QuickStop #2,C-Store,North America,48.6,61.3621428571428571,12.8
64,Blue Shine,Home Care,1,FreshMart,Grocery,North America,48.7,61.5100694444444444,12.8
60,True Shine,Home Care,111,Community Retail Co-op (UAE),General Trade,Gulf - UAE,48.6,61.4090909090909091,12.8
47,Sunrise Refresh,Beverages,114,GreenAisle (Saudi),Grocery,Gulf - Saudi,49.7,62.5236666666666667,12.8
61,Crunch Household,Home Care,64,Sundry Traders Network (Metro),General Trade,India - Metro,48.6,61.3740000000000000,12.8
34,Bold Kitchen,Packaged Foods,199,MarketLink GT (Indonesia),General Trade,SEA - Indonesia,51.8,64.6200000000000000,12.8
36,Cloud Table,Packaged Foods,73,Local Trade Collective (Tier 2/3),General Trade,India - Tier 2/3,49.1,61.8906000000000000,12.8
97,Royal Breakfast Co,Breakfast & Cereal,160,MarketLink GT (Malaysia),General Trade,SEA - Malaysia,49.8,62.5915625000000000,12.8
82,Meadow Treats,Confectionery,82,ValueTrade GT #2 (Tier 2/3),General Trade,India - Tier 2/3,49.6,62.4378000000000000,12.8
3,Prime Snacks,Salty Snacks,28,ExpressStop,C-Store,North America,48.6,61.3621428571428571,12.8
87,Pure Sweets,Confectionery,1,FreshMart,Grocery,North America,49.1,61.9236111111111111,12.8
64,Blue Shine,Home Care,7,UrbanPantry,Grocery,North America,48.7,61.5100694444444444,12.8
89,Nomad Mornings,Breakfast & Cereal,73,Local Trade Collective (Tier 2/3),General Trade,India - Tier 2/3,50.9,63.6752500000000000,12.8
100,Fresh Tiny Care,Baby Care,89,Local Trade Collective #3 (Tier 2/3),General Trade,India - Tier 2/3,49.1,61.9433333333333333,12.8
105,Silver Baby Essentials,Baby Care,82,ValueTrade GT #2 (Tier 2/3),General Trade,India - Tier 2/3,49.1,61.9433333333333333,12.8
58,Coastal Clean,Home Care,192,FlashCart (Indonesia),Quick Commerce,SEA - Indonesia,50.9,63.7145833333333333,12.8
12,True Water Co,Sparkling Water,63,MarketLink GT (Metro),General Trade,India - Metro,49.2,61.9855603448275862,12.8
45,Pure Drinks,Beverages,126,Local Trade Collective #2 (Saudi),General Trade,Gulf - Saudi,49.7,62.5236666666666667,12.8
96,Meadow Breakfast Co,Breakfast & Cereal,81,Local Trade Collective #2 (Tier 2/3),General Trade,India - Tier 2/3,50.9,63.6752500000000000,12.8
40,Meadow Pantry,Packaged Foods,108,ValueTrade GT (UAE),General Trade,Gulf - UAE,50.2,63.0119318181818182,12.8
53,Cloud Sip,Beverages,118,Local Trade Collective (Saudi),General Trade,Gulf - Saudi,49.7,62.5236666666666667,12.8
91,Coastal Cereal Co,Breakfast & Cereal,144,GreenAisle (Malaysia),Grocery,SEA - Malaysia,49.8,62.5915625000000000,12.8
35,Silver Table,Packaged Foods,4,PrimeGrocer,Grocery,North America,49.7,62.4755208333333333,12.8
38,Urban Pantry,Packaged Foods,117,SunriseMart (Saudi),Grocery,Gulf - Saudi,48.2,61.0458333333333333,12.8
64,Blue Shine,Home Care,198,Bazaar Wholesale (Indonesia),General Trade,SEA - Indonesia,51.0,63.7145833333333333,12.7
103,Coastal Baby Essentials,Baby Care,89,Local Trade Collective #3 (Tier 2/3),General Trade,India - Tier 2/3,49.2,61.9433333333333333,12.7
80,Nomad Candy Co,Confectionery,26,CornerFuel Mart,C-Store,North America,49.2,61.9236111111111111,12.7
3,Prime Snacks,Salty Snacks,16,WareClub,Club,North America,48.7,61.3621428571428571,12.7
3,Prime Snacks,Salty Snacks,119,ValueTrade GT (Saudi),General Trade,Gulf - Saudi,49.6,62.3475000000000000,12.7
41,Royal Kitchen,Packaged Foods,2,MetroBazaar,Grocery,North America,49.8,62.4755208333333333,12.7
84,Everyday Treats,Confectionery,194,ValueTrade GT (Indonesia),General Trade,SEA - Indonesia,49.2,61.8512500000000000,12.7
109,Silver Little Ones,Baby Care,141,Community Retail Co-op (Qatar),General Trade,Gulf - Qatar,48.9,61.6466666666666667,12.7
86,True Candy Co,Confectionery,166,DailyBasket (Philippines),Grocery,SEA - Philippines,50.3,63.0394736842105263,12.7
36,Cloud Table,Packaged Foods,79,MarketLink GT (Tier 2/3),General Trade,India - Tier 2/3,49.2,61.8906000000000000,12.7
35,Silver Table,Packaged Foods,76,Corner Store Network (Tier 2/3),General Trade,India - Tier 2/3,49.2,61.8906000000000000,12.7
34,Bold Kitchen,Packaged Foods,159,Bazaar Wholesale (Malaysia),General Trade,SEA - Malaysia,49.8,62.4881250000000000,12.7
46,Fresh Refresh,Beverages,31,GoStop #2,C-Store,North America,50.2,62.8907142857142857,12.7
75,Vivid Dairy,Dairy,87,MarketLink GT #2 (Tier 2/3),General Trade,India - Tier 2/3,49.9,62.6312000000000000,12.7
91,Coastal Cereal Co,Breakfast & Cereal,117,SunriseMart (Saudi),Grocery,Gulf - Saudi,46.7,59.3711111111111111,12.7
93,Urban Mornings,Breakfast & Cereal,102,DashKart (UAE),Quick Commerce,Gulf - UAE,50.7,63.3928030303030303,12.7
55,Vivid Sip,Beverages,183,GreenAisle (Indonesia),Grocery,SEA - Indonesia,48.0,60.6750000000000000,12.7
96,Meadow Breakfast Co,Breakfast & Cereal,78,Bazaar Wholesale (Tier 2/3),General Trade,India - Tier 2/3,51.0,63.6752500000000000,12.7
19,Fresh Fizz,Sparkling Water,16,WareClub,Club,North America,50.4,63.0876190476190476,12.7
66,Golden Household,Home Care,81,Local Trade Collective #2 (Tier 2/3),General Trade,India - Tier 2/3,50.2,62.8800000000000000,12.7
73,Blue Milk Co,Dairy,1,FreshMart,Grocery,North America,48.0,60.7394736842105263,12.7
11,Silver Snacks,Salty Snacks,82,ValueTrade GT #2 (Tier 2/3),General Trade,India - Tier 2/3,50.3,63.0406666666666667,12.7
17,Nomad Bubbles,Sparkling Water,57,Local Trade Collective (Metro),General Trade,India - Metro,49.3,61.9855603448275862,12.7
16,Sunrise Water Co,Sparkling Water,185,DailyBasket (Indonesia),Grocery,SEA - Indonesia,51.2,63.8825000000000000,12.7
76,Royal Farms,Dairy,89,Local Trade Collective #3 (Tier 2/3),General Trade,India - Tier 2/3,50.0,62.6312000000000000,12.6
72,Nomad Milk Co,Dairy,69,DailyBasket (Tier 2/3),Grocery,India - Tier 2/3,50.0,62.6312000000000000,12.6
68,Cloud Dairy,Dairy,197,Community Retail Co-op (Indonesia),General Trade,SEA - Indonesia,50.7,63.3287500000000000,12.6
35,Silver Table,Packaged Foods,22,NaturaLife Market,Natural,North America,49.9,62.4755208333333333,12.6
101,Everyday Tiny Care,Baby Care,128,MetroBazaar (Qatar),Grocery,Gulf - Qatar,49.0,61.6466666666666667,12.6
17,Nomad Bubbles,Sparkling Water,42,QuickStop (Metro),C-Store,India - Metro,49.4,61.9855603448275862,12.6
17,Nomad Bubbles,Sparkling Water,63,MarketLink GT (Metro),General Trade,India - Metro,49.4,61.9855603448275862,12.6
78,Prime Confections,Confectionery,54,GoCart Express (Metro),Quick Commerce,India - Metro,50.1,62.6568965517241379,12.6
44,Spring Pantry,Packaged Foods,70,SunriseMart (Tier 2/3),Grocery,India - Tier 2/3,49.3,61.8906000000000000,12.6
51,Coastal Drinks,Beverages,4,PrimeGrocer,Grocery,North America,50.3,62.8907142857142857,12.6
68,Cloud Dairy,Dairy,181,FreshMart (Indonesia),Grocery,SEA - Indonesia,50.7,63.3287500000000000,12.6
108,Crunch Baby Co,Baby Care,124,MarketLink GT (Saudi),General Trade,Gulf - Saudi,52.0,64.5725000000000000,12.6
46,Fresh Refresh,Beverages,28,ExpressStop,C-Store,North America,50.3,62.8907142857142857,12.6
2,Bold Snacks,Salty Snacks,123,Bazaar Wholesale (Saudi),General Trade,Gulf - Saudi,49.7,62.3475000000000000,12.6
74,Sunrise Milk Co,Dairy,68,PrimeGrocer (Tier 2/3),Grocery,India - Tier 2/3,50.0,62.6312000000000000,12.6
99,Fresh Cereal Co,Breakfast & Cereal,106,NimbleMart (UAE),Quick Commerce,Gulf - UAE,50.8,63.3928030303030303,12.6
53,Cloud Sip,Beverages,133,ZipCart (Qatar),Quick Commerce,Gulf - Qatar,49.8,62.3838888888888889,12.6
63,Silver Household,Home Care,3,GreenAisle,Grocery,North America,48.9,61.5100694444444444,12.6
54,Nomad Drinks,Beverages,89,Local Trade Collective #3 (Tier 2/3),General Trade,India - Tier 2/3,50.0,62.6366666666666667,12.6
55,Vivid Sip,Beverages,51,FlashCart (Metro),Quick Commerce,India - Metro,49.5,62.0715517241379310,12.6
80,Nomad Candy Co,Confectionery,10,HomeFresh,Grocery,North America,49.3,61.9236111111111111,12.6
75,Vivid Dairy,Dairy,111,Community Retail Co-op (UAE),General Trade,Gulf - UAE,51.6,64.2289473684210526,12.6
43,Coastal Table,Packaged Foods,75,Neighborhood Wholesale (Tier 2/3),General Trade,India - Tier 2/3,49.3,61.8906000000000000,12.6
107,Spring Tiny Care,Baby Care,196,Corner Store Network (Indonesia),General Trade,SEA - Indonesia,47.1,59.7341666666666667,12.6
84,Everyday Treats,Confectionery,187,QuickDash (Indonesia),Quick Commerce,SEA - Indonesia,49.3,61.8512500000000000,12.6
34,Bold Kitchen,Packaged Foods,194,ValueTrade GT (Indonesia),General Trade,SEA - Indonesia,52.0,64.6200000000000000,12.6
79,Coastal Candy Co,Confectionery,85,Community Retail Co-op #2 (Tier 2/3),General Trade,India - Tier 2/3,49.8,62.4378000000000000,12.6
103,Coastal Baby Essentials,Baby Care,85,Community Retail Co-op #2 (Tier 2/3),General Trade,India - Tier 2/3,49.3,61.9433333333333333,12.6
41,Royal Kitchen,Packaged Foods,22,NaturaLife Market,Natural,North America,49.9,62.4755208333333333,12.6
75,Vivid Dairy,Dairy,66,MetroBazaar (Tier 2/3),Grocery,India - Tier 2/3,50.0,62.6312000000000000,12.6
14,Golden Bubbles,Sparkling Water,5,DailyBasket,Grocery,North America,50.5,63.0876190476190476,12.6
51,Coastal Drinks,Beverages,1,FreshMart,Grocery,North America,50.3,62.8907142857142857,12.6
63,Silver Household,Home Care,7,UrbanPantry,Grocery,North America,49.0,61.5100694444444444,12.5
33,Cloud Glow,Personal Care,120,Neighborhood Wholesale (Saudi),General Trade,Gulf - Saudi,47.4,59.8583333333333333,12.5
43,Coastal Table,Packaged Foods,54,GoCart Express (Metro),Quick Commerce,India - Metro,49.8,62.2600000000000000,12.5
11,Silver Snacks,Salty Snacks,34,CornerFuel Mart #3,C-Store,North America,48.9,61.3621428571428571,12.5
3,Prime Snacks,Salty Snacks,32,ExpressStop #2,C-Store,North America,48.9,61.3621428571428571,12.5
60,True Shine,Home Care,100,QuickDash (UAE),Quick Commerce,Gulf - UAE,48.9,61.4090909090909091,12.5
106,Vivid Little Ones,Baby Care,69,DailyBasket (Tier 2/3),Grocery,India - Tier 2/3,49.4,61.9433333333333333,12.5
54,Nomad Drinks,Beverages,121,Corner Store Network (Saudi),General Trade,Gulf - Saudi,50.0,62.5236666666666667,12.5
7,Urban Bites,Salty Snacks,102,DashKart (UAE),Quick Commerce,Gulf - UAE,50.2,62.7130681818181818,12.5
22,Crunch Fizz,Sparkling Water,101,ZipCart (UAE),Quick Commerce,Gulf - UAE,50.5,62.9568181818181818,12.5
87,Pure Sweets,Confectionery,27,GoStop,C-Store,North America,49.4,61.9236111111111111,12.5
91,Coastal Cereal Co,Breakfast & Cereal,124,MarketLink GT (Saudi),General Trade,Gulf - Saudi,46.9,59.3711111111111111,12.5
110,Meadow Tiny Care,Baby Care,3,GreenAisle,Grocery,North America,50.5,63.0250000000000000,12.5
41,Royal Kitchen,Packaged Foods,15,BulkBasket Club,Club,North America,50.0,62.4755208333333333,12.5
11,Silver Snacks,Salty Snacks,1,FreshMart,Grocery,North America,48.9,61.3621428571428571,12.5
64,Blue Shine,Home Care,10,HomeFresh,Grocery,North America,49.0,61.5100694444444444,12.5
35,Silver Table,Packaged Foods,11,FreshMart #2,Grocery,North America,50.0,62.4755208333333333,12.5
66,Golden Household,Home Care,76,Corner Store Network (Tier 2/3),General Trade,India - Tier 2/3,50.4,62.8800000000000000,12.5
3,Prime Snacks,Salty Snacks,8,ValueGrocer,Grocery,North America,48.9,61.3621428571428571,12.5
5,Urban Crisps,Salty Snacks,140,Corner Store Network (Qatar),General Trade,Gulf - Qatar,48.5,60.9850000000000000,12.5
108,Crunch Baby Co,Baby Care,78,Bazaar Wholesale (Tier 2/3),General Trade,India - Tier 2/3,49.4,61.9433333333333333,12.5
5,Urban Crisps,Salty Snacks,133,ZipCart (Qatar),Quick Commerce,Gulf - Qatar,48.5,60.9850000000000000,12.5
76,Royal Farms,Dairy,22,NaturaLife Market,Natural,North America,48.2,60.7394736842105263,12.5
34,Bold Kitchen,Packaged Foods,187,QuickDash (Indonesia),Quick Commerce,SEA - Indonesia,52.1,64.6200000000000000,12.5
20,Heritage Springs,Sparkling Water,37,MetroBazaar (Metro),Grocery,India - Metro,49.5,61.9855603448275862,12.5
20,Heritage Springs,Sparkling Water,48,DashKart (Metro),Quick Commerce,India - Metro,49.5,61.9855603448275862,12.5
46,Fresh Refresh,Beverages,15,BulkBasket Club,Club,North America,50.4,62.8907142857142857,12.5
20,Heritage Springs,Sparkling Water,40,DailyBasket (Metro),Grocery,India - Metro,49.5,61.9855603448275862,12.5
47,Sunrise Refresh,Beverages,71,UrbanPantry (Tier 2/3),Grocery,India - Tier 2/3,50.1,62.6366666666666667,12.5
16,Sunrise Water Co,Sparkling Water,182,MetroBazaar (Indonesia),Grocery,SEA - Indonesia,51.5,63.8825000000000000,12.4
57,Cloud Shine,Home Care,166,DailyBasket (Philippines),Grocery,SEA - Philippines,45.8,58.1723684210526316,12.4
8,Meadow Crisps,Salty Snacks,80,Sundry Traders Network (Tier 2/3),General Trade,India - Tier 2/3,50.6,63.0406666666666667,12.4
80,Nomad Candy Co,Confectionery,27,GoStop,C-Store,North America,49.5,61.9236111111111111,12.4
99,Fresh Cereal Co,Breakfast & Cereal,99,WareClub (UAE),Club,Gulf - UAE,51.0,63.3928030303030303,12.4
6,Coastal Bites,Salty Snacks,12,MetroBazaar #2,Grocery,North America,49.0,61.3621428571428571,12.4
1,True Snacks,Salty Snacks,69,DailyBasket (Tier 2/3),Grocery,India - Tier 2/3,50.6,63.0406666666666667,12.4
59,Pure Shine,Home Care,103,SwiftBasket (UAE),Quick Commerce,Gulf - UAE,49.0,61.4090909090909091,12.4
3,Prime Snacks,Salty Snacks,6,SunriseMart,Grocery,North America,49.0,61.3621428571428571,12.4
42,Urban Kitchen,Packaged Foods,165,PrimeGrocer (Philippines),Grocery,SEA - Philippines,49.3,61.6500000000000000,12.4
80,Nomad Candy Co,Confectionery,67,GreenAisle (Tier 2/3),Grocery,India - Tier 2/3,50.0,62.4378000000000000,12.4
66,Golden Household,Home Care,82,ValueTrade GT #2 (Tier 2/3),General Trade,India - Tier 2/3,50.5,62.8800000000000000,12.4
54,Nomad Drinks,Beverages,73,Local Trade Collective (Tier 2/3),General Trade,India - Tier 2/3,50.2,62.6366666666666667,12.4
26,Prime Care,Personal Care,76,Corner Store Network (Tier 2/3),General Trade,India - Tier 2/3,50.4,62.8356666666666667,12.4
40,Meadow Pantry,Packaged Foods,97,SaverClub (UAE),Club,Gulf - UAE,50.6,63.0119318181818182,12.4
71,Golden Farms,Dairy,171,SwiftBasket (Philippines),Quick Commerce,SEA - Philippines,49.0,61.3750000000000000,12.4
72,Nomad Milk Co,Dairy,89,Local Trade Collective #3 (Tier 2/3),General Trade,India - Tier 2/3,50.2,62.6312000000000000,12.4
66,Golden Household,Home Care,72,ValueGrocer (Tier 2/3),Grocery,India - Tier 2/3,50.5,62.8800000000000000,12.4
21,Golden Fizz,Sparkling Water,161,Sundry Traders Network (Malaysia),General Trade,SEA - Malaysia,49.2,61.5825000000000000,12.4
32,Cloud Skin,Personal Care,78,Bazaar Wholesale (Tier 2/3),General Trade,India - Tier 2/3,50.4,62.8356666666666667,12.4
28,Spring Skin,Personal Care,148,QuickDash (Malaysia),Quick Commerce,SEA - Malaysia,49.1,61.4575000000000000,12.4
23,Golden Skin,Personal Care,36,FreshMart (Metro),Grocery,India - Metro,50.3,62.6680000000000000,12.4
2,Bold Snacks,Salty Snacks,42,QuickStop (Metro),C-Store,India - Metro,47.0,59.4456896551724138,12.4
75,Vivid Dairy,Dairy,89,Local Trade Collective #3 (Tier 2/3),General Trade,India - Tier 2/3,50.2,62.6312000000000000,12.4
19,Fresh Fizz,Sparkling Water,86,Bazaar Wholesale #2 (Tier 2/3),General Trade,India - Tier 2/3,51.0,63.3680000000000000,12.4
80,Nomad Candy Co,Confectionery,35,GoStop #3,C-Store,North America,49.5,61.9236111111111111,12.4
9,Spring Crisps,Salty Snacks,108,ValueTrade GT (UAE),General Trade,Gulf - UAE,50.4,62.7130681818181818,12.3
25,Royal Skin,Personal Care,149,ZipCart (Malaysia),Quick Commerce,SEA - Malaysia,49.2,61.4575000000000000,12.3
75,Vivid Dairy,Dairy,81,Local Trade Collective #2 (Tier 2/3),General Trade,India - Tier 2/3,50.3,62.6312000000000000,12.3
24,Spring Care,Personal Care,133,ZipCart (Qatar),Quick Commerce,Gulf - Qatar,49.3,61.5616666666666667,12.3
27,Golden Glow,Personal Care,189,DashKart (Indonesia),Quick Commerce,SEA - Indonesia,48.1,60.4337500000000000,12.3
27,Golden Glow,Personal Care,194,ValueTrade GT (Indonesia),General Trade,SEA - Indonesia,48.1,60.4337500000000000,12.3
27,Golden Glow,Personal Care,196,Corner Store Network (Indonesia),General Trade,SEA - Indonesia,48.1,60.4337500000000000,12.3
75,Vivid Dairy,Dairy,65,FreshMart (Tier 2/3),Grocery,India - Tier 2/3,50.3,62.6312000000000000,12.3
107,Spring Tiny Care,Baby Care,193,Local Trade Collective (Indonesia),General Trade,SEA - Indonesia,47.4,59.7341666666666667,12.3
28,Spring Skin,Personal Care,157,Corner Store Network (Malaysia),General Trade,SEA - Malaysia,49.2,61.4575000000000000,12.3
54,Nomad Drinks,Beverages,123,Bazaar Wholesale (Saudi),General Trade,Gulf - Saudi,50.2,62.5236666666666667,12.3
82,Meadow Treats,Confectionery,4,PrimeGrocer,Grocery,North America,49.6,61.9236111111111111,12.3
33,Cloud Glow,Personal Care,114,GreenAisle (Saudi),Grocery,Gulf - Saudi,47.6,59.8583333333333333,12.3
76,Royal Farms,Dairy,65,FreshMart (Tier 2/3),Grocery,India - Tier 2/3,50.3,62.6312000000000000,12.3
33,Cloud Glow,Personal Care,89,Local Trade Collective #3 (Tier 2/3),General Trade,India - Tier 2/3,50.5,62.8356666666666667,12.3
5,Urban Crisps,Salty Snacks,137,Local Trade Collective (Qatar),General Trade,Gulf - Qatar,48.7,60.9850000000000000,12.3
97,Royal Breakfast Co,Breakfast & Cereal,154,Local Trade Collective (Malaysia),General Trade,SEA - Malaysia,50.3,62.5915625000000000,12.3
83,Fresh Treats,Confectionery,116,DailyBasket (Saudi),Grocery,Gulf - Saudi,50.2,62.4883333333333333,12.3
73,Blue Milk Co,Dairy,191,HopMart (Indonesia),Quick Commerce,SEA - Indonesia,51.0,63.3287500000000000,12.3
98,Coastal Mornings,Breakfast & Cereal,114,GreenAisle (Saudi),Grocery,Gulf - Saudi,47.1,59.3711111111111111,12.3
49,Meadow Beverages,Beverages,86,Bazaar Wholesale #2 (Tier 2/3),General Trade,India - Tier 2/3,50.3,62.6366666666666667,12.3
35,Silver Table,Packaged Foods,69,DailyBasket (Tier 2/3),Grocery,India - Tier 2/3,49.6,61.8906000000000000,12.3
77,Urban Creamery,Dairy,140,Corner Store Network (Qatar),General Trade,Gulf - Qatar,53.9,66.1566666666666667,12.3
36,Cloud Table,Packaged Foods,132,QuickDash (Qatar),Quick Commerce,Gulf - Qatar,54.4,66.6983333333333333,12.3
36,Cloud Table,Packaged Foods,76,Corner Store Network (Tier 2/3),General Trade,India - Tier 2/3,49.6,61.8906000000000000,12.3
66,Golden Household,Home Care,184,PrimeGrocer (Indonesia),Grocery,SEA - Indonesia,51.4,63.7145833333333333,12.3
50,Crunch Drinks,Beverages,183,GreenAisle (Indonesia),Grocery,SEA - Indonesia,48.4,60.6750000000000000,12.3
35,Silver Table,Packaged Foods,16,WareClub,Club,North America,50.3,62.4755208333333333,12.2
28,Spring Skin,Personal Care,7,UrbanPantry,Grocery,North America,51.0,63.2026315789473684,12.2
58,Coastal Clean,Home Care,197,Community Retail Co-op (Indonesia),General Trade,SEA - Indonesia,51.5,63.7145833333333333,12.2
18,Royal Fizz,Sparkling Water,124,MarketLink GT (Saudi),General Trade,Gulf - Saudi,50.9,63.0650000000000000,12.2
76,Royal Farms,Dairy,22,NaturaLife Market,Natural,North America,48.5,60.7394736842105263,12.2
72,Nomad Milk Co,Dairy,79,MarketLink GT (Tier 2/3),General Trade,India - Tier 2/3,50.4,62.6312000000000000,12.2
98,Coastal Mornings,Breakfast & Cereal,68,PrimeGrocer (Tier 2/3),Grocery,India - Tier 2/3,51.5,63.6752500000000000,12.2
3,Prime Snacks,Salty Snacks,28,ExpressStop,C-Store,North America,49.2,61.3621428571428571,12.2
60,True Shine,Home Care,93,PrimeGrocer (UAE),Grocery,Gulf - UAE,49.2,61.4090909090909091,12.2
20,Heritage Springs,Sparkling Water,49,SwiftBasket (Metro),Quick Commerce,India - Metro,49.8,61.9855603448275862,12.2
25,Royal Skin,Personal Care,145,PrimeGrocer (Malaysia),Grocery,SEA - Malaysia,49.3,61.4575000000000000,12.2
18,Royal Fizz,Sparkling Water,112,FreshMart (Saudi),Grocery,Gulf - Saudi,50.9,63.0650000000000000,12.2
48,Silver Beverages,Beverages,139,Neighborhood Wholesale (Qatar),General Trade,Gulf - Qatar,50.2,62.3838888888888889,12.2
6,Coastal Bites,Salty Snacks,115,PrimeGrocer (Saudi),Grocery,Gulf - Saudi,50.1,62.3475000000000000,12.2
71,Golden Farms,Dairy,22,NaturaLife Market,Natural,North America,48.5,60.7394736842105263,12.2
57,Cloud Shine,Home Care,169,ZipCart (Philippines),Quick Commerce,SEA - Philippines,46.0,58.1723684210526316,12.2
79,Coastal Candy Co,Confectionery,84,Corner Store Network #2 (Tier 2/3),General Trade,India - Tier 2/3,50.2,62.4378000000000000,12.2
18,Royal Fizz,Sparkling Water,1,FreshMart,Grocery,North America,50.9,63.0876190476190476,12.2
16,Sunrise Water Co,Sparkling Water,197,Community Retail Co-op (Indonesia),General Trade,SEA - Indonesia,51.7,63.8825000000000000,12.2
18,Royal Fizz,Sparkling Water,115,PrimeGrocer (Saudi),Grocery,Gulf - Saudi,50.9,63.0650000000000000,12.2
24,Spring Care,Personal Care,104,HopMart (UAE),Quick Commerce,Gulf - UAE,50.9,63.1394736842105263,12.2
49,Meadow Beverages,Beverages,84,Corner Store Network #2 (Tier 2/3),General Trade,India - Tier 2/3,50.4,62.6366666666666667,12.2
81,Prime Candy Co,Confectionery,128,MetroBazaar (Qatar),Grocery,Gulf - Qatar,48.7,60.9133333333333333,12.2
2,Bold Snacks,Salty Snacks,113,MetroBazaar (Saudi),Grocery,Gulf - Saudi,50.1,62.3475000000000000,12.2
57,Cloud Shine,Home Care,67,GreenAisle (Tier 2/3),Grocery,India - Tier 2/3,50.7,62.8800000000000000,12.2
81,Prime Candy Co,Confectionery,131,DailyBasket (Qatar),Grocery,Gulf - Qatar,48.7,60.9133333333333333,12.2
19,Fresh Fizz,Sparkling Water,2,MetroBazaar,Grocery,North America,50.9,63.0876190476190476,12.2
65,Urban Clean,Home Care,12,MetroBazaar #2,Grocery,North America,49.3,61.5100694444444444,12.2
108,Crunch Baby Co,Baby Care,76,Corner Store Network (Tier 2/3),General Trade,India - Tier 2/3,49.8,61.9433333333333333,12.1
20,Heritage Springs,Sparkling Water,57,Local Trade Collective (Metro),General Trade,India - Metro,49.9,61.9855603448275862,12.1
3,Prime Snacks,Salty Snacks,24,PureRoots Market #2,Natural,North America,49.3,61.3621428571428571,12.1
59,Pure Shine,Home Care,111,Community Retail Co-op (UAE),General Trade,Gulf - UAE,49.3,61.4090909090909091,12.1
30,Cloud Essentials,Personal Care,156,Neighborhood Wholesale (Malaysia),General Trade,SEA - Malaysia,49.4,61.4575000000000000,12.1
102,Coastal Little Ones,Baby Care,65,FreshMart (Tier 2/3),Grocery,India - Tier 2/3,49.8,61.9433333333333333,12.1
42,Urban Kitchen,Packaged Foods,73,Local Trade Collective (Tier 2/3),General Trade,India - Tier 2/3,49.8,61.8906000000000000,12.1
100,Fresh Tiny Care,Baby Care,69,DailyBasket (Tier 2/3),Grocery,India - Tier 2/3,49.8,61.9433333333333333,12.1
78,Prime Confections,Confectionery,40,DailyBasket (Metro),Grocery,India - Metro,50.6,62.6568965517241379,12.1
22,Crunch Fizz,Sparkling Water,113,MetroBazaar (Saudi),Grocery,Gulf - Saudi,51.0,63.0650000000000000,12.1
24,Spring Care,Personal Care,95,SunriseMart (UAE),Grocery,Gulf - UAE,51.0,63.1394736842105263,12.1
58,Coastal Clean,Home Care,186,SunriseMart (Indonesia),Grocery,SEA - Indonesia,51.6,63.7145833333333333,12.1
108,Crunch Baby Co,Baby Care,76,Corner Store Network (Tier 2/3),General Trade,India - Tier 2/3,49.8,61.9433333333333333,12.1
54,Nomad Drinks,Beverages,123,Bazaar Wholesale (Saudi),General Trade,Gulf - Saudi,50.4,62.5236666666666667,12.1
49,Meadow Beverages,Beverages,70,SunriseMart (Tier 2/3),Grocery,India - Tier 2/3,50.5,62.6366666666666667,12.1
104,Meadow Baby Co,Baby Care,193,Local Trade Collective (Indonesia),General Trade,SEA - Indonesia,47.6,59.7341666666666667,12.1
60,True Shine,Home Care,94,DailyBasket (UAE),Grocery,Gulf - UAE,49.3,61.4090909090909091,12.1
49,Meadow Beverages,Beverages,86,Bazaar Wholesale #2 (Tier 2/3),General Trade,India - Tier 2/3,50.5,62.6366666666666667,12.1
27,Golden Glow,Personal Care,186,SunriseMart (Indonesia),Grocery,SEA - Indonesia,48.3,60.4337500000000000,12.1
56,Golden Shine,Home Care,80,Sundry Traders Network (Tier 2/3),General Trade,India - Tier 2/3,50.8,62.8800000000000000,12.1
62,Royal Household,Home Care,6,SunriseMart,Grocery,North America,49.4,61.5100694444444444,12.1
58,Coastal Clean,Home Care,93,PrimeGrocer (UAE),Grocery,Gulf - UAE,49.3,61.4090909090909091,12.1
30,Cloud Essentials,Personal Care,1,FreshMart,Grocery,North America,51.1,63.2026315789473684,12.1
57,Cloud Shine,Home Care,71,UrbanPantry (Tier 2/3),Grocery,India - Tier 2/3,50.9,62.8800000000000000,12.0
90,Prime Grains,Breakfast & Cereal,95,SunriseMart (UAE),Grocery,Gulf - UAE,51.4,63.3928030303030303,12.0
42,Urban Kitchen,Packaged Foods,89,Local Trade Collective #3 (Tier 2/3),General Trade,India - Tier 2/3,49.9,61.8906000000000000,12.0
64,Blue Shine,Home Care,182,MetroBazaar (Indonesia),Grocery,SEA - Indonesia,51.7,63.7145833333333333,12.0
80,Nomad Candy Co,Confectionery,74,ValueTrade GT (Tier 2/3),General Trade,India - Tier 2/3,50.4,62.4378000000000000,12.0
19,Fresh Fizz,Sparkling Water,78,Bazaar Wholesale (Tier 2/3),General Trade,India - Tier 2/3,51.4,63.3680000000000000,12.0
56,Golden Shine,Home Care,82,ValueTrade GT #2 (Tier 2/3),General Trade,India - Tier 2/3,50.9,62.8800000000000000,12.0
11,Silver Snacks,Salty Snacks,70,SunriseMart (Tier 2/3),Grocery,India - Tier 2/3,51.0,63.0406666666666667,12.0
99,Fresh Cereal Co,Breakfast & Cereal,102,DashKart (UAE),Quick Commerce,Gulf - UAE,51.4,63.3928030303030303,12.0
13,Urban Bubbles,Sparkling Water,151,SwiftBasket (Malaysia),Quick Commerce,SEA - Malaysia,49.6,61.5825000000000000,12.0
105,Silver Baby Essentials,Baby Care,75,Neighborhood Wholesale (Tier 2/3),General Trade,India - Tier 2/3,49.9,61.9433333333333333,12.0
18,Royal Fizz,Sparkling Water,1,FreshMart,Grocery,North America,51.1,63.0876190476190476,12.0
21,Golden Fizz,Sparkling Water,147,SunriseMart (Malaysia),Grocery,SEA - Malaysia,49.6,61.5825000000000000,12.0
90,Prime Grains,Breakfast & Cereal,104,HopMart (UAE),Quick Commerce,Gulf - UAE,51.4,63.3928030303030303,12.0
70,Vivid Milk Co,Dairy,89,Local Trade Collective #3 (Tier 2/3),General Trade,India - Tier 2/3,50.6,62.6312000000000000,12.0
80,Nomad Candy Co,Confectionery,6,SunriseMart,Grocery,North America,49.9,61.9236111111111111,12.0
11,Silver Snacks,Salty Snacks,24,PureRoots Market #2,Natural,North America,49.4,61.3621428571428571,12.0
79,Coastal Candy Co,Confectionery,75,Neighborhood Wholesale (Tier 2/3),General Trade,India - Tier 2/3,50.4,62.4378000000000000,12.0
85,Heritage Treats,Confectionery,72,ValueGrocer (Tier 2/3),Grocery,India - Tier 2/3,50.4,62.4378000000000000,12.0
104,Meadow Baby Co,Baby Care,198,Bazaar Wholesale (Indonesia),General Trade,SEA - Indonesia,47.7,59.7341666666666667,12.0
3,Prime Snacks,Salty Snacks,15,BulkBasket Club,Club,North America,49.4,61.3621428571428571,12.0
40,Meadow Pantry,Packaged Foods,105,FlashCart (UAE),Quick Commerce,Gulf - UAE,51.0,63.0119318181818182,12.0
38,Urban Pantry,Packaged Foods,167,SunriseMart (Philippines),Grocery,SEA - Philippines,49.8,61.6500000000000000,11.9
102,Coastal Little Ones,Baby Care,74,ValueTrade GT (Tier 2/3),General Trade,India - Tier 2/3,50.0,61.9433333333333333,11.9
6,Coastal Bites,Salty Snacks,33,QuickStop #3,C-Store,North America,49.5,61.3621428571428571,11.9
42,Urban Kitchen,Packaged Foods,69,DailyBasket (Tier 2/3),Grocery,India - Tier 2/3,50.0,61.8906000000000000,11.9
58,Coastal Clean,Home Care,197,Community Retail Co-op (Indonesia),General Trade,SEA - Indonesia,51.8,63.7145833333333333,11.9
44,Spring Pantry,Packaged Foods,80,Sundry Traders Network (Tier 2/3),General Trade,India - Tier 2/3,50.0,61.8906000000000000,11.9
51,Coastal Drinks,Beverages,155,ValueTrade GT (Malaysia),General Trade,SEA - Malaysia,49.9,61.7712500000000000,11.9
10,Silver Chips,Salty Snacks,117,SunriseMart (Saudi),Grocery,Gulf - Saudi,50.4,62.3475000000000000,11.9
74,Sunrise Milk Co,Dairy,69,DailyBasket (Tier 2/3),Grocery,India - Tier 2/3,50.7,62.6312000000000000,11.9
34,Bold Kitchen,Packaged Foods,199,MarketLink GT (Indonesia),General Trade,SEA - Indonesia,52.7,64.6200000000000000,11.9
23,Golden Skin,Personal Care,63,MarketLink GT (Metro),General Trade,India - Metro,50.8,62.6680000000000000,11.9
74,Sunrise Milk Co,Dairy,79,MarketLink GT (Tier 2/3),General Trade,India - Tier 2/3,50.7,62.6312000000000000,11.9
11,Silver Snacks,Salty Snacks,34,CornerFuel Mart #3,C-Store,North America,49.5,61.3621428571428571,11.9
110,Meadow Tiny Care,Baby Care,64,Sundry Traders Network (Metro),General Trade,India - Metro,51.3,63.2150000000000000,11.9
76,Royal Farms,Dairy,71,UrbanPantry (Tier 2/3),Grocery,India - Tier 2/3,50.7,62.6312000000000000,11.9
6,Coastal Bites,Salty Snacks,27,GoStop,C-Store,North America,49.5,61.3621428571428571,11.9
9,Spring Crisps,Salty Snacks,108,ValueTrade GT (UAE),General Trade,Gulf - UAE,50.8,62.7130681818181818,11.9
61,Crunch Household,Home Care,47,ZipCart (Metro),Quick Commerce,India - Metro,49.5,61.3740000000000000,11.9
57,Cloud Shine,Home Care,163,MetroBazaar (Philippines),Grocery,SEA - Philippines,46.3,58.1723684210526316,11.9
12,True Water Co,Sparkling Water,58,ValueTrade GT (Metro),General Trade,India - Metro,50.1,61.9855603448275862,11.9
67,Golden Milk Co,Dairy,183,GreenAisle (Indonesia),Grocery,SEA - Indonesia,51.4,63.3287500000000000,11.9
82,Meadow Treats,Confectionery,10,HomeFresh,Grocery,North America,50.0,61.9236111111111111,11.9
21,Golden Fizz,Sparkling Water,57,Local Trade Collective (Metro),General Trade,India - Metro,50.1,61.9855603448275862,11.9
24,Spring Care,Personal Care,127,FreshMart (Qatar),Grocery,Gulf - Qatar,49.7,61.5616666666666667,11.9
82,Meadow Treats,Confectionery,68,PrimeGrocer (Tier 2/3),Grocery,India - Tier 2/3,50.5,62.4378000000000000,11.9
11,Silver Snacks,Salty Snacks,77,Community Retail Co-op (Tier 2/3),General Trade,India - Tier 2/3,51.1,63.0406666666666667,11.9
2,Bold Snacks,Salty Snacks,64,Sundry Traders Network (Metro),General Trade,India - Metro,47.5,59.4456896551724138,11.9
54,Nomad Drinks,Beverages,126,Local Trade Collective #2 (Saudi),General Trade,Gulf - Saudi,50.6,62.5236666666666667,11.9
92,Cloud Grains,Breakfast & Cereal,179,MarketLink GT (Philippines),General Trade,SEA - Philippines,50.1,62.0381578947368421,11.9
83,Fresh Treats,Confectionery,67,GreenAisle (Tier 2/3),Grocery,India - Tier 2/3,50.5,62.4378000000000000,11.9
104,Meadow Baby Co,Baby Care,187,QuickDash (Indonesia),Quick Commerce,SEA - Indonesia,47.9,59.7341666666666667,11.8
24,Spring Care,Personal Care,134,DashKart (Qatar),Quick Commerce,Gulf - Qatar,49.8,61.5616666666666667,11.8
75,Vivid Dairy,Dairy,96,UrbanPantry (UAE),Grocery,Gulf - UAE,52.4,64.2289473684210526,11.8
106,Vivid Little Ones,Baby Care,73,Local Trade Collective (Tier 2/3),General Trade,India - Tier 2/3,50.1,61.9433333333333333,11.8
69,Everyday Milk Co,Dairy,146,DailyBasket (Malaysia),Grocery,SEA - Malaysia,52.8,64.5987500000000000,11.8
104,Meadow Baby Co,Baby Care,141,Community Retail Co-op (Qatar),General Trade,Gulf - Qatar,49.8,61.6466666666666667,11.8
33,Cloud Glow,Personal Care,125,Sundry Traders Network (Saudi),General Trade,Gulf - Saudi,48.1,59.8583333333333333,11.8
57,Cloud Shine,Home Care,87,MarketLink GT #2 (Tier 2/3),General Trade,India - Tier 2/3,51.1,62.8800000000000000,11.8
108,Crunch Baby Co,Baby Care,72,ValueGrocer (Tier 2/3),Grocery,India - Tier 2/3,50.1,61.9433333333333333,11.8
3,Prime Snacks,Salty Snacks,34,CornerFuel Mart #3,C-Store,North America,49.6,61.3621428571428571,11.8
37,Heritage Kitchen,Packaged Foods,119,ValueTrade GT (Saudi),General Trade,Gulf - Saudi,49.2,61.0458333333333333,11.8
11,Silver Snacks,Salty Snacks,16,WareClub,Club,North America,49.6,61.3621428571428571,11.8
59,Pure Shine,Home Care,47,ZipCart (Metro),Quick Commerce,India - Metro,49.6,61.3740000000000000,11.8
16,Sunrise Water Co,Sparkling Water,184,PrimeGrocer (Indonesia),Grocery,SEA - Indonesia,52.1,63.8825000000000000,11.8
48,Silver Beverages,Beverages,134,DashKart (Qatar),Quick Commerce,Gulf - Qatar,50.6,62.3838888888888889,11.8
82,Meadow Treats,Confectionery,8,ValueGrocer,Grocery,North America,50.1,61.9236111111111111,11.8
82,Meadow Treats,Confectionery,31,GoStop #2,C-Store,North America,50.1,61.9236111111111111,11.8
104,Meadow Baby Co,Baby Care,191,HopMart (Indonesia),Quick Commerce,SEA - Indonesia,47.9,59.7341666666666667,11.8
79,Coastal Candy Co,Confectionery,67,GreenAisle (Tier 2/3),Grocery,India - Tier 2/3,50.6,62.4378000000000000,11.8
47,Sunrise Refresh,Beverages,68,PrimeGrocer (Tier 2/3),Grocery,India - Tier 2/3,50.8,62.6366666666666667,11.8
80,Nomad Candy Co,Confectionery,34,CornerFuel Mart #3,C-Store,North America,50.1,61.9236111111111111,11.8
65,Urban Clean,Home Care,18,SaverClub #2,Club,North America,49.7,61.5100694444444444,11.8
25,Royal Skin,Personal Care,152,HopMart (Malaysia),Quick Commerce,SEA - Malaysia,49.7,61.4575000000000000,11.8
84,Everyday Treats,Confectionery,193,Local Trade Collective (Indonesia),General Trade,SEA - Indonesia,50.2,61.8512500000000000,11.7
60,True Shine,Home Care,92,GreenAisle (UAE),Grocery,Gulf - UAE,49.7,61.4090909090909091,11.7
12,True Water Co,Sparkling Water,38,GreenAisle (Metro),Grocery,India - Metro,50.3,61.9855603448275862,11.7
32,Cloud Skin,Personal Care,87,MarketLink GT #2 (Tier 2/3),General Trade,India - Tier 2/3,51.1,62.8356666666666667,11.7
73,Blue Milk Co,Dairy,194,ValueTrade GT (Indonesia),General Trade,SEA - Indonesia,51.6,63.3287500000000000,11.7
110,Meadow Tiny Care,Baby Care,6,SunriseMart,Grocery,North America,51.3,63.0250000000000000,11.7
54,Nomad Drinks,Beverages,86,Bazaar Wholesale #2 (Tier 2/3),General Trade,India - Tier 2/3,50.9,62.6366666666666667,11.7
22,Crunch Fizz,Sparkling Water,94,DailyBasket (UAE),Grocery,Gulf - UAE,51.3,62.9568181818181818,11.7
22,Crunch Fizz,Sparkling Water,118,Local Trade Collective (Saudi),General Trade,Gulf - Saudi,51.4,63.0650000000000000,11.7
22,Crunch Fizz,Sparkling Water,90,FreshMart (UAE),Grocery,Gulf - UAE,51.3,62.9568181818181818,11.7
2,Bold Snacks,Salty Snacks,117,SunriseMart (Saudi),Grocery,Gulf - Saudi,50.6,62.3475000000000000,11.7
11,Silver Snacks,Salty Snacks,14,SaverClub,Club,North America,49.7,61.3621428571428571,11.7
24,Spring Care,Personal Care,134,DashKart (Qatar),Quick Commerce,Gulf - Qatar,49.9,61.5616666666666667,11.7
35,Silver Table,Packaged Foods,88,Sundry Traders Network #2 (Tier 2/3),General Trade,India - Tier 2/3,50.2,61.8906000000000000,11.7
74,Sunrise Milk Co,Dairy,86,Bazaar Wholesale #2 (Tier 2/3),General Trade,India - Tier 2/3,50.9,62.6312000000000000,11.7
9,Spring Crisps,Salty Snacks,111,Community Retail Co-op (UAE),General Trade,Gulf - UAE,51.0,62.7130681818181818,11.7
72,Nomad Milk Co,Dairy,70,SunriseMart (Tier 2/3),Grocery,India - Tier 2/3,50.9,62.6312000000000000,11.7
30,Cloud Essentials,Personal Care,161,Sundry Traders Network (Malaysia),General Trade,SEA - Malaysia,49.8,61.4575000000000000,11.7
71,Golden Farms,Dairy,23,GreenLeaf Naturals #2,Natural,North America,49.0,60.7394736842105263,11.7
28,Spring Skin,Personal Care,1,FreshMart,Grocery,North America,51.6,63.2026315789473684,11.6
47,Sunrise Refresh,Beverages,67,GreenAisle (Tier 2/3),Grocery,India - Tier 2/3,51.0,62.6366666666666667,11.6
106,Vivid Little Ones,Baby Care,75,Neighborhood Wholesale (Tier 2/3),General Trade,India - Tier 2/3,50.3,61.9433333333333333,11.6
18,Royal Fizz,Sparkling Water,20,PureRoots Market,Natural,North America,51.5,63.0876190476190476,11.6
7,Urban Bites,Salty Snacks,194,ValueTrade GT (Indonesia),General Trade,SEA - Indonesia,46.6,58.1575000000000000,11.6
86,True Candy Co,Confectionery,168,QuickDash (Philippines),Quick Commerce,SEA - Philippines,51.4,63.0394736842105263,11.6
97,Royal Breakfast Co,Breakfast & Cereal,160,MarketLink GT (Malaysia),General Trade,SEA - Malaysia,51.0,62.5915625000000000,11.6
44,Spring Pantry,Packaged Foods,73,Local Trade Collective (Tier 2/3),General Trade,India - Tier 2/3,50.3,61.8906000000000000,11.6
1,True Snacks,Salty Snacks,67,GreenAisle (Tier 2/3),Grocery,India - Tier 2/3,51.4,63.0406666666666667,11.6
57,Cloud Shine,Home Care,172,HopMart (Philippines),Quick Commerce,SEA - Philippines,46.6,58.1723684210526316,11.6
21,Golden Fizz,Sparkling Water,59,Neighborhood Wholesale (Metro),General Trade,India - Metro,50.4,61.9855603448275862,11.6
38,Urban Pantry,Packaged Foods,178,Bazaar Wholesale (Philippines),General Trade,SEA - Philippines,50.1,61.6500000000000000,11.6
29,Golden Essentials,Personal Care,61,Community Retail Co-op (Metro),General Trade,India - Metro,51.1,62.6680000000000000,11.6
76,Royal Farms,Dairy,83,Neighborhood Wholesale #2 (Tier 2/3),General Trade,India - Tier 2/3,51.0,62.6312000000000000,11.6
78,Prime Confections,Confectionery,48,DashKart (Metro),Quick Commerce,India - Metro,51.1,62.6568965517241379,11.6
73,Blue Milk Co,Dairy,8,ValueGrocer,Grocery,North America,49.1,60.7394736842105263,11.6
33,Cloud Glow,Personal Care,77,Community Retail Co-op (Tier 2/3),General Trade,India - Tier 2/3,51.2,62.8356666666666667,11.6
76,Royal Farms,Dairy,8,ValueGrocer,Grocery,North America,49.1,60.7394736842105263,11.6
85,Heritage Treats,Confectionery,89,Local Trade Collective #3 (Tier 2/3),General Trade,India - Tier 2/3,50.8,62.4378000000000000,11.6
38,Urban Pantry,Packaged Foods,176,Corner Store Network (Philippines),General Trade,SEA - Philippines,50.1,61.6500000000000000,11.6
103,Coastal Baby Essentials,Baby Care,71,UrbanPantry (Tier 2/3),Grocery,India - Tier 2/3,50.3,61.9433333333333333,11.6
23,Golden Skin,Personal Care,40,DailyBasket (Metro),Grocery,India - Metro,51.1,62.6680000000000000,11.6
11,Silver Snacks,Salty Snacks,31,GoStop #2,C-Store,North America,49.8,61.3621428571428571,11.6
62,Royal Household,Home Care,12,MetroBazaar #2,Grocery,North America,49.9,61.5100694444444444,11.6
27,Golden Glow,Personal Care,189,DashKart (Indonesia),Quick Commerce,SEA - Indonesia,48.8,60.4337500000000000,11.6
85,Heritage Treats,Confectionery,75,Neighborhood Wholesale (Tier 2/3),General Trade,India - Tier 2/3,50.8,62.4378000000000000,11.6
35,Silver Table,Packaged Foods,2,MetroBazaar,Grocery,North America,51.0,62.4755208333333333,11.5
87,Pure Sweets,Confectionery,10,HomeFresh,Grocery,North America,50.4,61.9236111111111111,11.5
63,Silver Household,Home Care,119,ValueTrade GT (Saudi),General Trade,Gulf - Saudi,51.7,63.1858333333333333,11.5
16,Sunrise Water Co,Sparkling Water,192,FlashCart (Indonesia),Quick Commerce,SEA - Indonesia,52.4,63.8825000000000000,11.5
105,Silver Baby Essentials,Baby Care,84,Corner Store Network #2 (Tier 2/3),General Trade,India - Tier 2/3,50.4,61.9433333333333333,11.5
67,Golden Milk Co,Dairy,196,Corner Store Network (Indonesia),General Trade,SEA - Indonesia,51.8,63.3287500000000000,11.5
98,Coastal Mornings,Breakfast & Cereal,115,PrimeGrocer (Saudi),Grocery,Gulf - Saudi,47.9,59.3711111111111111,11.5
20,Heritage Springs,Sparkling Water,37,MetroBazaar (Metro),Grocery,India - Metro,50.5,61.9855603448275862,11.5
42,Urban Kitchen,Packaged Foods,80,Sundry Traders Network (Tier 2/3),General Trade,India - Tier 2/3,50.4,61.8906000000000000,11.5
76,Royal Farms,Dairy,76,Corner Store Network (Tier 2/3),General Trade,India - Tier 2/3,51.1,62.6312000000000000,11.5
69,Everyday Milk Co,Dairy,153,FlashCart (Malaysia),Quick Commerce,SEA - Malaysia,53.1,64.5987500000000000,11.5
21,Golden Fizz,Sparkling Water,143,MetroBazaar (Malaysia),Grocery,SEA - Malaysia,50.1,61.5825000000000000,11.5
106,Vivid Little Ones,Baby Care,126,Local Trade Collective #2 (Saudi),General Trade,Gulf - Saudi,53.1,64.5725000000000000,11.5
58,Coastal Clean,Home Care,101,ZipCart (UAE),Quick Commerce,Gulf - UAE,49.9,61.4090909090909091,11.5
53,Cloud Sip,Beverages,135,SwiftBasket (Qatar),Quick Commerce,Gulf - Qatar,50.9,62.3838888888888889,11.5
47,Sunrise Refresh,Beverages,125,Sundry Traders Network (Saudi),General Trade,Gulf - Saudi,51.0,62.5236666666666667,11.5
55,Vivid Sip,Beverages,54,GoCart Express (Metro),Quick Commerce,India - Metro,50.6,62.0715517241379310,11.5
54,Nomad Drinks,Beverages,84,Corner Store Network #2 (Tier 2/3),General Trade,India - Tier 2/3,51.1,62.6366666666666667,11.5
71,Golden Farms,Dairy,168,QuickDash (Philippines),Quick Commerce,SEA - Philippines,49.9,61.3750000000000000,11.5
96,Meadow Breakfast Co,Breakfast & Cereal,85,Community Retail Co-op #2 (Tier 2/3),General Trade,India - Tier 2/3,52.3,63.6752500000000000,11.4
68,Cloud Dairy,Dairy,185,DailyBasket (Indonesia),Grocery,SEA - Indonesia,51.9,63.3287500000000000,11.4
110,Meadow Tiny Care,Baby Care,1,FreshMart,Grocery,North America,51.6,63.0250000000000000,11.4
90,Prime Grains,Breakfast & Cereal,105,FlashCart (UAE),Quick Commerce,Gulf - UAE,52.0,63.3928030303030303,11.4
76,Royal Farms,Dairy,84,Corner Store Network #2 (Tier 2/3),General Trade,India - Tier 2/3,51.2,62.6312000000000000,11.4
19,Fresh Fizz,Sparkling Water,69,DailyBasket (Tier 2/3),Grocery,India - Tier 2/3,52.0,63.3680000000000000,11.4
95,Cloud Mornings,Breakfast & Cereal,125,Sundry Traders Network (Saudi),General Trade,Gulf - Saudi,48.0,59.3711111111111111,11.4
12,True Water Co,Sparkling Water,55,DartMart (Metro),Quick Commerce,India - Metro,50.6,61.9855603448275862,11.4
55,Vivid Sip,Beverages,41,SunriseMart (Metro),Grocery,India - Metro,50.7,62.0715517241379310,11.4
57,Cloud Shine,Home Care,176,Corner Store Network (Philippines),General Trade,SEA - Philippines,46.8,58.1723684210526316,11.4
100,Fresh Tiny Care,Baby Care,88,Sundry Traders Network #2 (Tier 2/3),General Trade,India - Tier 2/3,50.5,61.9433333333333333,11.4
72,Nomad Milk Co,Dairy,81,Local Trade Collective #2 (Tier 2/3),General Trade,India - Tier 2/3,51.2,62.6312000000000000,11.4
102,Coastal Little Ones,Baby Care,79,MarketLink GT (Tier 2/3),General Trade,India - Tier 2/3,50.5,61.9433333333333333,11.4
60,True Shine,Home Care,109,Neighborhood Wholesale (UAE),General Trade,Gulf - UAE,50.0,61.4090909090909091,11.4
6,Coastal Bites,Salty Snacks,30,CornerFuel Mart #2,C-Store,North America,50.0,61.3621428571428571,11.4
59,Pure Shine,Home Care,100,QuickDash (UAE),Quick Commerce,Gulf - UAE,50.0,61.4090909090909091,11.4
22,Crunch Fizz,Sparkling Water,119,ValueTrade GT (Saudi),General Trade,Gulf - Saudi,51.7,63.0650000000000000,11.4
66,Golden Household,Home Care,71,UrbanPantry (Tier 2/3),Grocery,India - Tier 2/3,51.5,62.8800000000000000,11.4
88,Pure Treats,Confectionery,184,PrimeGrocer (Indonesia),Grocery,SEA - Indonesia,50.5,61.8512500000000000,11.4
35,Silver Table,Packaged Foods,22,NaturaLife Market,Natural,North America,51.1,62.4755208333333333,11.4
35,Silver Table,Packaged Foods,13,GreenAisle #2,Grocery,North America,51.1,62.4755208333333333,11.4
45,Pure Drinks,Beverages,116,DailyBasket (Saudi),Grocery,Gulf - Saudi,51.1,62.5236666666666667,11.4
106,Vivid Little Ones,Baby Care,114,GreenAisle (Saudi),Grocery,Gulf - Saudi,53.2,64.5725000000000000,11.4
59,Pure Shine,Home Care,60,Corner Store Network (Metro),General Trade,India - Metro,50.0,61.3740000000000000,11.4
61,Crunch Household,Home Care,39,PrimeGrocer (Metro),Grocery,India - Metro,50.0,61.3740000000000000,11.4
43,Coastal Table,Packaged Foods,60,Corner Store Network (Metro),General Trade,India - Metro,50.9,62.2600000000000000,11.4
6,Coastal Bites,Salty Snacks,20,PureRoots Market,Natural,North America,50.0,61.3621428571428571,11.4
3,Prime Snacks,Salty Snacks,12,MetroBazaar #2,Grocery,North America,50.0,61.3621428571428571,11.4
46,Fresh Refresh,Beverages,23,GreenLeaf Naturals #2,Natural,North America,51.6,62.8907142857142857,11.3
108,Crunch Baby Co,Baby Care,121,Corner Store Network (Saudi),General Trade,Gulf - Saudi,53.3,64.5725000000000000,11.3
58,Coastal Clean,Home Care,187,QuickDash (Indonesia),Quick Commerce,SEA - Indonesia,52.4,63.7145833333333333,11.3
35,Silver Table,Packaged Foods,17,MegaValue Club,Club,North America,51.2,62.4755208333333333,11.3
21,Golden Fizz,Sparkling Water,152,HopMart (Malaysia),Quick Commerce,SEA - Malaysia,50.3,61.5825000000000000,11.3
57,Cloud Shine,Home Care,180,Sundry Traders Network (Philippines),General Trade,SEA - Philippines,46.9,58.1723684210526316,11.3
85,Heritage Treats,Confectionery,79,MarketLink GT (Tier 2/3),General Trade,India - Tier 2/3,51.1,62.4378000000000000,11.3
94,Crunch Cereal Co,Breakfast & Cereal,85,Community Retail Co-op #2 (Tier 2/3),General Trade,India - Tier 2/3,52.4,63.6752500000000000,11.3
97,Royal Breakfast Co,Breakfast & Cereal,155,ValueTrade GT (Malaysia),General Trade,SEA - Malaysia,51.3,62.5915625000000000,11.3
40,Meadow Pantry,Packaged Foods,110,Corner Store Network (UAE),General Trade,Gulf - UAE,51.7,63.0119318181818182,11.3
26,Prime Care,Personal Care,69,DailyBasket (Tier 2/3),Grocery,India - Tier 2/3,51.5,62.8356666666666667,11.3
13,Urban Bubbles,Sparkling Water,144,GreenAisle (Malaysia),Grocery,SEA - Malaysia,50.3,61.5825000000000000,11.3
34,Bold Kitchen,Packaged Foods,187,QuickDash (Indonesia),Quick Commerce,SEA - Indonesia,53.3,64.6200000000000000,11.3
95,Cloud Mornings,Breakfast & Cereal,118,Local Trade Collective (Saudi),General Trade,Gulf - Saudi,48.1,59.3711111111111111,11.3
9,Spring Crisps,Salty Snacks,91,MetroBazaar (UAE),Grocery,Gulf - UAE,51.4,62.7130681818181818,11.3
100,Fresh Tiny Care,Baby Care,68,PrimeGrocer (Tier 2/3),Grocery,India - Tier 2/3,50.6,61.9433333333333333,11.3
109,Silver Little Ones,Baby Care,137,Local Trade Collective (Qatar),General Trade,Gulf - Qatar,50.3,61.6466666666666667,11.3
79,Coastal Candy Co,Confectionery,73,Local Trade Collective (Tier 2/3),General Trade,India - Tier 2/3,51.1,62.4378000000000000,11.3
50,Crunch Drinks,Beverages,185,DailyBasket (Indonesia),Grocery,SEA - Indonesia,49.4,60.6750000000000000,11.3
42,Urban Kitchen,Packaged Foods,174,ValueTrade GT (Philippines),General Trade,SEA - Philippines,50.4,61.6500000000000000,11.3
44,Spring Pantry,Packaged Foods,99,WareClub (UAE),Club,Gulf - UAE,51.7,63.0119318181818182,11.3
60,True Shine,Home Care,104,HopMart (UAE),Quick Commerce,Gulf - UAE,50.1,61.4090909090909091,11.3
83,Fresh Treats,Confectionery,82,ValueTrade GT #2 (Tier 2/3),General Trade,India - Tier 2/3,51.1,62.4378000000000000,11.3
97,Royal Breakfast Co,Breakfast & Cereal,151,SwiftBasket (Malaysia),Quick Commerce,SEA - Malaysia,51.3,62.5915625000000000,11.3
49,Meadow Beverages,Beverages,70,SunriseMart (Tier 2/3),Grocery,India - Tier 2/3,51.3,62.6366666666666667,11.3
22,Crunch Fizz,Sparkling Water,104,HopMart (UAE),Quick Commerce,Gulf - UAE,51.7,62.9568181818181818,11.3
109,Silver Little Ones,Baby Care,130,PrimeGrocer (Qatar),Grocery,Gulf - Qatar,50.3,61.6466666666666667,11.3
11,Silver Snacks,Salty Snacks,83,Neighborhood Wholesale #2 (Tier 2/3),General Trade,India - Tier 2/3,51.7,63.0406666666666667,11.3
1,True Snacks,Salty Snacks,85,Community Retail Co-op #2 (Tier 2/3),General Trade,India - Tier 2/3,51.7,63.0406666666666667,11.3
49,Meadow Beverages,Beverages,69,DailyBasket (Tier 2/3),Grocery,India - Tier 2/3,51.4,62.6366666666666667,11.2
44,Spring Pantry,Packaged Foods,75,Neighborhood Wholesale (Tier 2/3),General Trade,India - Tier 2/3,50.7,61.8906000000000000,11.2
82,Meadow Treats,Confectionery,32,ExpressStop #2,C-Store,North America,50.7,61.9236111111111111,11.2
43,Coastal Table,Packaged Foods,56,QuickDash #2 (Metro),Quick Commerce,India - Metro,51.1,62.2600000000000000,11.2
1,True Snacks,Salty Snacks,69,DailyBasket (Tier 2/3),Grocery,India - Tier 2/3,51.8,63.0406666666666667,11.2
42,Urban Kitchen,Packaged Foods,84,Corner Store Network #2 (Tier 2/3),General Trade,India - Tier 2/3,50.7,61.8906000000000000,11.2
41,Royal Kitchen,Packaged Foods,7,UrbanPantry,Grocery,North America,51.3,62.4755208333333333,11.2
84,Everyday Treats,Confectionery,189,DashKart (Indonesia),Quick Commerce,SEA - Indonesia,50.7,61.8512500000000000,11.2
50,Crunch Drinks,Beverages,162,FreshMart (Philippines),Grocery,SEA - Philippines,53.3,64.5381578947368421,11.2
52,Spring Sip,Beverages,133,ZipCart (Qatar),Quick Commerce,Gulf - Qatar,51.2,62.3838888888888889,11.2
89,Nomad Mornings,Breakfast & Cereal,14,SaverClub,Club,North America,51.9,63.0944444444444444,11.2
32,Cloud Skin,Personal Care,68,PrimeGrocer (Tier 2/3),Grocery,India - Tier 2/3,51.6,62.8356666666666667,11.2
32,Cloud Skin,Personal Care,70,SunriseMart (Tier 2/3),Grocery,India - Tier 2/3,51.6,62.8356666666666667,11.2
76,Royal Farms,Dairy,83,Neighborhood Wholesale #2 (Tier 2/3),General Trade,India - Tier 2/3,51.4,62.6312000000000000,11.2
26,Prime Care,Personal Care,86,Bazaar Wholesale #2 (Tier 2/3),General Trade,India - Tier 2/3,51.6,62.8356666666666667,11.2
24,Spring Care,Personal Care,96,UrbanPantry (UAE),Grocery,Gulf - UAE,51.9,63.1394736842105263,11.2
21,Golden Fizz,Sparkling Water,36,FreshMart (Metro),Grocery,India - Metro,50.8,61.9855603448275862,11.2
96,Meadow Breakfast Co,Breakfast & Cereal,73,Local Trade Collective (Tier 2/3),General Trade,India - Tier 2/3,52.5,63.6752500000000000,11.2
20,Heritage Springs,Sparkling Water,64,Sundry Traders Network (Metro),General Trade,India - Metro,50.8,61.9855603448275862,11.2
98,Coastal Mornings,Breakfast & Cereal,121,Corner Store Network (Saudi),General Trade,Gulf - Saudi,48.2,59.3711111111111111,11.2
16,Sunrise Water Co,Sparkling Water,194,ValueTrade GT (Indonesia),General Trade,SEA - Indonesia,52.7,63.8825000000000000,11.2
16,Sunrise Water Co,Sparkling Water,176,Corner Store Network (Philippines),General Trade,SEA - Philippines,53.5,64.6703947368421053,11.2
14,Golden Bubbles,Sparkling Water,32,ExpressStop #2,C-Store,North America,51.9,63.0876190476190476,11.2
12,True Water Co,Sparkling Water,88,Sundry Traders Network #2 (Tier 2/3),General Trade,India - Tier 2/3,52.2,63.3680000000000000,11.2
105,Silver Baby Essentials,Baby Care,83,Neighborhood Wholesale #2 (Tier 2/3),General Trade,India - Tier 2/3,50.7,61.9433333333333333,11.2
11,Silver Snacks,Salty Snacks,6,SunriseMart,Grocery,North America,50.2,61.3621428571428571,11.2
68,Cloud Dairy,Dairy,194,ValueTrade GT (Indonesia),General Trade,SEA - Indonesia,52.1,63.3287500000000000,11.2
108,Crunch Baby Co,Baby Care,81,Local Trade Collective #2 (Tier 2/3),General Trade,India - Tier 2/3,50.7,61.9433333333333333,11.2
66,Golden Household,Home Care,189,DashKart (Indonesia),Quick Commerce,SEA - Indonesia,52.5,63.7145833333333333,11.2
35,Silver Table,Packaged Foods,75,Neighborhood Wholesale (Tier 2/3),General Trade,India - Tier 2/3,50.8,61.8906000000000000,11.1
85,Heritage Treats,Confectionery,76,Corner Store Network (Tier 2/3),General Trade,India - Tier 2/3,51.3,62.4378000000000000,11.1
42,Urban Kitchen,Packaged Foods,179,MarketLink GT (Philippines),General Trade,SEA - Philippines,50.6,61.6500000000000000,11.1
67,Golden Milk Co,Dairy,189,DashKart (Indonesia),Quick Commerce,SEA - Indonesia,52.2,63.3287500000000000,11.1
63,Silver Household,Home Care,121,Corner Store Network (Saudi),General Trade,Gulf - Saudi,52.1,63.1858333333333333,11.1
43,Coastal Table,Packaged Foods,81,Local Trade Collective #2 (Tier 2/3),General Trade,India - Tier 2/3,50.8,61.8906000000000000,11.1
45,Pure Drinks,Beverages,125,Sundry Traders Network (Saudi),General Trade,Gulf - Saudi,51.4,62.5236666666666667,11.1
57,Cloud Shine,Home Care,175,Neighborhood Wholesale (Philippines),General Trade,SEA - Philippines,47.1,58.1723684210526316,11.1
66,Golden Household,Home Care,196,Corner Store Network (Indonesia),General Trade,SEA - Indonesia,52.6,63.7145833333333333,11.1
57,Cloud Shine,Home Care,170,DashKart (Philippines),Quick Commerce,SEA - Philippines,47.1,58.1723684210526316,11.1
36,Cloud Table,Packaged Foods,129,GreenAisle (Qatar),Grocery,Gulf - Qatar,55.6,66.6983333333333333,11.1
64,Blue Shine,Home Care,193,Local Trade Collective (Indonesia),General Trade,SEA - Indonesia,52.6,63.7145833333333333,11.1
97,Royal Breakfast Co,Breakfast & Cereal,161,Sundry Traders Network (Malaysia),General Trade,SEA - Malaysia,51.5,62.5915625000000000,11.1
90,Prime Grains,Breakfast & Cereal,100,QuickDash (UAE),Quick Commerce,Gulf - UAE,52.3,63.3928030303030303,11.1
50,Crunch Drinks,Beverages,166,DailyBasket (Philippines),Grocery,SEA - Philippines,53.4,64.5381578947368421,11.1
19,Fresh Fizz,Sparkling Water,34,CornerFuel Mart #3,C-Store,North America,52.0,63.0876190476190476,11.1
6,Coastal Bites,Salty Snacks,118,Local Trade Collective (Saudi),General Trade,Gulf - Saudi,51.2,62.3475000000000000,11.1
39,Blue Kitchen,Packaged Foods,159,Bazaar Wholesale (Malaysia),General Trade,SEA - Malaysia,51.4,62.4881250000000000,11.1
73,Blue Milk Co,Dairy,199,MarketLink GT (Indonesia),General Trade,SEA - Indonesia,52.3,63.3287500000000000,11.0
88,Pure Treats,Confectionery,102,DashKart (UAE),Quick Commerce,Gulf - UAE,50.9,61.9394736842105263,11.0
33,Cloud Glow,Personal Care,70,SunriseMart (Tier 2/3),Grocery,India - Tier 2/3,51.8,62.8356666666666667,11.0
33,Cloud Glow,Personal Care,113,MetroBazaar (Saudi),Grocery,Gulf - Saudi,48.9,59.8583333333333333,11.0
61,Crunch Household,Home Care,58,ValueTrade GT (Metro),General Trade,India - Metro,50.4,61.3740000000000000,11.0
102,Coastal Little Ones,Baby Care,72,ValueGrocer (Tier 2/3),Grocery,India - Tier 2/3,50.9,61.9433333333333333,11.0
2,Bold Snacks,Salty Snacks,39,PrimeGrocer (Metro),Grocery,India - Metro,48.4,59.4456896551724138,11.0
75,Vivid Dairy,Dairy,92,GreenAisle (UAE),Grocery,Gulf - UAE,53.2,64.2289473684210526,11.0
101,Everyday Tiny Care,Baby Care,139,Neighborhood Wholesale (Qatar),General Trade,Gulf - Qatar,50.6,61.6466666666666667,11.0
100,Fresh Tiny Care,Baby Care,89,Local Trade Collective #3 (Tier 2/3),General Trade,India - Tier 2/3,50.9,61.9433333333333333,11.0
104,Meadow Baby Co,Baby Care,130,PrimeGrocer (Qatar),Grocery,Gulf - Qatar,50.6,61.6466666666666667,11.0
100,Fresh Tiny Care,Baby Care,74,ValueTrade GT (Tier 2/3),General Trade,India - Tier 2/3,50.9,61.9433333333333333,11.0
16,Sunrise Water Co,Sparkling Water,198,Bazaar Wholesale (Indonesia),General Trade,SEA - Indonesia,52.9,63.8825000000000000,11.0
43,Coastal Table,Packaged Foods,36,FreshMart (Metro),Grocery,India - Metro,51.3,62.2600000000000000,11.0
110,Meadow Tiny Care,Baby Care,1,FreshMart,Grocery,North America,52.0,63.0250000000000000,11.0
18,Royal Fizz,Sparkling Water,2,MetroBazaar,Grocery,North America,52.1,63.0876190476190476,11.0
41,Royal Kitchen,Packaged Foods,8,ValueGrocer,Grocery,North America,51.5,62.4755208333333333,11.0
45,Pure Drinks,Beverages,121,Corner Store Network (Saudi),General Trade,Gulf - Saudi,51.5,62.5236666666666667,11.0
40,Meadow Pantry,Packaged Foods,98,BulkBasket Club (UAE),Club,Gulf - UAE,52.0,63.0119318181818182,11.0
21,Golden Fizz,Sparkling Water,145,PrimeGrocer (Malaysia),Grocery,SEA - Malaysia,50.6,61.5825000000000000,11.0
50,Crunch Drinks,Beverages,192,FlashCart (Indonesia),Quick Commerce,SEA - Indonesia,49.7,60.6750000000000000,11.0
66,Golden Household,Home Care,181,FreshMart (Indonesia),Grocery,SEA - Indonesia,52.7,63.7145833333333333,11.0
82,Meadow Treats,Confectionery,1,FreshMart,Grocery,North America,50.9,61.9236111111111111,11.0
64,Blue Shine,Home Care,195,Neighborhood Wholesale (Indonesia),General Trade,SEA - Indonesia,52.7,63.7145833333333333,11.0
18,Royal Fizz,Sparkling Water,18,SaverClub #2,Club,North America,52.1,63.0876190476190476,11.0
87,Pure Sweets,Confectionery,11,FreshMart #2,Grocery,North America,50.9,61.9236111111111111,11.0
36,Cloud Table,Packaged Foods,86,Bazaar Wholesale #2 (Tier 2/3),General Trade,India - Tier 2/3,50.9,61.8906000000000000,11.0
108,Crunch Baby Co,Baby Care,65,FreshMart (Tier 2/3),Grocery,India - Tier 2/3,50.9,61.9433333333333333,11.0
35,Silver Table,Packaged Foods,66,MetroBazaar (Tier 2/3),Grocery,India - Tier 2/3,50.9,61.8906000000000000,11.0
12,True Water Co,Sparkling Water,89,Local Trade Collective #3 (Tier 2/3),General Trade,India - Tier 2/3,52.4,63.3680000000000000,11.0
88,Pure Treats,Confectionery,94,DailyBasket (UAE),Grocery,Gulf - UAE,51.0,61.9394736842105263,10.9
108,Crunch Baby Co,Baby Care,85,Community Retail Co-op #2 (Tier 2/3),General Trade,India - Tier 2/3,51.0,61.9433333333333333,10.9
20,Heritage Springs,Sparkling Water,47,ZipCart (Metro),Quick Commerce,India - Metro,51.1,61.9855603448275862,10.9
18,Royal Fizz,Sparkling Water,5,DailyBasket,Grocery,North America,52.2,63.0876190476190476,10.9
110,Meadow Tiny Care,Baby Care,62,Bazaar Wholesale (Metro),General Trade,India - Metro,52.3,63.2150000000000000,10.9
105,Silver Baby Essentials,Baby Care,193,Local Trade Collective (Indonesia),General Trade,SEA - Indonesia,48.8,59.7341666666666667,10.9
72,Nomad Milk Co,Dairy,67,GreenAisle (Tier 2/3),Grocery,India - Tier 2/3,51.7,62.6312000000000000,10.9
98,Coastal Mornings,Breakfast & Cereal,77,Community Retail Co-op (Tier 2/3),General Trade,India - Tier 2/3,52.8,63.6752500000000000,10.9
66,Golden Household,Home Care,65,FreshMart (Tier 2/3),Grocery,India - Tier 2/3,52.0,62.8800000000000000,10.9
46,Fresh Refresh,Beverages,122,Community Retail Co-op (Saudi),General Trade,Gulf - Saudi,51.6,62.5236666666666667,10.9
11,Silver Snacks,Salty Snacks,72,ValueGrocer (Tier 2/3),Grocery,India - Tier 2/3,52.1,63.0406666666666667,10.9
23,Golden Skin,Personal Care,41,SunriseMart (Metro),Grocery,India - Metro,51.8,62.6680000000000000,10.9
69,Everyday Milk Co,Dairy,150,DashKart (Malaysia),Quick Commerce,SEA - Malaysia,53.7,64.5987500000000000,10.9
54,Nomad Drinks,Beverages,117,SunriseMart (Saudi),Grocery,Gulf - Saudi,51.6,62.5236666666666667,10.9
108,Crunch Baby Co,Baby Care,123,Bazaar Wholesale (Saudi),General Trade,Gulf - Saudi,53.7,64.5725000000000000,10.9
22,Crunch Fizz,Sparkling Water,126,Local Trade Collective #2 (Saudi),General Trade,Gulf - Saudi,52.2,63.0650000000000000,10.9
99,Fresh Cereal Co,Breakfast & Cereal,160,MarketLink GT (Malaysia),General Trade,SEA - Malaysia,51.7,62.5915625000000000,10.9
50,Crunch Drinks,Beverages,181,FreshMart (Indonesia),Grocery,SEA - Indonesia,49.8,60.6750000000000000,10.9
66,Golden Household,Home Care,88,Sundry Traders Network #2 (Tier 2/3),General Trade,India - Tier 2/3,52.1,62.8800000000000000,10.8
71,Golden Farms,Dairy,24,PureRoots Market #2,Natural,North America,49.9,60.7394736842105263,10.8
2,Bold Snacks,Salty Snacks,37,MetroBazaar (Metro),Grocery,India - Metro,48.6,59.4456896551724138,10.8
66,Golden Household,Home Care,69,DailyBasket (Tier 2/3),Grocery,India - Tier 2/3,52.1,62.8800000000000000,10.8
105,Silver Baby Essentials,Baby Care,83,Neighborhood Wholesale #2 (Tier 2/3),General Trade,India - Tier 2/3,51.1,61.9433333333333333,10.8
44,Spring Pantry,Packaged Foods,86,Bazaar Wholesale #2 (Tier 2/3),General Trade,India - Tier 2/3,51.1,61.8906000000000000,10.8
31,Everyday Glow,Personal Care,117,SunriseMart (Saudi),Grocery,Gulf - Saudi,49.1,59.8583333333333333,10.8
45,Pure Drinks,Beverages,126,Local Trade Collective #2 (Saudi),General Trade,Gulf - Saudi,51.7,62.5236666666666667,10.8
59,Pure Shine,Home Care,95,SunriseMart (UAE),Grocery,Gulf - UAE,50.6,61.4090909090909091,10.8
24,Spring Care,Personal Care,108,ValueTrade GT (UAE),General Trade,Gulf - UAE,52.3,63.1394736842105263,10.8
43,Coastal Table,Packaged Foods,53,RapidBasket (Metro),Quick Commerce,India - Metro,51.5,62.2600000000000000,10.8
22,Crunch Fizz,Sparkling Water,105,FlashCart (UAE),Quick Commerce,Gulf - UAE,52.2,62.9568181818181818,10.8
94,Crunch Cereal Co,Breakfast & Cereal,182,MetroBazaar (Indonesia),Grocery,SEA - Indonesia,50.6,61.4287500000000000,10.8
98,Coastal Mornings,Breakfast & Cereal,78,Bazaar Wholesale (Tier 2/3),General Trade,India - Tier 2/3,52.9,63.6752500000000000,10.8
98,Coastal Mornings,Breakfast & Cereal,72,ValueGrocer (Tier 2/3),Grocery,India - Tier 2/3,52.9,63.6752500000000000,10.8
110,Meadow Tiny Care,Baby Care,58,ValueTrade GT (Metro),General Trade,India - Metro,52.4,63.2150000000000000,10.8
102,Coastal Little Ones,Baby Care,84,Corner Store Network #2 (Tier 2/3),General Trade,India - Tier 2/3,51.1,61.9433333333333333,10.8
5,Urban Crisps,Salty Snacks,139,Neighborhood Wholesale (Qatar),General Trade,Gulf - Qatar,50.2,60.9850000000000000,10.8
57,Cloud Shine,Home Care,85,Community Retail Co-op #2 (Tier 2/3),General Trade,India - Tier 2/3,52.2,62.8800000000000000,10.7
14,Golden Bubbles,Sparkling Water,19,GreenLeaf Naturals,Natural,North America,52.4,63.0876190476190476,10.7
22,Crunch Fizz,Sparkling Water,99,WareClub (UAE),Club,Gulf - UAE,52.3,62.9568181818181818,10.7
81,Prime Candy Co,Confectionery,131,DailyBasket (Qatar),Grocery,Gulf - Qatar,50.2,60.9133333333333333,10.7
44,Spring Pantry,Packaged Foods,99,WareClub (UAE),Club,Gulf - UAE,52.3,63.0119318181818182,10.7
79,Coastal Candy Co,Confectionery,82,ValueTrade GT #2 (Tier 2/3),General Trade,India - Tier 2/3,51.7,62.4378000000000000,10.7
82,Meadow Treats,Confectionery,29,QuickStop #2,C-Store,North America,51.2,61.9236111111111111,10.7
110,Meadow Tiny Care,Baby Care,64,Sundry Traders Network (Metro),General Trade,India - Metro,52.5,63.2150000000000000,10.7
1,True Snacks,Salty Snacks,84,Corner Store Network #2 (Tier 2/3),General Trade,India - Tier 2/3,52.3,63.0406666666666667,10.7
16,Sunrise Water Co,Sparkling Water,186,SunriseMart (Indonesia),Grocery,SEA - Indonesia,53.2,63.8825000000000000,10.7
47,Sunrise Refresh,Beverages,114,GreenAisle (Saudi),Grocery,Gulf - Saudi,51.8,62.5236666666666667,10.7
64,Blue Shine,Home Care,185,DailyBasket (Indonesia),Grocery,SEA - Indonesia,53.0,63.7145833333333333,10.7
110,Meadow Tiny Care,Baby Care,11,FreshMart #2,Grocery,North America,52.3,63.0250000000000000,10.7
17,Nomad Bubbles,Sparkling Water,48,DashKart (Metro),Quick Commerce,India - Metro,51.3,61.9855603448275862,10.7
47,Sunrise Refresh,Beverages,87,MarketLink GT #2 (Tier 2/3),General Trade,India - Tier 2/3,51.9,62.6366666666666667,10.7
38,Urban Pantry,Packaged Foods,164,GreenAisle (Philippines),Grocery,SEA - Philippines,51.0,61.6500000000000000,10.7
36,Cloud Table,Packaged Foods,82,ValueTrade GT #2 (Tier 2/3),General Trade,India - Tier 2/3,51.2,61.8906000000000000,10.7
35,Silver Table,Packaged Foods,65,FreshMart (Tier 2/3),Grocery,India - Tier 2/3,51.2,61.8906000000000000,10.7
76,Royal Farms,Dairy,23,GreenLeaf Naturals #2,Natural,North America,50.0,60.7394736842105263,10.7
89,Nomad Mornings,Breakfast & Cereal,89,Local Trade Collective #3 (Tier 2/3),General Trade,India - Tier 2/3,53.0,63.6752500000000000,10.7
53,Cloud Sip,Beverages,125,Sundry Traders Network (Saudi),General Trade,Gulf - Saudi,51.8,62.5236666666666667,10.7
12,True Water Co,Sparkling Water,67,GreenAisle (Tier 2/3),Grocery,India - Tier 2/3,52.7,63.3680000000000000,10.7
91,Coastal Cereal Co,Breakfast & Cereal,154,Local Trade Collective (Malaysia),General Trade,SEA - Malaysia,51.9,62.5915625000000000,10.7
80,Nomad Candy Co,Confectionery,34,CornerFuel Mart #3,C-Store,North America,51.2,61.9236111111111111,10.7
54,Nomad Drinks,Beverages,123,Bazaar Wholesale (Saudi),General Trade,Gulf - Saudi,51.8,62.5236666666666667,10.7
106,Vivid Little Ones,Baby Care,68,PrimeGrocer (Tier 2/3),Grocery,India - Tier 2/3,51.2,61.9433333333333333,10.7
5,Urban Crisps,Salty Snacks,130,PrimeGrocer (Qatar),Grocery,Gulf - Qatar,50.4,60.9850000000000000,10.6
12,True Water Co,Sparkling Water,81,Local Trade Collective #2 (Tier 2/3),General Trade,India - Tier 2/3,52.8,63.3680000000000000,10.6
60,True Shine,Home Care,102,DashKart (UAE),Quick Commerce,Gulf - UAE,50.8,61.4090909090909091,10.6
18,Royal Fizz,Sparkling Water,9,CityMart,Grocery,North America,52.5,63.0876190476190476,10.6
18,Royal Fizz,Sparkling Water,24,PureRoots Market #2,Natural,North America,52.5,63.0876190476190476,10.6
19,Fresh Fizz,Sparkling Water,7,UrbanPantry,Grocery,North America,52.5,63.0876190476190476,10.6
57,Cloud Shine,Home Care,177,Community Retail Co-op (Philippines),General Trade,SEA - Philippines,47.6,58.1723684210526316,10.6
105,Silver Baby Essentials,Baby Care,85,Community Retail Co-op #2 (Tier 2/3),General Trade,India - Tier 2/3,51.3,61.9433333333333333,10.6
74,Sunrise Milk Co,Dairy,72,ValueGrocer (Tier 2/3),Grocery,India - Tier 2/3,52.0,62.6312000000000000,10.6
9,Spring Crisps,Salty Snacks,109,Neighborhood Wholesale (UAE),General Trade,Gulf - UAE,52.1,62.7130681818181818,10.6
21,Golden Fizz,Sparkling Water,55,DartMart (Metro),Quick Commerce,India - Metro,51.4,61.9855603448275862,10.6
1,True Snacks,Salty Snacks,83,Neighborhood Wholesale #2 (Tier 2/3),General Trade,India - Tier 2/3,52.4,63.0406666666666667,10.6
25,Royal Skin,Personal Care,161,Sundry Traders Network (Malaysia),General Trade,SEA - Malaysia,50.9,61.4575000000000000,10.6
106,Vivid Little Ones,Baby Care,67,GreenAisle (Tier 2/3),Grocery,India - Tier 2/3,51.3,61.9433333333333333,10.6
93,Urban Mornings,Breakfast & Cereal,168,QuickDash (Philippines),Quick Commerce,SEA - Philippines,51.4,62.0381578947368421,10.6
7,Urban Bites,Salty Snacks,192,FlashCart (Indonesia),Quick Commerce,SEA - Indonesia,47.6,58.1575000000000000,10.6
75,Vivid Dairy,Dairy,78,Bazaar Wholesale (Tier 2/3),General Trade,India - Tier 2/3,52.0,62.6312000000000000,10.6
29,Golden Essentials,Personal Care,64,Sundry Traders Network (Metro),General Trade,India - Metro,52.1,62.6680000000000000,10.6
30,Cloud Essentials,Personal Care,155,ValueTrade GT (Malaysia),General Trade,SEA - Malaysia,50.9,61.4575000000000000,10.6
90,Prime Grains,Breakfast & Cereal,102,DashKart (UAE),Quick Commerce,Gulf - UAE,52.8,63.3928030303030303,10.6
30,Cloud Essentials,Personal Care,160,MarketLink GT (Malaysia),General Trade,SEA - Malaysia,50.9,61.4575000000000000,10.6
63,Silver Household,Home Care,113,MetroBazaar (Saudi),Grocery,Gulf - Saudi,52.6,63.1858333333333333,10.6
6,Coastal Bites,Salty Snacks,17,MegaValue Club,Club,North America,50.8,61.3621428571428571,10.6
36,Cloud Table,Packaged Foods,67,GreenAisle (Tier 2/3),Grocery,India - Tier 2/3,51.3,61.8906000000000000,10.6
87,Pure Sweets,Confectionery,32,ExpressStop #2,C-Store,North America,51.3,61.9236111111111111,10.6
39,Blue Kitchen,Packaged Foods,145,PrimeGrocer (Malaysia),Grocery,SEA - Malaysia,51.9,62.4881250000000000,10.6
78,Prime Confections,Confectionery,200,Sundry Traders Network (Indonesia),General Trade,SEA - Indonesia,51.3,61.8512500000000000,10.6
83,Fresh Treats,Confectionery,79,MarketLink GT (Tier 2/3),General Trade,India - Tier 2/3,51.8,62.4378000000000000,10.6
109,Silver Little Ones,Baby Care,1,FreshMart,Grocery,North America,52.4,63.0250000000000000,10.6
82,Meadow Treats,Confectionery,9,CityMart,Grocery,North America,51.3,61.9236111111111111,10.6
2,Bold Snacks,Salty Snacks,50,HopMart (Metro),Quick Commerce,India - Metro,48.8,59.4456896551724138,10.6
66,Golden Household,Home Care,70,SunriseMart (Tier 2/3),Grocery,India - Tier 2/3,52.3,62.8800000000000000,10.6
65,Urban Clean,Home Care,10,HomeFresh,Grocery,North America,50.9,61.5100694444444444,10.6
12,True Water Co,Sparkling Water,67,GreenAisle (Tier 2/3),Grocery,India - Tier 2/3,52.8,63.3680000000000000,10.6
89,Nomad Mornings,Breakfast & Cereal,68,PrimeGrocer (Tier 2/3),Grocery,India - Tier 2/3,53.2,63.6752500000000000,10.5
34,Bold Kitchen,Packaged Foods,146,DailyBasket (Malaysia),Grocery,SEA - Malaysia,52.0,62.4881250000000000,10.5
74,Sunrise Milk Co,Dairy,81,Local Trade Collective #2 (Tier 2/3),General Trade,India - Tier 2/3,52.1,62.6312000000000000,10.5
24,Spring Care,Personal Care,106,NimbleMart (UAE),Quick Commerce,Gulf - UAE,52.6,63.1394736842105263,10.5
105,Silver Baby Essentials,Baby Care,66,MetroBazaar (Tier 2/3),Grocery,India - Tier 2/3,51.4,61.9433333333333333,10.5
107,Spring Tiny Care,Baby Care,194,ValueTrade GT (Indonesia),General Trade,SEA - Indonesia,49.2,59.7341666666666667,10.5
71,Golden Farms,Dairy,9,CityMart,Grocery,North America,50.2,60.7394736842105263,10.5
14,Golden Bubbles,Sparkling Water,10,HomeFresh,Grocery,North America,52.6,63.0876190476190476,10.5
104,Meadow Baby Co,Baby Care,137,Local Trade Collective (Qatar),General Trade,Gulf - Qatar,51.1,61.6466666666666667,10.5
39,Blue Kitchen,Packaged Foods,152,HopMart (Malaysia),Quick Commerce,SEA - Malaysia,52.0,62.4881250000000000,10.5
7,Urban Bites,Salty Snacks,190,SwiftBasket (Indonesia),Quick Commerce,SEA - Indonesia,47.7,58.1575000000000000,10.5
78,Prime Confections,Confectionery,195,Neighborhood Wholesale (Indonesia),General Trade,SEA - Indonesia,51.4,61.8512500000000000,10.5
39,Blue Kitchen,Packaged Foods,150,DashKart (Malaysia),Quick Commerce,SEA - Malaysia,52.0,62.4881250000000000,10.5
18,Royal Fizz,Sparkling Water,116,DailyBasket (Saudi),Grocery,Gulf - Saudi,52.6,63.0650000000000000,10.5
18,Royal Fizz,Sparkling Water,10,HomeFresh,Grocery,North America,52.6,63.0876190476190476,10.5
55,Vivid Sip,Beverages,50,HopMart (Metro),Quick Commerce,India - Metro,51.6,62.0715517241379310,10.5
100,Fresh Tiny Care,Baby Care,77,Community Retail Co-op (Tier 2/3),General Trade,India - Tier 2/3,51.4,61.9433333333333333,10.5
20,Heritage Springs,Sparkling Water,48,DashKart (Metro),Quick Commerce,India - Metro,51.5,61.9855603448275862,10.5
17,Nomad Bubbles,Sparkling Water,39,PrimeGrocer (Metro),Grocery,India - Metro,51.5,61.9855603448275862,10.5
106,Vivid Little Ones,Baby Care,124,MarketLink GT (Saudi),General Trade,Gulf - Saudi,54.1,64.5725000000000000,10.5
83,Fresh Treats,Confectionery,71,UrbanPantry (Tier 2/3),Grocery,India - Tier 2/3,51.9,62.4378000000000000,10.5
14,Golden Bubbles,Sparkling Water,11,FreshMart #2,Grocery,North America,52.6,63.0876190476190476,10.5
30,Cloud Essentials,Personal Care,156,Neighborhood Wholesale (Malaysia),General Trade,SEA - Malaysia,51.0,61.4575000000000000,10.5
26,Prime Care,Personal Care,87,MarketLink GT #2 (Tier 2/3),General Trade,India - Tier 2/3,52.3,62.8356666666666667,10.5
47,Sunrise Refresh,Beverages,122,Community Retail Co-op (Saudi),General Trade,Gulf - Saudi,52.0,62.5236666666666667,10.5
26,Prime Care,Personal Care,67,GreenAisle (Tier 2/3),Grocery,India - Tier 2/3,52.3,62.8356666666666667,10.5
24,Spring Care,Personal Care,104,HopMart (UAE),Quick Commerce,Gulf - UAE,52.6,63.1394736842105263,10.5
23,Golden Skin,Personal Care,56,QuickDash #2 (Metro),Quick Commerce,India - Metro,52.2,62.6680000000000000,10.5
14,Golden Bubbles,Sparkling Water,12,MetroBazaar #2,Grocery,North America,52.6,63.0876190476190476,10.5
99,Fresh Cereal Co,Breakfast & Cereal,150,DashKart (Malaysia),Quick Commerce,SEA - Malaysia,52.1,62.5915625000000000,10.5
11,Silver Snacks,Salty Snacks,11,FreshMart #2,Grocery,North America,50.9,61.3621428571428571,10.5
99,Fresh Cereal Co,Breakfast & Cereal,146,DailyBasket (Malaysia),Grocery,SEA - Malaysia,52.2,62.5915625000000000,10.4
73,Blue Milk Co,Dairy,193,Local Trade Collective (Indonesia),General Trade,SEA - Indonesia,52.9,63.3287500000000000,10.4
83,Fresh Treats,Confectionery,72,ValueGrocer (Tier 2/3),Grocery,India - Tier 2/3,52.0,62.4378000000000000,10.4
55,Vivid Sip,Beverages,46,QuickDash (Metro),Quick Commerce,India - Metro,51.7,62.0715517241379310,10.4
13,Urban Bubbles,Sparkling Water,153,FlashCart (Malaysia),Quick Commerce,SEA - Malaysia,51.2,61.5825000000000000,10.4
20,Heritage Springs,Sparkling Water,62,Bazaar Wholesale (Metro),General Trade,India - Metro,51.6,61.9855603448275862,10.4
43,Coastal Table,Packaged Foods,39,PrimeGrocer (Metro),Grocery,India - Metro,51.9,62.2600000000000000,10.4
34,Bold Kitchen,Packaged Foods,160,MarketLink GT (Malaysia),General Trade,SEA - Malaysia,52.1,62.4881250000000000,10.4
63,Silver Household,Home Care,18,SaverClub #2,Club,North America,51.1,61.5100694444444444,10.4
21,Golden Fizz,Sparkling Water,48,DashKart (Metro),Quick Commerce,India - Metro,51.6,61.9855603448275862,10.4
61,Crunch Household,Home Care,52,NimbleMart (Metro),Quick Commerce,India - Metro,51.0,61.3740000000000000,10.4
11,Silver Snacks,Salty Snacks,31,GoStop #2,C-Store,North America,51.0,61.3621428571428571,10.4
44,Spring Pantry,Packaged Foods,90,FreshMart (UAE),Grocery,Gulf - UAE,52.6,63.0119318181818182,10.4
98,Coastal Mornings,Breakfast & Cereal,125,Sundry Traders Network (Saudi),General Trade,Gulf - Saudi,49.0,59.3711111111111111,10.4
74,Sunrise Milk Co,Dairy,70,SunriseMart (Tier 2/3),Grocery,India - Tier 2/3,52.2,62.6312000000000000,10.4
73,Blue Milk Co,Dairy,198,Bazaar Wholesale (Indonesia),General Trade,SEA - Indonesia,52.9,63.3287500000000000,10.4
75,Vivid Dairy,Dairy,82,ValueTrade GT #2 (Tier 2/3),General Trade,India - Tier 2/3,52.2,62.6312000000000000,10.4
34,Bold Kitchen,Packaged Foods,152,HopMart (Malaysia),Quick Commerce,SEA - Malaysia,52.1,62.4881250000000000,10.4
34,Bold Kitchen,Packaged Foods,195,Neighborhood Wholesale (Indonesia),General Trade,SEA - Indonesia,54.2,64.6200000000000000,10.4
44,Spring Pantry,Packaged Foods,80,Sundry Traders Network (Tier 2/3),General Trade,India - Tier 2/3,51.5,61.8906000000000000,10.4
101,Everyday Tiny Care,Baby Care,130,PrimeGrocer (Qatar),Grocery,Gulf - Qatar,51.2,61.6466666666666667,10.4
21,Golden Fizz,Sparkling Water,45,ExpressStop (Metro),C-Store,India - Metro,51.6,61.9855603448275862,10.4
90,Prime Grains,Breakfast & Cereal,109,Neighborhood Wholesale (UAE),General Trade,Gulf - UAE,53.0,63.3928030303030303,10.4
35,Silver Table,Packaged Foods,71,UrbanPantry (Tier 2/3),Grocery,India - Tier 2/3,51.5,61.8906000000000000,10.4
10,Silver Chips,Salty Snacks,112,FreshMart (Saudi),Grocery,Gulf - Saudi,51.9,62.3475000000000000,10.4
103,Coastal Baby Essentials,Baby Care,82,ValueTrade GT #2 (Tier 2/3),General Trade,India - Tier 2/3,51.5,61.9433333333333333,10.4
71,Golden Farms,Dairy,19,GreenLeaf Naturals,Natural,North America,50.3,60.7394736842105263,10.4
90,Prime Grains,Breakfast & Cereal,142,FreshMart (Malaysia),Grocery,SEA - Malaysia,52.2,62.5915625000000000,10.4
100,Fresh Tiny Care,Baby Care,66,MetroBazaar (Tier 2/3),Grocery,India - Tier 2/3,51.6,61.9433333333333333,10.3
62,Royal Household,Home Care,15,BulkBasket Club,Club,North America,51.2,61.5100694444444444,10.3
70,Vivid Milk Co,Dairy,123,Bazaar Wholesale (Saudi),General Trade,Gulf - Saudi,50.0,60.2775000000000000,10.3
75,Vivid Dairy,Dairy,83,Neighborhood Wholesale #2 (Tier 2/3),General Trade,India - Tier 2/3,52.3,62.6312000000000000,10.3
46,Fresh Refresh,Beverages,32,ExpressStop #2,C-Store,North America,52.6,62.8907142857142857,10.3
47,Sunrise Refresh,Beverages,118,Local Trade Collective (Saudi),General Trade,Gulf - Saudi,52.2,62.5236666666666667,10.3
58,Coastal Clean,Home Care,108,ValueTrade GT (UAE),General Trade,Gulf - UAE,51.1,61.4090909090909091,10.3
3,Prime Snacks,Salty Snacks,15,BulkBasket Club,Club,North America,51.1,61.3621428571428571,10.3
23,Golden Skin,Personal Care,48,DashKart (Metro),Quick Commerce,India - Metro,52.4,62.6680000000000000,10.3
28,Spring Skin,Personal Care,23,GreenLeaf Naturals #2,Natural,North America,52.9,63.2026315789473684,10.3
7,Urban Bites,Salty Snacks,182,MetroBazaar (Indonesia),Grocery,SEA - Indonesia,47.9,58.1575000000000000,10.3
28,Spring Skin,Personal Care,154,Local Trade Collective (Malaysia),General Trade,SEA - Malaysia,51.2,61.4575000000000000,10.3
75,Vivid Dairy,Dairy,79,MarketLink GT (Tier 2/3),General Trade,India - Tier 2/3,52.3,62.6312000000000000,10.3
63,Silver Household,Home Care,114,GreenAisle (Saudi),Grocery,Gulf - Saudi,52.9,63.1858333333333333,10.3
14,Golden Bubbles,Sparkling Water,18,SaverClub #2,Club,North America,52.8,63.0876190476190476,10.3
6,Coastal Bites,Salty Snacks,12,MetroBazaar #2,Grocery,North America,51.1,61.3621428571428571,10.3
30,Cloud Essentials,Personal Care,144,GreenAisle (Malaysia),Grocery,SEA - Malaysia,51.2,61.4575000000000000,10.3
106,Vivid Little Ones,Baby Care,80,Sundry Traders Network (Tier 2/3),General Trade,India - Tier 2/3,51.6,61.9433333333333333,10.3
53,Cloud Sip,Beverages,123,Bazaar Wholesale (Saudi),General Trade,Gulf - Saudi,52.2,62.5236666666666667,10.3
55,Vivid Sip,Beverages,62,Bazaar Wholesale (Metro),General Trade,India - Metro,51.8,62.0715517241379310,10.3
33,Cloud Glow,Personal Care,124,MarketLink GT (Saudi),General Trade,Gulf - Saudi,49.6,59.8583333333333333,10.3
93,Urban Mornings,Breakfast & Cereal,169,ZipCart (Philippines),Quick Commerce,SEA - Philippines,51.7,62.0381578947368421,10.3
80,Nomad Candy Co,Confectionery,65,FreshMart (Tier 2/3),Grocery,India - Tier 2/3,52.1,62.4378000000000000,10.3
57,Cloud Shine,Home Care,66,MetroBazaar (Tier 2/3),Grocery,India - Tier 2/3,52.6,62.8800000000000000,10.3
88,Pure Treats,Confectionery,192,FlashCart (Indonesia),Quick Commerce,SEA - Indonesia,51.6,61.8512500000000000,10.3
15,Blue Springs,Sparkling Water,119,ValueTrade GT (Saudi),General Trade,Gulf - Saudi,52.8,63.0650000000000000,10.3
88,Pure Treats,Confectionery,111,Community Retail Co-op (UAE),General Trade,Gulf - UAE,51.6,61.9394736842105263,10.3
51,Coastal Drinks,Beverages,158,Community Retail Co-op (Malaysia),General Trade,SEA - Malaysia,51.5,61.7712500000000000,10.3
66,Golden Household,Home Care,72,ValueGrocer (Tier 2/3),Grocery,India - Tier 2/3,52.6,62.8800000000000000,10.3
24,Spring Care,Personal Care,132,QuickDash (Qatar),Quick Commerce,Gulf - Qatar,51.3,61.5616666666666667,10.3
11,Silver Snacks,Salty Snacks,8,ValueGrocer,Grocery,North America,51.1,61.3621428571428571,10.3
11,Silver Snacks,Salty Snacks,26,CornerFuel Mart,C-Store,North America,51.1,61.3621428571428571,10.3
50,Crunch Drinks,Beverages,189,DashKart (Indonesia),Quick Commerce,SEA - Indonesia,50.4,60.6750000000000000,10.3
85,Heritage Treats,Confectionery,76,Corner Store Network (Tier 2/3),General Trade,India - Tier 2/3,52.1,62.4378000000000000,10.3
96,Meadow Breakfast Co,Breakfast & Cereal,84,Corner Store Network #2 (Tier 2/3),General Trade,India - Tier 2/3,53.4,63.6752500000000000,10.3
85,Heritage Treats,Confectionery,82,ValueTrade GT #2 (Tier 2/3),General Trade,India - Tier 2/3,52.1,62.4378000000000000,10.3
52,Spring Sip,Beverages,140,Corner Store Network (Qatar),General Trade,Gulf - Qatar,52.2,62.3838888888888889,10.2
49,Meadow Beverages,Beverages,82,ValueTrade GT #2 (Tier 2/3),General Trade,India - Tier 2/3,52.4,62.6366666666666667,10.2
60,True Shine,Home Care,92,GreenAisle (UAE),Grocery,Gulf - UAE,51.2,61.4090909090909091,10.2
66,Golden Household,Home Care,183,GreenAisle (Indonesia),Grocery,SEA - Indonesia,53.5,63.7145833333333333,10.2
33,Cloud Glow,Personal Care,112,FreshMart (Saudi),Grocery,Gulf - Saudi,49.7,59.8583333333333333,10.2
19,Fresh Fizz,Sparkling Water,79,MarketLink GT (Tier 2/3),General Trade,India - Tier 2/3,53.2,63.3680000000000000,10.2
21,Golden Fizz,Sparkling Water,147,SunriseMart (Malaysia),Grocery,SEA - Malaysia,51.4,61.5825000000000000,10.2
46,Fresh Refresh,Beverages,29,QuickStop #2,C-Store,North America,52.7,62.8907142857142857,10.2
80,Nomad Candy Co,Confectionery,66,MetroBazaar (Tier 2/3),Grocery,India - Tier 2/3,52.2,62.4378000000000000,10.2
93,Urban Mornings,Breakfast & Cereal,104,HopMart (UAE),Quick Commerce,Gulf - UAE,53.2,63.3928030303030303,10.2
63,Silver Household,Home Care,116,DailyBasket (Saudi),Grocery,Gulf - Saudi,53.0,63.1858333333333333,10.2
91,Coastal Cereal Co,Breakfast & Cereal,117,SunriseMart (Saudi),Grocery,Gulf - Saudi,49.2,59.3711111111111111,10.2
18,Royal Fizz,Sparkling Water,32,ExpressStop #2,C-Store,North America,52.9,63.0876190476190476,10.2
84,Everyday Treats,Confectionery,185,DailyBasket (Indonesia),Grocery,SEA - Indonesia,51.7,61.8512500000000000,10.2
37,Heritage Kitchen,Packaged Foods,115,PrimeGrocer (Saudi),Grocery,Gulf - Saudi,50.8,61.0458333333333333,10.2
57,Cloud Shine,Home Care,163,MetroBazaar (Philippines),Grocery,SEA - Philippines,48.0,58.1723684210526316,10.2
75,Vivid Dairy,Dairy,104,HopMart (UAE),Quick Commerce,Gulf - UAE,54.0,64.2289473684210526,10.2
82,Meadow Treats,Confectionery,87,MarketLink GT #2 (Tier 2/3),General Trade,India - Tier 2/3,52.2,62.4378000000000000,10.2
42,Urban Kitchen,Packaged Foods,71,UrbanPantry (Tier 2/3),Grocery,India - Tier 2/3,51.7,61.8906000000000000,10.2
64,Blue Shine,Home Care,4,PrimeGrocer,Grocery,North America,51.3,61.5100694444444444,10.2
14,Golden Bubbles,Sparkling Water,1,FreshMart,Grocery,North America,52.9,63.0876190476190476,10.2
39,Blue Kitchen,Packaged Foods,148,QuickDash (Malaysia),Quick Commerce,SEA - Malaysia,52.3,62.4881250000000000,10.2
34,Bold Kitchen,Packaged Foods,184,PrimeGrocer (Indonesia),Grocery,SEA - Indonesia,54.4,64.6200000000000000,10.2
63,Silver Household,Home Care,120,Neighborhood Wholesale (Saudi),General Trade,Gulf - Saudi,53.0,63.1858333333333333,10.2
18,Royal Fizz,Sparkling Water,32,ExpressStop #2,C-Store,North America,52.9,63.0876190476190476,10.2
80,Nomad Candy Co,Confectionery,30,CornerFuel Mart #2,C-Store,North America,51.7,61.9236111111111111,10.2
55,Vivid Sip,Beverages,49,SwiftBasket (Metro),Quick Commerce,India - Metro,51.9,62.0715517241379310,10.2
97,Royal Breakfast Co,Breakfast & Cereal,142,FreshMart (Malaysia),Grocery,SEA - Malaysia,52.4,62.5915625000000000,10.2
105,Silver Baby Essentials,Baby Care,186,SunriseMart (Indonesia),Grocery,SEA - Indonesia,49.5,59.7341666666666667,10.2
93,Urban Mornings,Breakfast & Cereal,94,DailyBasket (UAE),Grocery,Gulf - UAE,53.2,63.3928030303030303,10.2
77,Urban Creamery,Dairy,131,DailyBasket (Qatar),Grocery,Gulf - Qatar,56.0,66.1566666666666667,10.2
75,Vivid Dairy,Dairy,95,SunriseMart (UAE),Grocery,Gulf - UAE,54.1,64.2289473684210526,10.1
26,Prime Care,Personal Care,70,SunriseMart (Tier 2/3),Grocery,India - Tier 2/3,52.7,62.8356666666666667,10.1
45,Pure Drinks,Beverages,124,MarketLink GT (Saudi),General Trade,Gulf - Saudi,52.4,62.5236666666666667,10.1
76,Royal Farms,Dairy,68,PrimeGrocer (Tier 2/3),Grocery,India - Tier 2/3,52.5,62.6312000000000000,10.1
76,Royal Farms,Dairy,76,Corner Store Network (Tier 2/3),General Trade,India - Tier 2/3,52.5,62.6312000000000000,10.1
76,Royal Farms,Dairy,77,Community Retail Co-op (Tier 2/3),General Trade,India - Tier 2/3,52.5,62.6312000000000000,10.1
71,Golden Farms,Dairy,6,SunriseMart,Grocery,North America,50.6,60.7394736842105263,10.1
63,Silver Household,Home Care,6,SunriseMart,Grocery,North America,51.4,61.5100694444444444,10.1
33,Cloud Glow,Personal Care,121,Corner Store Network (Saudi),General Trade,Gulf - Saudi,49.8,59.8583333333333333,10.1
108,Crunch Baby Co,Baby Care,66,MetroBazaar (Tier 2/3),Grocery,India - Tier 2/3,51.8,61.9433333333333333,10.1
67,Golden Milk Co,Dairy,190,SwiftBasket (Indonesia),Quick Commerce,SEA - Indonesia,53.2,63.3287500000000000,10.1
63,Silver Household,Home Care,6,SunriseMart,Grocery,North America,51.4,61.5100694444444444,10.1
13,Urban Bubbles,Sparkling Water,164,GreenAisle (Philippines),Grocery,SEA - Philippines,54.6,64.6703947368421053,10.1
105,Silver Baby Essentials,Baby Care,182,MetroBazaar (Indonesia),Grocery,SEA - Indonesia,49.6,59.7341666666666667,10.1
51,Coastal Drinks,Beverages,5,DailyBasket,Grocery,North America,52.8,62.8907142857142857,10.1
50,Crunch Drinks,Beverages,179,MarketLink GT (Philippines),General Trade,SEA - Philippines,54.4,64.5381578947368421,10.1
37,Heritage Kitchen,Packaged Foods,117,SunriseMart (Saudi),Grocery,Gulf - Saudi,50.9,61.0458333333333333,10.1
13,Urban Bubbles,Sparkling Water,154,Local Trade Collective (Malaysia),General Trade,SEA - Malaysia,51.5,61.5825000000000000,10.1
49,Meadow Beverages,Beverages,68,PrimeGrocer (Tier 2/3),Grocery,India - Tier 2/3,52.5,62.6366666666666667,10.1
84,Everyday Treats,Confectionery,192,FlashCart (Indonesia),Quick Commerce,SEA - Indonesia,51.8,61.8512500000000000,10.1
78,Prime Confections,Confectionery,200,Sundry Traders Network (Indonesia),General Trade,SEA - Indonesia,51.8,61.8512500000000000,10.1
64,Blue Shine,Home Care,14,SaverClub,Club,North America,51.4,61.5100694444444444,10.1
83,Fresh Treats,Confectionery,88,Sundry Traders Network #2 (Tier 2/3),General Trade,India - Tier 2/3,52.3,62.4378000000000000,10.1
42,Urban Kitchen,Packaged Foods,175,Neighborhood Wholesale (Philippines),General Trade,SEA - Philippines,51.6,61.6500000000000000,10.1
43,Coastal Table,Packaged Foods,67,GreenAisle (Tier 2/3),Grocery,India - Tier 2/3,51.8,61.8906000000000000,10.1
82,Meadow Treats,Confectionery,25,QuickStop,C-Store,North America,51.8,61.9236111111111111,10.1
14,Golden Bubbles,Sparkling Water,19,GreenLeaf Naturals,Natural,North America,53.0,63.0876190476190476,10.1
14,Golden Bubbles,Sparkling Water,24,PureRoots Market #2,Natural,North America,53.0,63.0876190476190476,10.1
104,Meadow Baby Co,Baby Care,138,ValueTrade GT (Qatar),General Trade,Gulf - Qatar,51.6,61.6466666666666667,10.0
70,Vivid Milk Co,Dairy,121,Corner Store Network (Saudi),General Trade,Gulf - Saudi,50.3,60.2775000000000000,10.0
71,Golden Farms,Dairy,174,ValueTrade GT (Philippines),General Trade,SEA - Philippines,51.4,61.3750000000000000,10.0
20,Heritage Springs,Sparkling Water,51,FlashCart (Metro),Quick Commerce,India - Metro,52.0,61.9855603448275862,10.0
60,True Shine,Home Care,97,SaverClub (UAE),Club,Gulf - UAE,51.4,61.4090909090909091,10.0
99,Fresh Cereal Co,Breakfast & Cereal,144,GreenAisle (Malaysia),Grocery,SEA - Malaysia,52.6,62.5915625000000000,10.0
13,Urban Bubbles,Sparkling Water,176,Corner Store Network (Philippines),General Trade,SEA - Philippines,54.7,64.6703947368421053,10.0
51,Coastal Drinks,Beverages,21,EarthAisle,Natural,North America,52.9,62.8907142857142857,10.0
58,Coastal Clean,Home Care,182,MetroBazaar (Indonesia),Grocery,SEA - Indonesia,53.7,63.7145833333333333,10.0
69,Everyday Milk Co,Dairy,157,Corner Store Network (Malaysia),General Trade,SEA - Malaysia,54.6,64.5987500000000000,10.0
1,True Snacks,Salty Snacks,66,MetroBazaar (Tier 2/3),Grocery,India - Tier 2/3,53.0,63.0406666666666667,10.0
51,Coastal Drinks,Beverages,153,FlashCart (Malaysia),Quick Commerce,SEA - Malaysia,51.8,61.7712500000000000,10.0
92,Cloud Grains,Breakfast & Cereal,165,PrimeGrocer (Philippines),Grocery,SEA - Philippines,52.0,62.0381578947368421,10.0
35,Silver Table,Packaged Foods,2,MetroBazaar,Grocery,North America,52.5,62.4755208333333333,10.0
87,Pure Sweets,Confectionery,34,CornerFuel Mart #3,C-Store,North America,51.9,61.9236111111111111,10.0
93,Urban Mornings,Breakfast & Cereal,109,Neighborhood Wholesale (UAE),General Trade,Gulf - UAE,53.4,63.3928030303030303,10.0
75,Vivid Dairy,Dairy,86,Bazaar Wholesale #2 (Tier 2/3),General Trade,India - Tier 2/3,52.6,62.6312000000000000,10.0
34,Bold Kitchen,Packaged Foods,193,Local Trade Collective (Indonesia),General Trade,SEA - Indonesia,54.6,64.6200000000000000,10.0
42,Urban Kitchen,Packaged Foods,77,Community Retail Co-op (Tier 2/3),General Trade,India - Tier 2/3,51.9,61.8906000000000000,10.0
93,Urban Mornings,Breakfast & Cereal,93,PrimeGrocer (UAE),Grocery,Gulf - UAE,53.4,63.3928030303030303,10.0
42,Urban Kitchen,Packaged Foods,162,FreshMart (Philippines),Grocery,SEA - Philippines,51.7,61.6500000000000000,10.0
44,Spring Pantry,Packaged Foods,109,Neighborhood Wholesale (UAE),General Trade,Gulf - UAE,53.0,63.0119318181818182,10.0
76,Royal Farms,Dairy,73,Local Trade Collective (Tier 2/3),General Trade,India - Tier 2/3,52.6,62.6312000000000000,10.0
82,Meadow Treats,Confectionery,30,CornerFuel Mart #2,C-Store,North America,51.9,61.9236111111111111,10.0
53,Cloud Sip,Beverages,137,Local Trade Collective (Qatar),General Trade,Gulf - Qatar,52.5,62.3838888888888889,9.9
92,Cloud Grains,Breakfast & Cereal,166,DailyBasket (Philippines),Grocery,SEA - Philippines,52.1,62.0381578947368421,9.9
27,Golden Glow,Personal Care,182,MetroBazaar (Indonesia),Grocery,SEA - Indonesia,50.5,60.4337500000000000,9.9
26,Prime Care,Personal Care,71,UrbanPantry (Tier 2/3),Grocery,India - Tier 2/3,52.9,62.8356666666666667,9.9
44,Spring Pantry,Packaged Foods,80,Sundry Traders Network (Tier 2/3),General Trade,India - Tier 2/3,52.0,61.8906000000000000,9.9
75,Vivid Dairy,Dairy,77,Community Retail Co-op (Tier 2/3),General Trade,India - Tier 2/3,52.7,62.6312000000000000,9.9
66,Golden Household,Home Care,73,Local Trade Collective (Tier 2/3),General Trade,India - Tier 2/3,53.0,62.8800000000000000,9.9
42,Urban Kitchen,Packaged Foods,89,Local Trade Collective #3 (Tier 2/3),General Trade,India - Tier 2/3,52.0,61.8906000000000000,9.9
13,Urban Bubbles,Sparkling Water,157,Corner Store Network (Malaysia),General Trade,SEA - Malaysia,51.7,61.5825000000000000,9.9
65,Urban Clean,Home Care,14,SaverClub,Club,North America,51.6,61.5100694444444444,9.9
99,Fresh Cereal Co,Breakfast & Cereal,92,GreenAisle (UAE),Grocery,Gulf - UAE,53.5,63.3928030303030303,9.9
3,Prime Snacks,Salty Snacks,119,ValueTrade GT (Saudi),General Trade,Gulf - Saudi,52.4,62.3475000000000000,9.9
75,Vivid Dairy,Dairy,65,FreshMart (Tier 2/3),Grocery,India - Tier 2/3,52.7,62.6312000000000000,9.9
18,Royal Fizz,Sparkling Water,125,Sundry Traders Network (Saudi),General Trade,Gulf - Saudi,53.2,63.0650000000000000,9.9
57,Cloud Shine,Home Care,178,Bazaar Wholesale (Philippines),General Trade,SEA - Philippines,48.3,58.1723684210526316,9.9
18,Royal Fizz,Sparkling Water,122,Community Retail Co-op (Saudi),General Trade,Gulf - Saudi,53.2,63.0650000000000000,9.9
55,Vivid Sip,Beverages,59,Neighborhood Wholesale (Metro),General Trade,India - Metro,52.2,62.0715517241379310,9.9
19,Fresh Fizz,Sparkling Water,26,CornerFuel Mart,C-Store,North America,53.2,63.0876190476190476,9.9
79,Coastal Candy Co,Confectionery,65,FreshMart (Tier 2/3),Grocery,India - Tier 2/3,52.5,62.4378000000000000,9.9
63,Silver Household,Home Care,9,CityMart,Grocery,North America,51.6,61.5100694444444444,9.9
19,Fresh Fizz,Sparkling Water,71,UrbanPantry (Tier 2/3),Grocery,India - Tier 2/3,53.5,63.3680000000000000,9.9
58,Coastal Clean,Home Care,106,NimbleMart (UAE),Quick Commerce,Gulf - UAE,51.5,61.4090909090909091,9.9
98,Coastal Mornings,Breakfast & Cereal,89,Local Trade Collective #3 (Tier 2/3),General Trade,India - Tier 2/3,53.8,63.6752500000000000,9.9
101,Everyday Tiny Care,Baby Care,138,ValueTrade GT (Qatar),General Trade,Gulf - Qatar,51.7,61.6466666666666667,9.9
46,Fresh Refresh,Beverages,10,HomeFresh,Grocery,North America,53.0,62.8907142857142857,9.9
63,Silver Household,Home Care,15,BulkBasket Club,Club,North America,51.6,61.5100694444444444,9.9
51,Coastal Drinks,Beverages,158,Community Retail Co-op (Malaysia),General Trade,SEA - Malaysia,51.9,61.7712500000000000,9.9
69,Everyday Milk Co,Dairy,156,Neighborhood Wholesale (Malaysia),General Trade,SEA - Malaysia,54.7,64.5987500000000000,9.9
56,Golden Shine,Home Care,87,MarketLink GT #2 (Tier 2/3),General Trade,India - Tier 2/3,53.0,62.8800000000000000,9.9
95,Cloud Mornings,Breakfast & Cereal,115,PrimeGrocer (Saudi),Grocery,Gulf - Saudi,49.5,59.3711111111111111,9.9
74,Sunrise Milk Co,Dairy,82,ValueTrade GT #2 (Tier 2/3),General Trade,India - Tier 2/3,52.7,62.6312000000000000,9.9
82,Meadow Treats,Confectionery,68,PrimeGrocer (Tier 2/3),Grocery,India - Tier 2/3,52.6,62.4378000000000000,9.8
5,Urban Crisps,Salty Snacks,128,MetroBazaar (Qatar),Grocery,Gulf - Qatar,51.2,60.9850000000000000,9.8
7,Urban Bites,Salty Snacks,109,Neighborhood Wholesale (UAE),General Trade,Gulf - UAE,52.9,62.7130681818181818,9.8
8,Meadow Crisps,Salty Snacks,66,MetroBazaar (Tier 2/3),Grocery,India - Tier 2/3,53.2,63.0406666666666667,9.8
8,Meadow Crisps,Salty Snacks,86,Bazaar Wholesale #2 (Tier 2/3),General Trade,India - Tier 2/3,53.2,63.0406666666666667,9.8
18,Royal Fizz,Sparkling Water,13,GreenAisle #2,Grocery,North America,53.3,63.0876190476190476,9.8
18,Royal Fizz,Sparkling Water,124,MarketLink GT (Saudi),General Trade,Gulf - Saudi,53.3,63.0650000000000000,9.8
22,Crunch Fizz,Sparkling Water,115,PrimeGrocer (Saudi),Grocery,Gulf - Saudi,53.3,63.0650000000000000,9.8
23,Golden Skin,Personal Care,57,Local Trade Collective (Metro),General Trade,India - Metro,52.9,62.6680000000000000,9.8
24,Spring Care,Personal Care,101,ZipCart (UAE),Quick Commerce,Gulf - UAE,53.3,63.1394736842105263,9.8
28,Spring Skin,Personal Care,147,SunriseMart (Malaysia),Grocery,SEA - Malaysia,51.7,61.4575000000000000,9.8
29,Golden Essentials,Personal Care,62,Bazaar Wholesale (Metro),General Trade,India - Metro,52.9,62.6680000000000000,9.8
35,Silver Table,Packaged Foods,77,Community Retail Co-op (Tier 2/3),General Trade,India - Tier 2/3,52.1,61.8906000000000000,9.8
42,Urban Kitchen,Packaged Foods,81,Local Trade Collective #2 (Tier 2/3),General Trade,India - Tier 2/3,52.1,61.8906000000000000,9.8
43,Coastal Table,Packaged Foods,72,ValueGrocer (Tier 2/3),Grocery,India - Tier 2/3,52.1,61.8906000000000000,9.8
43,Coastal Table,Packaged Foods,84,Corner Store Network #2 (Tier 2/3),General Trade,India - Tier 2/3,52.1,61.8906000000000000,9.8
46,Fresh Refresh,Beverages,27,GoStop,C-Store,North America,53.1,62.8907142857142857,9.8
47,Sunrise Refresh,Beverages,116,DailyBasket (Saudi),Grocery,Gulf - Saudi,52.7,62.5236666666666667,9.8
58,Coastal Clean,Home Care,96,UrbanPantry (UAE),Grocery,Gulf - UAE,51.6,61.4090909090909091,9.8
58,Coastal Clean,Home Care,191,HopMart (Indonesia),Quick Commerce,SEA - Indonesia,53.9,63.7145833333333333,9.8
59,Pure Shine,Home Care,90,FreshMart (UAE),Grocery,Gulf - UAE,51.6,61.4090909090909091,9.8
61,Crunch Household,Home Care,51,FlashCart (Metro),Quick Commerce,India - Metro,51.6,61.3740000000000000,9.8
67,Golden Milk Co,Dairy,182,MetroBazaar (Indonesia),Grocery,SEA - Indonesia,53.5,63.3287500000000000,9.8
70,Vivid Milk Co,Dairy,73,Local Trade Collective (Tier 2/3),General Trade,India - Tier 2/3,52.8,62.6312000000000000,9.8
70,Vivid Milk Co,Dairy,67,GreenAisle (Tier 2/3),Grocery,India - Tier 2/3,52.8,62.6312000000000000,9.8
72,Nomad Milk Co,Dairy,83,Neighborhood Wholesale #2 (Tier 2/3),General Trade,India - Tier 2/3,52.8,62.6312000000000000,9.8
73,Blue Milk Co,Dairy,10,HomeFresh,Grocery,North America,50.9,60.7394736842105263,9.8
75,Vivid Dairy,Dairy,75,Neighborhood Wholesale (Tier 2/3),General Trade,India - Tier 2/3,52.8,62.6312000000000000,9.8
80,Nomad Candy Co,Confectionery,31,GoStop #2,C-Store,North America,52.1,61.9236111111111111,9.8
83,Fresh Treats,Confectionery,73,Local Trade Collective (Tier 2/3),General Trade,India - Tier 2/3,52.6,62.4378000000000000,9.8
89,Nomad Mornings,Breakfast & Cereal,12,MetroBazaar #2,Grocery,North America,53.3,63.0944444444444444,9.8
90,Prime Grains,Breakfast & Cereal,155,ValueTrade GT (Malaysia),General Trade,SEA - Malaysia,52.8,62.5915625000000000,9.8
91,Coastal Cereal Co,Breakfast & Cereal,115,PrimeGrocer (Saudi),Grocery,Gulf - Saudi,49.6,59.3711111111111111,9.8
99,Fresh Cereal Co,Breakfast & Cereal,154,Local Trade Collective (Malaysia),General Trade,SEA - Malaysia,52.8,62.5915625000000000,9.8
106,Vivid Little Ones,Baby Care,121,Corner Store Network (Saudi),General Trade,Gulf - Saudi,54.8,64.5725000000000000,9.8
55,Vivid Sip,Beverages,43,CornerFuel Mart (Metro),C-Store,India - Metro,52.4,62.0715517241379310,9.7
63,Silver Household,Home Care,17,MegaValue Club,Club,North America,51.8,61.5100694444444444,9.7
22,Crunch Fizz,Sparkling Water,115,PrimeGrocer (Saudi),Grocery,Gulf - Saudi,53.4,63.0650000000000000,9.7
108,Crunch Baby Co,Baby Care,74,ValueTrade GT (Tier 2/3),General Trade,India - Tier 2/3,52.2,61.9433333333333333,9.7
17,Nomad Bubbles,Sparkling Water,54,GoCart Express (Metro),Quick Commerce,India - Metro,52.3,61.9855603448275862,9.7
51,Coastal Drinks,Beverages,151,SwiftBasket (Malaysia),Quick Commerce,SEA - Malaysia,52.1,61.7712500000000000,9.7
11,Silver Snacks,Salty Snacks,8,ValueGrocer,Grocery,North America,51.7,61.3621428571428571,9.7
73,Blue Milk Co,Dairy,9,CityMart,Grocery,North America,51.0,60.7394736842105263,9.7
34,Bold Kitchen,Packaged Foods,192,FlashCart (Indonesia),Quick Commerce,SEA - Indonesia,54.9,64.6200000000000000,9.7
34,Bold Kitchen,Packaged Foods,143,MetroBazaar (Malaysia),Grocery,SEA - Malaysia,52.8,62.4881250000000000,9.7
24,Spring Care,Personal Care,111,Community Retail Co-op (UAE),General Trade,Gulf - UAE,53.4,63.1394736842105263,9.7
61,Crunch Household,Home Care,60,Corner Store Network (Metro),General Trade,India - Metro,51.7,61.3740000000000000,9.7
32,Cloud Skin,Personal Care,83,Neighborhood Wholesale #2 (Tier 2/3),General Trade,India - Tier 2/3,53.1,62.8356666666666667,9.7
32,Cloud Skin,Personal Care,79,MarketLink GT (Tier 2/3),General Trade,India - Tier 2/3,53.1,62.8356666666666667,9.7
76,Royal Farms,Dairy,7,UrbanPantry,Grocery,North America,51.0,60.7394736842105263,9.7
69,Everyday Milk Co,Dairy,149,ZipCart (Malaysia),Quick Commerce,SEA - Malaysia,54.9,64.5987500000000000,9.7
7,Urban Bites,Salty Snacks,105,FlashCart (UAE),Quick Commerce,Gulf - UAE,53.0,62.7130681818181818,9.7
56,Golden Shine,Home Care,66,MetroBazaar (Tier 2/3),Grocery,India - Tier 2/3,53.2,62.8800000000000000,9.7
13,Urban Bubbles,Sparkling Water,172,HopMart (Philippines),Quick Commerce,SEA - Philippines,55.0,64.6703947368421053,9.7
17,Nomad Bubbles,Sparkling Water,52,NimbleMart (Metro),Quick Commerce,India - Metro,52.3,61.9855603448275862,9.7
25,Royal Skin,Personal Care,147,SunriseMart (Malaysia),Grocery,SEA - Malaysia,51.8,61.4575000000000000,9.7
79,Coastal Candy Co,Confectionery,78,Bazaar Wholesale (Tier 2/3),General Trade,India - Tier 2/3,52.7,62.4378000000000000,9.7
47,Sunrise Refresh,Beverages,89,Local Trade Collective #3 (Tier 2/3),General Trade,India - Tier 2/3,52.9,62.6366666666666667,9.7
110,Meadow Tiny Care,Baby Care,48,DashKart (Metro),Quick Commerce,India - Metro,53.5,63.2150000000000000,9.7
95,Cloud Mornings,Breakfast & Cereal,119,ValueTrade GT (Saudi),General Trade,Gulf - Saudi,49.7,59.3711111111111111,9.7
11,Silver Snacks,Salty Snacks,66,MetroBazaar (Tier 2/3),Grocery,India - Tier 2/3,53.3,63.0406666666666667,9.7
59,Pure Shine,Home Care,63,MarketLink GT (Metro),General Trade,India - Metro,51.7,61.3740000000000000,9.7
93,Urban Mornings,Breakfast & Cereal,174,ValueTrade GT (Philippines),General Trade,SEA - Philippines,52.4,62.0381578947368421,9.6
89,Nomad Mornings,Breakfast & Cereal,13,GreenAisle #2,Grocery,North America,53.5,63.0944444444444444,9.6
11,Silver Snacks,Salty Snacks,67,GreenAisle (Tier 2/3),Grocery,India - Tier 2/3,53.4,63.0406666666666667,9.6
70,Vivid Milk Co,Dairy,84,Corner Store Network #2 (Tier 2/3),General Trade,India - Tier 2/3,53.0,62.6312000000000000,9.6
71,Golden Farms,Dairy,20,PureRoots Market,Natural,North America,51.1,60.7394736842105263,9.6
83,Fresh Treats,Confectionery,87,MarketLink GT #2 (Tier 2/3),General Trade,India - Tier 2/3,52.8,62.4378000000000000,9.6
23,Golden Skin,Personal Care,51,FlashCart (Metro),Quick Commerce,India - Metro,53.1,62.6680000000000000,9.6
43,Coastal Table,Packaged Foods,57,Local Trade Collective (Metro),General Trade,India - Metro,52.7,62.2600000000000000,9.6
108,Crunch Baby Co,Baby Care,66,MetroBazaar (Tier 2/3),Grocery,India - Tier 2/3,52.3,61.9433333333333333,9.6
54,Nomad Drinks,Beverages,82,ValueTrade GT #2 (Tier 2/3),General Trade,India - Tier 2/3,53.0,62.6366666666666667,9.6
3,Prime Snacks,Salty Snacks,22,NaturaLife Market,Natural,North America,51.8,61.3621428571428571,9.6
82,Meadow Treats,Confectionery,78,Bazaar Wholesale (Tier 2/3),General Trade,India - Tier 2/3,52.8,62.4378000000000000,9.6
50,Crunch Drinks,Beverages,196,Corner Store Network (Indonesia),General Trade,SEA - Indonesia,51.1,60.6750000000000000,9.6
28,Spring Skin,Personal Care,150,DashKart (Malaysia),Quick Commerce,SEA - Malaysia,51.9,61.4575000000000000,9.6
50,Crunch Drinks,Beverages,168,QuickDash (Philippines),Quick Commerce,SEA - Philippines,54.9,64.5381578947368421,9.6
106,Vivid Little Ones,Baby Care,87,MarketLink GT #2 (Tier 2/3),General Trade,India - Tier 2/3,52.3,61.9433333333333333,9.6
55,Vivid Sip,Beverages,64,Sundry Traders Network (Metro),General Trade,India - Metro,52.5,62.0715517241379310,9.6
89,Nomad Mornings,Breakfast & Cereal,4,PrimeGrocer,Grocery,North America,53.5,63.0944444444444444,9.6
44,Spring Pantry,Packaged Foods,71,UrbanPantry (Tier 2/3),Grocery,India - Tier 2/3,52.3,61.8906000000000000,9.6
99,Fresh Cereal Co,Breakfast & Cereal,108,ValueTrade GT (UAE),General Trade,Gulf - UAE,53.8,63.3928030303030303,9.6
58,Coastal Clean,Home Care,197,Community Retail Co-op (Indonesia),General Trade,SEA - Indonesia,54.1,63.7145833333333333,9.6
77,Urban Creamery,Dairy,119,ValueTrade GT (Saudi),General Trade,Gulf - Saudi,50.8,60.2775000000000000,9.5
84,Everyday Treats,Confectionery,195,Neighborhood Wholesale (Indonesia),General Trade,SEA - Indonesia,52.4,61.8512500000000000,9.5
53,Cloud Sip,Beverages,117,SunriseMart (Saudi),Grocery,Gulf - Saudi,53.0,62.5236666666666667,9.5
53,Cloud Sip,Beverages,119,ValueTrade GT (Saudi),General Trade,Gulf - Saudi,53.0,62.5236666666666667,9.5
2,Bold Snacks,Salty Snacks,37,MetroBazaar (Metro),Grocery,India - Metro,49.9,59.4456896551724138,9.5
53,Cloud Sip,Beverages,113,MetroBazaar (Saudi),Grocery,Gulf - Saudi,53.0,62.5236666666666667,9.5
25,Royal Skin,Personal Care,159,Bazaar Wholesale (Malaysia),General Trade,SEA - Malaysia,52.0,61.4575000000000000,9.5
66,Golden Household,Home Care,84,Corner Store Network #2 (Tier 2/3),General Trade,India - Tier 2/3,53.4,62.8800000000000000,9.5
94,Crunch Cereal Co,Breakfast & Cereal,66,MetroBazaar (Tier 2/3),Grocery,India - Tier 2/3,54.2,63.6752500000000000,9.5
8,Meadow Crisps,Salty Snacks,73,Local Trade Collective (Tier 2/3),General Trade,India - Tier 2/3,53.5,63.0406666666666667,9.5
28,Spring Skin,Personal Care,20,PureRoots Market,Natural,North America,53.7,63.2026315789473684,9.5
103,Coastal Baby Essentials,Baby Care,71,UrbanPantry (Tier 2/3),Grocery,India - Tier 2/3,52.4,61.9433333333333333,9.5
7,Urban Bites,Salty Snacks,108,ValueTrade GT (UAE),General Trade,Gulf - UAE,53.2,62.7130681818181818,9.5
55,Vivid Sip,Beverages,58,ValueTrade GT (Metro),General Trade,India - Metro,52.6,62.0715517241379310,9.5
55,Vivid Sip,Beverages,60,Corner Store Network (Metro),General Trade,India - Metro,52.6,62.0715517241379310,9.5
106,Vivid Little Ones,Baby Care,65,FreshMart (Tier 2/3),Grocery,India - Tier 2/3,52.4,61.9433333333333333,9.5
20,Heritage Springs,Sparkling Water,44,GoStop (Metro),C-Store,India - Metro,52.5,61.9855603448275862,9.5
24,Spring Care,Personal Care,100,QuickDash (UAE),Quick Commerce,Gulf - UAE,53.6,63.1394736842105263,9.5
57,Cloud Shine,Home Care,86,Bazaar Wholesale #2 (Tier 2/3),General Trade,India - Tier 2/3,53.4,62.8800000000000000,9.5
33,Cloud Glow,Personal Care,75,Neighborhood Wholesale (Tier 2/3),General Trade,India - Tier 2/3,53.3,62.8356666666666667,9.5
102,Coastal Little Ones,Baby Care,89,Local Trade Collective #3 (Tier 2/3),General Trade,India - Tier 2/3,52.4,61.9433333333333333,9.5
66,Golden Household,Home Care,70,SunriseMart (Tier 2/3),Grocery,India - Tier 2/3,53.4,62.8800000000000000,9.5
44,Spring Pantry,Packaged Foods,66,MetroBazaar (Tier 2/3),Grocery,India - Tier 2/3,52.4,61.8906000000000000,9.5
36,Cloud Table,Packaged Foods,65,FreshMart (Tier 2/3),Grocery,India - Tier 2/3,52.4,61.8906000000000000,9.5
23,Golden Skin,Personal Care,64,Sundry Traders Network (Metro),General Trade,India - Metro,53.2,62.6680000000000000,9.5
83,Fresh Treats,Confectionery,83,Neighborhood Wholesale #2 (Tier 2/3),General Trade,India - Tier 2/3,52.9,62.4378000000000000,9.5
58,Coastal Clean,Home Care,196,Corner Store Network (Indonesia),General Trade,SEA - Indonesia,54.2,63.7145833333333333,9.5
15,Blue Springs,Sparkling Water,123,Bazaar Wholesale (Saudi),General Trade,Gulf - Saudi,53.7,63.0650000000000000,9.4
105,Silver Baby Essentials,Baby Care,79,MarketLink GT (Tier 2/3),General Trade,India - Tier 2/3,52.5,61.9433333333333333,9.4
76,Royal Farms,Dairy,65,FreshMart (Tier 2/3),Grocery,India - Tier 2/3,53.2,62.6312000000000000,9.4
110,Meadow Tiny Care,Baby Care,12,MetroBazaar #2,Grocery,North America,53.6,63.0250000000000000,9.4
6,Coastal Bites,Salty Snacks,28,ExpressStop,C-Store,North America,52.0,61.3621428571428571,9.4
90,Prime Grains,Breakfast & Cereal,108,ValueTrade GT (UAE),General Trade,Gulf - UAE,54.0,63.3928030303030303,9.4
61,Crunch Household,Home Care,50,HopMart (Metro),Quick Commerce,India - Metro,52.0,61.3740000000000000,9.4
103,Coastal Baby Essentials,Baby Care,86,Bazaar Wholesale #2 (Tier 2/3),General Trade,India - Tier 2/3,52.5,61.9433333333333333,9.4
52,Spring Sip,Beverages,133,ZipCart (Qatar),Quick Commerce,Gulf - Qatar,53.0,62.3838888888888889,9.4
93,Urban Mornings,Breakfast & Cereal,165,PrimeGrocer (Philippines),Grocery,SEA - Philippines,52.6,62.0381578947368421,9.4
94,Crunch Cereal Co,Breakfast & Cereal,72,ValueGrocer (Tier 2/3),Grocery,India - Tier 2/3,54.3,63.6752500000000000,9.4
104,Meadow Baby Co,Baby Care,184,PrimeGrocer (Indonesia),Grocery,SEA - Indonesia,50.3,59.7341666666666667,9.4
7,Urban Bites,Salty Snacks,103,SwiftBasket (UAE),Quick Commerce,Gulf - UAE,53.3,62.7130681818181818,9.4
72,Nomad Milk Co,Dairy,87,MarketLink GT #2 (Tier 2/3),General Trade,India - Tier 2/3,53.2,62.6312000000000000,9.4
54,Nomad Drinks,Beverages,78,Bazaar Wholesale (Tier 2/3),General Trade,India - Tier 2/3,53.2,62.6366666666666667,9.4
36,Cloud Table,Packaged Foods,67,GreenAisle (Tier 2/3),Grocery,India - Tier 2/3,52.5,61.8906000000000000,9.4
26,Prime Care,Personal Care,77,Community Retail Co-op (Tier 2/3),General Trade,India - Tier 2/3,53.4,62.8356666666666667,9.4
96,Meadow Breakfast Co,Breakfast & Cereal,80,Sundry Traders Network (Tier 2/3),General Trade,India - Tier 2/3,54.3,63.6752500000000000,9.4
107,Spring Tiny Care,Baby Care,186,SunriseMart (Indonesia),Grocery,SEA - Indonesia,50.3,59.7341666666666667,9.4
99,Fresh Cereal Co,Breakfast & Cereal,161,Sundry Traders Network (Malaysia),General Trade,SEA - Malaysia,53.2,62.5915625000000000,9.4
49,Meadow Beverages,Beverages,68,PrimeGrocer (Tier 2/3),Grocery,India - Tier 2/3,53.2,62.6366666666666667,9.4
51,Coastal Drinks,Beverages,27,GoStop,C-Store,North America,53.5,62.8907142857142857,9.4
66,Golden Household,Home Care,89,Local Trade Collective #3 (Tier 2/3),General Trade,India - Tier 2/3,53.5,62.8800000000000000,9.4
104,Meadow Baby Co,Baby Care,139,Neighborhood Wholesale (Qatar),General Trade,Gulf - Qatar,52.2,61.6466666666666667,9.4
27,Golden Glow,Personal Care,199,MarketLink GT (Indonesia),General Trade,SEA - Indonesia,51.0,60.4337500000000000,9.4
106,Vivid Little Ones,Baby Care,72,ValueGrocer (Tier 2/3),Grocery,India - Tier 2/3,52.5,61.9433333333333333,9.4
108,Crunch Baby Co,Baby Care,65,FreshMart (Tier 2/3),Grocery,India - Tier 2/3,52.5,61.9433333333333333,9.4
82,Meadow Treats,Confectionery,2,MetroBazaar,Grocery,North America,52.5,61.9236111111111111,9.4
17,Nomad Bubbles,Sparkling Water,38,GreenAisle (Metro),Grocery,India - Metro,52.6,61.9855603448275862,9.4
40,Meadow Pantry,Packaged Foods,107,Local Trade Collective (UAE),General Trade,Gulf - UAE,53.6,63.0119318181818182,9.4
37,Heritage Kitchen,Packaged Foods,126,Local Trade Collective #2 (Saudi),General Trade,Gulf - Saudi,51.6,61.0458333333333333,9.4
105,Silver Baby Essentials,Baby Care,77,Community Retail Co-op (Tier 2/3),General Trade,India - Tier 2/3,52.5,61.9433333333333333,9.4
32,Cloud Skin,Personal Care,76,Corner Store Network (Tier 2/3),General Trade,India - Tier 2/3,53.4,62.8356666666666667,9.4
77,Urban Creamery,Dairy,128,MetroBazaar (Qatar),Grocery,Gulf - Qatar,56.9,66.1566666666666667,9.3
80,Nomad Candy Co,Confectionery,87,MarketLink GT #2 (Tier 2/3),General Trade,India - Tier 2/3,53.1,62.4378000000000000,9.3
71,Golden Farms,Dairy,167,SunriseMart (Philippines),Grocery,SEA - Philippines,52.1,61.3750000000000000,9.3
11,Silver Snacks,Salty Snacks,13,GreenAisle #2,Grocery,North America,52.1,61.3621428571428571,9.3
77,Urban Creamery,Dairy,125,Sundry Traders Network (Saudi),General Trade,Gulf - Saudi,51.0,60.2775000000000000,9.3
17,Nomad Bubbles,Sparkling Water,49,SwiftBasket (Metro),Quick Commerce,India - Metro,52.7,61.9855603448275862,9.3
106,Vivid Little Ones,Baby Care,84,Corner Store Network #2 (Tier 2/3),General Trade,India - Tier 2/3,52.6,61.9433333333333333,9.3
83,Fresh Treats,Confectionery,89,Local Trade Collective #3 (Tier 2/3),General Trade,India - Tier 2/3,53.1,62.4378000000000000,9.3
24,Spring Care,Personal Care,96,UrbanPantry (UAE),Grocery,Gulf - UAE,53.8,63.1394736842105263,9.3
54,Nomad Drinks,Beverages,120,Neighborhood Wholesale (Saudi),General Trade,Gulf - Saudi,53.2,62.5236666666666667,9.3
40,Meadow Pantry,Packaged Foods,95,SunriseMart (UAE),Grocery,Gulf - UAE,53.7,63.0119318181818182,9.3
42,Urban Kitchen,Packaged Foods,179,MarketLink GT (Philippines),General Trade,SEA - Philippines,52.4,61.6500000000000000,9.3
67,Golden Milk Co,Dairy,195,Neighborhood Wholesale (Indonesia),General Trade,SEA - Indonesia,54.0,63.3287500000000000,9.3
2,Bold Snacks,Salty Snacks,50,HopMart (Metro),Quick Commerce,India - Metro,50.1,59.4456896551724138,9.3
105,Silver Baby Essentials,Baby Care,79,MarketLink GT (Tier 2/3),General Trade,India - Tier 2/3,52.6,61.9433333333333333,9.3
58,Coastal Clean,Home Care,198,Bazaar Wholesale (Indonesia),General Trade,SEA - Indonesia,54.4,63.7145833333333333,9.3
86,True Candy Co,Confectionery,172,HopMart (Philippines),Quick Commerce,SEA - Philippines,53.7,63.0394736842105263,9.3
82,Meadow Treats,Confectionery,89,Local Trade Collective #3 (Tier 2/3),General Trade,India - Tier 2/3,53.1,62.4378000000000000,9.3
21,Golden Fizz,Sparkling Water,149,ZipCart (Malaysia),Quick Commerce,SEA - Malaysia,52.3,61.5825000000000000,9.3
80,Nomad Candy Co,Confectionery,1,FreshMart,Grocery,North America,52.6,61.9236111111111111,9.3
21,Golden Fizz,Sparkling Water,50,HopMart (Metro),Quick Commerce,India - Metro,52.7,61.9855603448275862,9.3
59,Pure Shine,Home Care,95,SunriseMart (UAE),Grocery,Gulf - UAE,52.1,61.4090909090909091,9.3
30,Cloud Essentials,Personal Care,153,FlashCart (Malaysia),Quick Commerce,SEA - Malaysia,52.2,61.4575000000000000,9.3
87,Pure Sweets,Confectionery,5,DailyBasket,Grocery,North America,52.6,61.9236111111111111,9.3
16,Sunrise Water Co,Sparkling Water,168,QuickDash (Philippines),Quick Commerce,SEA - Philippines,55.4,64.6703947368421053,9.3
64,Blue Shine,Home Care,4,PrimeGrocer,Grocery,North America,52.2,61.5100694444444444,9.3
49,Meadow Beverages,Beverages,71,UrbanPantry (Tier 2/3),Grocery,India - Tier 2/3,53.3,62.6366666666666667,9.3
34,Bold Kitchen,Packaged Foods,146,DailyBasket (Malaysia),Grocery,SEA - Malaysia,53.2,62.4881250000000000,9.3
40,Meadow Pantry,Packaged Foods,93,PrimeGrocer (UAE),Grocery,Gulf - UAE,53.7,63.0119318181818182,9.3
21,Golden Fizz,Sparkling Water,45,ExpressStop (Metro),C-Store,India - Metro,52.8,61.9855603448275862,9.2
103,Coastal Baby Essentials,Baby Care,80,Sundry Traders Network (Tier 2/3),General Trade,India - Tier 2/3,52.7,61.9433333333333333,9.2
93,Urban Mornings,Breakfast & Cereal,90,FreshMart (UAE),Grocery,Gulf - UAE,54.2,63.3928030303030303,9.2
82,Meadow Treats,Confectionery,29,QuickStop #2,C-Store,North America,52.7,61.9236111111111111,9.2
66,Golden Household,Home Care,191,HopMart (Indonesia),Quick Commerce,SEA - Indonesia,54.5,63.7145833333333333,9.2
104,Meadow Baby Co,Baby Care,131,DailyBasket (Qatar),Grocery,Gulf - Qatar,52.4,61.6466666666666667,9.2
7,Urban Bites,Salty Snacks,199,MarketLink GT (Indonesia),General Trade,SEA - Indonesia,49.0,58.1575000000000000,9.2
89,Nomad Mornings,Breakfast & Cereal,76,Corner Store Network (Tier 2/3),General Trade,India - Tier 2/3,54.5,63.6752500000000000,9.2
70,Vivid Milk Co,Dairy,82,ValueTrade GT #2 (Tier 2/3),General Trade,India - Tier 2/3,53.4,62.6312000000000000,9.2
44,Spring Pantry,Packaged Foods,111,Community Retail Co-op (UAE),General Trade,Gulf - UAE,53.8,63.0119318181818182,9.2
50,Crunch Drinks,Beverages,199,MarketLink GT (Indonesia),General Trade,SEA - Indonesia,51.5,60.6750000000000000,9.2
56,Golden Shine,Home Care,82,ValueTrade GT #2 (Tier 2/3),General Trade,India - Tier 2/3,53.7,62.8800000000000000,9.2
85,Heritage Treats,Confectionery,84,Corner Store Network #2 (Tier 2/3),General Trade,India - Tier 2/3,53.2,62.4378000000000000,9.2
35,Silver Table,Packaged Foods,80,Sundry Traders Network (Tier 2/3),General Trade,India - Tier 2/3,52.7,61.8906000000000000,9.2
55,Vivid Sip,Beverages,187,QuickDash (Indonesia),Quick Commerce,SEA - Indonesia,51.5,60.6750000000000000,9.2
29,Golden Essentials,Personal Care,39,PrimeGrocer (Metro),Grocery,India - Metro,53.5,62.6680000000000000,9.2
11,Silver Snacks,Salty Snacks,89,Local Trade Collective #3 (Tier 2/3),General Trade,India - Tier 2/3,53.8,63.0406666666666667,9.2
66,Golden Household,Home Care,76,Corner Store Network (Tier 2/3),General Trade,India - Tier 2/3,53.7,62.8800000000000000,9.2
58,Coastal Clean,Home Care,200,Sundry Traders Network (Indonesia),General Trade,SEA - Indonesia,54.5,63.7145833333333333,9.2
28,Spring Skin,Personal Care,156,Neighborhood Wholesale (Malaysia),General Trade,SEA - Malaysia,52.3,61.4575000000000000,9.2
7,Urban Bites,Salty Snacks,181,FreshMart (Indonesia),Grocery,SEA - Indonesia,49.0,58.1575000000000000,9.2
98,Coastal Mornings,Breakfast & Cereal,117,SunriseMart (Saudi),Grocery,Gulf - Saudi,50.2,59.3711111111111111,9.2
63,Silver Household,Home Care,12,MetroBazaar #2,Grocery,North America,52.3,61.5100694444444444,9.2
13,Urban Bubbles,Sparkling Water,149,ZipCart (Malaysia),Quick Commerce,SEA - Malaysia,52.4,61.5825000000000000,9.2
96,Meadow Breakfast Co,Breakfast & Cereal,71,UrbanPantry (Tier 2/3),Grocery,India - Tier 2/3,54.5,63.6752500000000000,9.2
23,Golden Skin,Personal Care,52,NimbleMart (Metro),Quick Commerce,India - Metro,53.5,62.6680000000000000,9.2
6,Coastal Bites,Salty Snacks,3,GreenAisle,Grocery,North America,52.2,61.3621428571428571,9.2
59,Pure Shine,Home Care,57,Local Trade Collective (Metro),General Trade,India - Metro,52.2,61.3740000000000000,9.2
81,Prime Candy Co,Confectionery,135,SwiftBasket (Qatar),Quick Commerce,Gulf - Qatar,51.7,60.9133333333333333,9.2
33,Cloud Glow,Personal Care,66,MetroBazaar (Tier 2/3),Grocery,India - Tier 2/3,53.6,62.8356666666666667,9.2
80,Nomad Candy Co,Confectionery,79,MarketLink GT (Tier 2/3),General Trade,India - Tier 2/3,53.2,62.4378000000000000,9.2
51,Coastal Drinks,Beverages,157,Corner Store Network (Malaysia),General Trade,SEA - Malaysia,52.6,61.7712500000000000,9.2
55,Vivid Sip,Beverages,43,CornerFuel Mart (Metro),C-Store,India - Metro,52.9,62.0715517241379310,9.2
78,Prime Confections,Confectionery,197,Community Retail Co-op (Indonesia),General Trade,SEA - Indonesia,52.8,61.8512500000000000,9.1
2,Bold Snacks,Salty Snacks,40,DailyBasket (Metro),Grocery,India - Metro,50.3,59.4456896551724138,9.1
95,Cloud Mornings,Breakfast & Cereal,125,Sundry Traders Network (Saudi),General Trade,Gulf - Saudi,50.3,59.3711111111111111,9.1
63,Silver Household,Home Care,119,ValueTrade GT (Saudi),General Trade,Gulf - Saudi,54.1,63.1858333333333333,9.1
79,Coastal Candy Co,Confectionery,76,Corner Store Network (Tier 2/3),General Trade,India - Tier 2/3,53.3,62.4378000000000000,9.1
55,Vivid Sip,Beverages,37,MetroBazaar (Metro),Grocery,India - Metro,53.0,62.0715517241379310,9.1
99,Fresh Cereal Co,Breakfast & Cereal,152,HopMart (Malaysia),Quick Commerce,SEA - Malaysia,53.5,62.5915625000000000,9.1
30,Cloud Essentials,Personal Care,159,Bazaar Wholesale (Malaysia),General Trade,SEA - Malaysia,52.4,61.4575000000000000,9.1
90,Prime Grains,Breakfast & Cereal,109,Neighborhood Wholesale (UAE),General Trade,Gulf - UAE,54.3,63.3928030303030303,9.1
20,Heritage Springs,Sparkling Water,64,Sundry Traders Network (Metro),General Trade,India - Metro,52.9,61.9855603448275862,9.1
69,Everyday Milk Co,Dairy,161,Sundry Traders Network (Malaysia),General Trade,SEA - Malaysia,55.5,64.5987500000000000,9.1
51,Coastal Drinks,Beverages,144,GreenAisle (Malaysia),Grocery,SEA - Malaysia,52.7,61.7712500000000000,9.1
3,Prime Snacks,Salty Snacks,112,FreshMart (Saudi),Grocery,Gulf - Saudi,53.2,62.3475000000000000,9.1
82,Meadow Treats,Confectionery,75,Neighborhood Wholesale (Tier 2/3),General Trade,India - Tier 2/3,53.3,62.4378000000000000,9.1
16,Sunrise Water Co,Sparkling Water,171,SwiftBasket (Philippines),Quick Commerce,SEA - Philippines,55.6,64.6703947368421053,9.1
16,Sunrise Water Co,Sparkling Water,179,MarketLink GT (Philippines),General Trade,SEA - Philippines,55.6,64.6703947368421053,9.1
16,Sunrise Water Co,Sparkling Water,190,SwiftBasket (Indonesia),Quick Commerce,SEA - Indonesia,54.8,63.8825000000000000,9.1
18,Royal Fizz,Sparkling Water,10,HomeFresh,Grocery,North America,54.0,63.0876190476190476,9.1
18,Royal Fizz,Sparkling Water,14,SaverClub,Club,North America,54.0,63.0876190476190476,9.1
99,Fresh Cereal Co,Breakfast & Cereal,149,ZipCart (Malaysia),Quick Commerce,SEA - Malaysia,53.5,62.5915625000000000,9.1
38,Urban Pantry,Packaged Foods,115,PrimeGrocer (Saudi),Grocery,Gulf - Saudi,51.9,61.0458333333333333,9.1
54,Nomad Drinks,Beverages,120,Neighborhood Wholesale (Saudi),General Trade,Gulf - Saudi,53.4,62.5236666666666667,9.1
40,Meadow Pantry,Packaged Foods,108,ValueTrade GT (UAE),General Trade,Gulf - UAE,54.0,63.0119318181818182,9.0
106,Vivid Little Ones,Baby Care,88,Sundry Traders Network #2 (Tier 2/3),General Trade,India - Tier 2/3,52.9,61.9433333333333333,9.0
14,Golden Bubbles,Sparkling Water,20,PureRoots Market,Natural,North America,54.1,63.0876190476190476,9.0
3,Prime Snacks,Salty Snacks,29,QuickStop #2,C-Store,North America,52.4,61.3621428571428571,9.0
109,Silver Little Ones,Baby Care,8,ValueGrocer,Grocery,North America,54.0,63.0250000000000000,9.0
13,Urban Bubbles,Sparkling Water,179,MarketLink GT (Philippines),General Trade,SEA - Philippines,55.7,64.6703947368421053,9.0
21,Golden Fizz,Sparkling Water,53,RapidBasket (Metro),Quick Commerce,India - Metro,53.0,61.9855603448275862,9.0
82,Meadow Treats,Confectionery,80,Sundry Traders Network (Tier 2/3),General Trade,India - Tier 2/3,53.4,62.4378000000000000,9.0
20,Heritage Springs,Sparkling Water,44,GoStop (Metro),C-Store,India - Metro,53.0,61.9855603448275862,9.0
109,Silver Little Ones,Baby Care,133,ZipCart (Qatar),Quick Commerce,Gulf - Qatar,52.6,61.6466666666666667,9.0
7,Urban Bites,Salty Snacks,195,Neighborhood Wholesale (Indonesia),General Trade,SEA - Indonesia,49.2,58.1575000000000000,9.0
75,Vivid Dairy,Dairy,82,ValueTrade GT #2 (Tier 2/3),General Trade,India - Tier 2/3,53.6,62.6312000000000000,9.0
94,Crunch Cereal Co,Breakfast & Cereal,192,FlashCart (Indonesia),Quick Commerce,SEA - Indonesia,52.4,61.4287500000000000,9.0
105,Silver Baby Essentials,Baby Care,86,Bazaar Wholesale #2 (Tier 2/3),General Trade,India - Tier 2/3,52.9,61.9433333333333333,9.0
12,True Water Co,Sparkling Water,75,Neighborhood Wholesale (Tier 2/3),General Trade,India - Tier 2/3,54.4,63.3680000000000000,9.0
62,Royal Household,Home Care,10,HomeFresh,Grocery,North America,52.5,61.5100694444444444,9.0
6,Coastal Bites,Salty Snacks,118,Local Trade Collective (Saudi),General Trade,Gulf - Saudi,53.3,62.3475000000000000,9.0
38,Urban Pantry,Packaged Foods,114,GreenAisle (Saudi),Grocery,Gulf - Saudi,52.0,61.0458333333333333,9.0
12,True Water Co,Sparkling Water,42,QuickStop (Metro),C-Store,India - Metro,53.0,61.9855603448275862,9.0
98,Coastal Mornings,Breakfast & Cereal,65,FreshMart (Tier 2/3),Grocery,India - Tier 2/3,54.7,63.6752500000000000,9.0
71,Golden Farms,Dairy,175,Neighborhood Wholesale (Philippines),General Trade,SEA - Philippines,52.4,61.3750000000000000,9.0
28,Spring Skin,Personal Care,160,MarketLink GT (Malaysia),General Trade,SEA - Malaysia,52.6,61.4575000000000000,8.9
74,Sunrise Milk Co,Dairy,82,ValueTrade GT #2 (Tier 2/3),General Trade,India - Tier 2/3,53.7,62.6312000000000000,8.9
87,Pure Sweets,Confectionery,7,UrbanPantry,Grocery,North America,53.0,61.9236111111111111,8.9
1,True Snacks,Salty Snacks,74,ValueTrade GT (Tier 2/3),General Trade,India - Tier 2/3,54.1,63.0406666666666667,8.9
56,Golden Shine,Home Care,76,Corner Store Network (Tier 2/3),General Trade,India - Tier 2/3,54.0,62.8800000000000000,8.9
44,Spring Pantry,Packaged Foods,97,SaverClub (UAE),Club,Gulf - UAE,54.1,63.0119318181818182,8.9
80,Nomad Candy Co,Confectionery,12,MetroBazaar #2,Grocery,North America,53.0,61.9236111111111111,8.9
66,Golden Household,Home Care,195,Neighborhood Wholesale (Indonesia),General Trade,SEA - Indonesia,54.8,63.7145833333333333,8.9
76,Royal Farms,Dairy,67,GreenAisle (Tier 2/3),Grocery,India - Tier 2/3,53.7,62.6312000000000000,8.9
21,Golden Fizz,Sparkling Water,155,ValueTrade GT (Malaysia),General Trade,SEA - Malaysia,52.7,61.5825000000000000,8.9
4,Blue Bites,Salty Snacks,159,Bazaar Wholesale (Malaysia),General Trade,SEA - Malaysia,51.4,60.3325000000000000,8.9
43,Coastal Table,Packaged Foods,73,Local Trade Collective (Tier 2/3),General Trade,India - Tier 2/3,53.0,61.8906000000000000,8.9
82,Meadow Treats,Confectionery,26,CornerFuel Mart,C-Store,North America,53.0,61.9236111111111111,8.9
83,Fresh Treats,Confectionery,67,GreenAisle (Tier 2/3),Grocery,India - Tier 2/3,53.5,62.4378000000000000,8.9
71,Golden Farms,Dairy,3,GreenAisle,Grocery,North America,51.8,60.7394736842105263,8.9
89,Nomad Mornings,Breakfast & Cereal,67,GreenAisle (Tier 2/3),Grocery,India - Tier 2/3,54.8,63.6752500000000000,8.9
93,Urban Mornings,Breakfast & Cereal,94,DailyBasket (UAE),Grocery,Gulf - UAE,54.5,63.3928030303030303,8.9
57,Cloud Shine,Home Care,65,FreshMart (Tier 2/3),Grocery,India - Tier 2/3,54.0,62.8800000000000000,8.9
102,Coastal Little Ones,Baby Care,66,MetroBazaar (Tier 2/3),Grocery,India - Tier 2/3,53.0,61.9433333333333333,8.9
77,Urban Creamery,Dairy,138,ValueTrade GT (Qatar),General Trade,Gulf - Qatar,57.3,66.1566666666666667,8.9
14,Golden Bubbles,Sparkling Water,27,GoStop,C-Store,North America,54.2,63.0876190476190476,8.9
110,Meadow Tiny Care,Baby Care,52,NimbleMart (Metro),Quick Commerce,India - Metro,54.3,63.2150000000000000,8.9
51,Coastal Drinks,Beverages,147,SunriseMart (Malaysia),Grocery,SEA - Malaysia,53.0,61.7712500000000000,8.8
57,Cloud Shine,Home Care,87,MarketLink GT #2 (Tier 2/3),General Trade,India - Tier 2/3,54.1,62.8800000000000000,8.8
89,Nomad Mornings,Breakfast & Cereal,84,Corner Store Network #2 (Tier 2/3),General Trade,India - Tier 2/3,54.9,63.6752500000000000,8.8
88,Pure Treats,Confectionery,182,MetroBazaar (Indonesia),Grocery,SEA - Indonesia,53.1,61.8512500000000000,8.8
7,Urban Bites,Salty Snacks,185,DailyBasket (Indonesia),Grocery,SEA - Indonesia,49.4,58.1575000000000000,8.8
70,Vivid Milk Co,Dairy,89,Local Trade Collective #3 (Tier 2/3),General Trade,India - Tier 2/3,53.8,62.6312000000000000,8.8
88,Pure Treats,Confectionery,183,GreenAisle (Indonesia),Grocery,SEA - Indonesia,53.1,61.8512500000000000,8.8
42,Urban Kitchen,Packaged Foods,167,SunriseMart (Philippines),Grocery,SEA - Philippines,52.9,61.6500000000000000,8.8
12,True Water Co,Sparkling Water,75,Neighborhood Wholesale (Tier 2/3),General Trade,India - Tier 2/3,54.6,63.3680000000000000,8.8
11,Silver Snacks,Salty Snacks,9,CityMart,Grocery,North America,52.6,61.3621428571428571,8.8
55,Vivid Sip,Beverages,184,PrimeGrocer (Indonesia),Grocery,SEA - Indonesia,51.9,60.6750000000000000,8.8
76,Royal Farms,Dairy,11,FreshMart #2,Grocery,North America,51.9,60.7394736842105263,8.8
42,Urban Kitchen,Packaged Foods,180,Sundry Traders Network (Philippines),General Trade,SEA - Philippines,52.9,61.6500000000000000,8.8
3,Prime Snacks,Salty Snacks,123,Bazaar Wholesale (Saudi),General Trade,Gulf - Saudi,53.5,62.3475000000000000,8.8
67,Golden Milk Co,Dairy,185,DailyBasket (Indonesia),Grocery,SEA - Indonesia,54.5,63.3287500000000000,8.8
100,Fresh Tiny Care,Baby Care,84,Corner Store Network #2 (Tier 2/3),General Trade,India - Tier 2/3,53.1,61.9433333333333333,8.8
58,Coastal Clean,Home Care,95,SunriseMart (UAE),Grocery,Gulf - UAE,52.6,61.4090909090909091,8.8
55,Vivid Sip,Beverages,197,Community Retail Co-op (Indonesia),General Trade,SEA - Indonesia,51.9,60.6750000000000000,8.8
29,Golden Essentials,Personal Care,47,ZipCart (Metro),Quick Commerce,India - Metro,53.9,62.6680000000000000,8.8
92,Cloud Grains,Breakfast & Cereal,167,SunriseMart (Philippines),Grocery,SEA - Philippines,53.2,62.0381578947368421,8.8
38,Urban Pantry,Packaged Foods,119,ValueTrade GT (Saudi),General Trade,Gulf - Saudi,52.2,61.0458333333333333,8.8
42,Urban Kitchen,Packaged Foods,82,ValueTrade GT #2 (Tier 2/3),General Trade,India - Tier 2/3,53.1,61.8906000000000000,8.8
17,Nomad Bubbles,Sparkling Water,45,ExpressStop (Metro),C-Store,India - Metro,53.2,61.9855603448275862,8.8
8,Meadow Crisps,Salty Snacks,82,ValueTrade GT #2 (Tier 2/3),General Trade,India - Tier 2/3,54.2,63.0406666666666667,8.8
64,Blue Shine,Home Care,189,DashKart (Indonesia),Quick Commerce,SEA - Indonesia,54.9,63.7145833333333333,8.8
64,Blue Shine,Home Care,11,FreshMart #2,Grocery,North America,52.7,61.5100694444444444,8.8
78,Prime Confections,Confectionery,56,QuickDash #2 (Metro),Quick Commerce,India - Metro,53.9,62.6568965517241379,8.8
76,Royal Farms,Dairy,22,NaturaLife Market,Natural,North America,51.9,60.7394736842105263,8.8
14,Golden Bubbles,Sparkling Water,27,GoStop,C-Store,North America,54.3,63.0876190476190476,8.8
1,True Snacks,Salty Snacks,82,ValueTrade GT #2 (Tier 2/3),General Trade,India - Tier 2/3,54.3,63.0406666666666667,8.7
50,Crunch Drinks,Beverages,180,Sundry Traders Network (Philippines),General Trade,SEA - Philippines,55.8,64.5381578947368421,8.7
108,Crunch Baby Co,Baby Care,123,Bazaar Wholesale (Saudi),General Trade,Gulf - Saudi,55.9,64.5725000000000000,8.7
47,Sunrise Refresh,Beverages,121,Corner Store Network (Saudi),General Trade,Gulf - Saudi,53.8,62.5236666666666667,8.7
61,Crunch Household,Home Care,38,GreenAisle (Metro),Grocery,India - Metro,52.7,61.3740000000000000,8.7
105,Silver Baby Essentials,Baby Care,199,MarketLink GT (Indonesia),General Trade,SEA - Indonesia,51.0,59.7341666666666667,8.7
108,Crunch Baby Co,Baby Care,116,DailyBasket (Saudi),Grocery,Gulf - Saudi,55.9,64.5725000000000000,8.7
50,Crunch Drinks,Beverages,193,Local Trade Collective (Indonesia),General Trade,SEA - Indonesia,52.0,60.6750000000000000,8.7
44,Spring Pantry,Packaged Foods,90,FreshMart (UAE),Grocery,Gulf - UAE,54.3,63.0119318181818182,8.7
16,Sunrise Water Co,Sparkling Water,166,DailyBasket (Philippines),Grocery,SEA - Philippines,56.0,64.6703947368421053,8.7
105,Silver Baby Essentials,Baby Care,75,Neighborhood Wholesale (Tier 2/3),General Trade,India - Tier 2/3,53.2,61.9433333333333333,8.7
66,Golden Household,Home Care,193,Local Trade Collective (Indonesia),General Trade,SEA - Indonesia,55.0,63.7145833333333333,8.7
18,Royal Fizz,Sparkling Water,22,NaturaLife Market,Natural,North America,54.4,63.0876190476190476,8.7
10,Silver Chips,Salty Snacks,123,Bazaar Wholesale (Saudi),General Trade,Gulf - Saudi,53.6,62.3475000000000000,8.7
44,Spring Pantry,Packaged Foods,84,Corner Store Network #2 (Tier 2/3),General Trade,India - Tier 2/3,53.2,61.8906000000000000,8.7
25,Royal Skin,Personal Care,143,MetroBazaar (Malaysia),Grocery,SEA - Malaysia,52.8,61.4575000000000000,8.7
78,Prime Confections,Confectionery,189,DashKart (Indonesia),Quick Commerce,SEA - Indonesia,53.2,61.8512500000000000,8.7
44,Spring Pantry,Packaged Foods,83,Neighborhood Wholesale #2 (Tier 2/3),General Trade,India - Tier 2/3,53.2,61.8906000000000000,8.7
16,Sunrise Water Co,Sparkling Water,196,Corner Store Network (Indonesia),General Trade,SEA - Indonesia,55.2,63.8825000000000000,8.7
35,Silver Table,Packaged Foods,86,Bazaar Wholesale #2 (Tier 2/3),General Trade,India - Tier 2/3,53.2,61.8906000000000000,8.7
64,Blue Shine,Home Care,12,MetroBazaar #2,Grocery,North America,52.8,61.5100694444444444,8.7
110,Meadow Tiny Care,Baby Care,5,DailyBasket,Grocery,North America,54.3,63.0250000000000000,8.7
107,Spring Tiny Care,Baby Care,196,Corner Store Network (Indonesia),General Trade,SEA - Indonesia,51.0,59.7341666666666667,8.7
30,Cloud Essentials,Personal Care,146,DailyBasket (Malaysia),Grocery,SEA - Malaysia,52.8,61.4575000000000000,8.7
36,Cloud Table,Packaged Foods,67,GreenAisle (Tier 2/3),Grocery,India - Tier 2/3,53.2,61.8906000000000000,8.7
6,Coastal Bites,Salty Snacks,11,FreshMart #2,Grocery,North America,52.7,61.3621428571428571,8.7
45,Pure Drinks,Beverages,114,GreenAisle (Saudi),Grocery,Gulf - Saudi,53.8,62.5236666666666667,8.7
37,Heritage Kitchen,Packaged Foods,126,Local Trade Collective #2 (Saudi),General Trade,Gulf - Saudi,52.3,61.0458333333333333,8.7
28,Spring Skin,Personal Care,10,HomeFresh,Grocery,North America,54.5,63.2026315789473684,8.7
79,Coastal Candy Co,Confectionery,78,Bazaar Wholesale (Tier 2/3),General Trade,India - Tier 2/3,53.7,62.4378000000000000,8.7
9,Spring Crisps,Salty Snacks,98,BulkBasket Club (UAE),Club,Gulf - UAE,54.0,62.7130681818181818,8.7
78,Prime Confections,Confectionery,190,SwiftBasket (Indonesia),Quick Commerce,SEA - Indonesia,53.2,61.8512500000000000,8.7
94,Crunch Cereal Co,Breakfast & Cereal,194,ValueTrade GT (Indonesia),General Trade,SEA - Indonesia,52.7,61.4287500000000000,8.7
51,Coastal Drinks,Beverages,152,HopMart (Malaysia),Quick Commerce,SEA - Malaysia,53.2,61.7712500000000000,8.6
25,Royal Skin,Personal Care,148,QuickDash (Malaysia),Quick Commerce,SEA - Malaysia,52.9,61.4575000000000000,8.6
2,Bold Snacks,Salty Snacks,121,Corner Store Network (Saudi),General Trade,Gulf - Saudi,53.7,62.3475000000000000,8.6
30,Cloud Essentials,Personal Care,150,DashKart (Malaysia),Quick Commerce,SEA - Malaysia,52.9,61.4575000000000000,8.6
32,Cloud Skin,Personal Care,76,Corner Store Network (Tier 2/3),General Trade,India - Tier 2/3,54.2,62.8356666666666667,8.6
19,Fresh Fizz,Sparkling Water,20,PureRoots Market,Natural,North America,54.5,63.0876190476190476,8.6
3,Prime Snacks,Salty Snacks,30,CornerFuel Mart #2,C-Store,North America,52.8,61.3621428571428571,8.6
61,Crunch Household,Home Care,49,SwiftBasket (Metro),Quick Commerce,India - Metro,52.8,61.3740000000000000,8.6
35,Silver Table,Packaged Foods,89,Local Trade Collective #3 (Tier 2/3),General Trade,India - Tier 2/3,53.3,61.8906000000000000,8.6
60,True Shine,Home Care,106,NimbleMart (UAE),Quick Commerce,Gulf - UAE,52.8,61.4090909090909091,8.6
40,Meadow Pantry,Packaged Foods,109,Neighborhood Wholesale (UAE),General Trade,Gulf - UAE,54.4,63.0119318181818182,8.6
4,Blue Bites,Salty Snacks,147,SunriseMart (Malaysia),Grocery,SEA - Malaysia,51.7,60.3325000000000000,8.6
23,Golden Skin,Personal Care,38,GreenAisle (Metro),Grocery,India - Metro,54.1,62.6680000000000000,8.6
17,Nomad Bubbles,Sparkling Water,60,Corner Store Network (Metro),General Trade,India - Metro,53.4,61.9855603448275862,8.6
6,Coastal Bites,Salty Snacks,9,CityMart,Grocery,North America,52.8,61.3621428571428571,8.6
71,Golden Farms,Dairy,6,SunriseMart,Grocery,North America,52.1,60.7394736842105263,8.6
83,Fresh Treats,Confectionery,122,Community Retail Co-op (Saudi),General Trade,Gulf - Saudi,53.9,62.4883333333333333,8.6
6,Coastal Bites,Salty Snacks,126,Local Trade Collective #2 (Saudi),General Trade,Gulf - Saudi,53.7,62.3475000000000000,8.6
83,Fresh Treats,Confectionery,78,Bazaar Wholesale (Tier 2/3),General Trade,India - Tier 2/3,53.8,62.4378000000000000,8.6
43,Coastal Table,Packaged Foods,51,FlashCart (Metro),Quick Commerce,India - Metro,53.7,62.2600000000000000,8.6
73,Blue Milk Co,Dairy,181,FreshMart (Indonesia),Grocery,SEA - Indonesia,54.7,63.3287500000000000,8.6
82,Meadow Treats,Confectionery,77,Community Retail Co-op (Tier 2/3),General Trade,India - Tier 2/3,53.8,62.4378000000000000,8.6
103,Coastal Baby Essentials,Baby Care,89,Local Trade Collective #3 (Tier 2/3),General Trade,India - Tier 2/3,53.3,61.9433333333333333,8.6
46,Fresh Refresh,Beverages,15,BulkBasket Club,Club,North America,54.3,62.8907142857142857,8.6
13,Urban Bubbles,Sparkling Water,180,Sundry Traders Network (Philippines),General Trade,SEA - Philippines,56.1,64.6703947368421053,8.6
104,Meadow Baby Co,Baby Care,189,DashKart (Indonesia),Quick Commerce,SEA - Indonesia,51.1,59.7341666666666667,8.6
11,Silver Snacks,Salty Snacks,87,MarketLink GT #2 (Tier 2/3),General Trade,India - Tier 2/3,54.4,63.0406666666666667,8.6
75,Vivid Dairy,Dairy,77,Community Retail Co-op (Tier 2/3),General Trade,India - Tier 2/3,54.0,62.6312000000000000,8.6
11,Silver Snacks,Salty Snacks,66,MetroBazaar (Tier 2/3),Grocery,India - Tier 2/3,54.4,63.0406666666666667,8.6
11,Silver Snacks,Salty Snacks,29,QuickStop #2,C-Store,North America,52.8,61.3621428571428571,8.6
1,True Snacks,Salty Snacks,82,ValueTrade GT #2 (Tier 2/3),General Trade,India - Tier 2/3,54.5,63.0406666666666667,8.5
57,Cloud Shine,Home Care,72,ValueGrocer (Tier 2/3),Grocery,India - Tier 2/3,54.4,62.8800000000000000,8.5
90,Prime Grains,Breakfast & Cereal,144,GreenAisle (Malaysia),Grocery,SEA - Malaysia,54.1,62.5915625000000000,8.5
36,Cloud Table,Packaged Foods,82,ValueTrade GT #2 (Tier 2/3),General Trade,India - Tier 2/3,53.4,61.8906000000000000,8.5
102,Coastal Little Ones,Baby Care,86,Bazaar Wholesale #2 (Tier 2/3),General Trade,India - Tier 2/3,53.4,61.9433333333333333,8.5
17,Nomad Bubbles,Sparkling Water,48,DashKart (Metro),Quick Commerce,India - Metro,53.5,61.9855603448275862,8.5
51,Coastal Drinks,Beverages,144,GreenAisle (Malaysia),Grocery,SEA - Malaysia,53.3,61.7712500000000000,8.5
95,Cloud Mornings,Breakfast & Cereal,125,Sundry Traders Network (Saudi),General Trade,Gulf - Saudi,50.9,59.3711111111111111,8.5
73,Blue Milk Co,Dairy,200,Sundry Traders Network (Indonesia),General Trade,SEA - Indonesia,54.8,63.3287500000000000,8.5
106,Vivid Little Ones,Baby Care,121,Corner Store Network (Saudi),General Trade,Gulf - Saudi,56.1,64.5725000000000000,8.5
109,Silver Little Ones,Baby Care,138,ValueTrade GT (Qatar),General Trade,Gulf - Qatar,53.1,61.6466666666666667,8.5
26,Prime Care,Personal Care,85,Community Retail Co-op #2 (Tier 2/3),General Trade,India - Tier 2/3,54.3,62.8356666666666667,8.5
70,Vivid Milk Co,Dairy,117,SunriseMart (Saudi),Grocery,Gulf - Saudi,51.8,60.2775000000000000,8.5
17,Nomad Bubbles,Sparkling Water,58,ValueTrade GT (Metro),General Trade,India - Metro,53.5,61.9855603448275862,8.5
68,Cloud Dairy,Dairy,190,SwiftBasket (Indonesia),Quick Commerce,SEA - Indonesia,54.8,63.3287500000000000,8.5
55,Vivid Sip,Beverages,192,FlashCart (Indonesia),Quick Commerce,SEA - Indonesia,52.2,60.6750000000000000,8.5
1,True Snacks,Salty Snacks,79,MarketLink GT (Tier 2/3),General Trade,India - Tier 2/3,54.5,63.0406666666666667,8.5
109,Silver Little Ones,Baby Care,134,DashKart (Qatar),Quick Commerce,Gulf - Qatar,53.1,61.6466666666666667,8.5
105,Silver Baby Essentials,Baby Care,81,Local Trade Collective #2 (Tier 2/3),General Trade,India - Tier 2/3,53.4,61.9433333333333333,8.5
99,Fresh Cereal Co,Breakfast & Cereal,144,GreenAisle (Malaysia),Grocery,SEA - Malaysia,54.1,62.5915625000000000,8.5
19,Fresh Fizz,Sparkling Water,19,GreenLeaf Naturals,Natural,North America,54.6,63.0876190476190476,8.5
75,Vivid Dairy,Dairy,105,FlashCart (UAE),Quick Commerce,Gulf - UAE,55.7,64.2289473684210526,8.5
70,Vivid Milk Co,Dairy,76,Corner Store Network (Tier 2/3),General Trade,India - Tier 2/3,54.1,62.6312000000000000,8.5
40,Meadow Pantry,Packaged Foods,104,HopMart (UAE),Quick Commerce,Gulf - UAE,54.5,63.0119318181818182,8.5
68,Cloud Dairy,Dairy,188,ZipCart (Indonesia),Quick Commerce,SEA - Indonesia,54.9,63.3287500000000000,8.4
110,Meadow Tiny Care,Baby Care,46,QuickDash (Metro),Quick Commerce,India - Metro,54.8,63.2150000000000000,8.4
40,Meadow Pantry,Packaged Foods,96,UrbanPantry (UAE),Grocery,Gulf - UAE,54.6,63.0119318181818182,8.4
101,Everyday Tiny Care,Baby Care,137,Local Trade Collective (Qatar),General Trade,Gulf - Qatar,53.2,61.6466666666666667,8.4
68,Cloud Dairy,Dairy,181,FreshMart (Indonesia),Grocery,SEA - Indonesia,54.9,63.3287500000000000,8.4
47,Sunrise Refresh,Beverages,71,UrbanPantry (Tier 2/3),Grocery,India - Tier 2/3,54.2,62.6366666666666667,8.4
63,Silver Household,Home Care,16,WareClub,Club,North America,53.1,61.5100694444444444,8.4
91,Coastal Cereal Co,Breakfast & Cereal,123,Bazaar Wholesale (Saudi),General Trade,Gulf - Saudi,51.0,59.3711111111111111,8.4
47,Sunrise Refresh,Beverages,80,Sundry Traders Network (Tier 2/3),General Trade,India - Tier 2/3,54.2,62.6366666666666667,8.4
96,Meadow Breakfast Co,Breakfast & Cereal,82,ValueTrade GT #2 (Tier 2/3),General Trade,India - Tier 2/3,55.3,63.6752500000000000,8.4
32,Cloud Skin,Personal Care,65,FreshMart (Tier 2/3),Grocery,India - Tier 2/3,54.4,62.8356666666666667,8.4
73,Blue Milk Co,Dairy,21,EarthAisle,Natural,North America,52.3,60.7394736842105263,8.4
62,Royal Household,Home Care,125,Sundry Traders Network (Saudi),General Trade,Gulf - Saudi,54.8,63.1858333333333333,8.4
90,Prime Grains,Breakfast & Cereal,102,DashKart (UAE),Quick Commerce,Gulf - UAE,55.0,63.3928030303030303,8.4
84,Everyday Treats,Confectionery,193,Local Trade Collective (Indonesia),General Trade,SEA - Indonesia,53.5,61.8512500000000000,8.4
106,Vivid Little Ones,Baby Care,67,GreenAisle (Tier 2/3),Grocery,India - Tier 2/3,53.5,61.9433333333333333,8.4
93,Urban Mornings,Breakfast & Cereal,162,FreshMart (Philippines),Grocery,SEA - Philippines,53.6,62.0381578947368421,8.4
98,Coastal Mornings,Breakfast & Cereal,120,Neighborhood Wholesale (Saudi),General Trade,Gulf - Saudi,51.0,59.3711111111111111,8.4
23,Golden Skin,Personal Care,55,DartMart (Metro),Quick Commerce,India - Metro,54.3,62.6680000000000000,8.4
83,Fresh Treats,Confectionery,126,Local Trade Collective #2 (Saudi),General Trade,Gulf - Saudi,54.1,62.4883333333333333,8.4
102,Coastal Little Ones,Baby Care,85,Community Retail Co-op #2 (Tier 2/3),General Trade,India - Tier 2/3,53.5,61.9433333333333333,8.4
9,Spring Crisps,Salty Snacks,96,UrbanPantry (UAE),Grocery,Gulf - UAE,54.3,62.7130681818181818,8.4
93,Urban Mornings,Breakfast & Cereal,169,ZipCart (Philippines),Quick Commerce,SEA - Philippines,53.6,62.0381578947368421,8.4
78,Prime Confections,Confectionery,190,SwiftBasket (Indonesia),Quick Commerce,SEA - Indonesia,53.5,61.8512500000000000,8.4
93,Urban Mornings,Breakfast & Cereal,165,PrimeGrocer (Philippines),Grocery,SEA - Philippines,53.7,62.0381578947368421,8.3
52,Spring Sip,Beverages,136,HopMart (Qatar),Quick Commerce,Gulf - Qatar,54.1,62.3838888888888889,8.3
17,Nomad Bubbles,Sparkling Water,52,NimbleMart (Metro),Quick Commerce,India - Metro,53.7,61.9855603448275862,8.3
38,Urban Pantry,Packaged Foods,179,MarketLink GT (Philippines),General Trade,SEA - Philippines,53.4,61.6500000000000000,8.3
72,Nomad Milk Co,Dairy,85,Community Retail Co-op #2 (Tier 2/3),General Trade,India - Tier 2/3,54.3,62.6312000000000000,8.3
59,Pure Shine,Home Care,92,GreenAisle (UAE),Grocery,Gulf - UAE,53.1,61.4090909090909091,8.3
71,Golden Farms,Dairy,1,FreshMart,Grocery,North America,52.4,60.7394736842105263,8.3
49,Meadow Beverages,Beverages,74,ValueTrade GT (Tier 2/3),General Trade,India - Tier 2/3,54.3,62.6366666666666667,8.3
76,Royal Farms,Dairy,75,Neighborhood Wholesale (Tier 2/3),General Trade,India - Tier 2/3,54.3,62.6312000000000000,8.3
43,Coastal Table,Packaged Foods,70,SunriseMart (Tier 2/3),Grocery,India - Tier 2/3,53.6,61.8906000000000000,8.3
96,Meadow Breakfast Co,Breakfast & Cereal,73,Local Trade Collective (Tier 2/3),General Trade,India - Tier 2/3,55.4,63.6752500000000000,8.3
103,Coastal Baby Essentials,Baby Care,67,GreenAisle (Tier 2/3),Grocery,India - Tier 2/3,53.6,61.9433333333333333,8.3
8,Meadow Crisps,Salty Snacks,77,Community Retail Co-op (Tier 2/3),General Trade,India - Tier 2/3,54.7,63.0406666666666667,8.3
55,Vivid Sip,Beverages,189,DashKart (Indonesia),Quick Commerce,SEA - Indonesia,52.4,60.6750000000000000,8.3
70,Vivid Milk Co,Dairy,72,ValueGrocer (Tier 2/3),Grocery,India - Tier 2/3,54.3,62.6312000000000000,8.3
110,Meadow Tiny Care,Baby Care,38,GreenAisle (Metro),Grocery,India - Metro,54.9,63.2150000000000000,8.3
25,Royal Skin,Personal Care,150,DashKart (Malaysia),Quick Commerce,SEA - Malaysia,53.2,61.4575000000000000,8.3
26,Prime Care,Personal Care,80,Sundry Traders Network (Tier 2/3),General Trade,India - Tier 2/3,54.5,62.8356666666666667,8.3
68,Cloud Dairy,Dairy,188,ZipCart (Indonesia),Quick Commerce,SEA - Indonesia,55.0,63.3287500000000000,8.3
25,Royal Skin,Personal Care,144,GreenAisle (Malaysia),Grocery,SEA - Malaysia,53.2,61.4575000000000000,8.3
70,Vivid Milk Co,Dairy,115,PrimeGrocer (Saudi),Grocery,Gulf - Saudi,52.0,60.2775000000000000,8.3
76,Royal Farms,Dairy,83,Neighborhood Wholesale #2 (Tier 2/3),General Trade,India - Tier 2/3,54.3,62.6312000000000000,8.3
79,Coastal Candy Co,Confectionery,89,Local Trade Collective #3 (Tier 2/3),General Trade,India - Tier 2/3,54.1,62.4378000000000000,8.3
98,Coastal Mornings,Breakfast & Cereal,125,Sundry Traders Network (Saudi),General Trade,Gulf - Saudi,51.1,59.3711111111111111,8.3
44,Spring Pantry,Packaged Foods,76,Corner Store Network (Tier 2/3),General Trade,India - Tier 2/3,53.6,61.8906000000000000,8.3
75,Vivid Dairy,Dairy,89,Local Trade Collective #3 (Tier 2/3),General Trade,India - Tier 2/3,54.3,62.6312000000000000,8.3
6,Coastal Bites,Salty Snacks,31,GoStop #2,C-Store,North America,53.1,61.3621428571428571,8.3
30,Cloud Essentials,Personal Care,1,FreshMart,Grocery,North America,54.9,63.2026315789473684,8.3
42,Urban Kitchen,Packaged Foods,166,DailyBasket (Philippines),Grocery,SEA - Philippines,53.4,61.6500000000000000,8.3
2,Bold Snacks,Salty Snacks,63,MarketLink GT (Metro),General Trade,India - Metro,51.1,59.4456896551724138,8.3
55,Vivid Sip,Beverages,55,DartMart (Metro),Quick Commerce,India - Metro,53.9,62.0715517241379310,8.2
40,Meadow Pantry,Packaged Foods,98,BulkBasket Club (UAE),Club,Gulf - UAE,54.8,63.0119318181818182,8.2
41,Royal Kitchen,Packaged Foods,12,MetroBazaar #2,Grocery,North America,54.3,62.4755208333333333,8.2
85,Heritage Treats,Confectionery,85,Community Retail Co-op #2 (Tier 2/3),General Trade,India - Tier 2/3,54.2,62.4378000000000000,8.2
53,Cloud Sip,Beverages,125,Sundry Traders Network (Saudi),General Trade,Gulf - Saudi,54.3,62.5236666666666667,8.2
51,Coastal Drinks,Beverages,20,PureRoots Market,Natural,North America,54.7,62.8907142857142857,8.2
42,Urban Kitchen,Packaged Foods,87,MarketLink GT #2 (Tier 2/3),General Trade,India - Tier 2/3,53.7,61.8906000000000000,8.2
84,Everyday Treats,Confectionery,200,Sundry Traders Network (Indonesia),General Trade,SEA - Indonesia,53.7,61.8512500000000000,8.2
87,Pure Sweets,Confectionery,1,FreshMart,Grocery,North America,53.7,61.9236111111111111,8.2
101,Everyday Tiny Care,Baby Care,140,Corner Store Network (Qatar),General Trade,Gulf - Qatar,53.4,61.6466666666666667,8.2
15,Blue Springs,Sparkling Water,112,FreshMart (Saudi),Grocery,Gulf - Saudi,54.9,63.0650000000000000,8.2
57,Cloud Shine,Home Care,67,GreenAisle (Tier 2/3),Grocery,India - Tier 2/3,54.7,62.8800000000000000,8.2
19,Fresh Fizz,Sparkling Water,78,Bazaar Wholesale (Tier 2/3),General Trade,India - Tier 2/3,55.2,63.3680000000000000,8.2
54,Nomad Drinks,Beverages,81,Local Trade Collective #2 (Tier 2/3),General Trade,India - Tier 2/3,54.4,62.6366666666666667,8.2
33,Cloud Glow,Personal Care,67,GreenAisle (Tier 2/3),Grocery,India - Tier 2/3,54.6,62.8356666666666667,8.2
73,Blue Milk Co,Dairy,189,DashKart (Indonesia),Quick Commerce,SEA - Indonesia,55.1,63.3287500000000000,8.2
107,Spring Tiny Care,Baby Care,182,MetroBazaar (Indonesia),Grocery,SEA - Indonesia,51.5,59.7341666666666667,8.2
84,Everyday Treats,Confectionery,192,FlashCart (Indonesia),Quick Commerce,SEA - Indonesia,53.7,61.8512500000000000,8.2
49,Meadow Beverages,Beverages,85,Community Retail Co-op #2 (Tier 2/3),General Trade,India - Tier 2/3,54.4,62.6366666666666667,8.2
64,Blue Shine,Home Care,8,ValueGrocer,Grocery,North America,53.3,61.5100694444444444,8.2
27,Golden Glow,Personal Care,198,Bazaar Wholesale (Indonesia),General Trade,SEA - Indonesia,52.2,60.4337500000000000,8.2
74,Sunrise Milk Co,Dairy,80,Sundry Traders Network (Tier 2/3),General Trade,India - Tier 2/3,54.4,62.6312000000000000,8.2
45,Pure Drinks,Beverages,113,MetroBazaar (Saudi),Grocery,Gulf - Saudi,54.3,62.5236666666666667,8.2
88,Pure Treats,Confectionery,103,SwiftBasket (UAE),Quick Commerce,Gulf - UAE,53.8,61.9394736842105263,8.1
98,Coastal Mornings,Breakfast & Cereal,126,Local Trade Collective #2 (Saudi),General Trade,Gulf - Saudi,51.3,59.3711111111111111,8.1
44,Spring Pantry,Packaged Foods,108,ValueTrade GT (UAE),General Trade,Gulf - UAE,54.9,63.0119318181818182,8.1
18,Royal Fizz,Sparkling Water,34,CornerFuel Mart #3,C-Store,North America,55.0,63.0876190476190476,8.1
30,Cloud Essentials,Personal Care,19,GreenLeaf Naturals,Natural,North America,55.1,63.2026315789473684,8.1
77,Urban Creamery,Dairy,113,MetroBazaar (Saudi),Grocery,Gulf - Saudi,52.2,60.2775000000000000,8.1
10,Silver Chips,Salty Snacks,121,Corner Store Network (Saudi),General Trade,Gulf - Saudi,54.2,62.3475000000000000,8.1
106,Vivid Little Ones,Baby Care,112,FreshMart (Saudi),Grocery,Gulf - Saudi,56.5,64.5725000000000000,8.1
14,Golden Bubbles,Sparkling Water,32,ExpressStop #2,C-Store,North America,55.0,63.0876190476190476,8.1
57,Cloud Shine,Home Care,80,Sundry Traders Network (Tier 2/3),General Trade,India - Tier 2/3,54.8,62.8800000000000000,8.1
83,Fresh Treats,Confectionery,85,Community Retail Co-op #2 (Tier 2/3),General Trade,India - Tier 2/3,54.3,62.4378000000000000,8.1
105,Silver Baby Essentials,Baby Care,186,SunriseMart (Indonesia),Grocery,SEA - Indonesia,51.6,59.7341666666666667,8.1
40,Meadow Pantry,Packaged Foods,111,Community Retail Co-op (UAE),General Trade,Gulf - UAE,54.9,63.0119318181818182,8.1
84,Everyday Treats,Confectionery,189,DashKart (Indonesia),Quick Commerce,SEA - Indonesia,53.8,61.8512500000000000,8.1
76,Royal Farms,Dairy,4,PrimeGrocer,Grocery,North America,52.6,60.7394736842105263,8.1
48,Silver Beverages,Beverages,138,ValueTrade GT (Qatar),General Trade,Gulf - Qatar,54.3,62.3838888888888889,8.1
100,Fresh Tiny Care,Baby Care,87,MarketLink GT #2 (Tier 2/3),General Trade,India - Tier 2/3,53.8,61.9433333333333333,8.1
94,Crunch Cereal Co,Breakfast & Cereal,196,Corner Store Network (Indonesia),General Trade,SEA - Indonesia,53.3,61.4287500000000000,8.1
69,Everyday Milk Co,Dairy,158,Community Retail Co-op (Malaysia),General Trade,SEA - Malaysia,56.5,64.5987500000000000,8.1
59,Pure Shine,Home Care,93,PrimeGrocer (UAE),Grocery,Gulf - UAE,53.3,61.4090909090909091,8.1
71,Golden Farms,Dairy,172,HopMart (Philippines),Quick Commerce,SEA - Philippines,53.3,61.3750000000000000,8.1
3,Prime Snacks,Salty Snacks,33,QuickStop #3,C-Store,North America,53.3,61.3621428571428571,8.1
100,Fresh Tiny Care,Baby Care,67,GreenAisle (Tier 2/3),Grocery,India - Tier 2/3,53.8,61.9433333333333333,8.1
80,Nomad Candy Co,Confectionery,70,SunriseMart (Tier 2/3),Grocery,India - Tier 2/3,54.3,62.4378000000000000,8.1
8,Meadow Crisps,Salty Snacks,86,Bazaar Wholesale #2 (Tier 2/3),General Trade,India - Tier 2/3,54.9,63.0406666666666667,8.1
46,Fresh Refresh,Beverages,29,QuickStop #2,C-Store,North America,54.8,62.8907142857142857,8.1
46,Fresh Refresh,Beverages,18,SaverClub #2,Club,North America,54.8,62.8907142857142857,8.1
99,Fresh Cereal Co,Breakfast & Cereal,146,DailyBasket (Malaysia),Grocery,SEA - Malaysia,54.5,62.5915625000000000,8.1
106,Vivid Little Ones,Baby Care,71,UrbanPantry (Tier 2/3),Grocery,India - Tier 2/3,53.8,61.9433333333333333,8.1
82,Meadow Treats,Confectionery,76,Corner Store Network (Tier 2/3),General Trade,India - Tier 2/3,54.3,62.4378000000000000,8.1
53,Cloud Sip,Beverages,139,Neighborhood Wholesale (Qatar),General Trade,Gulf - Qatar,54.3,62.3838888888888889,8.1
87,Pure Sweets,Confectionery,1,FreshMart,Grocery,North America,53.9,61.9236111111111111,8.0
94,Crunch Cereal Co,Breakfast & Cereal,200,Sundry Traders Network (Indonesia),General Trade,SEA - Indonesia,53.4,61.4287500000000000,8.0
51,Coastal Drinks,Beverages,29,QuickStop #2,C-Store,North America,54.9,62.8907142857142857,8.0
3,Prime Snacks,Salty Snacks,125,Sundry Traders Network (Saudi),General Trade,Gulf - Saudi,54.3,62.3475000000000000,8.0
50,Crunch Drinks,Beverages,197,Community Retail Co-op (Indonesia),General Trade,SEA - Indonesia,52.7,60.6750000000000000,8.0
80,Nomad Candy Co,Confectionery,26,CornerFuel Mart,C-Store,North America,53.9,61.9236111111111111,8.0
3,Prime Snacks,Salty Snacks,124,MarketLink GT (Saudi),General Trade,Gulf - Saudi,54.3,62.3475000000000000,8.0
11,Silver Snacks,Salty Snacks,86,Bazaar Wholesale #2 (Tier 2/3),General Trade,India - Tier 2/3,55.0,63.0406666666666667,8.0
49,Meadow Beverages,Beverages,81,Local Trade Collective #2 (Tier 2/3),General Trade,India - Tier 2/3,54.6,62.6366666666666667,8.0
80,Nomad Candy Co,Confectionery,30,CornerFuel Mart #2,C-Store,North America,53.9,61.9236111111111111,8.0
99,Fresh Cereal Co,Breakfast & Cereal,159,Bazaar Wholesale (Malaysia),General Trade,SEA - Malaysia,54.6,62.5915625000000000,8.0
105,Silver Baby Essentials,Baby Care,88,Sundry Traders Network #2 (Tier 2/3),General Trade,India - Tier 2/3,53.9,61.9433333333333333,8.0
47,Sunrise Refresh,Beverages,83,Neighborhood Wholesale #2 (Tier 2/3),General Trade,India - Tier 2/3,54.6,62.6366666666666667,8.0
90,Prime Grains,Breakfast & Cereal,94,DailyBasket (UAE),Grocery,Gulf - UAE,55.4,63.3928030303030303,8.0
91,Coastal Cereal Co,Breakfast & Cereal,152,HopMart (Malaysia),Quick Commerce,SEA - Malaysia,54.6,62.5915625000000000,8.0
15,Blue Springs,Sparkling Water,124,MarketLink GT (Saudi),General Trade,Gulf - Saudi,55.1,63.0650000000000000,8.0
92,Cloud Grains,Breakfast & Cereal,168,QuickDash (Philippines),Quick Commerce,SEA - Philippines,54.0,62.0381578947368421,8.0
90,Prime Grains,Breakfast & Cereal,96,UrbanPantry (UAE),Grocery,Gulf - UAE,55.4,63.3928030303030303,8.0
33,Cloud Glow,Personal Care,70,SunriseMart (Tier 2/3),Grocery,India - Tier 2/3,54.8,62.8356666666666667,8.0
11,Silver Snacks,Salty Snacks,3,GreenAisle,Grocery,North America,53.4,61.3621428571428571,8.0
42,Urban Kitchen,Packaged Foods,168,QuickDash (Philippines),Quick Commerce,SEA - Philippines,53.7,61.6500000000000000,8.0
88,Pure Treats,Confectionery,109,Neighborhood Wholesale (UAE),General Trade,Gulf - UAE,53.9,61.9394736842105263,8.0
8,Meadow Crisps,Salty Snacks,84,Corner Store Network #2 (Tier 2/3),General Trade,India - Tier 2/3,55.0,63.0406666666666667,8.0
53,Cloud Sip,Beverages,128,MetroBazaar (Qatar),Grocery,Gulf - Qatar,54.4,62.3838888888888889,8.0
70,Vivid Milk Co,Dairy,86,Bazaar Wholesale #2 (Tier 2/3),General Trade,India - Tier 2/3,54.6,62.6312000000000000,8.0
35,Silver Table,Packaged Foods,68,PrimeGrocer (Tier 2/3),Grocery,India - Tier 2/3,53.9,61.8906000000000000,8.0
88,Pure Treats,Confectionery,185,DailyBasket (Indonesia),Grocery,SEA - Indonesia,53.9,61.8512500000000000,8.0
25,Royal Skin,Personal Care,158,Community Retail Co-op (Malaysia),General Trade,SEA - Malaysia,53.5,61.4575000000000000,8.0
38,Urban Pantry,Packaged Foods,173,Local Trade Collective (Philippines),General Trade,SEA - Philippines,53.7,61.6500000000000000,8.0
45,Pure Drinks,Beverages,113,MetroBazaar (Saudi),Grocery,Gulf - Saudi,54.6,62.5236666666666667,7.9
99,Fresh Cereal Co,Breakfast & Cereal,111,Community Retail Co-op (UAE),General Trade,Gulf - UAE,55.5,63.3928030303030303,7.9
59,Pure Shine,Home Care,61,Community Retail Co-op (Metro),General Trade,India - Metro,53.5,61.3740000000000000,7.9
104,Meadow Baby Co,Baby Care,195,Neighborhood Wholesale (Indonesia),General Trade,SEA - Indonesia,51.8,59.7341666666666667,7.9
83,Fresh Treats,Confectionery,112,FreshMart (Saudi),Grocery,Gulf - Saudi,54.6,62.4883333333333333,7.9
23,Golden Skin,Personal Care,57,Local Trade Collective (Metro),General Trade,India - Metro,54.8,62.6680000000000000,7.9
78,Prime Confections,Confectionery,48,DashKart (Metro),Quick Commerce,India - Metro,54.8,62.6568965517241379,7.9
89,Nomad Mornings,Breakfast & Cereal,4,PrimeGrocer,Grocery,North America,55.2,63.0944444444444444,7.9
96,Meadow Breakfast Co,Breakfast & Cereal,86,Bazaar Wholesale #2 (Tier 2/3),General Trade,India - Tier 2/3,55.8,63.6752500000000000,7.9
38,Urban Pantry,Packaged Foods,120,Neighborhood Wholesale (Saudi),General Trade,Gulf - Saudi,53.1,61.0458333333333333,7.9
105,Silver Baby Essentials,Baby Care,73,Local Trade Collective (Tier 2/3),General Trade,India - Tier 2/3,54.0,61.9433333333333333,7.9
14,Golden Bubbles,Sparkling Water,13,GreenAisle #2,Grocery,North America,55.2,63.0876190476190476,7.9
108,Crunch Baby Co,Baby Care,118,Local Trade Collective (Saudi),General Trade,Gulf - Saudi,56.7,64.5725000000000000,7.9
75,Vivid Dairy,Dairy,74,ValueTrade GT (Tier 2/3),General Trade,India - Tier 2/3,54.7,62.6312000000000000,7.9
6,Coastal Bites,Salty Snacks,123,Bazaar Wholesale (Saudi),General Trade,Gulf - Saudi,54.4,62.3475000000000000,7.9
55,Vivid Sip,Beverages,198,Bazaar Wholesale (Indonesia),General Trade,SEA - Indonesia,52.8,60.6750000000000000,7.9
58,Coastal Clean,Home Care,100,QuickDash (UAE),Quick Commerce,Gulf - UAE,53.5,61.4090909090909091,7.9
83,Fresh Treats,Confectionery,67,GreenAisle (Tier 2/3),Grocery,India - Tier 2/3,54.5,62.4378000000000000,7.9
66,Golden Household,Home Care,198,Bazaar Wholesale (Indonesia),General Trade,SEA - Indonesia,55.8,63.7145833333333333,7.9
50,Crunch Drinks,Beverages,190,SwiftBasket (Indonesia),Quick Commerce,SEA - Indonesia,52.8,60.6750000000000000,7.9
93,Urban Mornings,Breakfast & Cereal,168,QuickDash (Philippines),Quick Commerce,SEA - Philippines,54.1,62.0381578947368421,7.9
64,Blue Shine,Home Care,183,GreenAisle (Indonesia),Grocery,SEA - Indonesia,55.8,63.7145833333333333,7.9
14,Golden Bubbles,Sparkling Water,35,GoStop #3,C-Store,North America,55.2,63.0876190476190476,7.9
57,Cloud Shine,Home Care,77,Community Retail Co-op (Tier 2/3),General Trade,India - Tier 2/3,55.0,62.8800000000000000,7.9
62,Royal Household,Home Care,126,Local Trade Collective #2 (Saudi),General Trade,Gulf - Saudi,55.3,63.1858333333333333,7.9
106,Vivid Little Ones,Baby Care,116,DailyBasket (Saudi),Grocery,Gulf - Saudi,56.7,64.5725000000000000,7.9
24,Spring Care,Personal Care,96,UrbanPantry (UAE),Grocery,Gulf - UAE,55.2,63.1394736842105263,7.9
70,Vivid Milk Co,Dairy,67,GreenAisle (Tier 2/3),Grocery,India - Tier 2/3,54.7,62.6312000000000000,7.9
76,Royal Farms,Dairy,75,Neighborhood Wholesale (Tier 2/3),General Trade,India - Tier 2/3,54.8,62.6312000000000000,7.8
59,Pure Shine,Home Care,91,MetroBazaar (UAE),Grocery,Gulf - UAE,53.6,61.4090909090909091,7.8
58,Coastal Clean,Home Care,194,ValueTrade GT (Indonesia),General Trade,SEA - Indonesia,55.9,63.7145833333333333,7.8
39,Blue Kitchen,Packaged Foods,144,GreenAisle (Malaysia),Grocery,SEA - Malaysia,54.7,62.4881250000000000,7.8
100,Fresh Tiny Care,Baby Care,73,Local Trade Collective (Tier 2/3),General Trade,India - Tier 2/3,54.1,61.9433333333333333,7.8
6,Coastal Bites,Salty Snacks,120,Neighborhood Wholesale (Saudi),General Trade,Gulf - Saudi,54.5,62.3475000000000000,7.8
38,Urban Pantry,Packaged Foods,168,QuickDash (Philippines),Quick Commerce,SEA - Philippines,53.9,61.6500000000000000,7.8
18,Royal Fizz,Sparkling Water,26,CornerFuel Mart,C-Store,North America,55.3,63.0876190476190476,7.8
86,True Candy Co,Confectionery,179,MarketLink GT (Philippines),General Trade,SEA - Philippines,55.2,63.0394736842105263,7.8
18,Royal Fizz,Sparkling Water,124,MarketLink GT (Saudi),General Trade,Gulf - Saudi,55.3,63.0650000000000000,7.8
35,Silver Table,Packaged Foods,7,UrbanPantry,Grocery,North America,54.7,62.4755208333333333,7.8
18,Royal Fizz,Sparkling Water,24,PureRoots Market #2,Natural,North America,55.3,63.0876190476190476,7.8
57,Cloud Shine,Home Care,76,Corner Store Network (Tier 2/3),General Trade,India - Tier 2/3,55.1,62.8800000000000000,7.8
44,Spring Pantry,Packaged Foods,92,GreenAisle (UAE),Grocery,Gulf - UAE,55.2,63.0119318181818182,7.8
33,Cloud Glow,Personal Care,78,Bazaar Wholesale (Tier 2/3),General Trade,India - Tier 2/3,55.0,62.8356666666666667,7.8
69,Everyday Milk Co,Dairy,155,ValueTrade GT (Malaysia),General Trade,SEA - Malaysia,56.8,64.5987500000000000,7.8
19,Fresh Fizz,Sparkling Water,29,QuickStop #2,C-Store,North America,55.3,63.0876190476190476,7.8
56,Golden Shine,Home Care,75,Neighborhood Wholesale (Tier 2/3),General Trade,India - Tier 2/3,55.1,62.8800000000000000,7.8
20,Heritage Springs,Sparkling Water,49,SwiftBasket (Metro),Quick Commerce,India - Metro,54.2,61.9855603448275862,7.8
21,Golden Fizz,Sparkling Water,42,QuickStop (Metro),C-Store,India - Metro,54.2,61.9855603448275862,7.8
80,Nomad Candy Co,Confectionery,76,Corner Store Network (Tier 2/3),General Trade,India - Tier 2/3,54.6,62.4378000000000000,7.8
51,Coastal Drinks,Beverages,16,WareClub,Club,North America,55.1,62.8907142857142857,7.8
62,Royal Household,Home Care,8,ValueGrocer,Grocery,North America,53.7,61.5100694444444444,7.8
46,Fresh Refresh,Beverages,13,GreenAisle #2,Grocery,North America,55.1,62.8907142857142857,7.8
63,Silver Household,Home Care,9,CityMart,Grocery,North America,53.7,61.5100694444444444,7.8
47,Sunrise Refresh,Beverages,77,Community Retail Co-op (Tier 2/3),General Trade,India - Tier 2/3,54.8,62.6366666666666667,7.8
91,Coastal Cereal Co,Breakfast & Cereal,146,DailyBasket (Malaysia),Grocery,SEA - Malaysia,54.8,62.5915625000000000,7.8
95,Cloud Mornings,Breakfast & Cereal,124,MarketLink GT (Saudi),General Trade,Gulf - Saudi,51.6,59.3711111111111111,7.8
78,Prime Confections,Confectionery,42,QuickStop (Metro),C-Store,India - Metro,54.9,62.6568965517241379,7.8
25,Royal Skin,Personal Care,151,SwiftBasket (Malaysia),Quick Commerce,SEA - Malaysia,53.7,61.4575000000000000,7.8
25,Royal Skin,Personal Care,142,FreshMart (Malaysia),Grocery,SEA - Malaysia,53.7,61.4575000000000000,7.8
10,Silver Chips,Salty Snacks,113,MetroBazaar (Saudi),Grocery,Gulf - Saudi,54.5,62.3475000000000000,7.8
24,Spring Care,Personal Care,109,Neighborhood Wholesale (UAE),General Trade,Gulf - UAE,55.3,63.1394736842105263,7.8
93,Urban Mornings,Breakfast & Cereal,105,FlashCart (UAE),Quick Commerce,Gulf - UAE,55.6,63.3928030303030303,7.8
58,Coastal Clean,Home Care,101,ZipCart (UAE),Quick Commerce,Gulf - UAE,53.7,61.4090909090909091,7.7
82,Meadow Treats,Confectionery,35,GoStop #3,C-Store,North America,54.2,61.9236111111111111,7.7
4,Blue Bites,Salty Snacks,143,MetroBazaar (Malaysia),Grocery,SEA - Malaysia,52.6,60.3325000000000000,7.7
104,Meadow Baby Co,Baby Care,183,GreenAisle (Indonesia),Grocery,SEA - Indonesia,52.0,59.7341666666666667,7.7
24,Spring Care,Personal Care,110,Corner Store Network (UAE),General Trade,Gulf - UAE,55.4,63.1394736842105263,7.7
60,True Shine,Home Care,90,FreshMart (UAE),Grocery,Gulf - UAE,53.7,61.4090909090909091,7.7
53,Cloud Sip,Beverages,113,MetroBazaar (Saudi),Grocery,Gulf - Saudi,54.8,62.5236666666666667,7.7
94,Crunch Cereal Co,Breakfast & Cereal,81,Local Trade Collective #2 (Tier 2/3),General Trade,India - Tier 2/3,56.0,63.6752500000000000,7.7
37,Heritage Kitchen,Packaged Foods,114,GreenAisle (Saudi),Grocery,Gulf - Saudi,53.3,61.0458333333333333,7.7
64,Blue Shine,Home Care,3,GreenAisle,Grocery,North America,53.8,61.5100694444444444,7.7
3,Prime Snacks,Salty Snacks,11,FreshMart #2,Grocery,North America,53.7,61.3621428571428571,7.7
42,Urban Kitchen,Packaged Foods,65,FreshMart (Tier 2/3),Grocery,India - Tier 2/3,54.2,61.8906000000000000,7.7
63,Silver Household,Home Care,116,DailyBasket (Saudi),Grocery,Gulf - Saudi,55.5,63.1858333333333333,7.7
13,Urban Bubbles,Sparkling Water,174,ValueTrade GT (Philippines),General Trade,SEA - Philippines,57.0,64.6703947368421053,7.7
4,Blue Bites,Salty Snacks,142,FreshMart (Malaysia),Grocery,SEA - Malaysia,52.6,60.3325000000000000,7.7
91,Coastal Cereal Co,Breakfast & Cereal,125,Sundry Traders Network (Saudi),General Trade,Gulf - Saudi,51.7,59.3711111111111111,7.7
79,Coastal Candy Co,Confectionery,89,Local Trade Collective #3 (Tier 2/3),General Trade,India - Tier 2/3,54.7,62.4378000000000000,7.7
62,Royal Household,Home Care,9,CityMart,Grocery,North America,53.8,61.5100694444444444,7.7
16,Sunrise Water Co,Sparkling Water,169,ZipCart (Philippines),Quick Commerce,SEA - Philippines,57.0,64.6703947368421053,7.7
6,Coastal Bites,Salty Snacks,16,WareClub,Club,North America,53.7,61.3621428571428571,7.7
94,Crunch Cereal Co,Breakfast & Cereal,84,Corner Store Network #2 (Tier 2/3),General Trade,India - Tier 2/3,56.0,63.6752500000000000,7.7
93,Urban Mornings,Breakfast & Cereal,162,FreshMart (Philippines),Grocery,SEA - Philippines,54.3,62.0381578947368421,7.7
26,Prime Care,Personal Care,78,Bazaar Wholesale (Tier 2/3),General Trade,India - Tier 2/3,55.1,62.8356666666666667,7.7
69,Everyday Milk Co,Dairy,146,DailyBasket (Malaysia),Grocery,SEA - Malaysia,57.0,64.5987500000000000,7.6
24,Spring Care,Personal Care,139,Neighborhood Wholesale (Qatar),General Trade,Gulf - Qatar,54.0,61.5616666666666667,7.6
22,Crunch Fizz,Sparkling Water,123,Bazaar Wholesale (Saudi),General Trade,Gulf - Saudi,55.5,63.0650000000000000,7.6
72,Nomad Milk Co,Dairy,69,DailyBasket (Tier 2/3),Grocery,India - Tier 2/3,55.0,62.6312000000000000,7.6
11,Silver Snacks,Salty Snacks,81,Local Trade Collective #2 (Tier 2/3),General Trade,India - Tier 2/3,55.4,63.0406666666666667,7.6
49,Meadow Beverages,Beverages,84,Corner Store Network #2 (Tier 2/3),General Trade,India - Tier 2/3,55.0,62.6366666666666667,7.6
70,Vivid Milk Co,Dairy,81,Local Trade Collective #2 (Tier 2/3),General Trade,India - Tier 2/3,55.0,62.6312000000000000,7.6
103,Coastal Baby Essentials,Baby Care,70,SunriseMart (Tier 2/3),Grocery,India - Tier 2/3,54.3,61.9433333333333333,7.6
81,Prime Candy Co,Confectionery,135,SwiftBasket (Qatar),Quick Commerce,Gulf - Qatar,53.3,60.9133333333333333,7.6
70,Vivid Milk Co,Dairy,72,ValueGrocer (Tier 2/3),Grocery,India - Tier 2/3,55.0,62.6312000000000000,7.6
109,Silver Little Ones,Baby Care,132,QuickDash (Qatar),Quick Commerce,Gulf - Qatar,54.0,61.6466666666666667,7.6
19,Fresh Fizz,Sparkling Water,68,PrimeGrocer (Tier 2/3),Grocery,India - Tier 2/3,55.8,63.3680000000000000,7.6
99,Fresh Cereal Co,Breakfast & Cereal,109,Neighborhood Wholesale (UAE),General Trade,Gulf - UAE,55.8,63.3928030303030303,7.6
57,Cloud Shine,Home Care,84,Corner Store Network #2 (Tier 2/3),General Trade,India - Tier 2/3,55.3,62.8800000000000000,7.6
58,Coastal Clean,Home Care,92,GreenAisle (UAE),Grocery,Gulf - UAE,53.8,61.4090909090909091,7.6
26,Prime Care,Personal Care,70,SunriseMart (Tier 2/3),Grocery,India - Tier 2/3,55.2,62.8356666666666667,7.6
93,Urban Mornings,Breakfast & Cereal,105,FlashCart (UAE),Quick Commerce,Gulf - UAE,55.8,63.3928030303030303,7.6
35,Silver Table,Packaged Foods,3,GreenAisle,Grocery,North America,54.9,62.4755208333333333,7.6
57,Cloud Shine,Home Care,78,Bazaar Wholesale (Tier 2/3),General Trade,India - Tier 2/3,55.3,62.8800000000000000,7.6
90,Prime Grains,Breakfast & Cereal,151,SwiftBasket (Malaysia),Quick Commerce,SEA - Malaysia,55.0,62.5915625000000000,7.6
40,Meadow Pantry,Packaged Foods,97,SaverClub (UAE),Club,Gulf - UAE,55.4,63.0119318181818182,7.6
36,Cloud Table,Packaged Foods,136,HopMart (Qatar),Quick Commerce,Gulf - Qatar,59.1,66.6983333333333333,7.6
18,Royal Fizz,Sparkling Water,35,GoStop #3,C-Store,North America,55.5,63.0876190476190476,7.6
7,Urban Bites,Salty Snacks,195,Neighborhood Wholesale (Indonesia),General Trade,SEA - Indonesia,50.6,58.1575000000000000,7.6
100,Fresh Tiny Care,Baby Care,77,Community Retail Co-op (Tier 2/3),General Trade,India - Tier 2/3,54.3,61.9433333333333333,7.6
54,Nomad Drinks,Beverages,70,SunriseMart (Tier 2/3),Grocery,India - Tier 2/3,55.0,62.6366666666666667,7.6
90,Prime Grains,Breakfast & Cereal,150,DashKart (Malaysia),Quick Commerce,SEA - Malaysia,55.0,62.5915625000000000,7.6
95,Cloud Mornings,Breakfast & Cereal,117,SunriseMart (Saudi),Grocery,Gulf - Saudi,51.8,59.3711111111111111,7.6
3,Prime Snacks,Salty Snacks,4,PrimeGrocer,Grocery,North America,53.8,61.3621428571428571,7.6
40,Meadow Pantry,Packaged Foods,111,Community Retail Co-op (UAE),General Trade,Gulf - UAE,55.4,63.0119318181818182,7.6
109,Silver Little Ones,Baby Care,141,Community Retail Co-op (Qatar),General Trade,Gulf - Qatar,54.0,61.6466666666666667,7.6
71,Golden Farms,Dairy,171,SwiftBasket (Philippines),Quick Commerce,SEA - Philippines,53.8,61.3750000000000000,7.6
51,Coastal Drinks,Beverages,32,ExpressStop #2,C-Store,North America,55.3,62.8907142857142857,7.6
10,Silver Chips,Salty Snacks,122,Community Retail Co-op (Saudi),General Trade,Gulf - Saudi,54.8,62.3475000000000000,7.5
103,Coastal Baby Essentials,Baby Care,86,Bazaar Wholesale #2 (Tier 2/3),General Trade,India - Tier 2/3,54.4,61.9433333333333333,7.5
46,Fresh Refresh,Beverages,32,ExpressStop #2,C-Store,North America,55.4,62.8907142857142857,7.5
21,Golden Fizz,Sparkling Water,143,MetroBazaar (Malaysia),Grocery,SEA - Malaysia,54.1,61.5825000000000000,7.5
8,Meadow Crisps,Salty Snacks,86,Bazaar Wholesale #2 (Tier 2/3),General Trade,India - Tier 2/3,55.5,63.0406666666666667,7.5
54,Nomad Drinks,Beverages,115,PrimeGrocer (Saudi),Grocery,Gulf - Saudi,55.0,62.5236666666666667,7.5
78,Prime Confections,Confectionery,63,MarketLink GT (Metro),General Trade,India - Metro,55.2,62.6568965517241379,7.5
90,Prime Grains,Breakfast & Cereal,143,MetroBazaar (Malaysia),Grocery,SEA - Malaysia,55.1,62.5915625000000000,7.5
30,Cloud Essentials,Personal Care,3,GreenAisle,Grocery,North America,55.7,63.2026315789473684,7.5
63,Silver Household,Home Care,117,SunriseMart (Saudi),Grocery,Gulf - Saudi,55.7,63.1858333333333333,7.5
92,Cloud Grains,Breakfast & Cereal,177,Community Retail Co-op (Philippines),General Trade,SEA - Philippines,54.5,62.0381578947368421,7.5
54,Nomad Drinks,Beverages,65,FreshMart (Tier 2/3),Grocery,India - Tier 2/3,55.1,62.6366666666666667,7.5
31,Everyday Glow,Personal Care,126,Local Trade Collective #2 (Saudi),General Trade,Gulf - Saudi,52.4,59.8583333333333333,7.5
80,Nomad Candy Co,Confectionery,12,MetroBazaar #2,Grocery,North America,54.4,61.9236111111111111,7.5
56,Golden Shine,Home Care,87,MarketLink GT #2 (Tier 2/3),General Trade,India - Tier 2/3,55.4,62.8800000000000000,7.5
57,Cloud Shine,Home Care,72,ValueGrocer (Tier 2/3),Grocery,India - Tier 2/3,55.4,62.8800000000000000,7.5
22,Crunch Fizz,Sparkling Water,124,MarketLink GT (Saudi),General Trade,Gulf - Saudi,55.6,63.0650000000000000,7.5
54,Nomad Drinks,Beverages,67,GreenAisle (Tier 2/3),Grocery,India - Tier 2/3,55.1,62.6366666666666667,7.5
84,Everyday Treats,Confectionery,183,GreenAisle (Indonesia),Grocery,SEA - Indonesia,54.4,61.8512500000000000,7.5
102,Coastal Little Ones,Baby Care,74,ValueTrade GT (Tier 2/3),General Trade,India - Tier 2/3,54.4,61.9433333333333333,7.5
110,Meadow Tiny Care,Baby Care,11,FreshMart #2,Grocery,North America,55.5,63.0250000000000000,7.5
57,Cloud Shine,Home Care,66,MetroBazaar (Tier 2/3),Grocery,India - Tier 2/3,55.4,62.8800000000000000,7.5
3,Prime Snacks,Salty Snacks,19,GreenLeaf Naturals,Natural,North America,53.9,61.3621428571428571,7.5
50,Crunch Drinks,Beverages,172,HopMart (Philippines),Quick Commerce,SEA - Philippines,57.0,64.5381578947368421,7.5
60,True Shine,Home Care,108,ValueTrade GT (UAE),General Trade,Gulf - UAE,53.9,61.4090909090909091,7.5
43,Coastal Table,Packaged Foods,70,SunriseMart (Tier 2/3),Grocery,India - Tier 2/3,54.4,61.8906000000000000,7.5
64,Blue Shine,Home Care,1,FreshMart,Grocery,North America,54.0,61.5100694444444444,7.5
11,Silver Snacks,Salty Snacks,71,UrbanPantry (Tier 2/3),Grocery,India - Tier 2/3,55.5,63.0406666666666667,7.5
6,Coastal Bites,Salty Snacks,24,PureRoots Market #2,Natural,North America,53.9,61.3621428571428571,7.5
24,Spring Care,Personal Care,129,GreenAisle (Qatar),Grocery,Gulf - Qatar,54.1,61.5616666666666667,7.5
40,Meadow Pantry,Packaged Foods,94,DailyBasket (UAE),Grocery,Gulf - UAE,55.5,63.0119318181818182,7.5
103,Coastal Baby Essentials,Baby Care,79,MarketLink GT (Tier 2/3),General Trade,India - Tier 2/3,54.4,61.9433333333333333,7.5
40,Meadow Pantry,Packaged Foods,110,Corner Store Network (UAE),General Trade,Gulf - UAE,55.5,63.0119318181818182,7.5
2,Bold Snacks,Salty Snacks,48,DashKart (Metro),Quick Commerce,India - Metro,51.9,59.4456896551724138,7.5
106,Vivid Little Ones,Baby Care,70,SunriseMart (Tier 2/3),Grocery,India - Tier 2/3,54.4,61.9433333333333333,7.5
55,Vivid Sip,Beverages,38,GreenAisle (Metro),Grocery,India - Metro,54.7,62.0715517241379310,7.4
55,Vivid Sip,Beverages,45,ExpressStop (Metro),C-Store,India - Metro,54.7,62.0715517241379310,7.4
52,Spring Sip,Beverages,135,SwiftBasket (Qatar),Quick Commerce,Gulf - Qatar,55.0,62.3838888888888889,7.4
41,Royal Kitchen,Packaged Foods,23,GreenLeaf Naturals #2,Natural,North America,55.1,62.4755208333333333,7.4
62,Royal Household,Home Care,115,PrimeGrocer (Saudi),Grocery,Gulf - Saudi,55.8,63.1858333333333333,7.4
14,Golden Bubbles,Sparkling Water,15,BulkBasket Club,Club,North America,55.7,63.0876190476190476,7.4
44,Spring Pantry,Packaged Foods,105,FlashCart (UAE),Quick Commerce,Gulf - UAE,55.6,63.0119318181818182,7.4
92,Cloud Grains,Breakfast & Cereal,169,ZipCart (Philippines),Quick Commerce,SEA - Philippines,54.6,62.0381578947368421,7.4
48,Silver Beverages,Beverages,129,GreenAisle (Qatar),Grocery,Gulf - Qatar,55.0,62.3838888888888889,7.4
80,Nomad Candy Co,Confectionery,76,Corner Store Network (Tier 2/3),General Trade,India - Tier 2/3,55.0,62.4378000000000000,7.4
94,Crunch Cereal Co,Breakfast & Cereal,198,Bazaar Wholesale (Indonesia),General Trade,SEA - Indonesia,54.0,61.4287500000000000,7.4
59,Pure Shine,Home Care,59,Neighborhood Wholesale (Metro),General Trade,India - Metro,54.0,61.3740000000000000,7.4
32,Cloud Skin,Personal Care,69,DailyBasket (Tier 2/3),Grocery,India - Tier 2/3,55.4,62.8356666666666667,7.4
8,Meadow Crisps,Salty Snacks,68,PrimeGrocer (Tier 2/3),Grocery,India - Tier 2/3,55.6,63.0406666666666667,7.4
75,Vivid Dairy,Dairy,85,Community Retail Co-op #2 (Tier 2/3),General Trade,India - Tier 2/3,55.2,62.6312000000000000,7.4
104,Meadow Baby Co,Baby Care,194,ValueTrade GT (Indonesia),General Trade,SEA - Indonesia,52.3,59.7341666666666667,7.4
3,Prime Snacks,Salty Snacks,112,FreshMart (Saudi),Grocery,Gulf - Saudi,54.9,62.3475000000000000,7.4
104,Meadow Baby Co,Baby Care,190,SwiftBasket (Indonesia),Quick Commerce,SEA - Indonesia,52.3,59.7341666666666667,7.4
46,Fresh Refresh,Beverages,30,CornerFuel Mart #2,C-Store,North America,55.5,62.8907142857142857,7.4
58,Coastal Clean,Home Care,95,SunriseMart (UAE),Grocery,Gulf - UAE,54.0,61.4090909090909091,7.4
45,Pure Drinks,Beverages,118,Local Trade Collective (Saudi),General Trade,Gulf - Saudi,55.1,62.5236666666666667,7.4
45,Pure Drinks,Beverages,120,Neighborhood Wholesale (Saudi),General Trade,Gulf - Saudi,55.1,62.5236666666666667,7.4
12,True Water Co,Sparkling Water,38,GreenAisle (Metro),Grocery,India - Metro,54.6,61.9855603448275862,7.4
82,Meadow Treats,Confectionery,88,Sundry Traders Network #2 (Tier 2/3),General Trade,India - Tier 2/3,55.0,62.4378000000000000,7.4
99,Fresh Cereal Co,Breakfast & Cereal,101,ZipCart (UAE),Quick Commerce,Gulf - UAE,56.0,63.3928030303030303,7.4
85,Heritage Treats,Confectionery,81,Local Trade Collective #2 (Tier 2/3),General Trade,India - Tier 2/3,55.0,62.4378000000000000,7.4
7,Urban Bites,Salty Snacks,188,ZipCart (Indonesia),Quick Commerce,SEA - Indonesia,50.8,58.1575000000000000,7.4
53,Cloud Sip,Beverages,115,PrimeGrocer (Saudi),Grocery,Gulf - Saudi,55.1,62.5236666666666667,7.4
43,Coastal Table,Packaged Foods,63,MarketLink GT (Metro),General Trade,India - Metro,54.9,62.2600000000000000,7.4
25,Royal Skin,Personal Care,144,GreenAisle (Malaysia),Grocery,SEA - Malaysia,54.1,61.4575000000000000,7.4
98,Coastal Mornings,Breakfast & Cereal,119,ValueTrade GT (Saudi),General Trade,Gulf - Saudi,52.0,59.3711111111111111,7.4
89,Nomad Mornings,Breakfast & Cereal,68,PrimeGrocer (Tier 2/3),Grocery,India - Tier 2/3,56.3,63.6752500000000000,7.4
44,Spring Pantry,Packaged Foods,78,Bazaar Wholesale (Tier 2/3),General Trade,India - Tier 2/3,54.5,61.8906000000000000,7.4
24,Spring Care,Personal Care,94,DailyBasket (UAE),Grocery,Gulf - UAE,55.8,63.1394736842105263,7.3
24,Spring Care,Personal Care,134,DashKart (Qatar),Quick Commerce,Gulf - Qatar,54.3,61.5616666666666667,7.3
66,Golden Household,Home Care,189,DashKart (Indonesia),Quick Commerce,SEA - Indonesia,56.4,63.7145833333333333,7.3
66,Golden Household,Home Care,198,Bazaar Wholesale (Indonesia),General Trade,SEA - Indonesia,56.4,63.7145833333333333,7.3
70,Vivid Milk Co,Dairy,73,Local Trade Collective (Tier 2/3),General Trade,India - Tier 2/3,55.3,62.6312000000000000,7.3
70,Vivid Milk Co,Dairy,122,Community Retail Co-op (Saudi),General Trade,Gulf - Saudi,53.0,60.2775000000000000,7.3
59,Pure Shine,Home Care,52,NimbleMart (Metro),Quick Commerce,India - Metro,54.1,61.3740000000000000,7.3
6,Coastal Bites,Salty Snacks,2,MetroBazaar,Grocery,North America,54.1,61.3621428571428571,7.3
58,Coastal Clean,Home Care,189,DashKart (Indonesia),Quick Commerce,SEA - Indonesia,56.4,63.7145833333333333,7.3
57,Cloud Shine,Home Care,171,SwiftBasket (Philippines),Quick Commerce,SEA - Philippines,50.9,58.1723684210526316,7.3
106,Vivid Little Ones,Baby Care,83,Neighborhood Wholesale #2 (Tier 2/3),General Trade,India - Tier 2/3,54.6,61.9433333333333333,7.3
54,Nomad Drinks,Beverages,71,UrbanPantry (Tier 2/3),Grocery,India - Tier 2/3,55.3,62.6366666666666667,7.3
77,Urban Creamery,Dairy,116,DailyBasket (Saudi),Grocery,Gulf - Saudi,53.0,60.2775000000000000,7.3
11,Silver Snacks,Salty Snacks,32,ExpressStop #2,C-Store,North America,54.1,61.3621428571428571,7.3
105,Silver Baby Essentials,Baby Care,77,Community Retail Co-op (Tier 2/3),General Trade,India - Tier 2/3,54.6,61.9433333333333333,7.3
46,Fresh Refresh,Beverages,123,Bazaar Wholesale (Saudi),General Trade,Gulf - Saudi,55.2,62.5236666666666667,7.3
46,Fresh Refresh,Beverages,4,PrimeGrocer,Grocery,North America,55.6,62.8907142857142857,7.3
14,Golden Bubbles,Sparkling Water,29,QuickStop #2,C-Store,North America,55.8,63.0876190476190476,7.3
82,Meadow Treats,Confectionery,76,Corner Store Network (Tier 2/3),General Trade,India - Tier 2/3,55.1,62.4378000000000000,7.3
82,Meadow Treats,Confectionery,84,Corner Store Network #2 (Tier 2/3),General Trade,India - Tier 2/3,55.1,62.4378000000000000,7.3
15,Blue Springs,Sparkling Water,116,DailyBasket (Saudi),Grocery,Gulf - Saudi,55.8,63.0650000000000000,7.3
43,Coastal Table,Packaged Foods,40,DailyBasket (Metro),Grocery,India - Metro,55.0,62.2600000000000000,7.3
39,Blue Kitchen,Packaged Foods,158,Community Retail Co-op (Malaysia),General Trade,SEA - Malaysia,55.2,62.4881250000000000,7.3
17,Nomad Bubbles,Sparkling Water,43,CornerFuel Mart (Metro),C-Store,India - Metro,54.7,61.9855603448275862,7.3
99,Fresh Cereal Co,Breakfast & Cereal,97,SaverClub (UAE),Club,Gulf - UAE,56.1,63.3928030303030303,7.3
18,Royal Fizz,Sparkling Water,122,Community Retail Co-op (Saudi),General Trade,Gulf - Saudi,55.8,63.0650000000000000,7.3
98,Coastal Mornings,Breakfast & Cereal,113,MetroBazaar (Saudi),Grocery,Gulf - Saudi,52.1,59.3711111111111111,7.3
98,Coastal Mornings,Breakfast & Cereal,76,Corner Store Network (Tier 2/3),General Trade,India - Tier 2/3,56.4,63.6752500000000000,7.3
89,Nomad Mornings,Breakfast & Cereal,66,MetroBazaar (Tier 2/3),Grocery,India - Tier 2/3,56.4,63.6752500000000000,7.3
98,Coastal Mornings,Breakfast & Cereal,78,Bazaar Wholesale (Tier 2/3),General Trade,India - Tier 2/3,56.4,63.6752500000000000,7.3
33,Cloud Glow,Personal Care,118,Local Trade Collective (Saudi),General Trade,Gulf - Saudi,52.6,59.8583333333333333,7.3
21,Golden Fizz,Sparkling Water,148,QuickDash (Malaysia),Quick Commerce,SEA - Malaysia,54.3,61.5825000000000000,7.3
28,Spring Skin,Personal Care,147,SunriseMart (Malaysia),Grocery,SEA - Malaysia,54.2,61.4575000000000000,7.3
28,Spring Skin,Personal Care,24,PureRoots Market #2,Natural,North America,55.9,63.2026315789473684,7.3
22,Crunch Fizz,Sparkling Water,114,GreenAisle (Saudi),Grocery,Gulf - Saudi,55.8,63.0650000000000000,7.3
93,Urban Mornings,Breakfast & Cereal,100,QuickDash (UAE),Quick Commerce,Gulf - UAE,56.1,63.3928030303030303,7.3
70,Vivid Milk Co,Dairy,78,Bazaar Wholesale (Tier 2/3),General Trade,India - Tier 2/3,55.4,62.6312000000000000,7.2
105,Silver Baby Essentials,Baby Care,185,DailyBasket (Indonesia),Grocery,SEA - Indonesia,52.5,59.7341666666666667,7.2
108,Crunch Baby Co,Baby Care,69,DailyBasket (Tier 2/3),Grocery,India - Tier 2/3,54.7,61.9433333333333333,7.2
1,True Snacks,Salty Snacks,72,ValueGrocer (Tier 2/3),Grocery,India - Tier 2/3,55.8,63.0406666666666667,7.2
88,Pure Treats,Confectionery,187,QuickDash (Indonesia),Quick Commerce,SEA - Indonesia,54.7,61.8512500000000000,7.2
42,Urban Kitchen,Packaged Foods,80,Sundry Traders Network (Tier 2/3),General Trade,India - Tier 2/3,54.7,61.8906000000000000,7.2
67,Golden Milk Co,Dairy,196,Corner Store Network (Indonesia),General Trade,SEA - Indonesia,56.1,63.3287500000000000,7.2
61,Crunch Household,Home Care,40,DailyBasket (Metro),Grocery,India - Metro,54.2,61.3740000000000000,7.2
46,Fresh Refresh,Beverages,20,PureRoots Market,Natural,North America,55.7,62.8907142857142857,7.2
50,Crunch Drinks,Beverages,184,PrimeGrocer (Indonesia),Grocery,SEA - Indonesia,53.5,60.6750000000000000,7.2
22,Crunch Fizz,Sparkling Water,97,SaverClub (UAE),Club,Gulf - UAE,55.8,62.9568181818181818,7.2
3,Prime Snacks,Salty Snacks,4,PrimeGrocer,Grocery,North America,54.2,61.3621428571428571,7.2
34,Bold Kitchen,Packaged Foods,198,Bazaar Wholesale (Indonesia),General Trade,SEA - Indonesia,57.4,64.6200000000000000,7.2
53,Cloud Sip,Beverages,138,ValueTrade GT (Qatar),General Trade,Gulf - Qatar,55.2,62.3838888888888889,7.2
15,Blue Springs,Sparkling Water,118,Local Trade Collective (Saudi),General Trade,Gulf - Saudi,55.9,63.0650000000000000,7.2
97,Royal Breakfast Co,Breakfast & Cereal,143,MetroBazaar (Malaysia),Grocery,SEA - Malaysia,55.4,62.5915625000000000,7.2
66,Golden Household,Home Care,182,MetroBazaar (Indonesia),Grocery,SEA - Indonesia,56.5,63.7145833333333333,7.2
17,Nomad Bubbles,Sparkling Water,61,Community Retail Co-op (Metro),General Trade,India - Metro,54.8,61.9855603448275862,7.2
100,Fresh Tiny Care,Baby Care,75,Neighborhood Wholesale (Tier 2/3),General Trade,India - Tier 2/3,54.7,61.9433333333333333,7.2
46,Fresh Refresh,Beverages,121,Corner Store Network (Saudi),General Trade,Gulf - Saudi,55.3,62.5236666666666667,7.2
78,Prime Confections,Confectionery,63,MarketLink GT (Metro),General Trade,India - Metro,55.5,62.6568965517241379,7.2
18,Royal Fizz,Sparkling Water,28,ExpressStop,C-Store,North America,55.9,63.0876190476190476,7.2
42,Urban Kitchen,Packaged Foods,80,Sundry Traders Network (Tier 2/3),General Trade,India - Tier 2/3,54.7,61.8906000000000000,7.2
60,True Shine,Home Care,97,SaverClub (UAE),Club,Gulf - UAE,54.2,61.4090909090909091,7.2
22,Crunch Fizz,Sparkling Water,119,ValueTrade GT (Saudi),General Trade,Gulf - Saudi,55.9,63.0650000000000000,7.2
99,Fresh Cereal Co,Breakfast & Cereal,143,MetroBazaar (Malaysia),Grocery,SEA - Malaysia,55.4,62.5915625000000000,7.2
2,Bold Snacks,Salty Snacks,123,Bazaar Wholesale (Saudi),General Trade,Gulf - Saudi,55.1,62.3475000000000000,7.2
30,Cloud Essentials,Personal Care,149,ZipCart (Malaysia),Quick Commerce,SEA - Malaysia,54.3,61.4575000000000000,7.2
104,Meadow Baby Co,Baby Care,135,SwiftBasket (Qatar),Quick Commerce,Gulf - Qatar,54.4,61.6466666666666667,7.2
46,Fresh Refresh,Beverages,12,MetroBazaar #2,Grocery,North America,55.7,62.8907142857142857,7.2
104,Meadow Baby Co,Baby Care,188,ZipCart (Indonesia),Quick Commerce,SEA - Indonesia,52.6,59.7341666666666667,7.1
28,Spring Skin,Personal Care,160,MarketLink GT (Malaysia),General Trade,SEA - Malaysia,54.4,61.4575000000000000,7.1
48,Silver Beverages,Beverages,128,MetroBazaar (Qatar),Grocery,Gulf - Qatar,55.3,62.3838888888888889,7.1
52,Spring Sip,Beverages,129,GreenAisle (Qatar),Grocery,Gulf - Qatar,55.3,62.3838888888888889,7.1
33,Cloud Glow,Personal Care,72,ValueGrocer (Tier 2/3),Grocery,India - Tier 2/3,55.7,62.8356666666666667,7.1
91,Coastal Cereal Co,Breakfast & Cereal,117,SunriseMart (Saudi),Grocery,Gulf - Saudi,52.3,59.3711111111111111,7.1
11,Silver Snacks,Salty Snacks,24,PureRoots Market #2,Natural,North America,54.3,61.3621428571428571,7.1
89,Nomad Mornings,Breakfast & Cereal,8,ValueGrocer,Grocery,North America,56.0,63.0944444444444444,7.1
19,Fresh Fizz,Sparkling Water,80,Sundry Traders Network (Tier 2/3),General Trade,India - Tier 2/3,56.3,63.3680000000000000,7.1
97,Royal Breakfast Co,Breakfast & Cereal,153,FlashCart (Malaysia),Quick Commerce,SEA - Malaysia,55.5,62.5915625000000000,7.1
49,Meadow Beverages,Beverages,67,GreenAisle (Tier 2/3),Grocery,India - Tier 2/3,55.5,62.6366666666666667,7.1
30,Cloud Essentials,Personal Care,153,FlashCart (Malaysia),Quick Commerce,SEA - Malaysia,54.4,61.4575000000000000,7.1
110,Meadow Tiny Care,Baby Care,46,QuickDash (Metro),Quick Commerce,India - Metro,56.1,63.2150000000000000,7.1
110,Meadow Tiny Care,Baby Care,48,DashKart (Metro),Quick Commerce,India - Metro,56.1,63.2150000000000000,7.1
56,Golden Shine,Home Care,81,Local Trade Collective #2 (Tier 2/3),General Trade,India - Tier 2/3,55.8,62.8800000000000000,7.1
58,Coastal Clean,Home Care,104,HopMart (UAE),Quick Commerce,Gulf - UAE,54.3,61.4090909090909091,7.1
43,Coastal Table,Packaged Foods,86,Bazaar Wholesale #2 (Tier 2/3),General Trade,India - Tier 2/3,54.8,61.8906000000000000,7.1
58,Coastal Clean,Home Care,111,Community Retail Co-op (UAE),General Trade,Gulf - UAE,54.3,61.4090909090909091,7.1
11,Silver Snacks,Salty Snacks,6,SunriseMart,Grocery,North America,54.3,61.3621428571428571,7.1
14,Golden Bubbles,Sparkling Water,5,DailyBasket,Grocery,North America,56.0,63.0876190476190476,7.1
59,Pure Shine,Home Care,41,SunriseMart (Metro),Grocery,India - Metro,54.3,61.3740000000000000,7.1
40,Meadow Pantry,Packaged Foods,108,ValueTrade GT (UAE),General Trade,Gulf - UAE,55.9,63.0119318181818182,7.1
46,Fresh Refresh,Beverages,7,UrbanPantry,Grocery,North America,55.8,62.8907142857142857,7.1
99,Fresh Cereal Co,Breakfast & Cereal,93,PrimeGrocer (UAE),Grocery,Gulf - UAE,56.3,63.3928030303030303,7.1
38,Urban Pantry,Packaged Foods,124,MarketLink GT (Saudi),General Trade,Gulf - Saudi,53.9,61.0458333333333333,7.1
64,Blue Shine,Home Care,188,ZipCart (Indonesia),Quick Commerce,SEA - Indonesia,56.6,63.7145833333333333,7.1
37,Heritage Kitchen,Packaged Foods,114,GreenAisle (Saudi),Grocery,Gulf - Saudi,53.9,61.0458333333333333,7.1
99,Fresh Cereal Co,Breakfast & Cereal,99,WareClub (UAE),Club,Gulf - UAE,56.3,63.3928030303030303,7.1
82,Meadow Treats,Confectionery,66,MetroBazaar (Tier 2/3),Grocery,India - Tier 2/3,55.3,62.4378000000000000,7.1
87,Pure Sweets,Confectionery,6,SunriseMart,Grocery,North America,54.8,61.9236111111111111,7.1
2,Bold Snacks,Salty Snacks,64,Sundry Traders Network (Metro),General Trade,India - Metro,52.3,59.4456896551724138,7.1
35,Silver Table,Packaged Foods,75,Neighborhood Wholesale (Tier 2/3),General Trade,India - Tier 2/3,54.8,61.8906000000000000,7.1
88,Pure Treats,Confectionery,200,Sundry Traders Network (Indonesia),General Trade,SEA - Indonesia,54.8,61.8512500000000000,7.1
34,Bold Kitchen,Packaged Foods,196,Corner Store Network (Indonesia),General Trade,SEA - Indonesia,57.5,64.6200000000000000,7.1
72,Nomad Milk Co,Dairy,74,ValueTrade GT (Tier 2/3),General Trade,India - Tier 2/3,55.5,62.6312000000000000,7.1
24,Spring Care,Personal Care,93,PrimeGrocer (UAE),Grocery,Gulf - UAE,56.0,63.1394736842105263,7.1
88,Pure Treats,Confectionery,105,FlashCart (UAE),Quick Commerce,Gulf - UAE,54.8,61.9394736842105263,7.1
53,Cloud Sip,Beverages,122,Community Retail Co-op (Saudi),General Trade,Gulf - Saudi,55.4,62.5236666666666667,7.1
7,Urban Bites,Salty Snacks,197,Community Retail Co-op (Indonesia),General Trade,SEA - Indonesia,51.2,58.1575000000000000,7.0
66,Golden Household,Home Care,181,FreshMart (Indonesia),Grocery,SEA - Indonesia,56.7,63.7145833333333333,7.0
66,Golden Household,Home Care,68,PrimeGrocer (Tier 2/3),Grocery,India - Tier 2/3,55.9,62.8800000000000000,7.0
93,Urban Mornings,Breakfast & Cereal,106,NimbleMart (UAE),Quick Commerce,Gulf - UAE,56.4,63.3928030303030303,7.0
66,Golden Household,Home Care,89,Local Trade Collective #3 (Tier 2/3),General Trade,India - Tier 2/3,55.9,62.8800000000000000,7.0
53,Cloud Sip,Beverages,124,MarketLink GT (Saudi),General Trade,Gulf - Saudi,55.5,62.5236666666666667,7.0
91,Coastal Cereal Co,Breakfast & Cereal,152,HopMart (Malaysia),Quick Commerce,SEA - Malaysia,55.6,62.5915625000000000,7.0
28,Spring Skin,Personal Care,142,FreshMart (Malaysia),Grocery,SEA - Malaysia,54.5,61.4575000000000000,7.0
28,Spring Skin,Personal Care,145,PrimeGrocer (Malaysia),Grocery,SEA - Malaysia,54.5,61.4575000000000000,7.0
63,Silver Household,Home Care,14,SaverClub,Club,North America,54.5,61.5100694444444444,7.0
20,Heritage Springs,Sparkling Water,41,SunriseMart (Metro),Grocery,India - Metro,55.0,61.9855603448275862,7.0
54,Nomad Drinks,Beverages,117,SunriseMart (Saudi),Grocery,Gulf - Saudi,55.5,62.5236666666666667,7.0
106,Vivid Little Ones,Baby Care,120,Neighborhood Wholesale (Saudi),General Trade,Gulf - Saudi,57.6,64.5725000000000000,7.0
94,Crunch Cereal Co,Breakfast & Cereal,77,Community Retail Co-op (Tier 2/3),General Trade,India - Tier 2/3,56.7,63.6752500000000000,7.0
33,Cloud Glow,Personal Care,121,Corner Store Network (Saudi),General Trade,Gulf - Saudi,52.9,59.8583333333333333,7.0
104,Meadow Baby Co,Baby Care,189,DashKart (Indonesia),Quick Commerce,SEA - Indonesia,52.7,59.7341666666666667,7.0
78,Prime Confections,Confectionery,189,DashKart (Indonesia),Quick Commerce,SEA - Indonesia,54.9,61.8512500000000000,7.0
33,Cloud Glow,Personal Care,125,Sundry Traders Network (Saudi),General Trade,Gulf - Saudi,52.9,59.8583333333333333,7.0
34,Bold Kitchen,Packaged Foods,161,Sundry Traders Network (Malaysia),General Trade,SEA - Malaysia,55.5,62.4881250000000000,7.0
98,Coastal Mornings,Breakfast & Cereal,70,SunriseMart (Tier 2/3),Grocery,India - Tier 2/3,56.7,63.6752500000000000,7.0
99,Fresh Cereal Co,Breakfast & Cereal,149,ZipCart (Malaysia),Quick Commerce,SEA - Malaysia,55.6,62.5915625000000000,7.0
70,Vivid Milk Co,Dairy,82,ValueTrade GT #2 (Tier 2/3),General Trade,India - Tier 2/3,55.6,62.6312000000000000,7.0
60,True Shine,Home Care,103,SwiftBasket (UAE),Quick Commerce,Gulf - UAE,54.4,61.4090909090909091,7.0
17,Nomad Bubbles,Sparkling Water,54,GoCart Express (Metro),Quick Commerce,India - Metro,55.0,61.9855603448275862,7.0
85,Heritage Treats,Confectionery,85,Community Retail Co-op #2 (Tier 2/3),General Trade,India - Tier 2/3,55.4,62.4378000000000000,7.0
99,Fresh Cereal Co,Breakfast & Cereal,107,Local Trade Collective (UAE),General Trade,Gulf - UAE,56.4,63.3928030303030303,7.0
59,Pure Shine,Home Care,99,WareClub (UAE),Club,Gulf - UAE,54.4,61.4090909090909091,7.0
5,Urban Crisps,Salty Snacks,133,ZipCart (Qatar),Quick Commerce,Gulf - Qatar,54.0,60.9850000000000000,7.0
105,Silver Baby Essentials,Baby Care,67,GreenAisle (Tier 2/3),Grocery,India - Tier 2/3,54.9,61.9433333333333333,7.0
72,Nomad Milk Co,Dairy,68,PrimeGrocer (Tier 2/3),Grocery,India - Tier 2/3,55.6,62.6312000000000000,7.0
80,Nomad Candy Co,Confectionery,6,SunriseMart,Grocery,North America,54.9,61.9236111111111111,7.0
83,Fresh Treats,Confectionery,79,MarketLink GT (Tier 2/3),General Trade,India - Tier 2/3,55.4,62.4378000000000000,7.0
81,Prime Candy Co,Confectionery,127,FreshMart (Qatar),Grocery,Gulf - Qatar,53.9,60.9133333333333333,7.0
16,Sunrise Water Co,Sparkling Water,175,Neighborhood Wholesale (Philippines),General Trade,SEA - Philippines,57.7,64.6703947368421053,7.0
102,Coastal Little Ones,Baby Care,75,Neighborhood Wholesale (Tier 2/3),General Trade,India - Tier 2/3,54.9,61.9433333333333333,7.0
33,Cloud Glow,Personal Care,122,Community Retail Co-op (Saudi),General Trade,Gulf - Saudi,53.0,59.8583333333333333,6.9
5,Urban Crisps,Salty Snacks,128,MetroBazaar (Qatar),Grocery,Gulf - Qatar,54.1,60.9850000000000000,6.9
64,Blue Shine,Home Care,184,PrimeGrocer (Indonesia),Grocery,SEA - Indonesia,56.8,63.7145833333333333,6.9
89,Nomad Mornings,Breakfast & Cereal,11,FreshMart #2,Grocery,North America,56.2,63.0944444444444444,6.9
59,Pure Shine,Home Care,55,DartMart (Metro),Quick Commerce,India - Metro,54.5,61.3740000000000000,6.9
45,Pure Drinks,Beverages,125,Sundry Traders Network (Saudi),General Trade,Gulf - Saudi,55.6,62.5236666666666667,6.9
40,Meadow Pantry,Packaged Foods,93,PrimeGrocer (UAE),Grocery,Gulf - UAE,56.1,63.0119318181818182,6.9
53,Cloud Sip,Beverages,135,SwiftBasket (Qatar),Quick Commerce,Gulf - Qatar,55.5,62.3838888888888889,6.9
60,True Shine,Home Care,110,Corner Store Network (UAE),General Trade,Gulf - UAE,54.5,61.4090909090909091,6.9
64,Blue Shine,Home Care,192,FlashCart (Indonesia),Quick Commerce,SEA - Indonesia,56.8,63.7145833333333333,6.9
50,Crunch Drinks,Beverages,194,ValueTrade GT (Indonesia),General Trade,SEA - Indonesia,53.8,60.6750000000000000,6.9
55,Vivid Sip,Beverages,59,Neighborhood Wholesale (Metro),General Trade,India - Metro,55.2,62.0715517241379310,6.9
18,Royal Fizz,Sparkling Water,27,GoStop,C-Store,North America,56.2,63.0876190476190476,6.9
108,Crunch Baby Co,Baby Care,68,PrimeGrocer (Tier 2/3),Grocery,India - Tier 2/3,55.0,61.9433333333333333,6.9
53,Cloud Sip,Beverages,134,DashKart (Qatar),Quick Commerce,Gulf - Qatar,55.5,62.3838888888888889,6.9
58,Coastal Clean,Home Care,185,DailyBasket (Indonesia),Grocery,SEA - Indonesia,56.8,63.7145833333333333,6.9
89,Nomad Mornings,Breakfast & Cereal,18,SaverClub #2,Club,North America,56.2,63.0944444444444444,6.9
46,Fresh Refresh,Beverages,32,ExpressStop #2,C-Store,North America,56.0,62.8907142857142857,6.9
4,Blue Bites,Salty Snacks,143,MetroBazaar (Malaysia),Grocery,SEA - Malaysia,53.4,60.3325000000000000,6.9
76,Royal Farms,Dairy,79,MarketLink GT (Tier 2/3),General Trade,India - Tier 2/3,55.7,62.6312000000000000,6.9
80,Nomad Candy Co,Confectionery,88,Sundry Traders Network #2 (Tier 2/3),General Trade,India - Tier 2/3,55.5,62.4378000000000000,6.9
89,Nomad Mornings,Breakfast & Cereal,73,Local Trade Collective (Tier 2/3),General Trade,India - Tier 2/3,56.8,63.6752500000000000,6.9
108,Crunch Baby Co,Baby Care,88,Sundry Traders Network #2 (Tier 2/3),General Trade,India - Tier 2/3,55.0,61.9433333333333333,6.9
24,Spring Care,Personal Care,137,Local Trade Collective (Qatar),General Trade,Gulf - Qatar,54.7,61.5616666666666667,6.9
17,Nomad Bubbles,Sparkling Water,53,RapidBasket (Metro),Quick Commerce,India - Metro,55.1,61.9855603448275862,6.9
38,Urban Pantry,Packaged Foods,123,Bazaar Wholesale (Saudi),General Trade,Gulf - Saudi,54.1,61.0458333333333333,6.9
10,Silver Chips,Salty Snacks,112,FreshMart (Saudi),Grocery,Gulf - Saudi,55.5,62.3475000000000000,6.8
63,Silver Household,Home Care,1,FreshMart,Grocery,North America,54.7,61.5100694444444444,6.8
52,Spring Sip,Beverages,127,FreshMart (Qatar),Grocery,Gulf - Qatar,55.6,62.3838888888888889,6.8
34,Bold Kitchen,Packaged Foods,156,Neighborhood Wholesale (Malaysia),General Trade,SEA - Malaysia,55.7,62.4881250000000000,6.8
41,Royal Kitchen,Packaged Foods,2,MetroBazaar,Grocery,North America,55.7,62.4755208333333333,6.8
99,Fresh Cereal Co,Breakfast & Cereal,108,ValueTrade GT (UAE),General Trade,Gulf - UAE,56.6,63.3928030303030303,6.8
60,True Shine,Home Care,98,BulkBasket Club (UAE),Club,Gulf - UAE,54.6,61.4090909090909091,6.8
64,Blue Shine,Home Care,187,QuickDash (Indonesia),Quick Commerce,SEA - Indonesia,56.9,63.7145833333333333,6.8
28,Spring Skin,Personal Care,8,ValueGrocer,Grocery,North America,56.4,63.2026315789473684,6.8
33,Cloud Glow,Personal Care,113,MetroBazaar (Saudi),Grocery,Gulf - Saudi,53.1,59.8583333333333333,6.8
98,Coastal Mornings,Breakfast & Cereal,67,GreenAisle (Tier 2/3),Grocery,India - Tier 2/3,56.9,63.6752500000000000,6.8
67,Golden Milk Co,Dairy,192,FlashCart (Indonesia),Quick Commerce,SEA - Indonesia,56.5,63.3287500000000000,6.8
42,Urban Kitchen,Packaged Foods,66,MetroBazaar (Tier 2/3),Grocery,India - Tier 2/3,55.1,61.8906000000000000,6.8
67,Golden Milk Co,Dairy,186,SunriseMart (Indonesia),Grocery,SEA - Indonesia,56.5,63.3287500000000000,6.8
54,Nomad Drinks,Beverages,81,Local Trade Collective #2 (Tier 2/3),General Trade,India - Tier 2/3,55.8,62.6366666666666667,6.8
10,Silver Chips,Salty Snacks,117,SunriseMart (Saudi),Grocery,Gulf - Saudi,55.5,62.3475000000000000,6.8
103,Coastal Baby Essentials,Baby Care,87,MarketLink GT #2 (Tier 2/3),General Trade,India - Tier 2/3,55.1,61.9433333333333333,6.8
20,Heritage Springs,Sparkling Water,43,CornerFuel Mart (Metro),C-Store,India - Metro,55.2,61.9855603448275862,6.8
75,Vivid Dairy,Dairy,90,FreshMart (UAE),Grocery,Gulf - UAE,57.4,64.2289473684210526,6.8
108,Crunch Baby Co,Baby Care,124,MarketLink GT (Saudi),General Trade,Gulf - Saudi,57.8,64.5725000000000000,6.8
40,Meadow Pantry,Packaged Foods,105,FlashCart (UAE),Quick Commerce,Gulf - UAE,56.2,63.0119318181818182,6.8
98,Coastal Mornings,Breakfast & Cereal,75,Neighborhood Wholesale (Tier 2/3),General Trade,India - Tier 2/3,56.9,63.6752500000000000,6.8
80,Nomad Candy Co,Confectionery,78,Bazaar Wholesale (Tier 2/3),General Trade,India - Tier 2/3,55.6,62.4378000000000000,6.8
104,Meadow Baby Co,Baby Care,136,HopMart (Qatar),Quick Commerce,Gulf - Qatar,54.8,61.6466666666666667,6.8
6,Coastal Bites,Salty Snacks,34,CornerFuel Mart #3,C-Store,North America,54.6,61.3621428571428571,6.8
80,Nomad Candy Co,Confectionery,26,CornerFuel Mart,C-Store,North America,55.1,61.9236111111111111,6.8
70,Vivid Milk Co,Dairy,88,Sundry Traders Network #2 (Tier 2/3),General Trade,India - Tier 2/3,55.8,62.6312000000000000,6.8
7,Urban Bites,Salty Snacks,101,ZipCart (UAE),Quick Commerce,Gulf - UAE,55.9,62.7130681818181818,6.8
55,Vivid Sip,Beverages,188,ZipCart (Indonesia),Quick Commerce,SEA - Indonesia,53.9,60.6750000000000000,6.8
64,Blue Shine,Home Care,196,Corner Store Network (Indonesia),General Trade,SEA - Indonesia,56.9,63.7145833333333333,6.8
98,Coastal Mornings,Breakfast & Cereal,75,Neighborhood Wholesale (Tier 2/3),General Trade,India - Tier 2/3,56.9,63.6752500000000000,6.8
78,Prime Confections,Confectionery,188,ZipCart (Indonesia),Quick Commerce,SEA - Indonesia,55.1,61.8512500000000000,6.8
34,Bold Kitchen,Packaged Foods,145,PrimeGrocer (Malaysia),Grocery,SEA - Malaysia,55.7,62.4881250000000000,6.8
61,Crunch Household,Home Care,54,GoCart Express (Metro),Quick Commerce,India - Metro,54.6,61.3740000000000000,6.8
90,Prime Grains,Breakfast & Cereal,96,UrbanPantry (UAE),Grocery,Gulf - UAE,56.7,63.3928030303030303,6.7
60,True Shine,Home Care,108,ValueTrade GT (UAE),General Trade,Gulf - UAE,54.7,61.4090909090909091,6.7
41,Royal Kitchen,Packaged Foods,6,SunriseMart,Grocery,North America,55.8,62.4755208333333333,6.7
55,Vivid Sip,Beverages,186,SunriseMart (Indonesia),Grocery,SEA - Indonesia,54.0,60.6750000000000000,6.7
1,True Snacks,Salty Snacks,88,Sundry Traders Network #2 (Tier 2/3),General Trade,India - Tier 2/3,56.3,63.0406666666666667,6.7
21,Golden Fizz,Sparkling Water,63,MarketLink GT (Metro),General Trade,India - Metro,55.3,61.9855603448275862,6.7
31,Everyday Glow,Personal Care,125,Sundry Traders Network (Saudi),General Trade,Gulf - Saudi,53.2,59.8583333333333333,6.7
68,Cloud Dairy,Dairy,194,ValueTrade GT (Indonesia),General Trade,SEA - Indonesia,56.6,63.3287500000000000,6.7
29,Golden Essentials,Personal Care,46,QuickDash (Metro),Quick Commerce,India - Metro,56.0,62.6680000000000000,6.7
33,Cloud Glow,Personal Care,83,Neighborhood Wholesale #2 (Tier 2/3),General Trade,India - Tier 2/3,56.1,62.8356666666666667,6.7
78,Prime Confections,Confectionery,184,PrimeGrocer (Indonesia),Grocery,SEA - Indonesia,55.2,61.8512500000000000,6.7
110,Meadow Tiny Care,Baby Care,60,Corner Store Network (Metro),General Trade,India - Metro,56.5,63.2150000000000000,6.7
43,Coastal Table,Packaged Foods,86,Bazaar Wholesale #2 (Tier 2/3),General Trade,India - Tier 2/3,55.2,61.8906000000000000,6.7
67,Golden Milk Co,Dairy,197,Community Retail Co-op (Indonesia),General Trade,SEA - Indonesia,56.6,63.3287500000000000,6.7
58,Coastal Clean,Home Care,181,FreshMart (Indonesia),Grocery,SEA - Indonesia,57.0,63.7145833333333333,6.7
73,Blue Milk Co,Dairy,12,MetroBazaar #2,Grocery,North America,54.0,60.7394736842105263,6.7
18,Royal Fizz,Sparkling Water,33,QuickStop #3,C-Store,North America,56.4,63.0876190476190476,6.7
52,Spring Sip,Beverages,141,Community Retail Co-op (Qatar),General Trade,Gulf - Qatar,55.7,62.3838888888888889,6.7
108,Crunch Baby Co,Baby Care,76,Corner Store Network (Tier 2/3),General Trade,India - Tier 2/3,55.2,61.9433333333333333,6.7
54,Nomad Drinks,Beverages,85,Community Retail Co-op #2 (Tier 2/3),General Trade,India - Tier 2/3,55.9,62.6366666666666667,6.7
88,Pure Treats,Confectionery,195,Neighborhood Wholesale (Indonesia),General Trade,SEA - Indonesia,55.2,61.8512500000000000,6.7
18,Royal Fizz,Sparkling Water,4,PrimeGrocer,Grocery,North America,56.4,63.0876190476190476,6.7
70,Vivid Milk Co,Dairy,79,MarketLink GT (Tier 2/3),General Trade,India - Tier 2/3,55.9,62.6312000000000000,6.7
12,True Water Co,Sparkling Water,63,MarketLink GT (Metro),General Trade,India - Metro,55.3,61.9855603448275862,6.7
79,Coastal Candy Co,Confectionery,87,MarketLink GT #2 (Tier 2/3),General Trade,India - Tier 2/3,55.7,62.4378000000000000,6.7
56,Golden Shine,Home Care,73,Local Trade Collective (Tier 2/3),General Trade,India - Tier 2/3,56.2,62.8800000000000000,6.7
3,Prime Snacks,Salty Snacks,21,EarthAisle,Natural,North America,54.7,61.3621428571428571,6.7
17,Nomad Bubbles,Sparkling Water,46,QuickDash (Metro),Quick Commerce,India - Metro,55.3,61.9855603448275862,6.7
94,Crunch Cereal Co,Breakfast & Cereal,198,Bazaar Wholesale (Indonesia),General Trade,SEA - Indonesia,54.7,61.4287500000000000,6.7
44,Spring Pantry,Packaged Foods,70,SunriseMart (Tier 2/3),Grocery,India - Tier 2/3,55.2,61.8906000000000000,6.7
44,Spring Pantry,Packaged Foods,74,ValueTrade GT (Tier 2/3),General Trade,India - Tier 2/3,55.2,61.8906000000000000,6.7
2,Bold Snacks,Salty Snacks,46,QuickDash (Metro),Quick Commerce,India - Metro,52.8,59.4456896551724138,6.6
66,Golden Household,Home Care,75,Neighborhood Wholesale (Tier 2/3),General Trade,India - Tier 2/3,56.3,62.8800000000000000,6.6
50,Crunch Drinks,Beverages,183,GreenAisle (Indonesia),Grocery,SEA - Indonesia,54.1,60.6750000000000000,6.6
59,Pure Shine,Home Care,52,NimbleMart (Metro),Quick Commerce,India - Metro,54.8,61.3740000000000000,6.6
92,Cloud Grains,Breakfast & Cereal,174,ValueTrade GT (Philippines),General Trade,SEA - Philippines,55.4,62.0381578947368421,6.6
16,Sunrise Water Co,Sparkling Water,182,MetroBazaar (Indonesia),Grocery,SEA - Indonesia,57.3,63.8825000000000000,6.6
80,Nomad Candy Co,Confectionery,80,Sundry Traders Network (Tier 2/3),General Trade,India - Tier 2/3,55.8,62.4378000000000000,6.6
6,Coastal Bites,Salty Snacks,117,SunriseMart (Saudi),Grocery,Gulf - Saudi,55.7,62.3475000000000000,6.6
27,Golden Glow,Personal Care,198,Bazaar Wholesale (Indonesia),General Trade,SEA - Indonesia,53.8,60.4337500000000000,6.6
100,Fresh Tiny Care,Baby Care,80,Sundry Traders Network (Tier 2/3),General Trade,India - Tier 2/3,55.3,61.9433333333333333,6.6
55,Vivid Sip,Beverages,48,DashKart (Metro),Quick Commerce,India - Metro,55.5,62.0715517241379310,6.6
88,Pure Treats,Confectionery,199,MarketLink GT (Indonesia),General Trade,SEA - Indonesia,55.3,61.8512500000000000,6.6
105,Silver Baby Essentials,Baby Care,80,Sundry Traders Network (Tier 2/3),General Trade,India - Tier 2/3,55.3,61.9433333333333333,6.6
12,True Water Co,Sparkling Water,46,QuickDash (Metro),Quick Commerce,India - Metro,55.4,61.9855603448275862,6.6
70,Vivid Milk Co,Dairy,122,Community Retail Co-op (Saudi),General Trade,Gulf - Saudi,53.7,60.2775000000000000,6.6
18,Royal Fizz,Sparkling Water,123,Bazaar Wholesale (Saudi),General Trade,Gulf - Saudi,56.5,63.0650000000000000,6.6
24,Spring Care,Personal Care,102,DashKart (UAE),Quick Commerce,Gulf - UAE,56.5,63.1394736842105263,6.6
90,Prime Grains,Breakfast & Cereal,109,Neighborhood Wholesale (UAE),General Trade,Gulf - UAE,56.8,63.3928030303030303,6.6
103,Coastal Baby Essentials,Baby Care,88,Sundry Traders Network #2 (Tier 2/3),General Trade,India - Tier 2/3,55.3,61.9433333333333333,6.6
78,Prime Confections,Confectionery,55,DartMart (Metro),Quick Commerce,India - Metro,56.1,62.6568965517241379,6.6
70,Vivid Milk Co,Dairy,113,MetroBazaar (Saudi),Grocery,Gulf - Saudi,53.7,60.2775000000000000,6.6
2,Bold Snacks,Salty Snacks,52,NimbleMart (Metro),Quick Commerce,India - Metro,52.8,59.4456896551724138,6.6
2,Bold Snacks,Salty Snacks,62,Bazaar Wholesale (Metro),General Trade,India - Metro,52.8,59.4456896551724138,6.6
106,Vivid Little Ones,Baby Care,117,SunriseMart (Saudi),Grocery,Gulf - Saudi,58.0,64.5725000000000000,6.6
77,Urban Creamery,Dairy,133,ZipCart (Qatar),Quick Commerce,Gulf - Qatar,59.6,66.1566666666666667,6.6
19,Fresh Fizz,Sparkling Water,18,SaverClub #2,Club,North America,56.5,63.0876190476190476,6.6
15,Blue Springs,Sparkling Water,115,PrimeGrocer (Saudi),Grocery,Gulf - Saudi,56.5,63.0650000000000000,6.6
40,Meadow Pantry,Packaged Foods,101,ZipCart (UAE),Quick Commerce,Gulf - UAE,56.4,63.0119318181818182,6.6
62,Royal Household,Home Care,114,GreenAisle (Saudi),Grocery,Gulf - Saudi,56.6,63.1858333333333333,6.6
98,Coastal Mornings,Breakfast & Cereal,115,PrimeGrocer (Saudi),Grocery,Gulf - Saudi,52.8,59.3711111111111111,6.6
57,Cloud Shine,Home Care,167,SunriseMart (Philippines),Grocery,SEA - Philippines,51.6,58.1723684210526316,6.6
62,Royal Household,Home Care,11,FreshMart #2,Grocery,North America,54.9,61.5100694444444444,6.6
16,Sunrise Water Co,Sparkling Water,191,HopMart (Indonesia),Quick Commerce,SEA - Indonesia,57.3,63.8825000000000000,6.6
72,Nomad Milk Co,Dairy,84,Corner Store Network #2 (Tier 2/3),General Trade,India - Tier 2/3,56.0,62.6312000000000000,6.6
87,Pure Sweets,Confectionery,35,GoStop #3,C-Store,North America,55.3,61.9236111111111111,6.6
62,Royal Household,Home Care,4,PrimeGrocer,Grocery,North America,55.0,61.5100694444444444,6.5
19,Fresh Fizz,Sparkling Water,13,GreenAisle #2,Grocery,North America,56.6,63.0876190476190476,6.5
98,Coastal Mornings,Breakfast & Cereal,114,GreenAisle (Saudi),Grocery,Gulf - Saudi,52.9,59.3711111111111111,6.5
11,Silver Snacks,Salty Snacks,27,GoStop,C-Store,North America,54.9,61.3621428571428571,6.5
57,Cloud Shine,Home Care,165,PrimeGrocer (Philippines),Grocery,SEA - Philippines,51.7,58.1723684210526316,6.5
70,Vivid Milk Co,Dairy,74,ValueTrade GT (Tier 2/3),General Trade,India - Tier 2/3,56.1,62.6312000000000000,6.5
70,Vivid Milk Co,Dairy,80,Sundry Traders Network (Tier 2/3),General Trade,India - Tier 2/3,56.1,62.6312000000000000,6.5
61,Crunch Household,Home Care,53,RapidBasket (Metro),Quick Commerce,India - Metro,54.9,61.3740000000000000,6.5
63,Silver Household,Home Care,124,MarketLink GT (Saudi),General Trade,Gulf - Saudi,56.7,63.1858333333333333,6.5
98,Coastal Mornings,Breakfast & Cereal,81,Local Trade Collective #2 (Tier 2/3),General Trade,India - Tier 2/3,57.2,63.6752500000000000,6.5
106,Vivid Little Ones,Baby Care,83,Neighborhood Wholesale #2 (Tier 2/3),General Trade,India - Tier 2/3,55.4,61.9433333333333333,6.5
54,Nomad Drinks,Beverages,79,MarketLink GT (Tier 2/3),General Trade,India - Tier 2/3,56.1,62.6366666666666667,6.5
3,Prime Snacks,Salty Snacks,6,SunriseMart,Grocery,North America,54.9,61.3621428571428571,6.5
35,Silver Table,Packaged Foods,24,PureRoots Market #2,Natural,North America,56.0,62.4755208333333333,6.5
104,Meadow Baby Co,Baby Care,129,GreenAisle (Qatar),Grocery,Gulf - Qatar,55.1,61.6466666666666667,6.5
98,Coastal Mornings,Breakfast & Cereal,83,Neighborhood Wholesale #2 (Tier 2/3),General Trade,India - Tier 2/3,57.2,63.6752500000000000,6.5
66,Golden Household,Home Care,200,Sundry Traders Network (Indonesia),General Trade,SEA - Indonesia,57.2,63.7145833333333333,6.5
27,Golden Glow,Personal Care,186,SunriseMart (Indonesia),Grocery,SEA - Indonesia,53.9,60.4337500000000000,6.5
79,Coastal Candy Co,Confectionery,76,Corner Store Network (Tier 2/3),General Trade,India - Tier 2/3,55.9,62.4378000000000000,6.5
99,Fresh Cereal Co,Breakfast & Cereal,107,Local Trade Collective (UAE),General Trade,Gulf - UAE,56.9,63.3928030303030303,6.5
13,Urban Bubbles,Sparkling Water,155,ValueTrade GT (Malaysia),General Trade,SEA - Malaysia,55.1,61.5825000000000000,6.5
86,True Candy Co,Confectionery,167,SunriseMart (Philippines),Grocery,SEA - Philippines,56.5,63.0394736842105263,6.5
55,Vivid Sip,Beverages,45,ExpressStop (Metro),C-Store,India - Metro,55.6,62.0715517241379310,6.5
55,Vivid Sip,Beverages,51,FlashCart (Metro),Quick Commerce,India - Metro,55.6,62.0715517241379310,6.5
84,Everyday Treats,Confectionery,191,HopMart (Indonesia),Quick Commerce,SEA - Indonesia,55.4,61.8512500000000000,6.5
5,Urban Crisps,Salty Snacks,129,GreenAisle (Qatar),Grocery,Gulf - Qatar,54.5,60.9850000000000000,6.5
51,Coastal Drinks,Beverages,27,GoStop,C-Store,North America,56.4,62.8907142857142857,6.5
76,Royal Farms,Dairy,84,Corner Store Network #2 (Tier 2/3),General Trade,India - Tier 2/3,56.1,62.6312000000000000,6.5
15,Blue Springs,Sparkling Water,122,Community Retail Co-op (Saudi),General Trade,Gulf - Saudi,56.6,63.0650000000000000,6.5
16,Sunrise Water Co,Sparkling Water,196,Corner Store Network (Indonesia),General Trade,SEA - Indonesia,57.4,63.8825000000000000,6.5
14,Golden Bubbles,Sparkling Water,6,SunriseMart,Grocery,North America,56.6,63.0876190476190476,6.5
57,Cloud Shine,Home Care,81,Local Trade Collective #2 (Tier 2/3),General Trade,India - Tier 2/3,56.4,62.8800000000000000,6.5
43,Coastal Table,Packaged Foods,54,GoCart Express (Metro),Quick Commerce,India - Metro,55.8,62.2600000000000000,6.5
44,Spring Pantry,Packaged Foods,79,MarketLink GT (Tier 2/3),General Trade,India - Tier 2/3,55.4,61.8906000000000000,6.5
58,Coastal Clean,Home Care,191,HopMart (Indonesia),Quick Commerce,SEA - Indonesia,57.2,63.7145833333333333,6.5
54,Nomad Drinks,Beverages,66,MetroBazaar (Tier 2/3),Grocery,India - Tier 2/3,56.1,62.6366666666666667,6.5
49,Meadow Beverages,Beverages,89,Local Trade Collective #3 (Tier 2/3),General Trade,India - Tier 2/3,56.1,62.6366666666666667,6.5
63,Silver Household,Home Care,17,MegaValue Club,Club,North America,55.0,61.5100694444444444,6.5
63,Silver Household,Home Care,13,GreenAisle #2,Grocery,North America,55.1,61.5100694444444444,6.4
83,Fresh Treats,Confectionery,114,GreenAisle (Saudi),Grocery,Gulf - Saudi,56.1,62.4883333333333333,6.4
42,Urban Kitchen,Packaged Foods,82,ValueTrade GT #2 (Tier 2/3),General Trade,India - Tier 2/3,55.5,61.8906000000000000,6.4
6,Coastal Bites,Salty Snacks,32,ExpressStop #2,C-Store,North America,55.0,61.3621428571428571,6.4
41,Royal Kitchen,Packaged Foods,6,SunriseMart,Grocery,North America,56.1,62.4755208333333333,6.4
91,Coastal Cereal Co,Breakfast & Cereal,117,SunriseMart (Saudi),Grocery,Gulf - Saudi,53.0,59.3711111111111111,6.4
72,Nomad Milk Co,Dairy,81,Local Trade Collective #2 (Tier 2/3),General Trade,India - Tier 2/3,56.2,62.6312000000000000,6.4
12,True Water Co,Sparkling Water,55,DartMart (Metro),Quick Commerce,India - Metro,55.6,61.9855603448275862,6.4
47,Sunrise Refresh,Beverages,75,Neighborhood Wholesale (Tier 2/3),General Trade,India - Tier 2/3,56.2,62.6366666666666667,6.4
55,Vivid Sip,Beverages,194,ValueTrade GT (Indonesia),General Trade,SEA - Indonesia,54.3,60.6750000000000000,6.4
21,Golden Fizz,Sparkling Water,158,Community Retail Co-op (Malaysia),General Trade,SEA - Malaysia,55.2,61.5825000000000000,6.4
98,Coastal Mornings,Breakfast & Cereal,120,Neighborhood Wholesale (Saudi),General Trade,Gulf - Saudi,53.0,59.3711111111111111,6.4
65,Urban Clean,Home Care,14,SaverClub,Club,North America,55.1,61.5100694444444444,6.4
35,Silver Table,Packaged Foods,76,Corner Store Network (Tier 2/3),General Trade,India - Tier 2/3,55.5,61.8906000000000000,6.4
55,Vivid Sip,Beverages,181,FreshMart (Indonesia),Grocery,SEA - Indonesia,54.3,60.6750000000000000,6.4
89,Nomad Mornings,Breakfast & Cereal,15,BulkBasket Club,Club,North America,56.7,63.0944444444444444,6.4
66,Golden Household,Home Care,87,MarketLink GT #2 (Tier 2/3),General Trade,India - Tier 2/3,56.5,62.8800000000000000,6.4
84,Everyday Treats,Confectionery,187,QuickDash (Indonesia),Quick Commerce,SEA - Indonesia,55.5,61.8512500000000000,6.4
43,Coastal Table,Packaged Foods,73,Local Trade Collective (Tier 2/3),General Trade,India - Tier 2/3,55.5,61.8906000000000000,6.4
43,Coastal Table,Packaged Foods,52,NimbleMart (Metro),Quick Commerce,India - Metro,55.9,62.2600000000000000,6.4
51,Coastal Drinks,Beverages,161,Sundry Traders Network (Malaysia),General Trade,SEA - Malaysia,55.4,61.7712500000000000,6.4
39,Blue Kitchen,Packaged Foods,161,Sundry Traders Network (Malaysia),General Trade,SEA - Malaysia,56.1,62.4881250000000000,6.4
40,Meadow Pantry,Packaged Foods,95,SunriseMart (UAE),Grocery,Gulf - UAE,56.6,63.0119318181818182,6.4
85,Heritage Treats,Confectionery,66,MetroBazaar (Tier 2/3),Grocery,India - Tier 2/3,56.0,62.4378000000000000,6.4
49,Meadow Beverages,Beverages,75,Neighborhood Wholesale (Tier 2/3),General Trade,India - Tier 2/3,56.2,62.6366666666666667,6.4
46,Fresh Refresh,Beverages,3,GreenAisle,Grocery,North America,56.5,62.8907142857142857,6.4
64,Blue Shine,Home Care,186,SunriseMart (Indonesia),Grocery,SEA - Indonesia,57.3,63.7145833333333333,6.4
78,Prime Confections,Confectionery,40,DailyBasket (Metro),Grocery,India - Metro,56.3,62.6568965517241379,6.4
64,Blue Shine,Home Care,187,QuickDash (Indonesia),Quick Commerce,SEA - Indonesia,57.3,63.7145833333333333,6.4
105,Silver Baby Essentials,Baby Care,200,Sundry Traders Network (Indonesia),General Trade,SEA - Indonesia,53.3,59.7341666666666667,6.4
58,Coastal Clean,Home Care,196,Corner Store Network (Indonesia),General Trade,SEA - Indonesia,57.3,63.7145833333333333,6.4
58,Coastal Clean,Home Care,109,Neighborhood Wholesale (UAE),General Trade,Gulf - UAE,55.0,61.4090909090909091,6.4
14,Golden Bubbles,Sparkling Water,23,GreenLeaf Naturals #2,Natural,North America,56.7,63.0876190476190476,6.4
51,Coastal Drinks,Beverages,19,GreenLeaf Naturals,Natural,North America,56.6,62.8907142857142857,6.3
41,Royal Kitchen,Packaged Foods,19,GreenLeaf Naturals,Natural,North America,56.2,62.4755208333333333,6.3
45,Pure Drinks,Beverages,125,Sundry Traders Network (Saudi),General Trade,Gulf - Saudi,56.2,62.5236666666666667,6.3
6,Coastal Bites,Salty Snacks,112,FreshMart (Saudi),Grocery,Gulf - Saudi,56.0,62.3475000000000000,6.3
94,Crunch Cereal Co,Breakfast & Cereal,184,PrimeGrocer (Indonesia),Grocery,SEA - Indonesia,55.1,61.4287500000000000,6.3
79,Coastal Candy Co,Confectionery,89,Local Trade Collective #3 (Tier 2/3),General Trade,India - Tier 2/3,56.1,62.4378000000000000,6.3
102,Coastal Little Ones,Baby Care,78,Bazaar Wholesale (Tier 2/3),General Trade,India - Tier 2/3,55.6,61.9433333333333333,6.3
51,Coastal Drinks,Beverages,160,MarketLink GT (Malaysia),General Trade,SEA - Malaysia,55.5,61.7712500000000000,6.3
36,Cloud Table,Packaged Foods,66,MetroBazaar (Tier 2/3),Grocery,India - Tier 2/3,55.6,61.8906000000000000,6.3
61,Crunch Household,Home Care,63,MarketLink GT (Metro),General Trade,India - Metro,55.1,61.3740000000000000,6.3
79,Coastal Candy Co,Confectionery,73,Local Trade Collective (Tier 2/3),General Trade,India - Tier 2/3,56.1,62.4378000000000000,6.3
16,Sunrise Water Co,Sparkling Water,174,ValueTrade GT (Philippines),General Trade,SEA - Philippines,58.4,64.6703947368421053,6.3
57,Cloud Shine,Home Care,71,UrbanPantry (Tier 2/3),Grocery,India - Tier 2/3,56.6,62.8800000000000000,6.3
44,Spring Pantry,Packaged Foods,74,ValueTrade GT (Tier 2/3),General Trade,India - Tier 2/3,55.6,61.8906000000000000,6.3
83,Fresh Treats,Confectionery,89,Local Trade Collective #3 (Tier 2/3),General Trade,India - Tier 2/3,56.1,62.4378000000000000,6.3
88,Pure Treats,Confectionery,101,ZipCart (UAE),Quick Commerce,Gulf - UAE,55.6,61.9394736842105263,6.3
24,Spring Care,Personal Care,101,ZipCart (UAE),Quick Commerce,Gulf - UAE,56.8,63.1394736842105263,6.3
82,Meadow Treats,Confectionery,28,ExpressStop,C-Store,North America,55.6,61.9236111111111111,6.3
15,Blue Springs,Sparkling Water,115,PrimeGrocer (Saudi),Grocery,Gulf - Saudi,56.8,63.0650000000000000,6.3
6,Coastal Bites,Salty Snacks,10,HomeFresh,Grocery,North America,55.1,61.3621428571428571,6.3
105,Silver Baby Essentials,Baby Care,67,GreenAisle (Tier 2/3),Grocery,India - Tier 2/3,55.6,61.9433333333333333,6.3
63,Silver Household,Home Care,115,PrimeGrocer (Saudi),Grocery,Gulf - Saudi,56.9,63.1858333333333333,6.3
19,Fresh Fizz,Sparkling Water,6,SunriseMart,Grocery,North America,56.8,63.0876190476190476,6.3
82,Meadow Treats,Confectionery,5,DailyBasket,Grocery,North America,55.6,61.9236111111111111,6.3
94,Crunch Cereal Co,Breakfast & Cereal,198,Bazaar Wholesale (Indonesia),General Trade,SEA - Indonesia,55.1,61.4287500000000000,6.3
20,Heritage Springs,Sparkling Water,42,QuickStop (Metro),C-Store,India - Metro,55.7,61.9855603448275862,6.3
54,Nomad Drinks,Beverages,87,MarketLink GT #2 (Tier 2/3),General Trade,India - Tier 2/3,56.4,62.6366666666666667,6.2
93,Urban Mornings,Breakfast & Cereal,104,HopMart (UAE),Quick Commerce,Gulf - UAE,57.2,63.3928030303030303,6.2
94,Crunch Cereal Co,Breakfast & Cereal,77,Community Retail Co-op (Tier 2/3),General Trade,India - Tier 2/3,57.5,63.6752500000000000,6.2
34,Bold Kitchen,Packaged Foods,183,GreenAisle (Indonesia),Grocery,SEA - Indonesia,58.4,64.6200000000000000,6.2
70,Vivid Milk Co,Dairy,71,UrbanPantry (Tier 2/3),Grocery,India - Tier 2/3,56.4,62.6312000000000000,6.2
60,True Shine,Home Care,92,GreenAisle (UAE),Grocery,Gulf - UAE,55.2,61.4090909090909091,6.2
1,True Snacks,Salty Snacks,84,Corner Store Network #2 (Tier 2/3),General Trade,India - Tier 2/3,56.8,63.0406666666666667,6.2
69,Everyday Milk Co,Dairy,152,HopMart (Malaysia),Quick Commerce,SEA - Malaysia,58.4,64.5987500000000000,6.2
70,Vivid Milk Co,Dairy,87,MarketLink GT #2 (Tier 2/3),General Trade,India - Tier 2/3,56.4,62.6312000000000000,6.2
73,Blue Milk Co,Dairy,5,DailyBasket,Grocery,North America,54.5,60.7394736842105263,6.2
84,Everyday Treats,Confectionery,183,GreenAisle (Indonesia),Grocery,SEA - Indonesia,55.7,61.8512500000000000,6.2
6,Coastal Bites,Salty Snacks,26,CornerFuel Mart,C-Store,North America,55.2,61.3621428571428571,6.2
83,Fresh Treats,Confectionery,126,Local Trade Collective #2 (Saudi),General Trade,Gulf - Saudi,56.3,62.4883333333333333,6.2
55,Vivid Sip,Beverages,55,DartMart (Metro),Quick Commerce,India - Metro,55.9,62.0715517241379310,6.2
20,Heritage Springs,Sparkling Water,54,GoCart Express (Metro),Quick Commerce,India - Metro,55.8,61.9855603448275862,6.2
41,Royal Kitchen,Packaged Foods,19,GreenLeaf Naturals,Natural,North America,56.3,62.4755208333333333,6.2
81,Prime Candy Co,Confectionery,133,ZipCart (Qatar),Quick Commerce,Gulf - Qatar,54.7,60.9133333333333333,6.2
19,Fresh Fizz,Sparkling Water,82,ValueTrade GT #2 (Tier 2/3),General Trade,India - Tier 2/3,57.2,63.3680000000000000,6.2
43,Coastal Table,Packaged Foods,58,ValueTrade GT (Metro),General Trade,India - Metro,56.1,62.2600000000000000,6.2
38,Urban Pantry,Packaged Foods,174,ValueTrade GT (Philippines),General Trade,SEA - Philippines,55.5,61.6500000000000000,6.2
15,Blue Springs,Sparkling Water,121,Corner Store Network (Saudi),General Trade,Gulf - Saudi,56.9,63.0650000000000000,6.2
106,Vivid Little Ones,Baby Care,116,DailyBasket (Saudi),Grocery,Gulf - Saudi,58.4,64.5725000000000000,6.2
97,Royal Breakfast Co,Breakfast & Cereal,159,Bazaar Wholesale (Malaysia),General Trade,SEA - Malaysia,56.4,62.5915625000000000,6.2
104,Meadow Baby Co,Baby Care,140,Corner Store Network (Qatar),General Trade,Gulf - Qatar,55.4,61.6466666666666667,6.2
20,Heritage Springs,Sparkling Water,50,HopMart (Metro),Quick Commerce,India - Metro,55.8,61.9855603448275862,6.2
56,Golden Shine,Home Care,86,Bazaar Wholesale #2 (Tier 2/3),General Trade,India - Tier 2/3,56.8,62.8800000000000000,6.1
76,Royal Farms,Dairy,23,GreenLeaf Naturals #2,Natural,North America,54.6,60.7394736842105263,6.1
77,Urban Creamery,Dairy,124,MarketLink GT (Saudi),General Trade,Gulf - Saudi,54.2,60.2775000000000000,6.1
47,Sunrise Refresh,Beverages,70,SunriseMart (Tier 2/3),Grocery,India - Tier 2/3,56.5,62.6366666666666667,6.1
79,Coastal Candy Co,Confectionery,71,UrbanPantry (Tier 2/3),Grocery,India - Tier 2/3,56.3,62.4378000000000000,6.1
80,Nomad Candy Co,Confectionery,87,MarketLink GT #2 (Tier 2/3),General Trade,India - Tier 2/3,56.3,62.4378000000000000,6.1
76,Royal Farms,Dairy,69,DailyBasket (Tier 2/3),Grocery,India - Tier 2/3,56.5,62.6312000000000000,6.1
7,Urban Bites,Salty Snacks,184,PrimeGrocer (Indonesia),Grocery,SEA - Indonesia,52.1,58.1575000000000000,6.1
44,Spring Pantry,Packaged Foods,100,QuickDash (UAE),Quick Commerce,Gulf - UAE,56.9,63.0119318181818182,6.1
43,Coastal Table,Packaged Foods,83,Neighborhood Wholesale #2 (Tier 2/3),General Trade,India - Tier 2/3,55.8,61.8906000000000000,6.1
72,Nomad Milk Co,Dairy,75,Neighborhood Wholesale (Tier 2/3),General Trade,India - Tier 2/3,56.5,62.6312000000000000,6.1
42,Urban Kitchen,Packaged Foods,171,SwiftBasket (Philippines),Quick Commerce,SEA - Philippines,55.6,61.6500000000000000,6.1
59,Pure Shine,Home Care,54,GoCart Express (Metro),Quick Commerce,India - Metro,55.3,61.3740000000000000,6.1
38,Urban Pantry,Packaged Foods,120,Neighborhood Wholesale (Saudi),General Trade,Gulf - Saudi,54.9,61.0458333333333333,6.1
18,Royal Fizz,Sparkling Water,4,PrimeGrocer,Grocery,North America,57.0,63.0876190476190476,6.1
38,Urban Pantry,Packaged Foods,163,MetroBazaar (Philippines),Grocery,SEA - Philippines,55.6,61.6500000000000000,6.1
99,Fresh Cereal Co,Breakfast & Cereal,155,ValueTrade GT (Malaysia),General Trade,SEA - Malaysia,56.5,62.5915625000000000,6.1
36,Cloud Table,Packaged Foods,77,Community Retail Co-op (Tier 2/3),General Trade,India - Tier 2/3,55.8,61.8906000000000000,6.1
87,Pure Sweets,Confectionery,2,MetroBazaar,Grocery,North America,55.8,61.9236111111111111,6.1
24,Spring Care,Personal Care,130,PrimeGrocer (Qatar),Grocery,Gulf - Qatar,55.5,61.5616666666666667,6.1
89,Nomad Mornings,Breakfast & Cereal,75,Neighborhood Wholesale (Tier 2/3),General Trade,India - Tier 2/3,57.6,63.6752500000000000,6.1
2,Bold Snacks,Salty Snacks,125,Sundry Traders Network (Saudi),General Trade,Gulf - Saudi,56.2,62.3475000000000000,6.1
95,Cloud Mornings,Breakfast & Cereal,126,Local Trade Collective #2 (Saudi),General Trade,Gulf - Saudi,53.3,59.3711111111111111,6.1
21,Golden Fizz,Sparkling Water,54,GoCart Express (Metro),Quick Commerce,India - Metro,55.9,61.9855603448275862,6.1
28,Spring Skin,Personal Care,11,FreshMart #2,Grocery,North America,57.1,63.2026315789473684,6.1
28,Spring Skin,Personal Care,154,Local Trade Collective (Malaysia),General Trade,SEA - Malaysia,55.4,61.4575000000000000,6.1
66,Golden Household,Home Care,199,MarketLink GT (Indonesia),General Trade,SEA - Indonesia,57.6,63.7145833333333333,6.1
94,Crunch Cereal Co,Breakfast & Cereal,89,Local Trade Collective #3 (Tier 2/3),General Trade,India - Tier 2/3,57.6,63.6752500000000000,6.1
2,Bold Snacks,Salty Snacks,126,Local Trade Collective #2 (Saudi),General Trade,Gulf - Saudi,56.2,62.3475000000000000,6.1
76,Royal Farms,Dairy,1,FreshMart,Grocery,North America,54.6,60.7394736842105263,6.1
33,Cloud Glow,Personal Care,88,Sundry Traders Network #2 (Tier 2/3),General Trade,India - Tier 2/3,56.8,62.8356666666666667,6.0
78,Prime Confections,Confectionery,58,ValueTrade GT (Metro),General Trade,India - Metro,56.7,62.6568965517241379,6.0
12,True Water Co,Sparkling Water,58,ValueTrade GT (Metro),General Trade,India - Metro,56.0,61.9855603448275862,6.0
58,Coastal Clean,Home Care,184,PrimeGrocer (Indonesia),Grocery,SEA - Indonesia,57.7,63.7145833333333333,6.0
47,Sunrise Refresh,Beverages,113,MetroBazaar (Saudi),Grocery,Gulf - Saudi,56.5,62.5236666666666667,6.0
71,Golden Farms,Dairy,172,HopMart (Philippines),Quick Commerce,SEA - Philippines,55.4,61.3750000000000000,6.0
19,Fresh Fizz,Sparkling Water,32,ExpressStop #2,C-Store,North America,57.1,63.0876190476190476,6.0
84,Everyday Treats,Confectionery,199,MarketLink GT (Indonesia),General Trade,SEA - Indonesia,55.9,61.8512500000000000,6.0
82,Meadow Treats,Confectionery,87,MarketLink GT #2 (Tier 2/3),General Trade,India - Tier 2/3,56.4,62.4378000000000000,6.0
23,Golden Skin,Personal Care,61,Community Retail Co-op (Metro),General Trade,India - Metro,56.7,62.6680000000000000,6.0
102,Coastal Little Ones,Baby Care,69,DailyBasket (Tier 2/3),Grocery,India - Tier 2/3,55.9,61.9433333333333333,6.0
78,Prime Confections,Confectionery,199,MarketLink GT (Indonesia),General Trade,SEA - Indonesia,55.9,61.8512500000000000,6.0
46,Fresh Refresh,Beverages,22,NaturaLife Market,Natural,North America,56.9,62.8907142857142857,6.0
18,Royal Fizz,Sparkling Water,31,GoStop #2,C-Store,North America,57.1,63.0876190476190476,6.0
30,Cloud Essentials,Personal Care,21,EarthAisle,Natural,North America,57.2,63.2026315789473684,6.0
61,Crunch Household,Home Care,39,PrimeGrocer (Metro),Grocery,India - Metro,55.4,61.3740000000000000,6.0
19,Fresh Fizz,Sparkling Water,74,ValueTrade GT (Tier 2/3),General Trade,India - Tier 2/3,57.4,63.3680000000000000,6.0
5,Urban Crisps,Salty Snacks,137,Local Trade Collective (Qatar),General Trade,Gulf - Qatar,55.0,60.9850000000000000,6.0
52,Spring Sip,Beverages,132,QuickDash (Qatar),Quick Commerce,Gulf - Qatar,56.4,62.3838888888888889,6.0
102,Coastal Little Ones,Baby Care,83,Neighborhood Wholesale #2 (Tier 2/3),General Trade,India - Tier 2/3,55.9,61.9433333333333333,6.0
57,Cloud Shine,Home Care,79,MarketLink GT (Tier 2/3),General Trade,India - Tier 2/3,56.9,62.8800000000000000,6.0
58,Coastal Clean,Home Care,187,QuickDash (Indonesia),Quick Commerce,SEA - Indonesia,57.7,63.7145833333333333,6.0
97,Royal Breakfast Co,Breakfast & Cereal,159,Bazaar Wholesale (Malaysia),General Trade,SEA - Malaysia,56.6,62.5915625000000000,6.0
85,Heritage Treats,Confectionery,80,Sundry Traders Network (Tier 2/3),General Trade,India - Tier 2/3,56.4,62.4378000000000000,6.0
46,Fresh Refresh,Beverages,119,ValueTrade GT (Saudi),General Trade,Gulf - Saudi,56.5,62.5236666666666667,6.0
75,Vivid Dairy,Dairy,83,Neighborhood Wholesale #2 (Tier 2/3),General Trade,India - Tier 2/3,56.6,62.6312000000000000,6.0
56,Golden Shine,Home Care,86,Bazaar Wholesale #2 (Tier 2/3),General Trade,India - Tier 2/3,56.9,62.8800000000000000,6.0
104,Meadow Baby Co,Baby Care,128,MetroBazaar (Qatar),Grocery,Gulf - Qatar,55.6,61.6466666666666667,6.0
51,Coastal Drinks,Beverages,30,CornerFuel Mart #2,C-Store,North America,56.9,62.8907142857142857,6.0
23,Golden Skin,Personal Care,54,GoCart Express (Metro),Quick Commerce,India - Metro,56.7,62.6680000000000000,6.0
70,Vivid Milk Co,Dairy,82,ValueTrade GT #2 (Tier 2/3),General Trade,India - Tier 2/3,56.6,62.6312000000000000,6.0
26,Prime Care,Personal Care,75,Neighborhood Wholesale (Tier 2/3),General Trade,India - Tier 2/3,56.8,62.8356666666666667,6.0
45,Pure Drinks,Beverages,119,ValueTrade GT (Saudi),General Trade,Gulf - Saudi,56.5,62.5236666666666667,6.0
45,Pure Drinks,Beverages,115,PrimeGrocer (Saudi),Grocery,Gulf - Saudi,56.6,62.5236666666666667,5.9
82,Meadow Treats,Confectionery,68,PrimeGrocer (Tier 2/3),Grocery,India - Tier 2/3,56.5,62.4378000000000000,5.9
18,Royal Fizz,Sparkling Water,27,GoStop,C-Store,North America,57.2,63.0876190476190476,5.9
9,Spring Crisps,Salty Snacks,97,SaverClub (UAE),Club,Gulf - UAE,56.8,62.7130681818181818,5.9
53,Cloud Sip,Beverages,127,FreshMart (Qatar),Grocery,Gulf - Qatar,56.5,62.3838888888888889,5.9
2,Bold Snacks,Salty Snacks,58,ValueTrade GT (Metro),General Trade,India - Metro,53.5,59.4456896551724138,5.9
74,Sunrise Milk Co,Dairy,70,SunriseMart (Tier 2/3),Grocery,India - Tier 2/3,56.7,62.6312000000000000,5.9
30,Cloud Essentials,Personal Care,13,GreenAisle #2,Grocery,North America,57.3,63.2026315789473684,5.9
75,Vivid Dairy,Dairy,72,ValueGrocer (Tier 2/3),Grocery,India - Tier 2/3,56.7,62.6312000000000000,5.9
39,Blue Kitchen,Packaged Foods,145,PrimeGrocer (Malaysia),Grocery,SEA - Malaysia,56.6,62.4881250000000000,5.9
71,Golden Farms,Dairy,4,PrimeGrocer,Grocery,North America,54.8,60.7394736842105263,5.9
89,Nomad Mornings,Breakfast & Cereal,85,Community Retail Co-op #2 (Tier 2/3),General Trade,India - Tier 2/3,57.8,63.6752500000000000,5.9
78,Prime Confections,Confectionery,199,MarketLink GT (Indonesia),General Trade,SEA - Indonesia,56.0,61.8512500000000000,5.9
38,Urban Pantry,Packaged Foods,175,Neighborhood Wholesale (Philippines),General Trade,SEA - Philippines,55.8,61.6500000000000000,5.9
95,Cloud Mornings,Breakfast & Cereal,124,MarketLink GT (Saudi),General Trade,Gulf - Saudi,53.5,59.3711111111111111,5.9
51,Coastal Drinks,Beverages,14,SaverClub,Club,North America,57.0,62.8907142857142857,5.9
104,Meadow Baby Co,Baby Care,129,GreenAisle (Qatar),Grocery,Gulf - Qatar,55.7,61.6466666666666667,5.9
105,Silver Baby Essentials,Baby Care,69,DailyBasket (Tier 2/3),Grocery,India - Tier 2/3,56.0,61.9433333333333333,5.9
88,Pure Treats,Confectionery,196,Corner Store Network (Indonesia),General Trade,SEA - Indonesia,56.0,61.8512500000000000,5.9
55,Vivid Sip,Beverages,52,NimbleMart (Metro),Quick Commerce,India - Metro,56.2,62.0715517241379310,5.9
90,Prime Grains,Breakfast & Cereal,99,WareClub (UAE),Club,Gulf - UAE,57.5,63.3928030303030303,5.9
21,Golden Fizz,Sparkling Water,144,GreenAisle (Malaysia),Grocery,SEA - Malaysia,55.7,61.5825000000000000,5.9
35,Silver Table,Packaged Foods,2,MetroBazaar,Grocery,North America,56.6,62.4755208333333333,5.9
6,Coastal Bites,Salty Snacks,5,DailyBasket,Grocery,North America,55.5,61.3621428571428571,5.9
105,Silver Baby Essentials,Baby Care,81,Local Trade Collective #2 (Tier 2/3),General Trade,India - Tier 2/3,56.0,61.9433333333333333,5.9
62,Royal Household,Home Care,11,FreshMart #2,Grocery,North America,55.6,61.5100694444444444,5.9
69,Everyday Milk Co,Dairy,152,HopMart (Malaysia),Quick Commerce,SEA - Malaysia,58.7,64.5987500000000000,5.9
55,Vivid Sip,Beverages,182,MetroBazaar (Indonesia),Grocery,SEA - Indonesia,54.9,60.6750000000000000,5.8
24,Spring Care,Personal Care,92,GreenAisle (UAE),Grocery,Gulf - UAE,57.3,63.1394736842105263,5.8
57,Cloud Shine,Home Care,68,PrimeGrocer (Tier 2/3),Grocery,India - Tier 2/3,57.1,62.8800000000000000,5.8
38,Urban Pantry,Packaged Foods,163,MetroBazaar (Philippines),Grocery,SEA - Philippines,55.9,61.6500000000000000,5.8
44,Spring Pantry,Packaged Foods,110,Corner Store Network (UAE),General Trade,Gulf - UAE,57.2,63.0119318181818182,5.8
33,Cloud Glow,Personal Care,74,ValueTrade GT (Tier 2/3),General Trade,India - Tier 2/3,57.0,62.8356666666666667,5.8
51,Coastal Drinks,Beverages,5,DailyBasket,Grocery,North America,57.1,62.8907142857142857,5.8
75,Vivid Dairy,Dairy,102,DashKart (UAE),Quick Commerce,Gulf - UAE,58.4,64.2289473684210526,5.8
77,Urban Creamery,Dairy,126,Local Trade Collective #2 (Saudi),General Trade,Gulf - Saudi,54.5,60.2775000000000000,5.8
70,Vivid Milk Co,Dairy,65,FreshMart (Tier 2/3),Grocery,India - Tier 2/3,56.8,62.6312000000000000,5.8
47,Sunrise Refresh,Beverages,113,MetroBazaar (Saudi),Grocery,Gulf - Saudi,56.7,62.5236666666666667,5.8
41,Royal Kitchen,Packaged Foods,5,DailyBasket,Grocery,North America,56.7,62.4755208333333333,5.8
33,Cloud Glow,Personal Care,68,PrimeGrocer (Tier 2/3),Grocery,India - Tier 2/3,57.0,62.8356666666666667,5.8
79,Coastal Candy Co,Confectionery,75,Neighborhood Wholesale (Tier 2/3),General Trade,India - Tier 2/3,56.6,62.4378000000000000,5.8
44,Spring Pantry,Packaged Foods,77,Community Retail Co-op (Tier 2/3),General Trade,India - Tier 2/3,56.1,61.8906000000000000,5.8
49,Meadow Beverages,Beverages,87,MarketLink GT #2 (Tier 2/3),General Trade,India - Tier 2/3,56.8,62.6366666666666667,5.8
53,Cloud Sip,Beverages,136,HopMart (Qatar),Quick Commerce,Gulf - Qatar,56.6,62.3838888888888889,5.8
78,Prime Confections,Confectionery,36,FreshMart (Metro),Grocery,India - Metro,56.9,62.6568965517241379,5.8
13,Urban Bubbles,Sparkling Water,175,Neighborhood Wholesale (Philippines),General Trade,SEA - Philippines,58.9,64.6703947368421053,5.8
108,Crunch Baby Co,Baby Care,78,Bazaar Wholesale (Tier 2/3),General Trade,India - Tier 2/3,56.1,61.9433333333333333,5.8
64,Blue Shine,Home Care,3,GreenAisle,Grocery,North America,55.7,61.5100694444444444,5.8
55,Vivid Sip,Beverages,50,HopMart (Metro),Quick Commerce,India - Metro,56.3,62.0715517241379310,5.8
50,Crunch Drinks,Beverages,162,FreshMart (Philippines),Grocery,SEA - Philippines,58.7,64.5381578947368421,5.8
54,Nomad Drinks,Beverages,79,MarketLink GT (Tier 2/3),General Trade,India - Tier 2/3,56.8,62.6366666666666667,5.8
9,Spring Crisps,Salty Snacks,107,Local Trade Collective (UAE),General Trade,Gulf - UAE,56.9,62.7130681818181818,5.8
70,Vivid Milk Co,Dairy,66,MetroBazaar (Tier 2/3),Grocery,India - Tier 2/3,56.8,62.6312000000000000,5.8
38,Urban Pantry,Packaged Foods,167,SunriseMart (Philippines),Grocery,SEA - Philippines,55.9,61.6500000000000000,5.8
66,Golden Household,Home Care,79,MarketLink GT (Tier 2/3),General Trade,India - Tier 2/3,57.1,62.8800000000000000,5.8
73,Blue Milk Co,Dairy,11,FreshMart #2,Grocery,North America,54.9,60.7394736842105263,5.8
78,Prime Confections,Confectionery,41,SunriseMart (Metro),Grocery,India - Metro,57.0,62.6568965517241379,5.7
77,Urban Creamery,Dairy,125,Sundry Traders Network (Saudi),General Trade,Gulf - Saudi,54.6,60.2775000000000000,5.7
46,Fresh Refresh,Beverages,123,Bazaar Wholesale (Saudi),General Trade,Gulf - Saudi,56.8,62.5236666666666667,5.7
77,Urban Creamery,Dairy,127,FreshMart (Qatar),Grocery,Gulf - Qatar,60.5,66.1566666666666667,5.7
16,Sunrise Water Co,Sparkling Water,181,FreshMart (Indonesia),Grocery,SEA - Indonesia,58.2,63.8825000000000000,5.7
105,Silver Baby Essentials,Baby Care,68,PrimeGrocer (Tier 2/3),Grocery,India - Tier 2/3,56.2,61.9433333333333333,5.7
14,Golden Bubbles,Sparkling Water,28,ExpressStop,C-Store,North America,57.4,63.0876190476190476,5.7
69,Everyday Milk Co,Dairy,144,GreenAisle (Malaysia),Grocery,SEA - Malaysia,58.9,64.5987500000000000,5.7
14,Golden Bubbles,Sparkling Water,25,QuickStop,C-Store,North America,57.4,63.0876190476190476,5.7
35,Silver Table,Packaged Foods,66,MetroBazaar (Tier 2/3),Grocery,India - Tier 2/3,56.2,61.8906000000000000,5.7
76,Royal Farms,Dairy,3,GreenAisle,Grocery,North America,55.0,60.7394736842105263,5.7
51,Coastal Drinks,Beverages,3,GreenAisle,Grocery,North America,57.2,62.8907142857142857,5.7
100,Fresh Tiny Care,Baby Care,80,Sundry Traders Network (Tier 2/3),General Trade,India - Tier 2/3,56.2,61.9433333333333333,5.7
87,Pure Sweets,Confectionery,28,ExpressStop,C-Store,North America,56.2,61.9236111111111111,5.7
69,Everyday Milk Co,Dairy,143,MetroBazaar (Malaysia),Grocery,SEA - Malaysia,58.9,64.5987500000000000,5.7
93,Urban Mornings,Breakfast & Cereal,177,Community Retail Co-op (Philippines),General Trade,SEA - Philippines,56.3,62.0381578947368421,5.7
65,Urban Clean,Home Care,6,SunriseMart,Grocery,North America,55.8,61.5100694444444444,5.7
22,Crunch Fizz,Sparkling Water,108,ValueTrade GT (UAE),General Trade,Gulf - UAE,57.3,62.9568181818181818,5.7
90,Prime Grains,Breakfast & Cereal,95,SunriseMart (UAE),Grocery,Gulf - UAE,57.7,63.3928030303030303,5.7
45,Pure Drinks,Beverages,115,PrimeGrocer (Saudi),Grocery,Gulf - Saudi,56.8,62.5236666666666667,5.7
18,Royal Fizz,Sparkling Water,22,NaturaLife Market,Natural,North America,57.4,63.0876190476190476,5.7
51,Coastal Drinks,Beverages,15,BulkBasket Club,Club,North America,57.2,62.8907142857142857,5.7
10,Silver Chips,Salty Snacks,126,Local Trade Collective #2 (Saudi),General Trade,Gulf - Saudi,56.6,62.3475000000000000,5.7
21,Golden Fizz,Sparkling Water,56,QuickDash #2 (Metro),Quick Commerce,India - Metro,56.3,61.9855603448275862,5.7
28,Spring Skin,Personal Care,4,PrimeGrocer,Grocery,North America,57.5,63.2026315789473684,5.7
91,Coastal Cereal Co,Breakfast & Cereal,160,MarketLink GT (Malaysia),General Trade,SEA - Malaysia,56.9,62.5915625000000000,5.7
44,Spring Pantry,Packaged Foods,92,GreenAisle (UAE),Grocery,Gulf - UAE,57.3,63.0119318181818182,5.7
76,Royal Farms,Dairy,12,MetroBazaar #2,Grocery,North America,55.0,60.7394736842105263,5.7
44,Spring Pantry,Packaged Foods,74,ValueTrade GT (Tier 2/3),General Trade,India - Tier 2/3,56.3,61.8906000000000000,5.6
109,Silver Little Ones,Baby Care,131,DailyBasket (Qatar),Grocery,Gulf - Qatar,56.0,61.6466666666666667,5.6
94,Crunch Cereal Co,Breakfast & Cereal,182,MetroBazaar (Indonesia),Grocery,SEA - Indonesia,55.8,61.4287500000000000,5.6
94,Crunch Cereal Co,Breakfast & Cereal,191,HopMart (Indonesia),Quick Commerce,SEA - Indonesia,55.8,61.4287500000000000,5.6
11,Silver Snacks,Salty Snacks,85,Community Retail Co-op #2 (Tier 2/3),General Trade,India - Tier 2/3,57.4,63.0406666666666667,5.6
78,Prime Confections,Confectionery,194,ValueTrade GT (Indonesia),General Trade,SEA - Indonesia,56.3,61.8512500000000000,5.6
2,Bold Snacks,Salty Snacks,52,NimbleMart (Metro),Quick Commerce,India - Metro,53.8,59.4456896551724138,5.6
58,Coastal Clean,Home Care,193,Local Trade Collective (Indonesia),General Trade,SEA - Indonesia,58.1,63.7145833333333333,5.6
54,Nomad Drinks,Beverages,124,MarketLink GT (Saudi),General Trade,Gulf - Saudi,56.9,62.5236666666666667,5.6
28,Spring Skin,Personal Care,12,MetroBazaar #2,Grocery,North America,57.6,63.2026315789473684,5.6
33,Cloud Glow,Personal Care,76,Corner Store Network (Tier 2/3),General Trade,India - Tier 2/3,57.2,62.8356666666666667,5.6
59,Pure Shine,Home Care,58,ValueTrade GT (Metro),General Trade,India - Metro,55.8,61.3740000000000000,5.6
71,Golden Farms,Dairy,11,FreshMart #2,Grocery,North America,55.1,60.7394736842105263,5.6
32,Cloud Skin,Personal Care,74,ValueTrade GT (Tier 2/3),General Trade,India - Tier 2/3,57.2,62.8356666666666667,5.6
89,Nomad Mornings,Breakfast & Cereal,18,SaverClub #2,Club,North America,57.5,63.0944444444444444,5.6
32,Cloud Skin,Personal Care,87,MarketLink GT #2 (Tier 2/3),General Trade,India - Tier 2/3,57.2,62.8356666666666667,5.6
73,Blue Milk Co,Dairy,196,Corner Store Network (Indonesia),General Trade,SEA - Indonesia,57.7,63.3287500000000000,5.6
60,True Shine,Home Care,91,MetroBazaar (UAE),Grocery,Gulf - UAE,55.8,61.4090909090909091,5.6
73,Blue Milk Co,Dairy,200,Sundry Traders Network (Indonesia),General Trade,SEA - Indonesia,57.7,63.3287500000000000,5.6
88,Pure Treats,Confectionery,90,FreshMart (UAE),Grocery,Gulf - UAE,56.3,61.9394736842105263,5.6
107,Spring Tiny Care,Baby Care,185,DailyBasket (Indonesia),Grocery,SEA - Indonesia,54.1,59.7341666666666667,5.6
3,Prime Snacks,Salty Snacks,35,GoStop #3,C-Store,North America,55.8,61.3621428571428571,5.6
11,Silver Snacks,Salty Snacks,85,Community Retail Co-op #2 (Tier 2/3),General Trade,India - Tier 2/3,57.4,63.0406666666666667,5.6
100,Fresh Tiny Care,Baby Care,78,Bazaar Wholesale (Tier 2/3),General Trade,India - Tier 2/3,56.3,61.9433333333333333,5.6
72,Nomad Milk Co,Dairy,69,DailyBasket (Tier 2/3),Grocery,India - Tier 2/3,57.0,62.6312000000000000,5.6
54,Nomad Drinks,Beverages,75,Neighborhood Wholesale (Tier 2/3),General Trade,India - Tier 2/3,57.0,62.6366666666666667,5.6
22,Crunch Fizz,Sparkling Water,106,NimbleMart (UAE),Quick Commerce,Gulf - UAE,57.4,62.9568181818181818,5.6
46,Fresh Refresh,Beverages,17,MegaValue Club,Club,North America,57.3,62.8907142857142857,5.6
42,Urban Kitchen,Packaged Foods,71,UrbanPantry (Tier 2/3),Grocery,India - Tier 2/3,56.3,61.8906000000000000,5.6
80,Nomad Candy Co,Confectionery,89,Local Trade Collective #3 (Tier 2/3),General Trade,India - Tier 2/3,56.9,62.4378000000000000,5.5
47,Sunrise Refresh,Beverages,123,Bazaar Wholesale (Saudi),General Trade,Gulf - Saudi,57.0,62.5236666666666667,5.5
24,Spring Care,Personal Care,141,Community Retail Co-op (Qatar),General Trade,Gulf - Qatar,56.1,61.5616666666666667,5.5
7,Urban Bites,Salty Snacks,97,SaverClub (UAE),Club,Gulf - UAE,57.2,62.7130681818181818,5.5
34,Bold Kitchen,Packaged Foods,147,SunriseMart (Malaysia),Grocery,SEA - Malaysia,57.0,62.4881250000000000,5.5
17,Nomad Bubbles,Sparkling Water,45,ExpressStop (Metro),C-Store,India - Metro,56.5,61.9855603448275862,5.5
69,Everyday Milk Co,Dairy,152,HopMart (Malaysia),Quick Commerce,SEA - Malaysia,59.1,64.5987500000000000,5.5
79,Coastal Candy Co,Confectionery,89,Local Trade Collective #3 (Tier 2/3),General Trade,India - Tier 2/3,56.9,62.4378000000000000,5.5
62,Royal Household,Home Care,14,SaverClub,Club,North America,56.0,61.5100694444444444,5.5
42,Urban Kitchen,Packaged Foods,173,Local Trade Collective (Philippines),General Trade,SEA - Philippines,56.2,61.6500000000000000,5.5
20,Heritage Springs,Sparkling Water,63,MarketLink GT (Metro),General Trade,India - Metro,56.5,61.9855603448275862,5.5
73,Blue Milk Co,Dairy,188,ZipCart (Indonesia),Quick Commerce,SEA - Indonesia,57.8,63.3287500000000000,5.5
105,Silver Baby Essentials,Baby Care,84,Corner Store Network #2 (Tier 2/3),General Trade,India - Tier 2/3,56.4,61.9433333333333333,5.5
93,Urban Mornings,Breakfast & Cereal,106,NimbleMart (UAE),Quick Commerce,Gulf - UAE,57.9,63.3928030303030303,5.5
12,True Water Co,Sparkling Water,40,DailyBasket (Metro),Grocery,India - Metro,56.5,61.9855603448275862,5.5
28,Spring Skin,Personal Care,160,MarketLink GT (Malaysia),General Trade,SEA - Malaysia,56.0,61.4575000000000000,5.5
89,Nomad Mornings,Breakfast & Cereal,88,Sundry Traders Network #2 (Tier 2/3),General Trade,India - Tier 2/3,58.2,63.6752500000000000,5.5
21,Golden Fizz,Sparkling Water,59,Neighborhood Wholesale (Metro),General Trade,India - Metro,56.5,61.9855603448275862,5.5
3,Prime Snacks,Salty Snacks,17,MegaValue Club,Club,North America,55.9,61.3621428571428571,5.5
25,Royal Skin,Personal Care,149,ZipCart (Malaysia),Quick Commerce,SEA - Malaysia,56.0,61.4575000000000000,5.5
64,Blue Shine,Home Care,182,MetroBazaar (Indonesia),Grocery,SEA - Indonesia,58.2,63.7145833333333333,5.5
7,Urban Bites,Salty Snacks,184,PrimeGrocer (Indonesia),Grocery,SEA - Indonesia,52.7,58.1575000000000000,5.5
73,Blue Milk Co,Dairy,11,FreshMart #2,Grocery,North America,55.2,60.7394736842105263,5.5
3,Prime Snacks,Salty Snacks,24,PureRoots Market #2,Natural,North America,55.9,61.3621428571428571,5.5
43,Coastal Table,Packaged Foods,36,FreshMart (Metro),Grocery,India - Metro,56.8,62.2600000000000000,5.5
86,True Candy Co,Confectionery,169,ZipCart (Philippines),Quick Commerce,SEA - Philippines,57.5,63.0394736842105263,5.5
99,Fresh Cereal Co,Breakfast & Cereal,160,MarketLink GT (Malaysia),General Trade,SEA - Malaysia,57.1,62.5915625000000000,5.5
74,Sunrise Milk Co,Dairy,80,Sundry Traders Network (Tier 2/3),General Trade,India - Tier 2/3,57.1,62.6312000000000000,5.5
54,Nomad Drinks,Beverages,74,ValueTrade GT (Tier 2/3),General Trade,India - Tier 2/3,57.1,62.6366666666666667,5.5
73,Blue Milk Co,Dairy,4,PrimeGrocer,Grocery,North America,55.2,60.7394736842105263,5.5
76,Royal Farms,Dairy,69,DailyBasket (Tier 2/3),Grocery,India - Tier 2/3,57.1,62.6312000000000000,5.5
21,Golden Fizz,Sparkling Water,142,FreshMart (Malaysia),Grocery,SEA - Malaysia,56.1,61.5825000000000000,5.5
38,Urban Pantry,Packaged Foods,172,HopMart (Philippines),Quick Commerce,SEA - Philippines,56.2,61.6500000000000000,5.5
94,Crunch Cereal Co,Breakfast & Cereal,66,MetroBazaar (Tier 2/3),Grocery,India - Tier 2/3,58.2,63.6752500000000000,5.5
110,Meadow Tiny Care,Baby Care,50,HopMart (Metro),Quick Commerce,India - Metro,57.7,63.2150000000000000,5.5
104,Meadow Baby Co,Baby Care,133,ZipCart (Qatar),Quick Commerce,Gulf - Qatar,56.1,61.6466666666666667,5.5
59,Pure Shine,Home Care,40,DailyBasket (Metro),Grocery,India - Metro,55.9,61.3740000000000000,5.5
43,Coastal Table,Packaged Foods,72,ValueGrocer (Tier 2/3),Grocery,India - Tier 2/3,56.4,61.8906000000000000,5.5
20,Heritage Springs,Sparkling Water,53,RapidBasket (Metro),Quick Commerce,India - Metro,56.6,61.9855603448275862,5.4
57,Cloud Shine,Home Care,81,Local Trade Collective #2 (Tier 2/3),General Trade,India - Tier 2/3,57.5,62.8800000000000000,5.4
104,Meadow Baby Co,Baby Care,128,MetroBazaar (Qatar),Grocery,Gulf - Qatar,56.2,61.6466666666666667,5.4
12,True Water Co,Sparkling Water,66,MetroBazaar (Tier 2/3),Grocery,India - Tier 2/3,58.0,63.3680000000000000,5.4
19,Fresh Fizz,Sparkling Water,21,EarthAisle,Natural,North America,57.7,63.0876190476190476,5.4
7,Urban Bites,Salty Snacks,187,QuickDash (Indonesia),Quick Commerce,SEA - Indonesia,52.8,58.1575000000000000,5.4
73,Blue Milk Co,Dairy,198,Bazaar Wholesale (Indonesia),General Trade,SEA - Indonesia,57.9,63.3287500000000000,5.4
105,Silver Baby Essentials,Baby Care,68,PrimeGrocer (Tier 2/3),Grocery,India - Tier 2/3,56.5,61.9433333333333333,5.4
7,Urban Bites,Salty Snacks,96,UrbanPantry (UAE),Grocery,Gulf - UAE,57.3,62.7130681818181818,5.4
64,Blue Shine,Home Care,2,MetroBazaar,Grocery,North America,56.1,61.5100694444444444,5.4
100,Fresh Tiny Care,Baby Care,74,ValueTrade GT (Tier 2/3),General Trade,India - Tier 2/3,56.5,61.9433333333333333,5.4
22,Crunch Fizz,Sparkling Water,110,Corner Store Network (UAE),General Trade,Gulf - UAE,57.6,62.9568181818181818,5.4
72,Nomad Milk Co,Dairy,79,MarketLink GT (Tier 2/3),General Trade,India - Tier 2/3,57.2,62.6312000000000000,5.4
102,Coastal Little Ones,Baby Care,69,DailyBasket (Tier 2/3),Grocery,India - Tier 2/3,56.5,61.9433333333333333,5.4
80,Nomad Candy Co,Confectionery,88,Sundry Traders Network #2 (Tier 2/3),General Trade,India - Tier 2/3,57.0,62.4378000000000000,5.4
94,Crunch Cereal Co,Breakfast & Cereal,84,Corner Store Network #2 (Tier 2/3),General Trade,India - Tier 2/3,58.3,63.6752500000000000,5.4
99,Fresh Cereal Co,Breakfast & Cereal,159,Bazaar Wholesale (Malaysia),General Trade,SEA - Malaysia,57.2,62.5915625000000000,5.4
85,Heritage Treats,Confectionery,86,Bazaar Wholesale #2 (Tier 2/3),General Trade,India - Tier 2/3,57.0,62.4378000000000000,5.4
39,Blue Kitchen,Packaged Foods,155,ValueTrade GT (Malaysia),General Trade,SEA - Malaysia,57.1,62.4881250000000000,5.4
76,Royal Farms,Dairy,7,UrbanPantry,Grocery,North America,55.3,60.7394736842105263,5.4
13,Urban Bubbles,Sparkling Water,167,SunriseMart (Philippines),Grocery,SEA - Philippines,59.3,64.6703947368421053,5.4
3,Prime Snacks,Salty Snacks,115,PrimeGrocer (Saudi),Grocery,Gulf - Saudi,56.9,62.3475000000000000,5.4
29,Golden Essentials,Personal Care,41,SunriseMart (Metro),Grocery,India - Metro,57.3,62.6680000000000000,5.4
106,Vivid Little Ones,Baby Care,86,Bazaar Wholesale #2 (Tier 2/3),General Trade,India - Tier 2/3,56.5,61.9433333333333333,5.4
62,Royal Household,Home Care,7,UrbanPantry,Grocery,North America,56.1,61.5100694444444444,5.4
18,Royal Fizz,Sparkling Water,115,PrimeGrocer (Saudi),Grocery,Gulf - Saudi,57.7,63.0650000000000000,5.4
90,Prime Grains,Breakfast & Cereal,154,Local Trade Collective (Malaysia),General Trade,SEA - Malaysia,57.2,62.5915625000000000,5.4
18,Royal Fizz,Sparkling Water,126,Local Trade Collective #2 (Saudi),General Trade,Gulf - Saudi,57.7,63.0650000000000000,5.4
18,Royal Fizz,Sparkling Water,18,SaverClub #2,Club,North America,57.7,63.0876190476190476,5.4
109,Silver Little Ones,Baby Care,13,GreenAisle #2,Grocery,North America,57.6,63.0250000000000000,5.4
73,Blue Milk Co,Dairy,194,ValueTrade GT (Indonesia),General Trade,SEA - Indonesia,57.9,63.3287500000000000,5.4
55,Vivid Sip,Beverages,43,CornerFuel Mart (Metro),C-Store,India - Metro,56.7,62.0715517241379310,5.4
49,Meadow Beverages,Beverages,83,Neighborhood Wholesale #2 (Tier 2/3),General Trade,India - Tier 2/3,57.2,62.6366666666666667,5.4
89,Nomad Mornings,Breakfast & Cereal,4,PrimeGrocer,Grocery,North America,57.7,63.0944444444444444,5.4
104,Meadow Baby Co,Baby Care,184,PrimeGrocer (Indonesia),Grocery,SEA - Indonesia,54.3,59.7341666666666667,5.4
106,Vivid Little Ones,Baby Care,79,MarketLink GT (Tier 2/3),General Trade,India - Tier 2/3,56.5,61.9433333333333333,5.4
33,Cloud Glow,Personal Care,85,Community Retail Co-op #2 (Tier 2/3),General Trade,India - Tier 2/3,57.4,62.8356666666666667,5.4
104,Meadow Baby Co,Baby Care,130,PrimeGrocer (Qatar),Grocery,Gulf - Qatar,56.2,61.6466666666666667,5.4
34,Bold Kitchen,Packaged Foods,193,Local Trade Collective (Indonesia),General Trade,SEA - Indonesia,59.3,64.6200000000000000,5.3
101,Everyday Tiny Care,Baby Care,132,QuickDash (Qatar),Quick Commerce,Gulf - Qatar,56.3,61.6466666666666667,5.3
64,Blue Shine,Home Care,199,MarketLink GT (Indonesia),General Trade,SEA - Indonesia,58.4,63.7145833333333333,5.3
55,Vivid Sip,Beverages,49,SwiftBasket (Metro),Quick Commerce,India - Metro,56.8,62.0715517241379310,5.3
47,Sunrise Refresh,Beverages,84,Corner Store Network #2 (Tier 2/3),General Trade,India - Tier 2/3,57.3,62.6366666666666667,5.3
23,Golden Skin,Personal Care,51,FlashCart (Metro),Quick Commerce,India - Metro,57.4,62.6680000000000000,5.3
7,Urban Bites,Salty Snacks,182,MetroBazaar (Indonesia),Grocery,SEA - Indonesia,52.9,58.1575000000000000,5.3
17,Nomad Bubbles,Sparkling Water,63,MarketLink GT (Metro),General Trade,India - Metro,56.7,61.9855603448275862,5.3
63,Silver Household,Home Care,116,DailyBasket (Saudi),Grocery,Gulf - Saudi,57.9,63.1858333333333333,5.3
71,Golden Farms,Dairy,169,ZipCart (Philippines),Quick Commerce,SEA - Philippines,56.1,61.3750000000000000,5.3
94,Crunch Cereal Co,Breakfast & Cereal,76,Corner Store Network (Tier 2/3),General Trade,India - Tier 2/3,58.4,63.6752500000000000,5.3
68,Cloud Dairy,Dairy,193,Local Trade Collective (Indonesia),General Trade,SEA - Indonesia,58.0,63.3287500000000000,5.3
109,Silver Little Ones,Baby Care,6,SunriseMart,Grocery,North America,57.7,63.0250000000000000,5.3
19,Fresh Fizz,Sparkling Water,79,MarketLink GT (Tier 2/3),General Trade,India - Tier 2/3,58.1,63.3680000000000000,5.3
70,Vivid Milk Co,Dairy,117,SunriseMart (Saudi),Grocery,Gulf - Saudi,55.0,60.2775000000000000,5.3
25,Royal Skin,Personal Care,152,HopMart (Malaysia),Quick Commerce,SEA - Malaysia,56.2,61.4575000000000000,5.3
64,Blue Shine,Home Care,186,SunriseMart (Indonesia),Grocery,SEA - Indonesia,58.4,63.7145833333333333,5.3
19,Fresh Fizz,Sparkling Water,23,GreenLeaf Naturals #2,Natural,North America,57.8,63.0876190476190476,5.3
88,Pure Treats,Confectionery,186,SunriseMart (Indonesia),Grocery,SEA - Indonesia,56.6,61.8512500000000000,5.3
65,Urban Clean,Home Care,7,UrbanPantry,Grocery,North America,56.2,61.5100694444444444,5.3
11,Silver Snacks,Salty Snacks,71,UrbanPantry (Tier 2/3),Grocery,India - Tier 2/3,57.7,63.0406666666666667,5.3
45,Pure Drinks,Beverages,119,ValueTrade GT (Saudi),General Trade,Gulf - Saudi,57.2,62.5236666666666667,5.3
27,Golden Glow,Personal Care,182,MetroBazaar (Indonesia),Grocery,SEA - Indonesia,55.1,60.4337500000000000,5.3
83,Fresh Treats,Confectionery,89,Local Trade Collective #3 (Tier 2/3),General Trade,India - Tier 2/3,57.1,62.4378000000000000,5.3
71,Golden Farms,Dairy,21,EarthAisle,Natural,North America,55.4,60.7394736842105263,5.3
22,Crunch Fizz,Sparkling Water,106,NimbleMart (UAE),Quick Commerce,Gulf - UAE,57.7,62.9568181818181818,5.3
66,Golden Household,Home Care,200,Sundry Traders Network (Indonesia),General Trade,SEA - Indonesia,58.4,63.7145833333333333,5.3
76,Royal Farms,Dairy,12,MetroBazaar #2,Grocery,North America,55.5,60.7394736842105263,5.2
11,Silver Snacks,Salty Snacks,7,UrbanPantry,Grocery,North America,56.2,61.3621428571428571,5.2
19,Fresh Fizz,Sparkling Water,19,GreenLeaf Naturals,Natural,North America,57.9,63.0876190476190476,5.2
109,Silver Little Ones,Baby Care,140,Corner Store Network (Qatar),General Trade,Gulf - Qatar,56.4,61.6466666666666667,5.2
6,Coastal Bites,Salty Snacks,120,Neighborhood Wholesale (Saudi),General Trade,Gulf - Saudi,57.1,62.3475000000000000,5.2
57,Cloud Shine,Home Care,81,Local Trade Collective #2 (Tier 2/3),General Trade,India - Tier 2/3,57.7,62.8800000000000000,5.2
21,Golden Fizz,Sparkling Water,52,NimbleMart (Metro),Quick Commerce,India - Metro,56.8,61.9855603448275862,5.2
21,Golden Fizz,Sparkling Water,57,Local Trade Collective (Metro),General Trade,India - Metro,56.8,61.9855603448275862,5.2
50,Crunch Drinks,Beverages,196,Corner Store Network (Indonesia),General Trade,SEA - Indonesia,55.5,60.6750000000000000,5.2
11,Silver Snacks,Salty Snacks,87,MarketLink GT #2 (Tier 2/3),General Trade,India - Tier 2/3,57.8,63.0406666666666667,5.2
90,Prime Grains,Breakfast & Cereal,142,FreshMart (Malaysia),Grocery,SEA - Malaysia,57.4,62.5915625000000000,5.2
53,Cloud Sip,Beverages,140,Corner Store Network (Qatar),General Trade,Gulf - Qatar,57.2,62.3838888888888889,5.2
59,Pure Shine,Home Care,59,Neighborhood Wholesale (Metro),General Trade,India - Metro,56.2,61.3740000000000000,5.2
60,True Shine,Home Care,107,Local Trade Collective (UAE),General Trade,Gulf - UAE,56.2,61.4090909090909091,5.2
77,Urban Creamery,Dairy,114,GreenAisle (Saudi),Grocery,Gulf - Saudi,55.1,60.2775000000000000,5.2
89,Nomad Mornings,Breakfast & Cereal,85,Community Retail Co-op #2 (Tier 2/3),General Trade,India - Tier 2/3,58.5,63.6752500000000000,5.2
18,Royal Fizz,Sparkling Water,9,CityMart,Grocery,North America,57.9,63.0876190476190476,5.2
65,Urban Clean,Home Care,16,WareClub,Club,North America,56.3,61.5100694444444444,5.2
42,Urban Kitchen,Packaged Foods,168,QuickDash (Philippines),Quick Commerce,SEA - Philippines,56.5,61.6500000000000000,5.2
12,True Water Co,Sparkling Water,73,Local Trade Collective (Tier 2/3),General Trade,India - Tier 2/3,58.2,63.3680000000000000,5.2
62,Royal Household,Home Care,18,SaverClub #2,Club,North America,56.3,61.5100694444444444,5.2
12,True Water Co,Sparkling Water,64,Sundry Traders Network (Metro),General Trade,India - Metro,56.8,61.9855603448275862,5.2
64,Blue Shine,Home Care,195,Neighborhood Wholesale (Indonesia),General Trade,SEA - Indonesia,58.5,63.7145833333333333,5.2
66,Golden Household,Home Care,71,UrbanPantry (Tier 2/3),Grocery,India - Tier 2/3,57.7,62.8800000000000000,5.2
43,Coastal Table,Packaged Foods,83,Neighborhood Wholesale #2 (Tier 2/3),General Trade,India - Tier 2/3,56.7,61.8906000000000000,5.2
96,Meadow Breakfast Co,Breakfast & Cereal,89,Local Trade Collective #3 (Tier 2/3),General Trade,India - Tier 2/3,58.5,63.6752500000000000,5.2
3,Prime Snacks,Salty Snacks,122,Community Retail Co-op (Saudi),General Trade,Gulf - Saudi,57.1,62.3475000000000000,5.2
47,Sunrise Refresh,Beverages,84,Corner Store Network #2 (Tier 2/3),General Trade,India - Tier 2/3,57.4,62.6366666666666667,5.2
7,Urban Bites,Salty Snacks,95,SunriseMart (UAE),Grocery,Gulf - UAE,57.5,62.7130681818181818,5.2
105,Silver Baby Essentials,Baby Care,71,UrbanPantry (Tier 2/3),Grocery,India - Tier 2/3,56.7,61.9433333333333333,5.2
45,Pure Drinks,Beverages,120,Neighborhood Wholesale (Saudi),General Trade,Gulf - Saudi,57.4,62.5236666666666667,5.1
55,Vivid Sip,Beverages,188,ZipCart (Indonesia),Quick Commerce,SEA - Indonesia,55.6,60.6750000000000000,5.1
66,Golden Household,Home Care,87,MarketLink GT #2 (Tier 2/3),General Trade,India - Tier 2/3,57.8,62.8800000000000000,5.1
28,Spring Skin,Personal Care,8,ValueGrocer,Grocery,North America,58.1,63.2026315789473684,5.1
84,Everyday Treats,Confectionery,183,GreenAisle (Indonesia),Grocery,SEA - Indonesia,56.8,61.8512500000000000,5.1
16,Sunrise Water Co,Sparkling Water,167,SunriseMart (Philippines),Grocery,SEA - Philippines,59.6,64.6703947368421053,5.1
93,Urban Mornings,Breakfast & Cereal,102,DashKart (UAE),Quick Commerce,Gulf - UAE,58.3,63.3928030303030303,5.1
41,Royal Kitchen,Packaged Foods,13,GreenAisle #2,Grocery,North America,57.4,62.4755208333333333,5.1
38,Urban Pantry,Packaged Foods,169,ZipCart (Philippines),Quick Commerce,SEA - Philippines,56.6,61.6500000000000000,5.1
99,Fresh Cereal Co,Breakfast & Cereal,109,Neighborhood Wholesale (UAE),General Trade,Gulf - UAE,58.3,63.3928030303030303,5.1
91,Coastal Cereal Co,Breakfast & Cereal,147,SunriseMart (Malaysia),Grocery,SEA - Malaysia,57.5,62.5915625000000000,5.1
59,Pure Shine,Home Care,96,UrbanPantry (UAE),Grocery,Gulf - UAE,56.3,61.4090909090909091,5.1
90,Prime Grains,Breakfast & Cereal,153,FlashCart (Malaysia),Quick Commerce,SEA - Malaysia,57.5,62.5915625000000000,5.1
99,Fresh Cereal Co,Breakfast & Cereal,157,Corner Store Network (Malaysia),General Trade,SEA - Malaysia,57.5,62.5915625000000000,5.1
98,Coastal Mornings,Breakfast & Cereal,80,Sundry Traders Network (Tier 2/3),General Trade,India - Tier 2/3,58.6,63.6752500000000000,5.1
7,Urban Bites,Salty Snacks,110,Corner Store Network (UAE),General Trade,Gulf - UAE,57.6,62.7130681818181818,5.1
49,Meadow Beverages,Beverages,76,Corner Store Network (Tier 2/3),General Trade,India - Tier 2/3,57.5,62.6366666666666667,5.1
12,True Water Co,Sparkling Water,56,QuickDash #2 (Metro),Quick Commerce,India - Metro,56.9,61.9855603448275862,5.1
47,Sunrise Refresh,Beverages,74,ValueTrade GT (Tier 2/3),General Trade,India - Tier 2/3,57.5,62.6366666666666667,5.1
66,Golden Household,Home Care,183,GreenAisle (Indonesia),Grocery,SEA - Indonesia,58.6,63.7145833333333333,5.1
83,Fresh Treats,Confectionery,83,Neighborhood Wholesale #2 (Tier 2/3),General Trade,India - Tier 2/3,57.3,62.4378000000000000,5.1
80,Nomad Candy Co,Confectionery,11,FreshMart #2,Grocery,North America,56.8,61.9236111111111111,5.1
90,Prime Grains,Breakfast & Cereal,149,ZipCart (Malaysia),Quick Commerce,SEA - Malaysia,57.5,62.5915625000000000,5.1
39,Blue Kitchen,Packaged Foods,152,HopMart (Malaysia),Quick Commerce,SEA - Malaysia,57.4,62.4881250000000000,5.1
9,Spring Crisps,Salty Snacks,110,Corner Store Network (UAE),General Trade,Gulf - UAE,57.6,62.7130681818181818,5.1
60,True Shine,Home Care,107,Local Trade Collective (UAE),General Trade,Gulf - UAE,56.3,61.4090909090909091,5.1
57,Cloud Shine,Home Care,178,Bazaar Wholesale (Philippines),General Trade,SEA - Philippines,53.1,58.1723684210526316,5.1
61,Crunch Household,Home Care,46,QuickDash (Metro),Quick Commerce,India - Metro,56.3,61.3740000000000000,5.1
47,Sunrise Refresh,Beverages,79,MarketLink GT (Tier 2/3),General Trade,India - Tier 2/3,57.5,62.6366666666666667,5.1
100,Fresh Tiny Care,Baby Care,82,ValueTrade GT #2 (Tier 2/3),General Trade,India - Tier 2/3,56.8,61.9433333333333333,5.1
62,Royal Household,Home Care,14,SaverClub,Club,North America,56.5,61.5100694444444444,5.0
7,Urban Bites,Salty Snacks,195,Neighborhood Wholesale (Indonesia),General Trade,SEA - Indonesia,53.2,58.1575000000000000,5.0
73,Blue Milk Co,Dairy,191,HopMart (Indonesia),Quick Commerce,SEA - Indonesia,58.3,63.3287500000000000,5.0
2,Bold Snacks,Salty Snacks,118,Local Trade Collective (Saudi),General Trade,Gulf - Saudi,57.3,62.3475000000000000,5.0
16,Sunrise Water Co,Sparkling Water,189,DashKart (Indonesia),Quick Commerce,SEA - Indonesia,58.9,63.8825000000000000,5.0
100,Fresh Tiny Care,Baby Care,89,Local Trade Collective #3 (Tier 2/3),General Trade,India - Tier 2/3,56.9,61.9433333333333333,5.0
91,Coastal Cereal Co,Breakfast & Cereal,147,SunriseMart (Malaysia),Grocery,SEA - Malaysia,57.6,62.5915625000000000,5.0
99,Fresh Cereal Co,Breakfast & Cereal,97,SaverClub (UAE),Club,Gulf - UAE,58.4,63.3928030303030303,5.0
34,Bold Kitchen,Packaged Foods,142,FreshMart (Malaysia),Grocery,SEA - Malaysia,57.5,62.4881250000000000,5.0
102,Coastal Little Ones,Baby Care,75,Neighborhood Wholesale (Tier 2/3),General Trade,India - Tier 2/3,56.9,61.9433333333333333,5.0
28,Spring Skin,Personal Care,4,PrimeGrocer,Grocery,North America,58.2,63.2026315789473684,5.0
77,Urban Creamery,Dairy,134,DashKart (Qatar),Quick Commerce,Gulf - Qatar,61.2,66.1566666666666667,5.0
63,Silver Household,Home Care,112,FreshMart (Saudi),Grocery,Gulf - Saudi,58.2,63.1858333333333333,5.0
11,Silver Snacks,Salty Snacks,23,GreenLeaf Naturals #2,Natural,North America,56.4,61.3621428571428571,5.0
74,Sunrise Milk Co,Dairy,86,Bazaar Wholesale #2 (Tier 2/3),General Trade,India - Tier 2/3,57.6,62.6312000000000000,5.0
44,Spring Pantry,Packaged Foods,104,HopMart (UAE),Quick Commerce,Gulf - UAE,58.0,63.0119318181818182,5.0
101,Everyday Tiny Care,Baby Care,128,MetroBazaar (Qatar),Grocery,Gulf - Qatar,56.6,61.6466666666666667,5.0
25,Royal Skin,Personal Care,154,Local Trade Collective (Malaysia),General Trade,SEA - Malaysia,56.5,61.4575000000000000,5.0
91,Coastal Cereal Co,Breakfast & Cereal,160,MarketLink GT (Malaysia),General Trade,SEA - Malaysia,57.7,62.5915625000000000,4.9
92,Cloud Grains,Breakfast & Cereal,175,Neighborhood Wholesale (Philippines),General Trade,SEA - Philippines,57.1,62.0381578947368421,4.9
98,Coastal Mornings,Breakfast & Cereal,68,PrimeGrocer (Tier 2/3),Grocery,India - Tier 2/3,58.8,63.6752500000000000,4.9
90,Prime Grains,Breakfast & Cereal,158,Community Retail Co-op (Malaysia),General Trade,SEA - Malaysia,57.7,62.5915625000000000,4.9
90,Prime Grains,Breakfast & Cereal,145,PrimeGrocer (Malaysia),Grocery,SEA - Malaysia,57.7,62.5915625000000000,4.9
92,Cloud Grains,Breakfast & Cereal,178,Bazaar Wholesale (Philippines),General Trade,SEA - Philippines,57.1,62.0381578947368421,4.9
22,Crunch Fizz,Sparkling Water,97,SaverClub (UAE),Club,Gulf - UAE,58.1,62.9568181818181818,4.9
83,Fresh Treats,Confectionery,77,Community Retail Co-op (Tier 2/3),General Trade,India - Tier 2/3,57.5,62.4378000000000000,4.9
75,Vivid Dairy,Dairy,108,ValueTrade GT (UAE),General Trade,Gulf - UAE,59.3,64.2289473684210526,4.9
33,Cloud Glow,Personal Care,112,FreshMart (Saudi),Grocery,Gulf - Saudi,55.0,59.8583333333333333,4.9
26,Prime Care,Personal Care,75,Neighborhood Wholesale (Tier 2/3),General Trade,India - Tier 2/3,57.9,62.8356666666666667,4.9
83,Fresh Treats,Confectionery,81,Local Trade Collective #2 (Tier 2/3),General Trade,India - Tier 2/3,57.5,62.4378000000000000,4.9
36,Cloud Table,Packaged Foods,66,MetroBazaar (Tier 2/3),Grocery,India - Tier 2/3,57.0,61.8906000000000000,4.9
20,Heritage Springs,Sparkling Water,37,MetroBazaar (Metro),Grocery,India - Metro,57.1,61.9855603448275862,4.9
98,Coastal Mornings,Breakfast & Cereal,89,Local Trade Collective #3 (Tier 2/3),General Trade,India - Tier 2/3,58.8,63.6752500000000000,4.9
75,Vivid Dairy,Dairy,83,Neighborhood Wholesale #2 (Tier 2/3),General Trade,India - Tier 2/3,57.7,62.6312000000000000,4.9
78,Prime Confections,Confectionery,51,FlashCart (Metro),Quick Commerce,India - Metro,57.8,62.6568965517241379,4.9
33,Cloud Glow,Personal Care,119,ValueTrade GT (Saudi),General Trade,Gulf - Saudi,55.0,59.8583333333333333,4.9
82,Meadow Treats,Confectionery,13,GreenAisle #2,Grocery,North America,57.0,61.9236111111111111,4.9
70,Vivid Milk Co,Dairy,124,MarketLink GT (Saudi),General Trade,Gulf - Saudi,55.4,60.2775000000000000,4.9
70,Vivid Milk Co,Dairy,118,Local Trade Collective (Saudi),General Trade,Gulf - Saudi,55.4,60.2775000000000000,4.9
46,Fresh Refresh,Beverages,120,Neighborhood Wholesale (Saudi),General Trade,Gulf - Saudi,57.6,62.5236666666666667,4.9
67,Golden Milk Co,Dairy,182,MetroBazaar (Indonesia),Grocery,SEA - Indonesia,58.4,63.3287500000000000,4.9
59,Pure Shine,Home Care,64,Sundry Traders Network (Metro),General Trade,India - Metro,56.5,61.3740000000000000,4.9
58,Coastal Clean,Home Care,192,FlashCart (Indonesia),Quick Commerce,SEA - Indonesia,58.9,63.7145833333333333,4.8
81,Prime Candy Co,Confectionery,140,Corner Store Network (Qatar),General Trade,Gulf - Qatar,56.1,60.9133333333333333,4.8
70,Vivid Milk Co,Dairy,70,SunriseMart (Tier 2/3),Grocery,India - Tier 2/3,57.8,62.6312000000000000,4.8
94,Crunch Cereal Co,Breakfast & Cereal,181,FreshMart (Indonesia),Grocery,SEA - Indonesia,56.6,61.4287500000000000,4.8
100,Fresh Tiny Care,Baby Care,84,Corner Store Network #2 (Tier 2/3),General Trade,India - Tier 2/3,57.1,61.9433333333333333,4.8
18,Royal Fizz,Sparkling Water,116,DailyBasket (Saudi),Grocery,Gulf - Saudi,58.3,63.0650000000000000,4.8
69,Everyday Milk Co,Dairy,159,Bazaar Wholesale (Malaysia),General Trade,SEA - Malaysia,59.8,64.5987500000000000,4.8
107,Spring Tiny Care,Baby Care,198,Bazaar Wholesale (Indonesia),General Trade,SEA - Indonesia,54.9,59.7341666666666667,4.8
78,Prime Confections,Confectionery,46,QuickDash (Metro),Quick Commerce,India - Metro,57.9,62.6568965517241379,4.8
19,Fresh Fizz,Sparkling Water,65,FreshMart (Tier 2/3),Grocery,India - Tier 2/3,58.6,63.3680000000000000,4.8
24,Spring Care,Personal Care,135,SwiftBasket (Qatar),Quick Commerce,Gulf - Qatar,56.8,61.5616666666666667,4.8
64,Blue Shine,Home Care,17,MegaValue Club,Club,North America,56.7,61.5100694444444444,4.8
26,Prime Care,Personal Care,71,UrbanPantry (Tier 2/3),Grocery,India - Tier 2/3,58.0,62.8356666666666667,4.8
70,Vivid Milk Co,Dairy,73,Local Trade Collective (Tier 2/3),General Trade,India - Tier 2/3,57.8,62.6312000000000000,4.8
26,Prime Care,Personal Care,67,GreenAisle (Tier 2/3),Grocery,India - Tier 2/3,58.0,62.8356666666666667,4.8
71,Golden Farms,Dairy,179,MarketLink GT (Philippines),General Trade,SEA - Philippines,56.6,61.3750000000000000,4.8
90,Prime Grains,Breakfast & Cereal,98,BulkBasket Club (UAE),Club,Gulf - UAE,58.6,63.3928030303030303,4.8
107,Spring Tiny Care,Baby Care,190,SwiftBasket (Indonesia),Quick Commerce,SEA - Indonesia,54.9,59.7341666666666667,4.8
55,Vivid Sip,Beverages,56,QuickDash #2 (Metro),Quick Commerce,India - Metro,57.3,62.0715517241379310,4.8
76,Royal Farms,Dairy,69,DailyBasket (Tier 2/3),Grocery,India - Tier 2/3,57.8,62.6312000000000000,4.8
74,Sunrise Milk Co,Dairy,71,UrbanPantry (Tier 2/3),Grocery,India - Tier 2/3,57.8,62.6312000000000000,4.8
94,Crunch Cereal Co,Breakfast & Cereal,84,Corner Store Network #2 (Tier 2/3),General Trade,India - Tier 2/3,58.9,63.6752500000000000,4.8
37,Heritage Kitchen,Packaged Foods,118,Local Trade Collective (Saudi),General Trade,Gulf - Saudi,56.2,61.0458333333333333,4.8
110,Meadow Tiny Care,Baby Care,54,GoCart Express (Metro),Quick Commerce,India - Metro,58.4,63.2150000000000000,4.8
84,Everyday Treats,Confectionery,181,FreshMart (Indonesia),Grocery,SEA - Indonesia,57.1,61.8512500000000000,4.8
11,Silver Snacks,Salty Snacks,69,DailyBasket (Tier 2/3),Grocery,India - Tier 2/3,58.2,63.0406666666666667,4.8
96,Meadow Breakfast Co,Breakfast & Cereal,79,MarketLink GT (Tier 2/3),General Trade,India - Tier 2/3,58.9,63.6752500000000000,4.8
108,Crunch Baby Co,Baby Care,113,MetroBazaar (Saudi),Grocery,Gulf - Saudi,59.8,64.5725000000000000,4.8
22,Crunch Fizz,Sparkling Water,93,PrimeGrocer (UAE),Grocery,Gulf - UAE,58.2,62.9568181818181818,4.8
92,Cloud Grains,Breakfast & Cereal,164,GreenAisle (Philippines),Grocery,SEA - Philippines,57.2,62.0381578947368421,4.8
106,Vivid Little Ones,Baby Care,74,ValueTrade GT (Tier 2/3),General Trade,India - Tier 2/3,57.1,61.9433333333333333,4.8
9,Spring Crisps,Salty Snacks,99,WareClub (UAE),Club,Gulf - UAE,57.9,62.7130681818181818,4.8
44,Spring Pantry,Packaged Foods,76,Corner Store Network (Tier 2/3),General Trade,India - Tier 2/3,57.1,61.8906000000000000,4.8
61,Crunch Household,Home Care,46,QuickDash (Metro),Quick Commerce,India - Metro,56.6,61.3740000000000000,4.8
98,Coastal Mornings,Breakfast & Cereal,116,DailyBasket (Saudi),Grocery,Gulf - Saudi,54.7,59.3711111111111111,4.7
43,Coastal Table,Packaged Foods,79,MarketLink GT (Tier 2/3),General Trade,India - Tier 2/3,57.2,61.8906000000000000,4.7
43,Coastal Table,Packaged Foods,89,Local Trade Collective #3 (Tier 2/3),General Trade,India - Tier 2/3,57.2,61.8906000000000000,4.7
82,Meadow Treats,Confectionery,78,Bazaar Wholesale (Tier 2/3),General Trade,India - Tier 2/3,57.7,62.4378000000000000,4.7
42,Urban Kitchen,Packaged Foods,88,Sundry Traders Network #2 (Tier 2/3),General Trade,India - Tier 2/3,57.2,61.8906000000000000,4.7
14,Golden Bubbles,Sparkling Water,8,ValueGrocer,Grocery,North America,58.4,63.0876190476190476,4.7
16,Sunrise Water Co,Sparkling Water,192,FlashCart (Indonesia),Quick Commerce,SEA - Indonesia,59.2,63.8825000000000000,4.7
6,Coastal Bites,Salty Snacks,32,ExpressStop #2,C-Store,North America,56.7,61.3621428571428571,4.7
41,Royal Kitchen,Packaged Foods,23,GreenLeaf Naturals #2,Natural,North America,57.8,62.4755208333333333,4.7
41,Royal Kitchen,Packaged Foods,12,MetroBazaar #2,Grocery,North America,57.8,62.4755208333333333,4.7
51,Coastal Drinks,Beverages,23,GreenLeaf Naturals #2,Natural,North America,58.2,62.8907142857142857,4.7
87,Pure Sweets,Confectionery,11,FreshMart #2,Grocery,North America,57.2,61.9236111111111111,4.7
51,Coastal Drinks,Beverages,27,GoStop,C-Store,North America,58.2,62.8907142857142857,4.7
87,Pure Sweets,Confectionery,31,GoStop #2,C-Store,North America,57.2,61.9236111111111111,4.7
61,Crunch Household,Home Care,36,FreshMart (Metro),Grocery,India - Metro,56.7,61.3740000000000000,4.7
47,Sunrise Refresh,Beverages,82,ValueTrade GT #2 (Tier 2/3),General Trade,India - Tier 2/3,57.9,62.6366666666666667,4.7
70,Vivid Milk Co,Dairy,69,DailyBasket (Tier 2/3),Grocery,India - Tier 2/3,57.9,62.6312000000000000,4.7
34,Bold Kitchen,Packaged Foods,161,Sundry Traders Network (Malaysia),General Trade,SEA - Malaysia,57.8,62.4881250000000000,4.7
88,Pure Treats,Confectionery,104,HopMart (UAE),Quick Commerce,Gulf - UAE,57.2,61.9394736842105263,4.7
24,Spring Care,Personal Care,141,Community Retail Co-op (Qatar),General Trade,Gulf - Qatar,56.9,61.5616666666666667,4.7
61,Crunch Household,Home Care,54,GoCart Express (Metro),Quick Commerce,India - Metro,56.7,61.3740000000000000,4.7
11,Silver Snacks,Salty Snacks,86,Bazaar Wholesale #2 (Tier 2/3),General Trade,India - Tier 2/3,58.3,63.0406666666666667,4.7
32,Cloud Skin,Personal Care,80,Sundry Traders Network (Tier 2/3),General Trade,India - Tier 2/3,58.1,62.8356666666666667,4.7
21,Golden Fizz,Sparkling Water,143,MetroBazaar (Malaysia),Grocery,SEA - Malaysia,56.9,61.5825000000000000,4.7
50,Crunch Drinks,Beverages,187,QuickDash (Indonesia),Quick Commerce,SEA - Indonesia,56.0,60.6750000000000000,4.7
90,Prime Grains,Breakfast & Cereal,147,SunriseMart (Malaysia),Grocery,SEA - Malaysia,57.9,62.5915625000000000,4.7
78,Prime Confections,Confectionery,39,PrimeGrocer (Metro),Grocery,India - Metro,58.0,62.6568965517241379,4.7
53,Cloud Sip,Beverages,133,ZipCart (Qatar),Quick Commerce,Gulf - Qatar,57.7,62.3838888888888889,4.7
21,Golden Fizz,Sparkling Water,40,DailyBasket (Metro),Grocery,India - Metro,57.3,61.9855603448275862,4.7
91,Coastal Cereal Co,Breakfast & Cereal,142,FreshMart (Malaysia),Grocery,SEA - Malaysia,57.9,62.5915625000000000,4.7
76,Royal Farms,Dairy,86,Bazaar Wholesale #2 (Tier 2/3),General Trade,India - Tier 2/3,57.9,62.6312000000000000,4.7
28,Spring Skin,Personal Care,10,HomeFresh,Grocery,North America,58.5,63.2026315789473684,4.7
64,Blue Shine,Home Care,182,MetroBazaar (Indonesia),Grocery,SEA - Indonesia,59.0,63.7145833333333333,4.7
76,Royal Farms,Dairy,79,MarketLink GT (Tier 2/3),General Trade,India - Tier 2/3,57.9,62.6312000000000000,4.7
26,Prime Care,Personal Care,73,Local Trade Collective (Tier 2/3),General Trade,India - Tier 2/3,58.1,62.8356666666666667,4.7
64,Blue Shine,Home Care,191,HopMart (Indonesia),Quick Commerce,SEA - Indonesia,59.0,63.7145833333333333,4.7
2,Bold Snacks,Salty Snacks,62,Bazaar Wholesale (Metro),General Trade,India - Metro,54.7,59.4456896551724138,4.7
67,Golden Milk Co,Dairy,191,HopMart (Indonesia),Quick Commerce,SEA - Indonesia,58.7,63.3287500000000000,4.6
96,Meadow Breakfast Co,Breakfast & Cereal,77,Community Retail Co-op (Tier 2/3),General Trade,India - Tier 2/3,59.1,63.6752500000000000,4.6
71,Golden Farms,Dairy,20,PureRoots Market,Natural,North America,56.1,60.7394736842105263,4.6
62,Royal Household,Home Care,18,SaverClub #2,Club,North America,56.9,61.5100694444444444,4.6
103,Coastal Baby Essentials,Baby Care,76,Corner Store Network (Tier 2/3),General Trade,India - Tier 2/3,57.3,61.9433333333333333,4.6
37,Heritage Kitchen,Packaged Foods,112,FreshMart (Saudi),Grocery,Gulf - Saudi,56.4,61.0458333333333333,4.6
35,Silver Table,Packaged Foods,14,SaverClub,Club,North America,57.9,62.4755208333333333,4.6
76,Royal Farms,Dairy,20,PureRoots Market,Natural,North America,56.1,60.7394736842105263,4.6
100,Fresh Tiny Care,Baby Care,79,MarketLink GT (Tier 2/3),General Trade,India - Tier 2/3,57.3,61.9433333333333333,4.6
7,Urban Bites,Salty Snacks,199,MarketLink GT (Indonesia),General Trade,SEA - Indonesia,53.6,58.1575000000000000,4.6
46,Fresh Refresh,Beverages,8,ValueGrocer,Grocery,North America,58.3,62.8907142857142857,4.6
21,Golden Fizz,Sparkling Water,62,Bazaar Wholesale (Metro),General Trade,India - Metro,57.4,61.9855603448275862,4.6
3,Prime Snacks,Salty Snacks,26,CornerFuel Mart,C-Store,North America,56.8,61.3621428571428571,4.6
11,Silver Snacks,Salty Snacks,89,Local Trade Collective #3 (Tier 2/3),General Trade,India - Tier 2/3,58.4,63.0406666666666667,4.6
79,Coastal Candy Co,Confectionery,82,ValueTrade GT #2 (Tier 2/3),General Trade,India - Tier 2/3,57.8,62.4378000000000000,4.6
71,Golden Farms,Dairy,175,Neighborhood Wholesale (Philippines),General Trade,SEA - Philippines,56.8,61.3750000000000000,4.6
71,Golden Farms,Dairy,170,DashKart (Philippines),Quick Commerce,SEA - Philippines,56.8,61.3750000000000000,4.6
23,Golden Skin,Personal Care,63,MarketLink GT (Metro),General Trade,India - Metro,58.1,62.6680000000000000,4.6
29,Golden Essentials,Personal Care,57,Local Trade Collective (Metro),General Trade,India - Metro,58.1,62.6680000000000000,4.6
54,Nomad Drinks,Beverages,83,Neighborhood Wholesale #2 (Tier 2/3),General Trade,India - Tier 2/3,58.0,62.6366666666666667,4.6
70,Vivid Milk Co,Dairy,120,Neighborhood Wholesale (Saudi),General Trade,Gulf - Saudi,55.7,60.2775000000000000,4.6
86,True Candy Co,Confectionery,171,SwiftBasket (Philippines),Quick Commerce,SEA - Philippines,58.4,63.0394736842105263,4.6
93,Urban Mornings,Breakfast & Cereal,90,FreshMart (UAE),Grocery,Gulf - UAE,58.8,63.3928030303030303,4.6
86,True Candy Co,Confectionery,170,DashKart (Philippines),Quick Commerce,SEA - Philippines,58.4,63.0394736842105263,4.6
61,Crunch Household,Home Care,51,FlashCart (Metro),Quick Commerce,India - Metro,56.8,61.3740000000000000,4.6
34,Bold Kitchen,Packaged Foods,156,Neighborhood Wholesale (Malaysia),General Trade,SEA - Malaysia,57.9,62.4881250000000000,4.6
70,Vivid Milk Co,Dairy,126,Local Trade Collective #2 (Saudi),General Trade,Gulf - Saudi,55.7,60.2775000000000000,4.6
81,Prime Candy Co,Confectionery,134,DashKart (Qatar),Quick Commerce,Gulf - Qatar,56.3,60.9133333333333333,4.6
43,Coastal Table,Packaged Foods,77,Community Retail Co-op (Tier 2/3),General Trade,India - Tier 2/3,57.3,61.8906000000000000,4.6
14,Golden Bubbles,Sparkling Water,2,MetroBazaar,Grocery,North America,58.5,63.0876190476190476,4.6
68,Cloud Dairy,Dairy,183,GreenAisle (Indonesia),Grocery,SEA - Indonesia,58.7,63.3287500000000000,4.6
98,Coastal Mornings,Breakfast & Cereal,88,Sundry Traders Network #2 (Tier 2/3),General Trade,India - Tier 2/3,59.1,63.6752500000000000,4.6
36,Cloud Table,Packaged Foods,65,FreshMart (Tier 2/3),Grocery,India - Tier 2/3,57.3,61.8906000000000000,4.6
28,Spring Skin,Personal Care,145,PrimeGrocer (Malaysia),Grocery,SEA - Malaysia,56.9,61.4575000000000000,4.6
36,Cloud Table,Packaged Foods,74,ValueTrade GT (Tier 2/3),General Trade,India - Tier 2/3,57.3,61.8906000000000000,4.6
109,Silver Little Ones,Baby Care,2,MetroBazaar,Grocery,North America,58.5,63.0250000000000000,4.5
59,Pure Shine,Home Care,104,HopMart (UAE),Quick Commerce,Gulf - UAE,56.9,61.4090909090909091,4.5
76,Royal Farms,Dairy,22,NaturaLife Market,Natural,North America,56.2,60.7394736842105263,4.5
43,Coastal Table,Packaged Foods,56,QuickDash #2 (Metro),Quick Commerce,India - Metro,57.8,62.2600000000000000,4.5
36,Cloud Table,Packaged Foods,71,UrbanPantry (Tier 2/3),Grocery,India - Tier 2/3,57.4,61.8906000000000000,4.5
2,Bold Snacks,Salty Snacks,46,QuickDash (Metro),Quick Commerce,India - Metro,54.9,59.4456896551724138,4.5
11,Silver Snacks,Salty Snacks,24,PureRoots Market #2,Natural,North America,56.9,61.3621428571428571,4.5
55,Vivid Sip,Beverages,49,SwiftBasket (Metro),Quick Commerce,India - Metro,57.6,62.0715517241379310,4.5
46,Fresh Refresh,Beverages,117,SunriseMart (Saudi),Grocery,Gulf - Saudi,58.0,62.5236666666666667,4.5
63,Silver Household,Home Care,17,MegaValue Club,Club,North America,57.0,61.5100694444444444,4.5
50,Crunch Drinks,Beverages,188,ZipCart (Indonesia),Quick Commerce,SEA - Indonesia,56.2,60.6750000000000000,4.5
67,Golden Milk Co,Dairy,195,Neighborhood Wholesale (Indonesia),General Trade,SEA - Indonesia,58.8,63.3287500000000000,4.5
29,Golden Essentials,Personal Care,64,Sundry Traders Network (Metro),General Trade,India - Metro,58.2,62.6680000000000000,4.5
54,Nomad Drinks,Beverages,74,ValueTrade GT (Tier 2/3),General Trade,India - Tier 2/3,58.1,62.6366666666666667,4.5
75,Vivid Dairy,Dairy,110,Corner Store Network (UAE),General Trade,Gulf - UAE,59.7,64.2289473684210526,4.5
98,Coastal Mornings,Breakfast & Cereal,117,SunriseMart (Saudi),Grocery,Gulf - Saudi,54.9,59.3711111111111111,4.5
110,Meadow Tiny Care,Baby Care,39,PrimeGrocer (Metro),Grocery,India - Metro,58.7,63.2150000000000000,4.5
34,Bold Kitchen,Packaged Foods,181,FreshMart (Indonesia),Grocery,SEA - Indonesia,60.1,64.6200000000000000,4.5
100,Fresh Tiny Care,Baby Care,71,UrbanPantry (Tier 2/3),Grocery,India - Tier 2/3,57.4,61.9433333333333333,4.5
51,Coastal Drinks,Beverages,33,QuickStop #3,C-Store,North America,58.4,62.8907142857142857,4.5
21,Golden Fizz,Sparkling Water,47,ZipCart (Metro),Quick Commerce,India - Metro,57.5,61.9855603448275862,4.5
22,Crunch Fizz,Sparkling Water,99,WareClub (UAE),Club,Gulf - UAE,58.5,62.9568181818181818,4.5
58,Coastal Clean,Home Care,185,DailyBasket (Indonesia),Grocery,SEA - Indonesia,59.2,63.7145833333333333,4.5
108,Crunch Baby Co,Baby Care,84,Corner Store Network #2 (Tier 2/3),General Trade,India - Tier 2/3,57.4,61.9433333333333333,4.5
99,Fresh Cereal Co,Breakfast & Cereal,158,Community Retail Co-op (Malaysia),General Trade,SEA - Malaysia,58.1,62.5915625000000000,4.5
58,Coastal Clean,Home Care,199,MarketLink GT (Indonesia),General Trade,SEA - Indonesia,59.2,63.7145833333333333,4.5
60,True Shine,Home Care,96,UrbanPantry (UAE),Grocery,Gulf - UAE,56.9,61.4090909090909091,4.5
27,Golden Glow,Personal Care,185,DailyBasket (Indonesia),Grocery,SEA - Indonesia,55.9,60.4337500000000000,4.5
87,Pure Sweets,Confectionery,31,GoStop #2,C-Store,North America,57.4,61.9236111111111111,4.5
102,Coastal Little Ones,Baby Care,80,Sundry Traders Network (Tier 2/3),General Trade,India - Tier 2/3,57.4,61.9433333333333333,4.5
105,Silver Baby Essentials,Baby Care,184,PrimeGrocer (Indonesia),Grocery,SEA - Indonesia,55.2,59.7341666666666667,4.5
90,Prime Grains,Breakfast & Cereal,161,Sundry Traders Network (Malaysia),General Trade,SEA - Malaysia,58.2,62.5915625000000000,4.4
18,Royal Fizz,Sparkling Water,8,ValueGrocer,Grocery,North America,58.7,63.0876190476190476,4.4
47,Sunrise Refresh,Beverages,89,Local Trade Collective #3 (Tier 2/3),General Trade,India - Tier 2/3,58.2,62.6366666666666667,4.4
8,Meadow Crisps,Salty Snacks,84,Corner Store Network #2 (Tier 2/3),General Trade,India - Tier 2/3,58.6,63.0406666666666667,4.4
35,Silver Table,Packaged Foods,20,PureRoots Market,Natural,North America,58.1,62.4755208333333333,4.4
107,Spring Tiny Care,Baby Care,189,DashKart (Indonesia),Quick Commerce,SEA - Indonesia,55.3,59.7341666666666667,4.4
82,Meadow Treats,Confectionery,75,Neighborhood Wholesale (Tier 2/3),General Trade,India - Tier 2/3,58.0,62.4378000000000000,4.4
19,Fresh Fizz,Sparkling Water,25,QuickStop,C-Store,North America,58.7,63.0876190476190476,4.4
76,Royal Farms,Dairy,24,PureRoots Market #2,Natural,North America,56.3,60.7394736842105263,4.4
44,Spring Pantry,Packaged Foods,110,Corner Store Network (UAE),General Trade,Gulf - UAE,58.6,63.0119318181818182,4.4
16,Sunrise Water Co,Sparkling Water,176,Corner Store Network (Philippines),General Trade,SEA - Philippines,60.3,64.6703947368421053,4.4
19,Fresh Fizz,Sparkling Water,85,Community Retail Co-op #2 (Tier 2/3),General Trade,India - Tier 2/3,59.0,63.3680000000000000,4.4
14,Golden Bubbles,Sparkling Water,20,PureRoots Market,Natural,North America,58.7,63.0876190476190476,4.4
18,Royal Fizz,Sparkling Water,8,ValueGrocer,Grocery,North America,58.7,63.0876190476190476,4.4
35,Silver Table,Packaged Foods,83,Neighborhood Wholesale #2 (Tier 2/3),General Trade,India - Tier 2/3,57.5,61.8906000000000000,4.4
87,Pure Sweets,Confectionery,29,QuickStop #2,C-Store,North America,57.5,61.9236111111111111,4.4
44,Spring Pantry,Packaged Foods,78,Bazaar Wholesale (Tier 2/3),General Trade,India - Tier 2/3,57.5,61.8906000000000000,4.4
7,Urban Bites,Salty Snacks,190,SwiftBasket (Indonesia),Quick Commerce,SEA - Indonesia,53.8,58.1575000000000000,4.4
74,Sunrise Milk Co,Dairy,75,Neighborhood Wholesale (Tier 2/3),General Trade,India - Tier 2/3,58.2,62.6312000000000000,4.4
65,Urban Clean,Home Care,10,HomeFresh,Grocery,North America,57.1,61.5100694444444444,4.4
105,Silver Baby Essentials,Baby Care,82,ValueTrade GT #2 (Tier 2/3),General Trade,India - Tier 2/3,57.5,61.9433333333333333,4.4
99,Fresh Cereal Co,Breakfast & Cereal,90,FreshMart (UAE),Grocery,Gulf - UAE,59.0,63.3928030303030303,4.4
11,Silver Snacks,Salty Snacks,15,BulkBasket Club,Club,North America,57.0,61.3621428571428571,4.4
7,Urban Bites,Salty Snacks,107,Local Trade Collective (UAE),General Trade,Gulf - UAE,58.3,62.7130681818181818,4.4
21,Golden Fizz,Sparkling Water,60,Corner Store Network (Metro),General Trade,India - Metro,57.6,61.9855603448275862,4.4
9,Spring Crisps,Salty Snacks,102,DashKart (UAE),Quick Commerce,Gulf - UAE,58.3,62.7130681818181818,4.4
110,Meadow Tiny Care,Baby Care,54,GoCart Express (Metro),Quick Commerce,India - Metro,58.8,63.2150000000000000,4.4
39,Blue Kitchen,Packaged Foods,157,Corner Store Network (Malaysia),General Trade,SEA - Malaysia,58.1,62.4881250000000000,4.4
53,Cloud Sip,Beverages,127,FreshMart (Qatar),Grocery,Gulf - Qatar,58.0,62.3838888888888889,4.4
74,Sunrise Milk Co,Dairy,76,Corner Store Network (Tier 2/3),General Trade,India - Tier 2/3,58.2,62.6312000000000000,4.4
91,Coastal Cereal Co,Breakfast & Cereal,115,PrimeGrocer (Saudi),Grocery,Gulf - Saudi,55.0,59.3711111111111111,4.4
11,Silver Snacks,Salty Snacks,13,GreenAisle #2,Grocery,North America,57.0,61.3621428571428571,4.4
30,Cloud Essentials,Personal Care,24,PureRoots Market #2,Natural,North America,58.8,63.2026315789473684,4.4
109,Silver Little Ones,Baby Care,139,Neighborhood Wholesale (Qatar),General Trade,Gulf - Qatar,57.3,61.6466666666666667,4.3
31,Everyday Glow,Personal Care,112,FreshMart (Saudi),Grocery,Gulf - Saudi,55.6,59.8583333333333333,4.3
20,Heritage Springs,Sparkling Water,59,Neighborhood Wholesale (Metro),General Trade,India - Metro,57.7,61.9855603448275862,4.3
18,Royal Fizz,Sparkling Water,118,Local Trade Collective (Saudi),General Trade,Gulf - Saudi,58.8,63.0650000000000000,4.3
82,Meadow Treats,Confectionery,67,GreenAisle (Tier 2/3),Grocery,India - Tier 2/3,58.1,62.4378000000000000,4.3
84,Everyday Treats,Confectionery,184,PrimeGrocer (Indonesia),Grocery,SEA - Indonesia,57.6,61.8512500000000000,4.3
3,Prime Snacks,Salty Snacks,7,UrbanPantry,Grocery,North America,57.1,61.3621428571428571,4.3
77,Urban Creamery,Dairy,115,PrimeGrocer (Saudi),Grocery,Gulf - Saudi,56.0,60.2775000000000000,4.3
58,Coastal Clean,Home Care,103,SwiftBasket (UAE),Quick Commerce,Gulf - UAE,57.1,61.4090909090909091,4.3
3,Prime Snacks,Salty Snacks,2,MetroBazaar,Grocery,North America,57.1,61.3621428571428571,4.3
29,Golden Essentials,Personal Care,58,ValueTrade GT (Metro),General Trade,India - Metro,58.4,62.6680000000000000,4.3
32,Cloud Skin,Personal Care,84,Corner Store Network #2 (Tier 2/3),General Trade,India - Tier 2/3,58.5,62.8356666666666667,4.3
18,Royal Fizz,Sparkling Water,11,FreshMart #2,Grocery,North America,58.8,63.0876190476190476,4.3
75,Vivid Dairy,Dairy,67,GreenAisle (Tier 2/3),Grocery,India - Tier 2/3,58.3,62.6312000000000000,4.3
30,Cloud Essentials,Personal Care,150,DashKart (Malaysia),Quick Commerce,SEA - Malaysia,57.2,61.4575000000000000,4.3
75,Vivid Dairy,Dairy,104,HopMart (UAE),Quick Commerce,Gulf - UAE,59.9,64.2289473684210526,4.3
58,Coastal Clean,Home Care,106,NimbleMart (UAE),Quick Commerce,Gulf - UAE,57.1,61.4090909090909091,4.3
68,Cloud Dairy,Dairy,184,PrimeGrocer (Indonesia),Grocery,SEA - Indonesia,59.0,63.3287500000000000,4.3
81,Prime Candy Co,Confectionery,128,MetroBazaar (Qatar),Grocery,Gulf - Qatar,56.6,60.9133333333333333,4.3
9,Spring Crisps,Salty Snacks,90,FreshMart (UAE),Grocery,Gulf - UAE,58.4,62.7130681818181818,4.3
88,Pure Treats,Confectionery,100,QuickDash (UAE),Quick Commerce,Gulf - UAE,57.6,61.9394736842105263,4.3
82,Meadow Treats,Confectionery,85,Community Retail Co-op #2 (Tier 2/3),General Trade,India - Tier 2/3,58.1,62.4378000000000000,4.3
61,Crunch Household,Home Care,53,RapidBasket (Metro),Quick Commerce,India - Metro,57.1,61.3740000000000000,4.3
19,Fresh Fizz,Sparkling Water,16,WareClub,Club,North America,58.8,63.0876190476190476,4.3
105,Silver Baby Essentials,Baby Care,78,Bazaar Wholesale (Tier 2/3),General Trade,India - Tier 2/3,57.6,61.9433333333333333,4.3
17,Nomad Bubbles,Sparkling Water,56,QuickDash #2 (Metro),Quick Commerce,India - Metro,57.7,61.9855603448275862,4.3
75,Vivid Dairy,Dairy,86,Bazaar Wholesale #2 (Tier 2/3),General Trade,India - Tier 2/3,58.3,62.6312000000000000,4.3
90,Prime Grains,Breakfast & Cereal,111,Community Retail Co-op (UAE),General Trade,Gulf - UAE,59.1,63.3928030303030303,4.3
91,Coastal Cereal Co,Breakfast & Cereal,142,FreshMart (Malaysia),Grocery,SEA - Malaysia,58.3,62.5915625000000000,4.3
39,Blue Kitchen,Packaged Foods,156,Neighborhood Wholesale (Malaysia),General Trade,SEA - Malaysia,58.2,62.4881250000000000,4.3
22,Crunch Fizz,Sparkling Water,118,Local Trade Collective (Saudi),General Trade,Gulf - Saudi,58.8,63.0650000000000000,4.3
105,Silver Baby Essentials,Baby Care,199,MarketLink GT (Indonesia),General Trade,SEA - Indonesia,55.4,59.7341666666666667,4.3
47,Sunrise Refresh,Beverages,88,Sundry Traders Network #2 (Tier 2/3),General Trade,India - Tier 2/3,58.3,62.6366666666666667,4.3
19,Fresh Fizz,Sparkling Water,8,ValueGrocer,Grocery,North America,58.9,63.0876190476190476,4.2
47,Sunrise Refresh,Beverages,126,Local Trade Collective #2 (Saudi),General Trade,Gulf - Saudi,58.3,62.5236666666666667,4.2
35,Silver Table,Packaged Foods,82,ValueTrade GT #2 (Tier 2/3),General Trade,India - Tier 2/3,57.7,61.8906000000000000,4.2
3,Prime Snacks,Salty Snacks,16,WareClub,Club,North America,57.2,61.3621428571428571,4.2
3,Prime Snacks,Salty Snacks,112,FreshMart (Saudi),Grocery,Gulf - Saudi,58.1,62.3475000000000000,4.2
62,Royal Household,Home Care,3,GreenAisle,Grocery,North America,57.3,61.5100694444444444,4.2
37,Heritage Kitchen,Packaged Foods,116,DailyBasket (Saudi),Grocery,Gulf - Saudi,56.8,61.0458333333333333,4.2
38,Urban Pantry,Packaged Foods,175,Neighborhood Wholesale (Philippines),General Trade,SEA - Philippines,57.5,61.6500000000000000,4.2
85,Heritage Treats,Confectionery,80,Sundry Traders Network (Tier 2/3),General Trade,India - Tier 2/3,58.2,62.4378000000000000,4.2
91,Coastal Cereal Co,Breakfast & Cereal,157,Corner Store Network (Malaysia),General Trade,SEA - Malaysia,58.4,62.5915625000000000,4.2
28,Spring Skin,Personal Care,149,ZipCart (Malaysia),Quick Commerce,SEA - Malaysia,57.3,61.4575000000000000,4.2
17,Nomad Bubbles,Sparkling Water,41,SunriseMart (Metro),Grocery,India - Metro,57.8,61.9855603448275862,4.2
4,Blue Bites,Salty Snacks,146,DailyBasket (Malaysia),Grocery,SEA - Malaysia,56.1,60.3325000000000000,4.2
4,Blue Bites,Salty Snacks,159,Bazaar Wholesale (Malaysia),General Trade,SEA - Malaysia,56.1,60.3325000000000000,4.2
22,Crunch Fizz,Sparkling Water,95,SunriseMart (UAE),Grocery,Gulf - UAE,58.8,62.9568181818181818,4.2
23,Golden Skin,Personal Care,38,GreenAisle (Metro),Grocery,India - Metro,58.5,62.6680000000000000,4.2
110,Meadow Tiny Care,Baby Care,4,PrimeGrocer,Grocery,North America,58.8,63.0250000000000000,4.2
83,Fresh Treats,Confectionery,123,Bazaar Wholesale (Saudi),General Trade,Gulf - Saudi,58.3,62.4883333333333333,4.2
11,Silver Snacks,Salty Snacks,21,EarthAisle,Natural,North America,57.2,61.3621428571428571,4.2
2,Bold Snacks,Salty Snacks,54,GoCart Express (Metro),Quick Commerce,India - Metro,55.2,59.4456896551724138,4.2
26,Prime Care,Personal Care,78,Bazaar Wholesale (Tier 2/3),General Trade,India - Tier 2/3,58.6,62.8356666666666667,4.2
51,Coastal Drinks,Beverages,156,Neighborhood Wholesale (Malaysia),General Trade,SEA - Malaysia,57.6,61.7712500000000000,4.2
43,Coastal Table,Packaged Foods,60,Corner Store Network (Metro),General Trade,India - Metro,58.1,62.2600000000000000,4.2
20,Heritage Springs,Sparkling Water,39,PrimeGrocer (Metro),Grocery,India - Metro,57.9,61.9855603448275862,4.1
78,Prime Confections,Confectionery,181,FreshMart (Indonesia),Grocery,SEA - Indonesia,57.8,61.8512500000000000,4.1
32,Cloud Skin,Personal Care,88,Sundry Traders Network #2 (Tier 2/3),General Trade,India - Tier 2/3,58.7,62.8356666666666667,4.1
103,Coastal Baby Essentials,Baby Care,69,DailyBasket (Tier 2/3),Grocery,India - Tier 2/3,57.8,61.9433333333333333,4.1
12,True Water Co,Sparkling Water,74,ValueTrade GT (Tier 2/3),General Trade,India - Tier 2/3,59.3,63.3680000000000000,4.1
93,Urban Mornings,Breakfast & Cereal,173,Local Trade Collective (Philippines),General Trade,SEA - Philippines,57.9,62.0381578947368421,4.1
102,Coastal Little Ones,Baby Care,67,GreenAisle (Tier 2/3),Grocery,India - Tier 2/3,57.8,61.9433333333333333,4.1
88,Pure Treats,Confectionery,197,Community Retail Co-op (Indonesia),General Trade,SEA - Indonesia,57.8,61.8512500000000000,4.1
110,Meadow Tiny Care,Baby Care,63,MarketLink GT (Metro),General Trade,India - Metro,59.1,63.2150000000000000,4.1
44,Spring Pantry,Packaged Foods,100,QuickDash (UAE),Quick Commerce,Gulf - UAE,58.9,63.0119318181818182,4.1
70,Vivid Milk Co,Dairy,68,PrimeGrocer (Tier 2/3),Grocery,India - Tier 2/3,58.5,62.6312000000000000,4.1
73,Blue Milk Co,Dairy,197,Community Retail Co-op (Indonesia),General Trade,SEA - Indonesia,59.2,63.3287500000000000,4.1
88,Pure Treats,Confectionery,93,PrimeGrocer (UAE),Grocery,Gulf - UAE,57.8,61.9394736842105263,4.1
99,Fresh Cereal Co,Breakfast & Cereal,161,Sundry Traders Network (Malaysia),General Trade,SEA - Malaysia,58.5,62.5915625000000000,4.1
67,Golden Milk Co,Dairy,200,Sundry Traders Network (Indonesia),General Trade,SEA - Indonesia,59.2,63.3287500000000000,4.1
28,Spring Skin,Personal Care,13,GreenAisle #2,Grocery,North America,59.1,63.2026315789473684,4.1
67,Golden Milk Co,Dairy,188,ZipCart (Indonesia),Quick Commerce,SEA - Indonesia,59.2,63.3287500000000000,4.1
59,Pure Shine,Home Care,98,BulkBasket Club (UAE),Club,Gulf - UAE,57.3,61.4090909090909091,4.1
60,True Shine,Home Care,91,MetroBazaar (UAE),Grocery,Gulf - UAE,57.3,61.4090909090909091,4.1
78,Prime Confections,Confectionery,195,Neighborhood Wholesale (Indonesia),General Trade,SEA - Indonesia,57.8,61.8512500000000000,4.1
64,Blue Shine,Home Care,17,MegaValue Club,Club,North America,57.4,61.5100694444444444,4.1
54,Nomad Drinks,Beverages,87,MarketLink GT #2 (Tier 2/3),General Trade,India - Tier 2/3,58.5,62.6366666666666667,4.1
32,Cloud Skin,Personal Care,89,Local Trade Collective #3 (Tier 2/3),General Trade,India - Tier 2/3,58.7,62.8356666666666667,4.1
80,Nomad Candy Co,Confectionery,78,Bazaar Wholesale (Tier 2/3),General Trade,India - Tier 2/3,58.3,62.4378000000000000,4.1
44,Spring Pantry,Packaged Foods,72,ValueGrocer (Tier 2/3),Grocery,India - Tier 2/3,57.8,61.8906000000000000,4.1
47,Sunrise Refresh,Beverages,114,GreenAisle (Saudi),Grocery,Gulf - Saudi,58.4,62.5236666666666667,4.1
59,Pure Shine,Home Care,94,DailyBasket (UAE),Grocery,Gulf - UAE,57.3,61.4090909090909091,4.1
35,Silver Table,Packaged Foods,67,GreenAisle (Tier 2/3),Grocery,India - Tier 2/3,57.8,61.8906000000000000,4.1
68,Cloud Dairy,Dairy,199,MarketLink GT (Indonesia),General Trade,SEA - Indonesia,59.2,63.3287500000000000,4.1
38,Urban Pantry,Packaged Foods,124,MarketLink GT (Saudi),General Trade,Gulf - Saudi,56.9,61.0458333333333333,4.1
42,Urban Kitchen,Packaged Foods,172,HopMart (Philippines),Quick Commerce,SEA - Philippines,57.6,61.6500000000000000,4.1
44,Spring Pantry,Packaged Foods,69,DailyBasket (Tier 2/3),Grocery,India - Tier 2/3,57.8,61.8906000000000000,4.1
55,Vivid Sip,Beverages,40,DailyBasket (Metro),Grocery,India - Metro,58.0,62.0715517241379310,4.1
84,Everyday Treats,Confectionery,194,ValueTrade GT (Indonesia),General Trade,SEA - Indonesia,57.8,61.8512500000000000,4.1
6,Coastal Bites,Salty Snacks,116,DailyBasket (Saudi),Grocery,Gulf - Saudi,58.2,62.3475000000000000,4.1
1,True Snacks,Salty Snacks,68,PrimeGrocer (Tier 2/3),Grocery,India - Tier 2/3,58.9,63.0406666666666667,4.1
78,Prime Confections,Confectionery,46,QuickDash (Metro),Quick Commerce,India - Metro,58.6,62.6568965517241379,4.1
62,Royal Household,Home Care,120,Neighborhood Wholesale (Saudi),General Trade,Gulf - Saudi,59.1,63.1858333333333333,4.1
96,Meadow Breakfast Co,Breakfast & Cereal,76,Corner Store Network (Tier 2/3),General Trade,India - Tier 2/3,59.6,63.6752500000000000,4.1
34,Bold Kitchen,Packaged Foods,149,ZipCart (Malaysia),Quick Commerce,SEA - Malaysia,58.4,62.4881250000000000,4.1
64,Blue Shine,Home Care,6,SunriseMart,Grocery,North America,57.4,61.5100694444444444,4.1
42,Urban Kitchen,Packaged Foods,83,Neighborhood Wholesale #2 (Tier 2/3),General Trade,India - Tier 2/3,57.9,61.8906000000000000,4.0
24,Spring Care,Personal Care,128,MetroBazaar (Qatar),Grocery,Gulf - Qatar,57.6,61.5616666666666667,4.0
80,Nomad Candy Co,Confectionery,29,QuickStop #2,C-Store,North America,57.9,61.9236111111111111,4.0
41,Royal Kitchen,Packaged Foods,24,PureRoots Market #2,Natural,North America,58.5,62.4755208333333333,4.0
108,Crunch Baby Co,Baby Care,121,Corner Store Network (Saudi),General Trade,Gulf - Saudi,60.6,64.5725000000000000,4.0
50,Crunch Drinks,Beverages,164,GreenAisle (Philippines),Grocery,SEA - Philippines,60.5,64.5381578947368421,4.0
35,Silver Table,Packaged Foods,5,DailyBasket,Grocery,North America,58.5,62.4755208333333333,4.0
46,Fresh Refresh,Beverages,126,Local Trade Collective #2 (Saudi),General Trade,Gulf - Saudi,58.5,62.5236666666666667,4.0
50,Crunch Drinks,Beverages,170,DashKart (Philippines),Quick Commerce,SEA - Philippines,60.5,64.5381578947368421,4.0
93,Urban Mornings,Breakfast & Cereal,99,WareClub (UAE),Club,Gulf - UAE,59.4,63.3928030303030303,4.0
38,Urban Pantry,Packaged Foods,125,Sundry Traders Network (Saudi),General Trade,Gulf - Saudi,57.0,61.0458333333333333,4.0
88,Pure Treats,Confectionery,191,HopMart (Indonesia),Quick Commerce,SEA - Indonesia,57.9,61.8512500000000000,4.0
24,Spring Care,Personal Care,137,Local Trade Collective (Qatar),General Trade,Gulf - Qatar,57.6,61.5616666666666667,4.0
38,Urban Pantry,Packaged Foods,176,Corner Store Network (Philippines),General Trade,SEA - Philippines,57.7,61.6500000000000000,4.0
66,Golden Household,Home Care,86,Bazaar Wholesale #2 (Tier 2/3),General Trade,India - Tier 2/3,58.9,62.8800000000000000,4.0
15,Blue Springs,Sparkling Water,123,Bazaar Wholesale (Saudi),General Trade,Gulf - Saudi,59.1,63.0650000000000000,4.0
9,Spring Crisps,Salty Snacks,92,GreenAisle (UAE),Grocery,Gulf - UAE,58.7,62.7130681818181818,4.0
42,Urban Kitchen,Packaged Foods,83,Neighborhood Wholesale #2 (Tier 2/3),General Trade,India - Tier 2/3,57.9,61.8906000000000000,4.0
94,Crunch Cereal Co,Breakfast & Cereal,79,MarketLink GT (Tier 2/3),General Trade,India - Tier 2/3,59.7,63.6752500000000000,4.0
6,Coastal Bites,Salty Snacks,11,FreshMart #2,Grocery,North America,57.4,61.3621428571428571,4.0
71,Golden Farms,Dairy,9,CityMart,Grocery,North America,56.7,60.7394736842105263,4.0
90,Prime Grains,Breakfast & Cereal,142,FreshMart (Malaysia),Grocery,SEA - Malaysia,58.6,62.5915625000000000,4.0
88,Pure Treats,Confectionery,199,MarketLink GT (Indonesia),General Trade,SEA - Indonesia,57.9,61.8512500000000000,4.0
89,Nomad Mornings,Breakfast & Cereal,14,SaverClub,Club,North America,59.1,63.0944444444444444,4.0
27,Golden Glow,Personal Care,192,FlashCart (Indonesia),Quick Commerce,SEA - Indonesia,56.4,60.4337500000000000,4.0
95,Cloud Mornings,Breakfast & Cereal,119,ValueTrade GT (Saudi),General Trade,Gulf - Saudi,55.4,59.3711111111111111,4.0
74,Sunrise Milk Co,Dairy,79,MarketLink GT (Tier 2/3),General Trade,India - Tier 2/3,58.6,62.6312000000000000,4.0
59,Pure Shine,Home Care,91,MetroBazaar (UAE),Grocery,Gulf - UAE,57.4,61.4090909090909091,4.0
70,Vivid Milk Co,Dairy,118,Local Trade Collective (Saudi),General Trade,Gulf - Saudi,56.4,60.2775000000000000,3.9
46,Fresh Refresh,Beverages,14,SaverClub,Club,North America,59.0,62.8907142857142857,3.9
3,Prime Snacks,Salty Snacks,8,ValueGrocer,Grocery,North America,57.5,61.3621428571428571,3.9
82,Meadow Treats,Confectionery,74,ValueTrade GT (Tier 2/3),General Trade,India - Tier 2/3,58.5,62.4378000000000000,3.9
110,Meadow Tiny Care,Baby Care,41,SunriseMart (Metro),Grocery,India - Metro,59.3,63.2150000000000000,3.9
3,Prime Snacks,Salty Snacks,122,Community Retail Co-op (Saudi),General Trade,Gulf - Saudi,58.4,62.3475000000000000,3.9
1,True Snacks,Salty Snacks,88,Sundry Traders Network #2 (Tier 2/3),General Trade,India - Tier 2/3,59.1,63.0406666666666667,3.9
28,Spring Skin,Personal Care,2,MetroBazaar,Grocery,North America,59.3,63.2026315789473684,3.9
79,Coastal Candy Co,Confectionery,75,Neighborhood Wholesale (Tier 2/3),General Trade,India - Tier 2/3,58.5,62.4378000000000000,3.9
74,Sunrise Milk Co,Dairy,81,Local Trade Collective #2 (Tier 2/3),General Trade,India - Tier 2/3,58.7,62.6312000000000000,3.9
91,Coastal Cereal Co,Breakfast & Cereal,161,Sundry Traders Network (Malaysia),General Trade,SEA - Malaysia,58.7,62.5915625000000000,3.9
13,Urban Bubbles,Sparkling Water,149,ZipCart (Malaysia),Quick Commerce,SEA - Malaysia,57.7,61.5825000000000000,3.9
98,Coastal Mornings,Breakfast & Cereal,74,ValueTrade GT (Tier 2/3),General Trade,India - Tier 2/3,59.8,63.6752500000000000,3.9
43,Coastal Table,Packaged Foods,66,MetroBazaar (Tier 2/3),Grocery,India - Tier 2/3,58.0,61.8906000000000000,3.9
27,Golden Glow,Personal Care,181,FreshMart (Indonesia),Grocery,SEA - Indonesia,56.5,60.4337500000000000,3.9
87,Pure Sweets,Confectionery,35,GoStop #3,C-Store,North America,58.0,61.9236111111111111,3.9
110,Meadow Tiny Care,Baby Care,62,Bazaar Wholesale (Metro),General Trade,India - Metro,59.3,63.2150000000000000,3.9
43,Coastal Table,Packaged Foods,70,SunriseMart (Tier 2/3),Grocery,India - Tier 2/3,58.0,61.8906000000000000,3.9
26,Prime Care,Personal Care,73,Local Trade Collective (Tier 2/3),General Trade,India - Tier 2/3,58.9,62.8356666666666667,3.9
26,Prime Care,Personal Care,89,Local Trade Collective #3 (Tier 2/3),General Trade,India - Tier 2/3,58.9,62.8356666666666667,3.9
9,Spring Crisps,Salty Snacks,94,DailyBasket (UAE),Grocery,Gulf - UAE,58.8,62.7130681818181818,3.9
73,Blue Milk Co,Dairy,182,MetroBazaar (Indonesia),Grocery,SEA - Indonesia,59.4,63.3287500000000000,3.9
66,Golden Household,Home Care,89,Local Trade Collective #3 (Tier 2/3),General Trade,India - Tier 2/3,59.0,62.8800000000000000,3.9
106,Vivid Little Ones,Baby Care,114,GreenAisle (Saudi),Grocery,Gulf - Saudi,60.7,64.5725000000000000,3.9
75,Vivid Dairy,Dairy,91,MetroBazaar (UAE),Grocery,Gulf - UAE,60.3,64.2289473684210526,3.9
35,Silver Table,Packaged Foods,3,GreenAisle,Grocery,North America,58.6,62.4755208333333333,3.9
101,Everyday Tiny Care,Baby Care,131,DailyBasket (Qatar),Grocery,Gulf - Qatar,57.7,61.6466666666666667,3.9
44,Spring Pantry,Packaged Foods,102,DashKart (UAE),Quick Commerce,Gulf - UAE,59.1,63.0119318181818182,3.9
108,Crunch Baby Co,Baby Care,81,Local Trade Collective #2 (Tier 2/3),General Trade,India - Tier 2/3,58.0,61.9433333333333333,3.9
106,Vivid Little Ones,Baby Care,88,Sundry Traders Network #2 (Tier 2/3),General Trade,India - Tier 2/3,58.0,61.9433333333333333,3.9
104,Meadow Baby Co,Baby Care,183,GreenAisle (Indonesia),Grocery,SEA - Indonesia,55.9,59.7341666666666667,3.8
56,Golden Shine,Home Care,85,Community Retail Co-op #2 (Tier 2/3),General Trade,India - Tier 2/3,59.1,62.8800000000000000,3.8
91,Coastal Cereal Co,Breakfast & Cereal,158,Community Retail Co-op (Malaysia),General Trade,SEA - Malaysia,58.8,62.5915625000000000,3.8
42,Urban Kitchen,Packaged Foods,89,Local Trade Collective #3 (Tier 2/3),General Trade,India - Tier 2/3,58.1,61.8906000000000000,3.8
34,Bold Kitchen,Packaged Foods,152,HopMart (Malaysia),Quick Commerce,SEA - Malaysia,58.7,62.4881250000000000,3.8
104,Meadow Baby Co,Baby Care,182,MetroBazaar (Indonesia),Grocery,SEA - Indonesia,55.9,59.7341666666666667,3.8
88,Pure Treats,Confectionery,92,GreenAisle (UAE),Grocery,Gulf - UAE,58.1,61.9394736842105263,3.8
18,Royal Fizz,Sparkling Water,119,ValueTrade GT (Saudi),General Trade,Gulf - Saudi,59.3,63.0650000000000000,3.8
73,Blue Milk Co,Dairy,20,PureRoots Market,Natural,North America,56.9,60.7394736842105263,3.8
3,Prime Snacks,Salty Snacks,31,GoStop #2,C-Store,North America,57.6,61.3621428571428571,3.8
109,Silver Little Ones,Baby Care,4,PrimeGrocer,Grocery,North America,59.2,63.0250000000000000,3.8
67,Golden Milk Co,Dairy,183,GreenAisle (Indonesia),Grocery,SEA - Indonesia,59.5,63.3287500000000000,3.8
88,Pure Treats,Confectionery,91,MetroBazaar (UAE),Grocery,Gulf - UAE,58.1,61.9394736842105263,3.8
18,Royal Fizz,Sparkling Water,116,DailyBasket (Saudi),Grocery,Gulf - Saudi,59.3,63.0650000000000000,3.8
106,Vivid Little Ones,Baby Care,76,Corner Store Network (Tier 2/3),General Trade,India - Tier 2/3,58.1,61.9433333333333333,3.8
43,Coastal Table,Packaged Foods,87,MarketLink GT #2 (Tier 2/3),General Trade,India - Tier 2/3,58.1,61.8906000000000000,3.8
38,Urban Pantry,Packaged Foods,121,Corner Store Network (Saudi),General Trade,Gulf - Saudi,57.2,61.0458333333333333,3.8
73,Blue Milk Co,Dairy,184,PrimeGrocer (Indonesia),Grocery,SEA - Indonesia,59.5,63.3287500000000000,3.8
71,Golden Farms,Dairy,8,ValueGrocer,Grocery,North America,56.9,60.7394736842105263,3.8
104,Meadow Baby Co,Baby Care,141,Community Retail Co-op (Qatar),General Trade,Gulf - Qatar,57.8,61.6466666666666667,3.8
43,Coastal Table,Packaged Foods,49,SwiftBasket (Metro),Quick Commerce,India - Metro,58.5,62.2600000000000000,3.8
70,Vivid Milk Co,Dairy,68,PrimeGrocer (Tier 2/3),Grocery,India - Tier 2/3,58.8,62.6312000000000000,3.8
51,Coastal Drinks,Beverages,157,Corner Store Network (Malaysia),General Trade,SEA - Malaysia,58.0,61.7712500000000000,3.8
71,Golden Farms,Dairy,4,PrimeGrocer,Grocery,North America,56.9,60.7394736842105263,3.8
6,Coastal Bites,Salty Snacks,17,MegaValue Club,Club,North America,57.6,61.3621428571428571,3.8
76,Royal Farms,Dairy,66,MetroBazaar (Tier 2/3),Grocery,India - Tier 2/3,58.8,62.6312000000000000,3.8
49,Meadow Beverages,Beverages,78,Bazaar Wholesale (Tier 2/3),General Trade,India - Tier 2/3,58.8,62.6366666666666667,3.8
7,Urban Bites,Salty Snacks,106,NimbleMart (UAE),Quick Commerce,Gulf - UAE,58.9,62.7130681818181818,3.8
36,Cloud Table,Packaged Foods,128,MetroBazaar (Qatar),Grocery,Gulf - Qatar,62.9,66.6983333333333333,3.8
35,Silver Table,Packaged Foods,1,FreshMart,Grocery,North America,58.7,62.4755208333333333,3.8
51,Coastal Drinks,Beverages,145,PrimeGrocer (Malaysia),Grocery,SEA - Malaysia,58.0,61.7712500000000000,3.8
84,Everyday Treats,Confectionery,193,Local Trade Collective (Indonesia),General Trade,SEA - Indonesia,58.1,61.8512500000000000,3.8
102,Coastal Little Ones,Baby Care,81,Local Trade Collective #2 (Tier 2/3),General Trade,India - Tier 2/3,58.1,61.9433333333333333,3.8
77,Urban Creamery,Dairy,140,Corner Store Network (Qatar),General Trade,Gulf - Qatar,62.4,66.1566666666666667,3.8
59,Pure Shine,Home Care,48,DashKart (Metro),Quick Commerce,India - Metro,57.6,61.3740000000000000,3.8
36,Cloud Table,Packaged Foods,127,FreshMart (Qatar),Grocery,Gulf - Qatar,62.9,66.6983333333333333,3.8
30,Cloud Essentials,Personal Care,1,FreshMart,Grocery,North America,59.4,63.2026315789473684,3.8
75,Vivid Dairy,Dairy,92,GreenAisle (UAE),Grocery,Gulf - UAE,60.4,64.2289473684210526,3.8
104,Meadow Baby Co,Baby Care,195,Neighborhood Wholesale (Indonesia),General Trade,SEA - Indonesia,55.9,59.7341666666666667,3.8
21,Golden Fizz,Sparkling Water,157,Corner Store Network (Malaysia),General Trade,SEA - Malaysia,57.9,61.5825000000000000,3.7
101,Everyday Tiny Care,Baby Care,133,ZipCart (Qatar),Quick Commerce,Gulf - Qatar,57.9,61.6466666666666667,3.7
95,Cloud Mornings,Breakfast & Cereal,123,Bazaar Wholesale (Saudi),General Trade,Gulf - Saudi,55.7,59.3711111111111111,3.7
44,Spring Pantry,Packaged Foods,96,UrbanPantry (UAE),Grocery,Gulf - UAE,59.3,63.0119318181818182,3.7
109,Silver Little Ones,Baby Care,131,DailyBasket (Qatar),Grocery,Gulf - Qatar,57.9,61.6466666666666667,3.7
49,Meadow Beverages,Beverages,77,Community Retail Co-op (Tier 2/3),General Trade,India - Tier 2/3,58.9,62.6366666666666667,3.7
4,Blue Bites,Salty Snacks,149,ZipCart (Malaysia),Quick Commerce,SEA - Malaysia,56.6,60.3325000000000000,3.7
16,Sunrise Water Co,Sparkling Water,194,ValueTrade GT (Indonesia),General Trade,SEA - Indonesia,60.2,63.8825000000000000,3.7
36,Cloud Table,Packaged Foods,69,DailyBasket (Tier 2/3),Grocery,India - Tier 2/3,58.2,61.8906000000000000,3.7
62,Royal Household,Home Care,13,GreenAisle #2,Grocery,North America,57.8,61.5100694444444444,3.7
27,Golden Glow,Personal Care,194,ValueTrade GT (Indonesia),General Trade,SEA - Indonesia,56.7,60.4337500000000000,3.7
79,Coastal Candy Co,Confectionery,77,Community Retail Co-op (Tier 2/3),General Trade,India - Tier 2/3,58.7,62.4378000000000000,3.7
80,Nomad Candy Co,Confectionery,70,SunriseMart (Tier 2/3),Grocery,India - Tier 2/3,58.7,62.4378000000000000,3.7
64,Blue Shine,Home Care,3,GreenAisle,Grocery,North America,57.8,61.5100694444444444,3.7
33,Cloud Glow,Personal Care,83,Neighborhood Wholesale #2 (Tier 2/3),General Trade,India - Tier 2/3,59.1,62.8356666666666667,3.7
15,Blue Springs,Sparkling Water,126,Local Trade Collective #2 (Saudi),General Trade,Gulf - Saudi,59.4,63.0650000000000000,3.7
50,Crunch Drinks,Beverages,175,Neighborhood Wholesale (Philippines),General Trade,SEA - Philippines,60.8,64.5381578947368421,3.7
19,Fresh Fizz,Sparkling Water,26,CornerFuel Mart,C-Store,North America,59.4,63.0876190476190476,3.7
42,Urban Kitchen,Packaged Foods,86,Bazaar Wholesale #2 (Tier 2/3),General Trade,India - Tier 2/3,58.2,61.8906000000000000,3.7
99,Fresh Cereal Co,Breakfast & Cereal,153,FlashCart (Malaysia),Quick Commerce,SEA - Malaysia,58.9,62.5915625000000000,3.7
99,Fresh Cereal Co,Breakfast & Cereal,105,FlashCart (UAE),Quick Commerce,Gulf - UAE,59.7,63.3928030303030303,3.7
7,Urban Bites,Salty Snacks,96,UrbanPantry (UAE),Grocery,Gulf - UAE,59.0,62.7130681818181818,3.7
3,Prime Snacks,Salty Snacks,17,MegaValue Club,Club,North America,57.7,61.3621428571428571,3.7
49,Meadow Beverages,Beverages,82,ValueTrade GT #2 (Tier 2/3),General Trade,India - Tier 2/3,58.9,62.6366666666666667,3.7
8,Meadow Crisps,Salty Snacks,79,MarketLink GT (Tier 2/3),General Trade,India - Tier 2/3,59.3,63.0406666666666667,3.7
21,Golden Fizz,Sparkling Water,156,Neighborhood Wholesale (Malaysia),General Trade,SEA - Malaysia,58.0,61.5825000000000000,3.6
84,Everyday Treats,Confectionery,199,MarketLink GT (Indonesia),General Trade,SEA - Indonesia,58.3,61.8512500000000000,3.6
32,Cloud Skin,Personal Care,78,Bazaar Wholesale (Tier 2/3),General Trade,India - Tier 2/3,59.2,62.8356666666666667,3.6
11,Silver Snacks,Salty Snacks,66,MetroBazaar (Tier 2/3),Grocery,India - Tier 2/3,59.4,63.0406666666666667,3.6
94,Crunch Cereal Co,Breakfast & Cereal,200,Sundry Traders Network (Indonesia),General Trade,SEA - Indonesia,57.8,61.4287500000000000,3.6
75,Vivid Dairy,Dairy,100,QuickDash (UAE),Quick Commerce,Gulf - UAE,60.6,64.2289473684210526,3.6
46,Fresh Refresh,Beverages,27,GoStop,C-Store,North America,59.3,62.8907142857142857,3.6
35,Silver Table,Packaged Foods,89,Local Trade Collective #3 (Tier 2/3),General Trade,India - Tier 2/3,58.3,61.8906000000000000,3.6
38,Urban Pantry,Packaged Foods,113,MetroBazaar (Saudi),Grocery,Gulf - Saudi,57.4,61.0458333333333333,3.6
26,Prime Care,Personal Care,82,ValueTrade GT #2 (Tier 2/3),General Trade,India - Tier 2/3,59.2,62.8356666666666667,3.6
67,Golden Milk Co,Dairy,184,PrimeGrocer (Indonesia),Grocery,SEA - Indonesia,59.7,63.3287500000000000,3.6
89,Nomad Mornings,Breakfast & Cereal,10,HomeFresh,Grocery,North America,59.5,63.0944444444444444,3.6
85,Heritage Treats,Confectionery,85,Community Retail Co-op #2 (Tier 2/3),General Trade,India - Tier 2/3,58.8,62.4378000000000000,3.6
11,Silver Snacks,Salty Snacks,16,WareClub,Club,North America,57.8,61.3621428571428571,3.6
13,Urban Bubbles,Sparkling Water,148,QuickDash (Malaysia),Quick Commerce,SEA - Malaysia,58.0,61.5825000000000000,3.6
15,Blue Springs,Sparkling Water,114,GreenAisle (Saudi),Grocery,Gulf - Saudi,59.5,63.0650000000000000,3.6
90,Prime Grains,Breakfast & Cereal,148,QuickDash (Malaysia),Quick Commerce,SEA - Malaysia,59.0,62.5915625000000000,3.6
93,Urban Mornings,Breakfast & Cereal,105,FlashCart (UAE),Quick Commerce,Gulf - UAE,59.8,63.3928030303030303,3.6
36,Cloud Table,Packaged Foods,83,Neighborhood Wholesale #2 (Tier 2/3),General Trade,India - Tier 2/3,58.3,61.8906000000000000,3.6
52,Spring Sip,Beverages,140,Corner Store Network (Qatar),General Trade,Gulf - Qatar,58.8,62.3838888888888889,3.6
94,Crunch Cereal Co,Breakfast & Cereal,198,Bazaar Wholesale (Indonesia),General Trade,SEA - Indonesia,57.8,61.4287500000000000,3.6
30,Cloud Essentials,Personal Care,23,GreenLeaf Naturals #2,Natural,North America,59.6,63.2026315789473684,3.6
66,Golden Household,Home Care,89,Local Trade Collective #3 (Tier 2/3),General Trade,India - Tier 2/3,59.3,62.8800000000000000,3.6
78,Prime Confections,Confectionery,47,ZipCart (Metro),Quick Commerce,India - Metro,59.1,62.6568965517241379,3.6
13,Urban Bubbles,Sparkling Water,154,Local Trade Collective (Malaysia),General Trade,SEA - Malaysia,58.0,61.5825000000000000,3.6
61,Crunch Household,Home Care,36,FreshMart (Metro),Grocery,India - Metro,57.8,61.3740000000000000,3.6
33,Cloud Glow,Personal Care,81,Local Trade Collective #2 (Tier 2/3),General Trade,India - Tier 2/3,59.2,62.8356666666666667,3.6
70,Vivid Milk Co,Dairy,83,Neighborhood Wholesale #2 (Tier 2/3),General Trade,India - Tier 2/3,59.0,62.6312000000000000,3.6
29,Golden Essentials,Personal Care,54,GoCart Express (Metro),Quick Commerce,India - Metro,59.1,62.6680000000000000,3.6
75,Vivid Dairy,Dairy,78,Bazaar Wholesale (Tier 2/3),General Trade,India - Tier 2/3,59.0,62.6312000000000000,3.6
65,Urban Clean,Home Care,8,ValueGrocer,Grocery,North America,58.0,61.5100694444444444,3.5
66,Golden Household,Home Care,78,Bazaar Wholesale (Tier 2/3),General Trade,India - Tier 2/3,59.4,62.8800000000000000,3.5
58,Coastal Clean,Home Care,200,Sundry Traders Network (Indonesia),General Trade,SEA - Indonesia,60.2,63.7145833333333333,3.5
57,Cloud Shine,Home Care,70,SunriseMart (Tier 2/3),Grocery,India - Tier 2/3,59.4,62.8800000000000000,3.5
51,Coastal Drinks,Beverages,155,ValueTrade GT (Malaysia),General Trade,SEA - Malaysia,58.3,61.7712500000000000,3.5
47,Sunrise Refresh,Beverages,75,Neighborhood Wholesale (Tier 2/3),General Trade,India - Tier 2/3,59.1,62.6366666666666667,3.5
47,Sunrise Refresh,Beverages,120,Neighborhood Wholesale (Saudi),General Trade,Gulf - Saudi,59.0,62.5236666666666667,3.5
47,Sunrise Refresh,Beverages,72,ValueGrocer (Tier 2/3),Grocery,India - Tier 2/3,59.1,62.6366666666666667,3.5
38,Urban Pantry,Packaged Foods,172,HopMart (Philippines),Quick Commerce,SEA - Philippines,58.2,61.6500000000000000,3.5
36,Cloud Table,Packaged Foods,66,MetroBazaar (Tier 2/3),Grocery,India - Tier 2/3,58.4,61.8906000000000000,3.5
88,Pure Treats,Confectionery,185,DailyBasket (Indonesia),Grocery,SEA - Indonesia,58.4,61.8512500000000000,3.5
89,Nomad Mornings,Breakfast & Cereal,80,Sundry Traders Network (Tier 2/3),General Trade,India - Tier 2/3,60.2,63.6752500000000000,3.5
33,Cloud Glow,Personal Care,69,DailyBasket (Tier 2/3),Grocery,India - Tier 2/3,59.3,62.8356666666666667,3.5
30,Cloud Essentials,Personal Care,149,ZipCart (Malaysia),Quick Commerce,SEA - Malaysia,58.0,61.4575000000000000,3.5
91,Coastal Cereal Co,Breakfast & Cereal,123,Bazaar Wholesale (Saudi),General Trade,Gulf - Saudi,55.9,59.3711111111111111,3.5
94,Crunch Cereal Co,Breakfast & Cereal,187,QuickDash (Indonesia),Quick Commerce,SEA - Indonesia,57.9,61.4287500000000000,3.5
23,Golden Skin,Personal Care,57,Local Trade Collective (Metro),General Trade,India - Metro,59.2,62.6680000000000000,3.5
94,Crunch Cereal Co,Breakfast & Cereal,70,SunriseMart (Tier 2/3),Grocery,India - Tier 2/3,60.2,63.6752500000000000,3.5
16,Sunrise Water Co,Sparkling Water,199,MarketLink GT (Indonesia),General Trade,SEA - Indonesia,60.4,63.8825000000000000,3.5
14,Golden Bubbles,Sparkling Water,11,FreshMart #2,Grocery,North America,59.6,63.0876190476190476,3.5
103,Coastal Baby Essentials,Baby Care,81,Local Trade Collective #2 (Tier 2/3),General Trade,India - Tier 2/3,58.4,61.9433333333333333,3.5
104,Meadow Baby Co,Baby Care,132,QuickDash (Qatar),Quick Commerce,Gulf - Qatar,58.1,61.6466666666666667,3.5
105,Silver Baby Essentials,Baby Care,184,PrimeGrocer (Indonesia),Grocery,SEA - Indonesia,56.2,59.7341666666666667,3.5
6,Coastal Bites,Salty Snacks,2,MetroBazaar,Grocery,North America,57.9,61.3621428571428571,3.5
4,Blue Bites,Salty Snacks,147,SunriseMart (Malaysia),Grocery,SEA - Malaysia,56.8,60.3325000000000000,3.5
2,Bold Snacks,Salty Snacks,55,DartMart (Metro),Quick Commerce,India - Metro,55.9,59.4456896551724138,3.5
21,Golden Fizz,Sparkling Water,56,QuickDash #2 (Metro),Quick Commerce,India - Metro,58.6,61.9855603448275862,3.4
104,Meadow Baby Co,Baby Care,191,HopMart (Indonesia),Quick Commerce,SEA - Indonesia,56.3,59.7341666666666667,3.4
16,Sunrise Water Co,Sparkling Water,193,Local Trade Collective (Indonesia),General Trade,SEA - Indonesia,60.5,63.8825000000000000,3.4
9,Spring Crisps,Salty Snacks,105,FlashCart (UAE),Quick Commerce,Gulf - UAE,59.3,62.7130681818181818,3.4
108,Crunch Baby Co,Baby Care,83,Neighborhood Wholesale #2 (Tier 2/3),General Trade,India - Tier 2/3,58.5,61.9433333333333333,3.4
54,Nomad Drinks,Beverages,116,DailyBasket (Saudi),Grocery,Gulf - Saudi,59.1,62.5236666666666667,3.4
45,Pure Drinks,Beverages,117,SunriseMart (Saudi),Grocery,Gulf - Saudi,59.1,62.5236666666666667,3.4
14,Golden Bubbles,Sparkling Water,4,PrimeGrocer,Grocery,North America,59.7,63.0876190476190476,3.4
22,Crunch Fizz,Sparkling Water,93,PrimeGrocer (UAE),Grocery,Gulf - UAE,59.6,62.9568181818181818,3.4
86,True Candy Co,Confectionery,177,Community Retail Co-op (Philippines),General Trade,SEA - Philippines,59.6,63.0394736842105263,3.4
63,Silver Household,Home Care,118,Local Trade Collective (Saudi),General Trade,Gulf - Saudi,59.8,63.1858333333333333,3.4
58,Coastal Clean,Home Care,188,ZipCart (Indonesia),Quick Commerce,SEA - Indonesia,60.3,63.7145833333333333,3.4
89,Nomad Mornings,Breakfast & Cereal,16,WareClub,Club,North America,59.7,63.0944444444444444,3.4
89,Nomad Mornings,Breakfast & Cereal,83,Neighborhood Wholesale #2 (Tier 2/3),General Trade,India - Tier 2/3,60.3,63.6752500000000000,3.4
62,Royal Household,Home Care,17,MegaValue Club,Club,North America,58.1,61.5100694444444444,3.4
7,Urban Bites,Salty Snacks,96,UrbanPantry (UAE),Grocery,Gulf - UAE,59.3,62.7130681818181818,3.4
71,Golden Farms,Dairy,19,GreenLeaf Naturals,Natural,North America,57.3,60.7394736842105263,3.4
82,Meadow Treats,Confectionery,13,GreenAisle #2,Grocery,North America,58.5,61.9236111111111111,3.4
44,Spring Pantry,Packaged Foods,91,MetroBazaar (UAE),Grocery,Gulf - UAE,59.6,63.0119318181818182,3.4
65,Urban Clean,Home Care,2,MetroBazaar,Grocery,North America,58.1,61.5100694444444444,3.4
105,Silver Baby Essentials,Baby Care,78,Bazaar Wholesale (Tier 2/3),General Trade,India - Tier 2/3,58.5,61.9433333333333333,3.4
3,Prime Snacks,Salty Snacks,11,FreshMart #2,Grocery,North America,58.0,61.3621428571428571,3.4
57,Cloud Shine,Home Care,83,Neighborhood Wholesale #2 (Tier 2/3),General Trade,India - Tier 2/3,59.5,62.8800000000000000,3.4
7,Urban Bites,Salty Snacks,102,DashKart (UAE),Quick Commerce,Gulf - UAE,59.3,62.7130681818181818,3.4
12,True Water Co,Sparkling Water,43,CornerFuel Mart (Metro),C-Store,India - Metro,58.6,61.9855603448275862,3.4
43,Coastal Table,Packaged Foods,78,Bazaar Wholesale (Tier 2/3),General Trade,India - Tier 2/3,58.5,61.8906000000000000,3.4
106,Vivid Little Ones,Baby Care,122,Community Retail Co-op (Saudi),General Trade,Gulf - Saudi,61.2,64.5725000000000000,3.4
69,Everyday Milk Co,Dairy,158,Community Retail Co-op (Malaysia),General Trade,SEA - Malaysia,61.3,64.5987500000000000,3.3
63,Silver Household,Home Care,11,FreshMart #2,Grocery,North America,58.2,61.5100694444444444,3.3
46,Fresh Refresh,Beverages,24,PureRoots Market #2,Natural,North America,59.6,62.8907142857142857,3.3
89,Nomad Mornings,Breakfast & Cereal,1,FreshMart,Grocery,North America,59.8,63.0944444444444444,3.3
77,Urban Creamery,Dairy,137,Local Trade Collective (Qatar),General Trade,Gulf - Qatar,62.9,66.1566666666666667,3.3
26,Prime Care,Personal Care,66,MetroBazaar (Tier 2/3),Grocery,India - Tier 2/3,59.5,62.8356666666666667,3.3
30,Cloud Essentials,Personal Care,3,GreenAisle,Grocery,North America,59.9,63.2026315789473684,3.3
48,Silver Beverages,Beverages,137,Local Trade Collective (Qatar),General Trade,Gulf - Qatar,59.1,62.3838888888888889,3.3
58,Coastal Clean,Home Care,195,Neighborhood Wholesale (Indonesia),General Trade,SEA - Indonesia,60.4,63.7145833333333333,3.3
32,Cloud Skin,Personal Care,80,Sundry Traders Network (Tier 2/3),General Trade,India - Tier 2/3,59.5,62.8356666666666667,3.3
68,Cloud Dairy,Dairy,190,SwiftBasket (Indonesia),Quick Commerce,SEA - Indonesia,60.0,63.3287500000000000,3.3
41,Royal Kitchen,Packaged Foods,4,PrimeGrocer,Grocery,North America,59.2,62.4755208333333333,3.3
74,Sunrise Milk Co,Dairy,84,Corner Store Network #2 (Tier 2/3),General Trade,India - Tier 2/3,59.3,62.6312000000000000,3.3
26,Prime Care,Personal Care,77,Community Retail Co-op (Tier 2/3),General Trade,India - Tier 2/3,59.5,62.8356666666666667,3.3
58,Coastal Clean,Home Care,192,FlashCart (Indonesia),Quick Commerce,SEA - Indonesia,60.4,63.7145833333333333,3.3
20,Heritage Springs,Sparkling Water,59,Neighborhood Wholesale (Metro),General Trade,India - Metro,58.7,61.9855603448275862,3.3
36,Cloud Table,Packaged Foods,127,FreshMart (Qatar),Grocery,Gulf - Qatar,63.4,66.6983333333333333,3.3
90,Prime Grains,Breakfast & Cereal,94,DailyBasket (UAE),Grocery,Gulf - UAE,60.1,63.3928030303030303,3.3
46,Fresh Refresh,Beverages,2,MetroBazaar,Grocery,North America,59.6,62.8907142857142857,3.3
92,Cloud Grains,Breakfast & Cereal,162,FreshMart (Philippines),Grocery,SEA - Philippines,58.7,62.0381578947368421,3.3
17,Nomad Bubbles,Sparkling Water,58,ValueTrade GT (Metro),General Trade,India - Metro,58.7,61.9855603448275862,3.3
71,Golden Farms,Dairy,170,DashKart (Philippines),Quick Commerce,SEA - Philippines,58.1,61.3750000000000000,3.3
19,Fresh Fizz,Sparkling Water,4,PrimeGrocer,Grocery,North America,59.8,63.0876190476190476,3.3
44,Spring Pantry,Packaged Foods,76,Corner Store Network (Tier 2/3),General Trade,India - Tier 2/3,58.6,61.8906000000000000,3.3
6,Coastal Bites,Salty Snacks,23,GreenLeaf Naturals #2,Natural,North America,58.1,61.3621428571428571,3.3
28,Spring Skin,Personal Care,12,MetroBazaar #2,Grocery,North America,59.9,63.2026315789473684,3.3
73,Blue Milk Co,Dairy,199,MarketLink GT (Indonesia),General Trade,SEA - Indonesia,60.0,63.3287500000000000,3.3
26,Prime Care,Personal Care,81,Local Trade Collective #2 (Tier 2/3),General Trade,India - Tier 2/3,59.5,62.8356666666666667,3.3
105,Silver Baby Essentials,Baby Care,69,DailyBasket (Tier 2/3),Grocery,India - Tier 2/3,58.7,61.9433333333333333,3.2
83,Fresh Treats,Confectionery,78,Bazaar Wholesale (Tier 2/3),General Trade,India - Tier 2/3,59.2,62.4378000000000000,3.2
16,Sunrise Water Co,Sparkling Water,189,DashKart (Indonesia),Quick Commerce,SEA - Indonesia,60.7,63.8825000000000000,3.2
104,Meadow Baby Co,Baby Care,141,Community Retail Co-op (Qatar),General Trade,Gulf - Qatar,58.4,61.6466666666666667,3.2
10,Silver Chips,Salty Snacks,122,Community Retail Co-op (Saudi),General Trade,Gulf - Saudi,59.1,62.3475000000000000,3.2
105,Silver Baby Essentials,Baby Care,86,Bazaar Wholesale #2 (Tier 2/3),General Trade,India - Tier 2/3,58.7,61.9433333333333333,3.2
9,Spring Crisps,Salty Snacks,104,HopMart (UAE),Quick Commerce,Gulf - UAE,59.5,62.7130681818181818,3.2
30,Cloud Essentials,Personal Care,155,ValueTrade GT (Malaysia),General Trade,SEA - Malaysia,58.3,61.4575000000000000,3.2
105,Silver Baby Essentials,Baby Care,89,Local Trade Collective #3 (Tier 2/3),General Trade,India - Tier 2/3,58.7,61.9433333333333333,3.2
59,Pure Shine,Home Care,52,NimbleMart (Metro),Quick Commerce,India - Metro,58.2,61.3740000000000000,3.2
29,Golden Essentials,Personal Care,56,QuickDash #2 (Metro),Quick Commerce,India - Metro,59.5,62.6680000000000000,3.2
83,Fresh Treats,Confectionery,82,ValueTrade GT #2 (Tier 2/3),General Trade,India - Tier 2/3,59.2,62.4378000000000000,3.2
54,Nomad Drinks,Beverages,86,Bazaar Wholesale #2 (Tier 2/3),General Trade,India - Tier 2/3,59.4,62.6366666666666667,3.2
71,Golden Farms,Dairy,165,PrimeGrocer (Philippines),Grocery,SEA - Philippines,58.2,61.3750000000000000,3.2
74,Sunrise Milk Co,Dairy,82,ValueTrade GT #2 (Tier 2/3),General Trade,India - Tier 2/3,59.4,62.6312000000000000,3.2
38,Urban Pantry,Packaged Foods,171,SwiftBasket (Philippines),Quick Commerce,SEA - Philippines,58.5,61.6500000000000000,3.2
5,Urban Crisps,Salty Snacks,140,Corner Store Network (Qatar),General Trade,Gulf - Qatar,57.8,60.9850000000000000,3.2
2,Bold Snacks,Salty Snacks,112,FreshMart (Saudi),Grocery,Gulf - Saudi,59.1,62.3475000000000000,3.2
108,Crunch Baby Co,Baby Care,65,FreshMart (Tier 2/3),Grocery,India - Tier 2/3,58.7,61.9433333333333333,3.2
48,Silver Beverages,Beverages,140,Corner Store Network (Qatar),General Trade,Gulf - Qatar,59.2,62.3838888888888889,3.2
104,Meadow Baby Co,Baby Care,193,Local Trade Collective (Indonesia),General Trade,SEA - Indonesia,56.5,59.7341666666666667,3.2
49,Meadow Beverages,Beverages,81,Local Trade Collective #2 (Tier 2/3),General Trade,India - Tier 2/3,59.4,62.6366666666666667,3.2
48,Silver Beverages,Beverages,134,DashKart (Qatar),Quick Commerce,Gulf - Qatar,59.2,62.3838888888888889,3.2
53,Cloud Sip,Beverages,137,Local Trade Collective (Qatar),General Trade,Gulf - Qatar,59.2,62.3838888888888889,3.2
51,Coastal Drinks,Beverages,6,SunriseMart,Grocery,North America,59.7,62.8907142857142857,3.2
77,Urban Creamery,Dairy,112,FreshMart (Saudi),Grocery,Gulf - Saudi,57.1,60.2775000000000000,3.2
98,Coastal Mornings,Breakfast & Cereal,66,MetroBazaar (Tier 2/3),Grocery,India - Tier 2/3,60.6,63.6752500000000000,3.1
98,Coastal Mornings,Breakfast & Cereal,79,MarketLink GT (Tier 2/3),General Trade,India - Tier 2/3,60.6,63.6752500000000000,3.1
87,Pure Sweets,Confectionery,3,GreenAisle,Grocery,North America,58.8,61.9236111111111111,3.1
14,Golden Bubbles,Sparkling Water,3,GreenAisle,Grocery,North America,60.0,63.0876190476190476,3.1
79,Coastal Candy Co,Confectionery,78,Bazaar Wholesale (Tier 2/3),General Trade,India - Tier 2/3,59.3,62.4378000000000000,3.1
71,Golden Farms,Dairy,166,DailyBasket (Philippines),Grocery,SEA - Philippines,58.3,61.3750000000000000,3.1
105,Silver Baby Essentials,Baby Care,187,QuickDash (Indonesia),Quick Commerce,SEA - Indonesia,56.6,59.7341666666666667,3.1
6,Coastal Bites,Salty Snacks,119,ValueTrade GT (Saudi),General Trade,Gulf - Saudi,59.2,62.3475000000000000,3.1
73,Blue Milk Co,Dairy,7,UrbanPantry,Grocery,North America,57.6,60.7394736842105263,3.1
34,Bold Kitchen,Packaged Foods,185,DailyBasket (Indonesia),Grocery,SEA - Indonesia,61.5,64.6200000000000000,3.1
81,Prime Candy Co,Confectionery,132,QuickDash (Qatar),Quick Commerce,Gulf - Qatar,57.8,60.9133333333333333,3.1
93,Urban Mornings,Breakfast & Cereal,107,Local Trade Collective (UAE),General Trade,Gulf - UAE,60.3,63.3928030303030303,3.1
39,Blue Kitchen,Packaged Foods,151,SwiftBasket (Malaysia),Quick Commerce,SEA - Malaysia,59.4,62.4881250000000000,3.1
53,Cloud Sip,Beverages,131,DailyBasket (Qatar),Grocery,Gulf - Qatar,59.3,62.3838888888888889,3.1
89,Nomad Mornings,Breakfast & Cereal,82,ValueTrade GT #2 (Tier 2/3),General Trade,India - Tier 2/3,60.6,63.6752500000000000,3.1
105,Silver Baby Essentials,Baby Care,189,DashKart (Indonesia),Quick Commerce,SEA - Indonesia,56.6,59.7341666666666667,3.1
91,Coastal Cereal Co,Breakfast & Cereal,112,FreshMart (Saudi),Grocery,Gulf - Saudi,56.3,59.3711111111111111,3.1
91,Coastal Cereal Co,Breakfast & Cereal,149,ZipCart (Malaysia),Quick Commerce,SEA - Malaysia,59.5,62.5915625000000000,3.1
29,Golden Essentials,Personal Care,60,Corner Store Network (Metro),General Trade,India - Metro,59.6,62.6680000000000000,3.1
75,Vivid Dairy,Dairy,84,Corner Store Network #2 (Tier 2/3),General Trade,India - Tier 2/3,59.5,62.6312000000000000,3.1
55,Vivid Sip,Beverages,63,MarketLink GT (Metro),General Trade,India - Metro,59.0,62.0715517241379310,3.1
100,Fresh Tiny Care,Baby Care,86,Bazaar Wholesale #2 (Tier 2/3),General Trade,India - Tier 2/3,58.8,61.9433333333333333,3.1
83,Fresh Treats,Confectionery,72,ValueGrocer (Tier 2/3),Grocery,India - Tier 2/3,59.3,62.4378000000000000,3.1
96,Meadow Breakfast Co,Breakfast & Cereal,87,MarketLink GT #2 (Tier 2/3),General Trade,India - Tier 2/3,60.6,63.6752500000000000,3.1
30,Cloud Essentials,Personal Care,156,Neighborhood Wholesale (Malaysia),General Trade,SEA - Malaysia,58.4,61.4575000000000000,3.1
13,Urban Bubbles,Sparkling Water,155,ValueTrade GT (Malaysia),General Trade,SEA - Malaysia,58.5,61.5825000000000000,3.1
54,Nomad Drinks,Beverages,66,MetroBazaar (Tier 2/3),Grocery,India - Tier 2/3,59.5,62.6366666666666667,3.1
107,Spring Tiny Care,Baby Care,186,SunriseMart (Indonesia),Grocery,SEA - Indonesia,56.6,59.7341666666666667,3.1
49,Meadow Beverages,Beverages,83,Neighborhood Wholesale #2 (Tier 2/3),General Trade,India - Tier 2/3,59.6,62.6366666666666667,3.0
46,Fresh Refresh,Beverages,6,SunriseMart,Grocery,North America,59.9,62.8907142857142857,3.0
48,Silver Beverages,Beverages,138,ValueTrade GT (Qatar),General Trade,Gulf - Qatar,59.4,62.3838888888888889,3.0
46,Fresh Refresh,Beverages,112,FreshMart (Saudi),Grocery,Gulf - Saudi,59.5,62.5236666666666667,3.0
65,Urban Clean,Home Care,17,MegaValue Club,Club,North America,58.5,61.5100694444444444,3.0
1,True Snacks,Salty Snacks,76,Corner Store Network (Tier 2/3),General Trade,India - Tier 2/3,60.0,63.0406666666666667,3.0
22,Crunch Fizz,Sparkling Water,125,Sundry Traders Network (Saudi),General Trade,Gulf - Saudi,60.1,63.0650000000000000,3.0
1,True Snacks,Salty Snacks,81,Local Trade Collective #2 (Tier 2/3),General Trade,India - Tier 2/3,60.0,63.0406666666666667,3.0
80,Nomad Candy Co,Confectionery,26,CornerFuel Mart,C-Store,North America,58.9,61.9236111111111111,3.0
44,Spring Pantry,Packaged Foods,89,Local Trade Collective #3 (Tier 2/3),General Trade,India - Tier 2/3,58.9,61.8906000000000000,3.0
110,Meadow Tiny Care,Baby Care,39,PrimeGrocer (Metro),Grocery,India - Metro,60.2,63.2150000000000000,3.0
58,Coastal Clean,Home Care,195,Neighborhood Wholesale (Indonesia),General Trade,SEA - Indonesia,60.7,63.7145833333333333,3.0
110,Meadow Tiny Care,Baby Care,8,ValueGrocer,Grocery,North America,60.0,63.0250000000000000,3.0
67,Golden Milk Co,Dairy,198,Bazaar Wholesale (Indonesia),General Trade,SEA - Indonesia,60.3,63.3287500000000000,3.0
15,Blue Springs,Sparkling Water,125,Sundry Traders Network (Saudi),General Trade,Gulf - Saudi,60.1,63.0650000000000000,3.0
82,Meadow Treats,Confectionery,35,GoStop #3,C-Store,North America,58.9,61.9236111111111111,3.0
91,Coastal Cereal Co,Breakfast & Cereal,150,DashKart (Malaysia),Quick Commerce,SEA - Malaysia,59.6,62.5915625000000000,3.0
93,Urban Mornings,Breakfast & Cereal,95,SunriseMart (UAE),Grocery,Gulf - UAE,60.4,63.3928030303030303,3.0
3,Prime Snacks,Salty Snacks,126,Local Trade Collective #2 (Saudi),General Trade,Gulf - Saudi,59.3,62.3475000000000000,3.0
95,Cloud Mornings,Breakfast & Cereal,124,MarketLink GT (Saudi),General Trade,Gulf - Saudi,56.4,59.3711111111111111,3.0
29,Golden Essentials,Personal Care,41,SunriseMart (Metro),Grocery,India - Metro,59.7,62.6680000000000000,3.0
43,Coastal Table,Packaged Foods,57,Local Trade Collective (Metro),General Trade,India - Metro,59.3,62.2600000000000000,3.0
109,Silver Little Ones,Baby Care,137,Local Trade Collective (Qatar),General Trade,Gulf - Qatar,58.6,61.6466666666666667,3.0
109,Silver Little Ones,Baby Care,132,QuickDash (Qatar),Quick Commerce,Gulf - Qatar,58.6,61.6466666666666667,3.0
24,Spring Care,Personal Care,94,DailyBasket (UAE),Grocery,Gulf - UAE,60.1,63.1394736842105263,3.0
71,Golden Farms,Dairy,180,Sundry Traders Network (Philippines),General Trade,SEA - Philippines,58.4,61.3750000000000000,3.0
56,Golden Shine,Home Care,73,Local Trade Collective (Tier 2/3),General Trade,India - Tier 2/3,59.9,62.8800000000000000,3.0
86,True Candy Co,Confectionery,179,MarketLink GT (Philippines),General Trade,SEA - Philippines,60.0,63.0394736842105263,3.0
99,Fresh Cereal Co,Breakfast & Cereal,105,FlashCart (UAE),Quick Commerce,Gulf - UAE,60.4,63.3928030303030303,3.0
89,Nomad Mornings,Breakfast & Cereal,17,MegaValue Club,Club,North America,60.1,63.0944444444444444,3.0
58,Coastal Clean,Home Care,95,SunriseMart (UAE),Grocery,Gulf - UAE,58.4,61.4090909090909091,3.0
18,Royal Fizz,Sparkling Water,113,MetroBazaar (Saudi),Grocery,Gulf - Saudi,60.1,63.0650000000000000,3.0
33,Cloud Glow,Personal Care,122,Community Retail Co-op (Saudi),General Trade,Gulf - Saudi,56.9,59.8583333333333333,3.0
70,Vivid Milk Co,Dairy,80,Sundry Traders Network (Tier 2/3),General Trade,India - Tier 2/3,59.7,62.6312000000000000,2.9
76,Royal Farms,Dairy,23,GreenLeaf Naturals #2,Natural,North America,57.8,60.7394736842105263,2.9
43,Coastal Table,Packaged Foods,36,FreshMart (Metro),Grocery,India - Metro,59.4,62.2600000000000000,2.9
108,Crunch Baby Co,Baby Care,87,MarketLink GT #2 (Tier 2/3),General Trade,India - Tier 2/3,59.0,61.9433333333333333,2.9
93,Urban Mornings,Breakfast & Cereal,163,MetroBazaar (Philippines),Grocery,SEA - Philippines,59.1,62.0381578947368421,2.9
23,Golden Skin,Personal Care,37,MetroBazaar (Metro),Grocery,India - Metro,59.8,62.6680000000000000,2.9
50,Crunch Drinks,Beverages,171,SwiftBasket (Philippines),Quick Commerce,SEA - Philippines,61.6,64.5381578947368421,2.9
19,Fresh Fizz,Sparkling Water,25,QuickStop,C-Store,North America,60.2,63.0876190476190476,2.9
62,Royal Household,Home Care,126,Local Trade Collective #2 (Saudi),General Trade,Gulf - Saudi,60.3,63.1858333333333333,2.9
73,Blue Milk Co,Dairy,182,MetroBazaar (Indonesia),Grocery,SEA - Indonesia,60.4,63.3287500000000000,2.9
44,Spring Pantry,Packaged Foods,111,Community Retail Co-op (UAE),General Trade,Gulf - UAE,60.1,63.0119318181818182,2.9
107,Spring Tiny Care,Baby Care,188,ZipCart (Indonesia),Quick Commerce,SEA - Indonesia,56.8,59.7341666666666667,2.9
73,Blue Milk Co,Dairy,20,PureRoots Market,Natural,North America,57.8,60.7394736842105263,2.9
88,Pure Treats,Confectionery,96,UrbanPantry (UAE),Grocery,Gulf - UAE,59.0,61.9394736842105263,2.9
58,Coastal Clean,Home Care,181,FreshMart (Indonesia),Grocery,SEA - Indonesia,60.8,63.7145833333333333,2.9
13,Urban Bubbles,Sparkling Water,146,DailyBasket (Malaysia),Grocery,SEA - Malaysia,58.7,61.5825000000000000,2.9
13,Urban Bubbles,Sparkling Water,154,Local Trade Collective (Malaysia),General Trade,SEA - Malaysia,58.7,61.5825000000000000,2.9
12,True Water Co,Sparkling Water,44,GoStop (Metro),C-Store,India - Metro,59.1,61.9855603448275862,2.9
35,Silver Table,Packaged Foods,19,GreenLeaf Naturals,Natural,North America,59.6,62.4755208333333333,2.9
46,Fresh Refresh,Beverages,11,FreshMart #2,Grocery,North America,60.0,62.8907142857142857,2.9
79,Coastal Candy Co,Confectionery,85,Community Retail Co-op #2 (Tier 2/3),General Trade,India - Tier 2/3,59.5,62.4378000000000000,2.9
18,Royal Fizz,Sparkling Water,23,GreenLeaf Naturals #2,Natural,North America,60.2,63.0876190476190476,2.9
23,Golden Skin,Personal Care,55,DartMart (Metro),Quick Commerce,India - Metro,59.8,62.6680000000000000,2.9
54,Nomad Drinks,Beverages,114,GreenAisle (Saudi),Grocery,Gulf - Saudi,59.6,62.5236666666666667,2.9
24,Spring Care,Personal Care,132,QuickDash (Qatar),Quick Commerce,Gulf - Qatar,58.7,61.5616666666666667,2.9
8,Meadow Crisps,Salty Snacks,83,Neighborhood Wholesale #2 (Tier 2/3),General Trade,India - Tier 2/3,60.1,63.0406666666666667,2.9
79,Coastal Candy Co,Confectionery,74,ValueTrade GT (Tier 2/3),General Trade,India - Tier 2/3,59.5,62.4378000000000000,2.9
40,Meadow Pantry,Packaged Foods,101,ZipCart (UAE),Quick Commerce,Gulf - UAE,60.1,63.0119318181818182,2.9
62,Royal Household,Home Care,112,FreshMart (Saudi),Grocery,Gulf - Saudi,60.3,63.1858333333333333,2.9
38,Urban Pantry,Packaged Foods,178,Bazaar Wholesale (Philippines),General Trade,SEA - Philippines,58.8,61.6500000000000000,2.9
5,Urban Crisps,Salty Snacks,127,FreshMart (Qatar),Grocery,Gulf - Qatar,58.1,60.9850000000000000,2.9
62,Royal Household,Home Care,126,Local Trade Collective #2 (Saudi),General Trade,Gulf - Saudi,60.3,63.1858333333333333,2.9
13,Urban Bubbles,Sparkling Water,150,DashKart (Malaysia),Quick Commerce,SEA - Malaysia,58.7,61.5825000000000000,2.9
43,Coastal Table,Packaged Foods,58,ValueTrade GT (Metro),General Trade,India - Metro,59.5,62.2600000000000000,2.8
32,Cloud Skin,Personal Care,67,GreenAisle (Tier 2/3),Grocery,India - Tier 2/3,60.0,62.8356666666666667,2.8
109,Silver Little Ones,Baby Care,2,MetroBazaar,Grocery,North America,60.2,63.0250000000000000,2.8
89,Nomad Mornings,Breakfast & Cereal,89,Local Trade Collective #3 (Tier 2/3),General Trade,India - Tier 2/3,60.9,63.6752500000000000,2.8
102,Coastal Little Ones,Baby Care,77,Community Retail Co-op (Tier 2/3),General Trade,India - Tier 2/3,59.1,61.9433333333333333,2.8
2,Bold Snacks,Salty Snacks,64,Sundry Traders Network (Metro),General Trade,India - Metro,56.6,59.4456896551724138,2.8
83,Fresh Treats,Confectionery,77,Community Retail Co-op (Tier 2/3),General Trade,India - Tier 2/3,59.6,62.4378000000000000,2.8
3,Prime Snacks,Salty Snacks,29,QuickStop #2,C-Store,North America,58.6,61.3621428571428571,2.8
107,Spring Tiny Care,Baby Care,200,Sundry Traders Network (Indonesia),General Trade,SEA - Indonesia,56.9,59.7341666666666667,2.8
63,Silver Household,Home Care,2,MetroBazaar,Grocery,North America,58.7,61.5100694444444444,2.8
44,Spring Pantry,Packaged Foods,86,Bazaar Wholesale #2 (Tier 2/3),General Trade,India - Tier 2/3,59.1,61.8906000000000000,2.8
94,Crunch Cereal Co,Breakfast & Cereal,183,GreenAisle (Indonesia),Grocery,SEA - Indonesia,58.6,61.4287500000000000,2.8
56,Golden Shine,Home Care,72,ValueGrocer (Tier 2/3),Grocery,India - Tier 2/3,60.1,62.8800000000000000,2.8
11,Silver Snacks,Salty Snacks,88,Sundry Traders Network #2 (Tier 2/3),General Trade,India - Tier 2/3,60.2,63.0406666666666667,2.8
64,Blue Shine,Home Care,6,SunriseMart,Grocery,North America,58.7,61.5100694444444444,2.8
20,Heritage Springs,Sparkling Water,41,SunriseMart (Metro),Grocery,India - Metro,59.2,61.9855603448275862,2.8
73,Blue Milk Co,Dairy,198,Bazaar Wholesale (Indonesia),General Trade,SEA - Indonesia,60.5,63.3287500000000000,2.8
28,Spring Skin,Personal Care,13,GreenAisle #2,Grocery,North America,60.4,63.2026315789473684,2.8
62,Royal Household,Home Care,10,HomeFresh,Grocery,North America,58.7,61.5100694444444444,2.8
59,Pure Shine,Home Care,46,QuickDash (Metro),Quick Commerce,India - Metro,58.6,61.3740000000000000,2.8
61,Crunch Household,Home Care,55,DartMart (Metro),Quick Commerce,India - Metro,58.6,61.3740000000000000,2.8
108,Crunch Baby Co,Baby Care,69,DailyBasket (Tier 2/3),Grocery,India - Tier 2/3,59.1,61.9433333333333333,2.8
64,Blue Shine,Home Care,8,ValueGrocer,Grocery,North America,58.7,61.5100694444444444,2.8
18,Royal Fizz,Sparkling Water,17,MegaValue Club,Club,North America,60.3,63.0876190476190476,2.8
6,Coastal Bites,Salty Snacks,17,MegaValue Club,Club,North America,58.6,61.3621428571428571,2.8
31,Everyday Glow,Personal Care,118,Local Trade Collective (Saudi),General Trade,Gulf - Saudi,57.2,59.8583333333333333,2.7
47,Sunrise Refresh,Beverages,69,DailyBasket (Tier 2/3),Grocery,India - Tier 2/3,59.9,62.6366666666666667,2.7
23,Golden Skin,Personal Care,61,Community Retail Co-op (Metro),General Trade,India - Metro,60.0,62.6680000000000000,2.7
68,Cloud Dairy,Dairy,183,GreenAisle (Indonesia),Grocery,SEA - Indonesia,60.6,63.3287500000000000,2.7
21,Golden Fizz,Sparkling Water,61,Community Retail Co-op (Metro),General Trade,India - Metro,59.3,61.9855603448275862,2.7
69,Everyday Milk Co,Dairy,146,DailyBasket (Malaysia),Grocery,SEA - Malaysia,61.9,64.5987500000000000,2.7
61,Crunch Household,Home Care,38,GreenAisle (Metro),Grocery,India - Metro,58.7,61.3740000000000000,2.7
21,Golden Fizz,Sparkling Water,44,GoStop (Metro),C-Store,India - Metro,59.3,61.9855603448275862,2.7
21,Golden Fizz,Sparkling Water,57,Local Trade Collective (Metro),General Trade,India - Metro,59.3,61.9855603448275862,2.7
71,Golden Farms,Dairy,3,GreenAisle,Grocery,North America,58.0,60.7394736842105263,2.7
89,Nomad Mornings,Breakfast & Cereal,2,MetroBazaar,Grocery,North America,60.4,63.0944444444444444,2.7
57,Cloud Shine,Home Care,87,MarketLink GT #2 (Tier 2/3),General Trade,India - Tier 2/3,60.2,62.8800000000000000,2.7
73,Blue Milk Co,Dairy,184,PrimeGrocer (Indonesia),Grocery,SEA - Indonesia,60.6,63.3287500000000000,2.7
35,Silver Table,Packaged Foods,74,ValueTrade GT (Tier 2/3),General Trade,India - Tier 2/3,59.2,61.8906000000000000,2.7
87,Pure Sweets,Confectionery,25,QuickStop,C-Store,North America,59.2,61.9236111111111111,2.7
36,Cloud Table,Packaged Foods,78,Bazaar Wholesale (Tier 2/3),General Trade,India - Tier 2/3,59.2,61.8906000000000000,2.7
36,Cloud Table,Packaged Foods,132,QuickDash (Qatar),Quick Commerce,Gulf - Qatar,64.0,66.6983333333333333,2.7
107,Spring Tiny Care,Baby Care,198,Bazaar Wholesale (Indonesia),General Trade,SEA - Indonesia,57.0,59.7341666666666667,2.7
18,Royal Fizz,Sparkling Water,16,WareClub,Club,North America,60.4,63.0876190476190476,2.7
99,Fresh Cereal Co,Breakfast & Cereal,100,QuickDash (UAE),Quick Commerce,Gulf - UAE,60.7,63.3928030303030303,2.7
85,Heritage Treats,Confectionery,82,ValueTrade GT #2 (Tier 2/3),General Trade,India - Tier 2/3,59.7,62.4378000000000000,2.7
38,Urban Pantry,Packaged Foods,121,Corner Store Network (Saudi),General Trade,Gulf - Saudi,58.3,61.0458333333333333,2.7
40,Meadow Pantry,Packaged Foods,95,SunriseMart (UAE),Grocery,Gulf - UAE,60.3,63.0119318181818182,2.7
41,Royal Kitchen,Packaged Foods,2,MetroBazaar,Grocery,North America,59.8,62.4755208333333333,2.7
42,Urban Kitchen,Packaged Foods,163,MetroBazaar (Philippines),Grocery,SEA - Philippines,59.0,61.6500000000000000,2.7
17,Nomad Bubbles,Sparkling Water,51,FlashCart (Metro),Quick Commerce,India - Metro,59.3,61.9855603448275862,2.7
94,Crunch Cereal Co,Breakfast & Cereal,65,FreshMart (Tier 2/3),Grocery,India - Tier 2/3,61.0,63.6752500000000000,2.7
24,Spring Care,Personal Care,93,PrimeGrocer (UAE),Grocery,Gulf - UAE,60.4,63.1394736842105263,2.7
51,Coastal Drinks,Beverages,25,QuickStop,C-Store,North America,60.2,62.8907142857142857,2.7
50,Crunch Drinks,Beverages,195,Neighborhood Wholesale (Indonesia),General Trade,SEA - Indonesia,58.0,60.6750000000000000,2.7
50,Crunch Drinks,Beverages,188,ZipCart (Indonesia),Quick Commerce,SEA - Indonesia,58.0,60.6750000000000000,2.7
44,Spring Pantry,Packaged Foods,94,DailyBasket (UAE),Grocery,Gulf - UAE,60.3,63.0119318181818182,2.7
45,Pure Drinks,Beverages,116,DailyBasket (Saudi),Grocery,Gulf - Saudi,59.8,62.5236666666666667,2.7
12,True Water Co,Sparkling Water,86,Bazaar Wholesale #2 (Tier 2/3),General Trade,India - Tier 2/3,60.7,63.3680000000000000,2.7
12,True Water Co,Sparkling Water,81,Local Trade Collective #2 (Tier 2/3),General Trade,India - Tier 2/3,60.7,63.3680000000000000,2.7
46,Fresh Refresh,Beverages,11,FreshMart #2,Grocery,North America,60.2,62.8907142857142857,2.7
13,Urban Bubbles,Sparkling Water,180,Sundry Traders Network (Philippines),General Trade,SEA - Philippines,62.0,64.6703947368421053,2.7
93,Urban Mornings,Breakfast & Cereal,103,SwiftBasket (UAE),Quick Commerce,Gulf - UAE,60.8,63.3928030303030303,2.6
81,Prime Candy Co,Confectionery,141,Community Retail Co-op (Qatar),General Trade,Gulf - Qatar,58.3,60.9133333333333333,2.6
73,Blue Milk Co,Dairy,186,SunriseMart (Indonesia),Grocery,SEA - Indonesia,60.7,63.3287500000000000,2.6
25,Royal Skin,Personal Care,147,SunriseMart (Malaysia),Grocery,SEA - Malaysia,58.9,61.4575000000000000,2.6
12,True Water Co,Sparkling Water,77,Community Retail Co-op (Tier 2/3),General Trade,India - Tier 2/3,60.8,63.3680000000000000,2.6
13,Urban Bubbles,Sparkling Water,150,DashKart (Malaysia),Quick Commerce,SEA - Malaysia,59.0,61.5825000000000000,2.6
13,Urban Bubbles,Sparkling Water,167,SunriseMart (Philippines),Grocery,SEA - Philippines,62.1,64.6703947368421053,2.6
76,Royal Farms,Dairy,69,DailyBasket (Tier 2/3),Grocery,India - Tier 2/3,60.0,62.6312000000000000,2.6
90,Prime Grains,Breakfast & Cereal,153,FlashCart (Malaysia),Quick Commerce,SEA - Malaysia,60.0,62.5915625000000000,2.6
65,Urban Clean,Home Care,6,SunriseMart,Grocery,North America,58.9,61.5100694444444444,2.6
44,Spring Pantry,Packaged Foods,102,DashKart (UAE),Quick Commerce,Gulf - UAE,60.4,63.0119318181818182,2.6
93,Urban Mornings,Breakfast & Cereal,111,Community Retail Co-op (UAE),General Trade,Gulf - UAE,60.8,63.3928030303030303,2.6
87,Pure Sweets,Confectionery,26,CornerFuel Mart,C-Store,North America,59.3,61.9236111111111111,2.6
35,Silver Table,Packaged Foods,73,Local Trade Collective (Tier 2/3),General Trade,India - Tier 2/3,59.3,61.8906000000000000,2.6
3,Prime Snacks,Salty Snacks,27,GoStop,C-Store,North America,58.8,61.3621428571428571,2.6
11,Silver Snacks,Salty Snacks,19,GreenLeaf Naturals,Natural,North America,58.8,61.3621428571428571,2.6
58,Coastal Clean,Home Care,99,WareClub (UAE),Club,Gulf - UAE,58.8,61.4090909090909091,2.6
22,Crunch Fizz,Sparkling Water,111,Community Retail Co-op (UAE),General Trade,Gulf - UAE,60.4,62.9568181818181818,2.6
98,Coastal Mornings,Breakfast & Cereal,121,Corner Store Network (Saudi),General Trade,Gulf - Saudi,56.8,59.3711111111111111,2.6
44,Spring Pantry,Packaged Foods,83,Neighborhood Wholesale #2 (Tier 2/3),General Trade,India - Tier 2/3,59.3,61.8906000000000000,2.6
7,Urban Bites,Salty Snacks,104,HopMart (UAE),Quick Commerce,Gulf - UAE,60.1,62.7130681818181818,2.6
35,Silver Table,Packaged Foods,84,Corner Store Network #2 (Tier 2/3),General Trade,India - Tier 2/3,59.4,61.8906000000000000,2.5
20,Heritage Springs,Sparkling Water,54,GoCart Express (Metro),Quick Commerce,India - Metro,59.5,61.9855603448275862,2.5
14,Golden Bubbles,Sparkling Water,7,UrbanPantry,Grocery,North America,60.6,63.0876190476190476,2.5
56,Golden Shine,Home Care,74,ValueTrade GT (Tier 2/3),General Trade,India - Tier 2/3,60.4,62.8800000000000000,2.5
30,Cloud Essentials,Personal Care,12,MetroBazaar #2,Grocery,North America,60.7,63.2026315789473684,2.5
110,Meadow Tiny Care,Baby Care,39,PrimeGrocer (Metro),Grocery,India - Metro,60.7,63.2150000000000000,2.5
56,Golden Shine,Home Care,78,Bazaar Wholesale (Tier 2/3),General Trade,India - Tier 2/3,60.4,62.8800000000000000,2.5
66,Golden Household,Home Care,85,Community Retail Co-op #2 (Tier 2/3),General Trade,India - Tier 2/3,60.4,62.8800000000000000,2.5
60,True Shine,Home Care,102,DashKart (UAE),Quick Commerce,Gulf - UAE,58.9,61.4090909090909091,2.5
89,Nomad Mornings,Breakfast & Cereal,7,UrbanPantry,Grocery,North America,60.6,63.0944444444444444,2.5
21,Golden Fizz,Sparkling Water,40,DailyBasket (Metro),Grocery,India - Metro,59.5,61.9855603448275862,2.5
82,Meadow Treats,Confectionery,8,ValueGrocer,Grocery,North America,59.4,61.9236111111111111,2.5
16,Sunrise Water Co,Sparkling Water,200,Sundry Traders Network (Indonesia),General Trade,SEA - Indonesia,61.4,63.8825000000000000,2.5
54,Nomad Drinks,Beverages,71,UrbanPantry (Tier 2/3),Grocery,India - Tier 2/3,60.1,62.6366666666666667,2.5
71,Golden Farms,Dairy,179,MarketLink GT (Philippines),General Trade,SEA - Philippines,58.9,61.3750000000000000,2.5
72,Nomad Milk Co,Dairy,73,Local Trade Collective (Tier 2/3),General Trade,India - Tier 2/3,60.1,62.6312000000000000,2.5
42,Urban Kitchen,Packaged Foods,74,ValueTrade GT (Tier 2/3),General Trade,India - Tier 2/3,59.4,61.8906000000000000,2.5
81,Prime Candy Co,Confectionery,130,PrimeGrocer (Qatar),Grocery,Gulf - Qatar,58.4,60.9133333333333333,2.5
47,Sunrise Refresh,Beverages,122,Community Retail Co-op (Saudi),General Trade,Gulf - Saudi,60.0,62.5236666666666667,2.5
12,True Water Co,Sparkling Water,53,RapidBasket (Metro),Quick Commerce,India - Metro,59.5,61.9855603448275862,2.5
70,Vivid Milk Co,Dairy,113,MetroBazaar (Saudi),Grocery,Gulf - Saudi,57.8,60.2775000000000000,2.5
77,Urban Creamery,Dairy,128,MetroBazaar (Qatar),Grocery,Gulf - Qatar,63.7,66.1566666666666667,2.5
71,Golden Farms,Dairy,173,Local Trade Collective (Philippines),General Trade,SEA - Philippines,58.9,61.3750000000000000,2.5
104,Meadow Baby Co,Baby Care,188,ZipCart (Indonesia),Quick Commerce,SEA - Indonesia,57.2,59.7341666666666667,2.5
74,Sunrise Milk Co,Dairy,72,ValueGrocer (Tier 2/3),Grocery,India - Tier 2/3,60.1,62.6312000000000000,2.5
41,Royal Kitchen,Packaged Foods,21,EarthAisle,Natural,North America,60.0,62.4755208333333333,2.5
14,Golden Bubbles,Sparkling Water,29,QuickStop #2,C-Store,North America,60.6,63.0876190476190476,2.5
48,Silver Beverages,Beverages,128,MetroBazaar (Qatar),Grocery,Gulf - Qatar,60.0,62.3838888888888889,2.4
30,Cloud Essentials,Personal Care,7,UrbanPantry,Grocery,North America,60.8,63.2026315789473684,2.4
76,Royal Farms,Dairy,75,Neighborhood Wholesale (Tier 2/3),General Trade,India - Tier 2/3,60.2,62.6312000000000000,2.4
29,Golden Essentials,Personal Care,40,DailyBasket (Metro),Grocery,India - Metro,60.3,62.6680000000000000,2.4
99,Fresh Cereal Co,Breakfast & Cereal,160,MarketLink GT (Malaysia),General Trade,SEA - Malaysia,60.2,62.5915625000000000,2.4
45,Pure Drinks,Beverages,119,ValueTrade GT (Saudi),General Trade,Gulf - Saudi,60.1,62.5236666666666667,2.4
19,Fresh Fizz,Sparkling Water,84,Corner Store Network #2 (Tier 2/3),General Trade,India - Tier 2/3,61.0,63.3680000000000000,2.4
23,Golden Skin,Personal Care,36,FreshMart (Metro),Grocery,India - Metro,60.3,62.6680000000000000,2.4
75,Vivid Dairy,Dairy,66,MetroBazaar (Tier 2/3),Grocery,India - Tier 2/3,60.2,62.6312000000000000,2.4
12,True Water Co,Sparkling Water,89,Local Trade Collective #3 (Tier 2/3),General Trade,India - Tier 2/3,61.0,63.3680000000000000,2.4
82,Meadow Treats,Confectionery,1,FreshMart,Grocery,North America,59.5,61.9236111111111111,2.4
16,Sunrise Water Co,Sparkling Water,186,SunriseMart (Indonesia),Grocery,SEA - Indonesia,61.5,63.8825000000000000,2.4
88,Pure Treats,Confectionery,93,PrimeGrocer (UAE),Grocery,Gulf - UAE,59.5,61.9394736842105263,2.4
94,Crunch Cereal Co,Breakfast & Cereal,195,Neighborhood Wholesale (Indonesia),General Trade,SEA - Indonesia,59.0,61.4287500000000000,2.4
24,Spring Care,Personal Care,101,ZipCart (UAE),Quick Commerce,Gulf - UAE,60.7,63.1394736842105263,2.4
16,Sunrise Water Co,Sparkling Water,184,PrimeGrocer (Indonesia),Grocery,SEA - Indonesia,61.5,63.8825000000000000,2.4
102,Coastal Little Ones,Baby Care,76,Corner Store Network (Tier 2/3),General Trade,India - Tier 2/3,59.5,61.9433333333333333,2.4
33,Cloud Glow,Personal Care,80,Sundry Traders Network (Tier 2/3),General Trade,India - Tier 2/3,60.4,62.8356666666666667,2.4
108,Crunch Baby Co,Baby Care,115,PrimeGrocer (Saudi),Grocery,Gulf - Saudi,62.2,64.5725000000000000,2.4
99,Fresh Cereal Co,Breakfast & Cereal,96,UrbanPantry (UAE),Grocery,Gulf - UAE,61.0,63.3928030303030303,2.4
34,Bold Kitchen,Packaged Foods,157,Corner Store Network (Malaysia),General Trade,SEA - Malaysia,60.1,62.4881250000000000,2.4
14,Golden Bubbles,Sparkling Water,8,ValueGrocer,Grocery,North America,60.7,63.0876190476190476,2.4
70,Vivid Milk Co,Dairy,81,Local Trade Collective #2 (Tier 2/3),General Trade,India - Tier 2/3,60.2,62.6312000000000000,2.4
88,Pure Treats,Confectionery,194,ValueTrade GT (Indonesia),General Trade,SEA - Indonesia,59.5,61.8512500000000000,2.4
23,Golden Skin,Personal Care,62,Bazaar Wholesale (Metro),General Trade,India - Metro,60.3,62.6680000000000000,2.4
60,True Shine,Home Care,94,DailyBasket (UAE),Grocery,Gulf - UAE,59.0,61.4090909090909091,2.4
57,Cloud Shine,Home Care,89,Local Trade Collective #3 (Tier 2/3),General Trade,India - Tier 2/3,60.5,62.8800000000000000,2.4
59,Pure Shine,Home Care,92,GreenAisle (UAE),Grocery,Gulf - UAE,59.0,61.4090909090909091,2.4
64,Blue Shine,Home Care,185,DailyBasket (Indonesia),Grocery,SEA - Indonesia,61.3,63.7145833333333333,2.4
85,Heritage Treats,Confectionery,71,UrbanPantry (Tier 2/3),Grocery,India - Tier 2/3,60.0,62.4378000000000000,2.4
57,Cloud Shine,Home Care,83,Neighborhood Wholesale #2 (Tier 2/3),General Trade,India - Tier 2/3,60.5,62.8800000000000000,2.4
1,True Snacks,Salty Snacks,78,Bazaar Wholesale (Tier 2/3),General Trade,India - Tier 2/3,60.6,63.0406666666666667,2.4
16,Sunrise Water Co,Sparkling Water,187,QuickDash (Indonesia),Quick Commerce,SEA - Indonesia,61.6,63.8825000000000000,2.3
53,Cloud Sip,Beverages,121,Corner Store Network (Saudi),General Trade,Gulf - Saudi,60.2,62.5236666666666667,2.3
105,Silver Baby Essentials,Baby Care,182,MetroBazaar (Indonesia),Grocery,SEA - Indonesia,57.4,59.7341666666666667,2.3
11,Silver Snacks,Salty Snacks,69,DailyBasket (Tier 2/3),Grocery,India - Tier 2/3,60.7,63.0406666666666667,2.3
80,Nomad Candy Co,Confectionery,84,Corner Store Network #2 (Tier 2/3),General Trade,India - Tier 2/3,60.1,62.4378000000000000,2.3
57,Cloud Shine,Home Care,73,Local Trade Collective (Tier 2/3),General Trade,India - Tier 2/3,60.6,62.8800000000000000,2.3
43,Coastal Table,Packaged Foods,82,ValueTrade GT #2 (Tier 2/3),General Trade,India - Tier 2/3,59.6,61.8906000000000000,2.3
103,Coastal Baby Essentials,Baby Care,67,GreenAisle (Tier 2/3),Grocery,India - Tier 2/3,59.6,61.9433333333333333,2.3
69,Everyday Milk Co,Dairy,143,MetroBazaar (Malaysia),Grocery,SEA - Malaysia,62.3,64.5987500000000000,2.3
49,Meadow Beverages,Beverages,88,Sundry Traders Network #2 (Tier 2/3),General Trade,India - Tier 2/3,60.3,62.6366666666666667,2.3
98,Coastal Mornings,Breakfast & Cereal,81,Local Trade Collective #2 (Tier 2/3),General Trade,India - Tier 2/3,61.4,63.6752500000000000,2.3
50,Crunch Drinks,Beverages,175,Neighborhood Wholesale (Philippines),General Trade,SEA - Philippines,62.2,64.5381578947368421,2.3
108,Crunch Baby Co,Baby Care,113,MetroBazaar (Saudi),Grocery,Gulf - Saudi,62.3,64.5725000000000000,2.3
88,Pure Treats,Confectionery,95,SunriseMart (UAE),Grocery,Gulf - UAE,59.6,61.9394736842105263,2.3
91,Coastal Cereal Co,Breakfast & Cereal,155,ValueTrade GT (Malaysia),General Trade,SEA - Malaysia,60.3,62.5915625000000000,2.3
66,Golden Household,Home Care,85,Community Retail Co-op #2 (Tier 2/3),General Trade,India - Tier 2/3,60.6,62.8800000000000000,2.3
34,Bold Kitchen,Packaged Foods,148,QuickDash (Malaysia),Quick Commerce,SEA - Malaysia,60.2,62.4881250000000000,2.3
78,Prime Confections,Confectionery,36,FreshMart (Metro),Grocery,India - Metro,60.4,62.6568965517241379,2.3
75,Vivid Dairy,Dairy,71,UrbanPantry (Tier 2/3),Grocery,India - Tier 2/3,60.3,62.6312000000000000,2.3
102,Coastal Little Ones,Baby Care,70,SunriseMart (Tier 2/3),Grocery,India - Tier 2/3,59.6,61.9433333333333333,2.3
75,Vivid Dairy,Dairy,89,Local Trade Collective #3 (Tier 2/3),General Trade,India - Tier 2/3,60.3,62.6312000000000000,2.3
54,Nomad Drinks,Beverages,67,GreenAisle (Tier 2/3),Grocery,India - Tier 2/3,60.3,62.6366666666666667,2.3
79,Coastal Candy Co,Confectionery,84,Corner Store Network #2 (Tier 2/3),General Trade,India - Tier 2/3,60.1,62.4378000000000000,2.3
50,Crunch Drinks,Beverages,200,Sundry Traders Network (Indonesia),General Trade,SEA - Indonesia,58.4,60.6750000000000000,2.3
48,Silver Beverages,Beverages,133,ZipCart (Qatar),Quick Commerce,Gulf - Qatar,60.1,62.3838888888888889,2.3
19,Fresh Fizz,Sparkling Water,73,Local Trade Collective (Tier 2/3),General Trade,India - Tier 2/3,61.1,63.3680000000000000,2.3
78,Prime Confections,Confectionery,181,FreshMart (Indonesia),Grocery,SEA - Indonesia,59.6,61.8512500000000000,2.3
54,Nomad Drinks,Beverages,116,DailyBasket (Saudi),Grocery,Gulf - Saudi,60.2,62.5236666666666667,2.3
105,Silver Baby Essentials,Baby Care,200,Sundry Traders Network (Indonesia),General Trade,SEA - Indonesia,57.4,59.7341666666666667,2.3
70,Vivid Milk Co,Dairy,65,FreshMart (Tier 2/3),Grocery,India - Tier 2/3,60.3,62.6312000000000000,2.3
16,Sunrise Water Co,Sparkling Water,163,MetroBazaar (Philippines),Grocery,SEA - Philippines,62.4,64.6703947368421053,2.3
70,Vivid Milk Co,Dairy,81,Local Trade Collective #2 (Tier 2/3),General Trade,India - Tier 2/3,60.3,62.6312000000000000,2.3
50,Crunch Drinks,Beverages,192,FlashCart (Indonesia),Quick Commerce,SEA - Indonesia,58.5,60.6750000000000000,2.2
55,Vivid Sip,Beverages,186,SunriseMart (Indonesia),Grocery,SEA - Indonesia,58.5,60.6750000000000000,2.2
39,Blue Kitchen,Packaged Foods,156,Neighborhood Wholesale (Malaysia),General Trade,SEA - Malaysia,60.3,62.4881250000000000,2.2
72,Nomad Milk Co,Dairy,77,Community Retail Co-op (Tier 2/3),General Trade,India - Tier 2/3,60.4,62.6312000000000000,2.2
59,Pure Shine,Home Care,60,Corner Store Network (Metro),General Trade,India - Metro,59.2,61.3740000000000000,2.2
109,Silver Little Ones,Baby Care,127,FreshMart (Qatar),Grocery,Gulf - Qatar,59.4,61.6466666666666667,2.2
58,Coastal Clean,Home Care,94,DailyBasket (UAE),Grocery,Gulf - UAE,59.2,61.4090909090909091,2.2
11,Silver Snacks,Salty Snacks,35,GoStop #3,C-Store,North America,59.2,61.3621428571428571,2.2
44,Spring Pantry,Packaged Foods,106,NimbleMart (UAE),Quick Commerce,Gulf - UAE,60.8,63.0119318181818182,2.2
56,Golden Shine,Home Care,71,UrbanPantry (Tier 2/3),Grocery,India - Tier 2/3,60.7,62.8800000000000000,2.2
83,Fresh Treats,Confectionery,117,SunriseMart (Saudi),Grocery,Gulf - Saudi,60.3,62.4883333333333333,2.2
43,Coastal Table,Packaged Foods,85,Community Retail Co-op #2 (Tier 2/3),General Trade,India - Tier 2/3,59.7,61.8906000000000000,2.2
97,Royal Breakfast Co,Breakfast & Cereal,155,ValueTrade GT (Malaysia),General Trade,SEA - Malaysia,60.4,62.5915625000000000,2.2
32,Cloud Skin,Personal Care,75,Neighborhood Wholesale (Tier 2/3),General Trade,India - Tier 2/3,60.6,62.8356666666666667,2.2
18,Royal Fizz,Sparkling Water,119,ValueTrade GT (Saudi),General Trade,Gulf - Saudi,60.9,63.0650000000000000,2.2
1,True Snacks,Salty Snacks,87,MarketLink GT #2 (Tier 2/3),General Trade,India - Tier 2/3,60.8,63.0406666666666667,2.2
89,Nomad Mornings,Breakfast & Cereal,74,ValueTrade GT (Tier 2/3),General Trade,India - Tier 2/3,61.5,63.6752500000000000,2.2
14,Golden Bubbles,Sparkling Water,25,QuickStop,C-Store,North America,60.9,63.0876190476190476,2.2
107,Spring Tiny Care,Baby Care,181,FreshMart (Indonesia),Grocery,SEA - Indonesia,57.5,59.7341666666666667,2.2
58,Coastal Clean,Home Care,198,Bazaar Wholesale (Indonesia),General Trade,SEA - Indonesia,61.5,63.7145833333333333,2.2
19,Fresh Fizz,Sparkling Water,31,GoStop #2,C-Store,North America,60.9,63.0876190476190476,2.2
87,Pure Sweets,Confectionery,7,UrbanPantry,Grocery,North America,59.7,61.9236111111111111,2.2
36,Cloud Table,Packaged Foods,70,SunriseMart (Tier 2/3),Grocery,India - Tier 2/3,59.7,61.8906000000000000,2.2
12,True Water Co,Sparkling Water,83,Neighborhood Wholesale #2 (Tier 2/3),General Trade,India - Tier 2/3,61.2,63.3680000000000000,2.2
1,True Snacks,Salty Snacks,68,PrimeGrocer (Tier 2/3),Grocery,India - Tier 2/3,60.8,63.0406666666666667,2.2
16,Sunrise Water Co,Sparkling Water,162,FreshMart (Philippines),Grocery,SEA - Philippines,62.5,64.6703947368421053,2.2
27,Golden Glow,Personal Care,187,QuickDash (Indonesia),Quick Commerce,SEA - Indonesia,58.2,60.4337500000000000,2.2
60,True Shine,Home Care,97,SaverClub (UAE),Club,Gulf - UAE,59.2,61.4090909090909091,2.2
54,Nomad Drinks,Beverages,77,Community Retail Co-op (Tier 2/3),General Trade,India - Tier 2/3,60.4,62.6366666666666667,2.2
39,Blue Kitchen,Packaged Foods,155,ValueTrade GT (Malaysia),General Trade,SEA - Malaysia,60.3,62.4881250000000000,2.2
99,Fresh Cereal Co,Breakfast & Cereal,154,Local Trade Collective (Malaysia),General Trade,SEA - Malaysia,60.4,62.5915625000000000,2.2
51,Coastal Drinks,Beverages,147,SunriseMart (Malaysia),Grocery,SEA - Malaysia,59.7,61.7712500000000000,2.1
11,Silver Snacks,Salty Snacks,73,Local Trade Collective (Tier 2/3),General Trade,India - Tier 2/3,60.9,63.0406666666666667,2.1
49,Meadow Beverages,Beverages,71,UrbanPantry (Tier 2/3),Grocery,India - Tier 2/3,60.5,62.6366666666666667,2.1
78,Prime Confections,Confectionery,39,PrimeGrocer (Metro),Grocery,India - Metro,60.6,62.6568965517241379,2.1
64,Blue Shine,Home Care,197,Community Retail Co-op (Indonesia),General Trade,SEA - Indonesia,61.6,63.7145833333333333,2.1
67,Golden Milk Co,Dairy,181,FreshMart (Indonesia),Grocery,SEA - Indonesia,61.2,63.3287500000000000,2.1
27,Golden Glow,Personal Care,184,PrimeGrocer (Indonesia),Grocery,SEA - Indonesia,58.3,60.4337500000000000,2.1
63,Silver Household,Home Care,13,GreenAisle #2,Grocery,North America,59.4,61.5100694444444444,2.1
88,Pure Treats,Confectionery,187,QuickDash (Indonesia),Quick Commerce,SEA - Indonesia,59.8,61.8512500000000000,2.1
18,Royal Fizz,Sparkling Water,35,GoStop #3,C-Store,North America,61.0,63.0876190476190476,2.1
57,Cloud Shine,Home Care,165,PrimeGrocer (Philippines),Grocery,SEA - Philippines,56.1,58.1723684210526316,2.1
4,Blue Bites,Salty Snacks,149,ZipCart (Malaysia),Quick Commerce,SEA - Malaysia,58.2,60.3325000000000000,2.1
59,Pure Shine,Home Care,61,Community Retail Co-op (Metro),General Trade,India - Metro,59.3,61.3740000000000000,2.1
17,Nomad Bubbles,Sparkling Water,51,FlashCart (Metro),Quick Commerce,India - Metro,59.9,61.9855603448275862,2.1
55,Vivid Sip,Beverages,196,Corner Store Network (Indonesia),General Trade,SEA - Indonesia,58.6,60.6750000000000000,2.1
71,Golden Farms,Dairy,178,Bazaar Wholesale (Philippines),General Trade,SEA - Philippines,59.3,61.3750000000000000,2.1
55,Vivid Sip,Beverages,56,QuickDash #2 (Metro),Quick Commerce,India - Metro,60.0,62.0715517241379310,2.1
8,Meadow Crisps,Salty Snacks,66,MetroBazaar (Tier 2/3),Grocery,India - Tier 2/3,60.9,63.0406666666666667,2.1
20,Heritage Springs,Sparkling Water,36,FreshMart (Metro),Grocery,India - Metro,59.9,61.9855603448275862,2.1
23,Golden Skin,Personal Care,39,PrimeGrocer (Metro),Grocery,India - Metro,60.6,62.6680000000000000,2.1
31,Everyday Glow,Personal Care,112,FreshMart (Saudi),Grocery,Gulf - Saudi,57.8,59.8583333333333333,2.1
41,Royal Kitchen,Packaged Foods,21,EarthAisle,Natural,North America,60.4,62.4755208333333333,2.1
3,Prime Snacks,Salty Snacks,123,Bazaar Wholesale (Saudi),General Trade,Gulf - Saudi,60.2,62.3475000000000000,2.1
75,Vivid Dairy,Dairy,77,Community Retail Co-op (Tier 2/3),General Trade,India - Tier 2/3,60.5,62.6312000000000000,2.1
60,True Shine,Home Care,90,FreshMart (UAE),Grocery,Gulf - UAE,59.3,61.4090909090909091,2.1
83,Fresh Treats,Confectionery,115,PrimeGrocer (Saudi),Grocery,Gulf - Saudi,60.4,62.4883333333333333,2.1
106,Vivid Little Ones,Baby Care,120,Neighborhood Wholesale (Saudi),General Trade,Gulf - Saudi,62.5,64.5725000000000000,2.1
30,Cloud Essentials,Personal Care,10,HomeFresh,Grocery,North America,61.1,63.2026315789473684,2.1
61,Crunch Household,Home Care,50,HopMart (Metro),Quick Commerce,India - Metro,59.3,61.3740000000000000,2.1
78,Prime Confections,Confectionery,52,NimbleMart (Metro),Quick Commerce,India - Metro,60.6,62.6568965517241379,2.1
51,Coastal Drinks,Beverages,7,UrbanPantry,Grocery,North America,60.8,62.8907142857142857,2.1
91,Coastal Cereal Co,Breakfast & Cereal,112,FreshMart (Saudi),Grocery,Gulf - Saudi,57.3,59.3711111111111111,2.1
91,Coastal Cereal Co,Breakfast & Cereal,122,Community Retail Co-op (Saudi),General Trade,Gulf - Saudi,57.3,59.3711111111111111,2.1
6,Coastal Bites,Salty Snacks,8,ValueGrocer,Grocery,North America,59.3,61.3621428571428571,2.1
91,Coastal Cereal Co,Breakfast & Cereal,124,MarketLink GT (Saudi),General Trade,Gulf - Saudi,57.4,59.3711111111111111,2.0
25,Royal Skin,Personal Care,153,FlashCart (Malaysia),Quick Commerce,SEA - Malaysia,59.5,61.4575000000000000,2.0
73,Blue Milk Co,Dairy,193,Local Trade Collective (Indonesia),General Trade,SEA - Indonesia,61.3,63.3287500000000000,2.0
18,Royal Fizz,Sparkling Water,115,PrimeGrocer (Saudi),Grocery,Gulf - Saudi,61.1,63.0650000000000000,2.0
57,Cloud Shine,Home Care,164,GreenAisle (Philippines),Grocery,SEA - Philippines,56.2,58.1723684210526316,2.0
33,Cloud Glow,Personal Care,112,FreshMart (Saudi),Grocery,Gulf - Saudi,57.9,59.8583333333333333,2.0
18,Royal Fizz,Sparkling Water,15,BulkBasket Club,Club,North America,61.1,63.0876190476190476,2.0
57,Cloud Shine,Home Care,69,DailyBasket (Tier 2/3),Grocery,India - Tier 2/3,60.9,62.8800000000000000,2.0
18,Royal Fizz,Sparkling Water,117,SunriseMart (Saudi),Grocery,Gulf - Saudi,61.1,63.0650000000000000,2.0
46,Fresh Refresh,Beverages,35,GoStop #3,C-Store,North America,60.9,62.8907142857142857,2.0
97,Royal Breakfast Co,Breakfast & Cereal,150,DashKart (Malaysia),Quick Commerce,SEA - Malaysia,60.6,62.5915625000000000,2.0
38,Urban Pantry,Packaged Foods,173,Local Trade Collective (Philippines),General Trade,SEA - Philippines,59.7,61.6500000000000000,2.0
56,Golden Shine,Home Care,77,Community Retail Co-op (Tier 2/3),General Trade,India - Tier 2/3,60.9,62.8800000000000000,2.0
59,Pure Shine,Home Care,37,MetroBazaar (Metro),Grocery,India - Metro,59.4,61.3740000000000000,2.0
4,Blue Bites,Salty Snacks,158,Community Retail Co-op (Malaysia),General Trade,SEA - Malaysia,58.3,60.3325000000000000,2.0
99,Fresh Cereal Co,Breakfast & Cereal,148,QuickDash (Malaysia),Quick Commerce,SEA - Malaysia,60.6,62.5915625000000000,2.0
54,Nomad Drinks,Beverages,86,Bazaar Wholesale #2 (Tier 2/3),General Trade,India - Tier 2/3,60.6,62.6366666666666667,2.0
59,Pure Shine,Home Care,93,PrimeGrocer (UAE),Grocery,Gulf - UAE,59.4,61.4090909090909091,2.0
42,Urban Kitchen,Packaged Foods,168,QuickDash (Philippines),Quick Commerce,SEA - Philippines,59.7,61.6500000000000000,2.0
13,Urban Bubbles,Sparkling Water,152,HopMart (Malaysia),Quick Commerce,SEA - Malaysia,59.6,61.5825000000000000,2.0
42,Urban Kitchen,Packaged Foods,74,ValueTrade GT (Tier 2/3),General Trade,India - Tier 2/3,59.9,61.8906000000000000,2.0
16,Sunrise Water Co,Sparkling Water,180,Sundry Traders Network (Philippines),General Trade,SEA - Philippines,62.7,64.6703947368421053,2.0
29,Golden Essentials,Personal Care,40,DailyBasket (Metro),Grocery,India - Metro,60.7,62.6680000000000000,2.0
76,Royal Farms,Dairy,88,Sundry Traders Network #2 (Tier 2/3),General Trade,India - Tier 2/3,60.6,62.6312000000000000,2.0
80,Nomad Candy Co,Confectionery,86,Bazaar Wholesale #2 (Tier 2/3),General Trade,India - Tier 2/3,60.4,62.4378000000000000,2.0
98,Coastal Mornings,Breakfast & Cereal,126,Local Trade Collective #2 (Saudi),General Trade,Gulf - Saudi,57.4,59.3711111111111111,2.0
51,Coastal Drinks,Beverages,31,GoStop #2,C-Store,North America,60.9,62.8907142857142857,2.0
109,Silver Little Ones,Baby Care,139,Neighborhood Wholesale (Qatar),General Trade,Gulf - Qatar,59.6,61.6466666666666667,2.0
62,Royal Household,Home Care,119,ValueTrade GT (Saudi),General Trade,Gulf - Saudi,61.2,63.1858333333333333,2.0
77,Urban Creamery,Dairy,114,GreenAisle (Saudi),Grocery,Gulf - Saudi,58.3,60.2775000000000000,2.0
65,Urban Clean,Home Care,1,FreshMart,Grocery,North America,59.5,61.5100694444444444,2.0
14,Golden Bubbles,Sparkling Water,21,EarthAisle,Natural,North America,61.1,63.0876190476190476,2.0
47,Sunrise Refresh,Beverages,121,Corner Store Network (Saudi),General Trade,Gulf - Saudi,60.5,62.5236666666666667,2.0
72,Nomad Milk Co,Dairy,68,PrimeGrocer (Tier 2/3),Grocery,India - Tier 2/3,60.6,62.6312000000000000,2.0
13,Urban Bubbles,Sparkling Water,171,SwiftBasket (Philippines),Quick Commerce,SEA - Philippines,62.8,64.6703947368421053,1.9
31,Everyday Glow,Personal Care,126,Local Trade Collective #2 (Saudi),General Trade,Gulf - Saudi,58.0,59.8583333333333333,1.9
8,Meadow Crisps,Salty Snacks,77,Community Retail Co-op (Tier 2/3),General Trade,India - Tier 2/3,61.1,63.0406666666666667,1.9
91,Coastal Cereal Co,Breakfast & Cereal,159,Bazaar Wholesale (Malaysia),General Trade,SEA - Malaysia,60.7,62.5915625000000000,1.9
76,Royal Farms,Dairy,4,PrimeGrocer,Grocery,North America,58.8,60.7394736842105263,1.9
92,Cloud Grains,Breakfast & Cereal,162,FreshMart (Philippines),Grocery,SEA - Philippines,60.1,62.0381578947368421,1.9
29,Golden Essentials,Personal Care,60,Corner Store Network (Metro),General Trade,India - Metro,60.8,62.6680000000000000,1.9
42,Urban Kitchen,Packaged Foods,79,MarketLink GT (Tier 2/3),General Trade,India - Tier 2/3,60.0,61.8906000000000000,1.9
99,Fresh Cereal Co,Breakfast & Cereal,159,Bazaar Wholesale (Malaysia),General Trade,SEA - Malaysia,60.7,62.5915625000000000,1.9
18,Royal Fizz,Sparkling Water,13,GreenAisle #2,Grocery,North America,61.2,63.0876190476190476,1.9
110,Meadow Tiny Care,Baby Care,53,RapidBasket (Metro),Quick Commerce,India - Metro,61.3,63.2150000000000000,1.9
76,Royal Farms,Dairy,24,PureRoots Market #2,Natural,North America,58.8,60.7394736842105263,1.9
7,Urban Bites,Salty Snacks,186,SunriseMart (Indonesia),Grocery,SEA - Indonesia,56.3,58.1575000000000000,1.9
71,Golden Farms,Dairy,21,EarthAisle,Natural,North America,58.8,60.7394736842105263,1.9
44,Spring Pantry,Packaged Foods,87,MarketLink GT #2 (Tier 2/3),General Trade,India - Tier 2/3,60.0,61.8906000000000000,1.9
42,Urban Kitchen,Packaged Foods,164,GreenAisle (Philippines),Grocery,SEA - Philippines,59.8,61.6500000000000000,1.9
30,Cloud Essentials,Personal Care,20,PureRoots Market,Natural,North America,61.3,63.2026315789473684,1.9
93,Urban Mornings,Breakfast & Cereal,174,ValueTrade GT (Philippines),General Trade,SEA - Philippines,60.1,62.0381578947368421,1.9
89,Nomad Mornings,Breakfast & Cereal,3,GreenAisle,Grocery,North America,61.2,63.0944444444444444,1.9
28,Spring Skin,Personal Care,19,GreenLeaf Naturals,Natural,North America,61.3,63.2026315789473684,1.9
98,Coastal Mornings,Breakfast & Cereal,126,Local Trade Collective #2 (Saudi),General Trade,Gulf - Saudi,57.5,59.3711111111111111,1.9
53,Cloud Sip,Beverages,134,DashKart (Qatar),Quick Commerce,Gulf - Qatar,60.5,62.3838888888888889,1.9
6,Coastal Bites,Salty Snacks,121,Corner Store Network (Saudi),General Trade,Gulf - Saudi,60.4,62.3475000000000000,1.9
33,Cloud Glow,Personal Care,81,Local Trade Collective #2 (Tier 2/3),General Trade,India - Tier 2/3,60.9,62.8356666666666667,1.9
71,Golden Farms,Dairy,7,UrbanPantry,Grocery,North America,58.8,60.7394736842105263,1.9
21,Golden Fizz,Sparkling Water,38,GreenAisle (Metro),Grocery,India - Metro,60.1,61.9855603448275862,1.9
50,Crunch Drinks,Beverages,181,FreshMart (Indonesia),Grocery,SEA - Indonesia,58.8,60.6750000000000000,1.9
60,True Shine,Home Care,101,ZipCart (UAE),Quick Commerce,Gulf - UAE,59.5,61.4090909090909091,1.9
65,Urban Clean,Home Care,10,HomeFresh,Grocery,North America,59.6,61.5100694444444444,1.9
9,Spring Crisps,Salty Snacks,103,SwiftBasket (UAE),Quick Commerce,Gulf - UAE,60.8,62.7130681818181818,1.9
83,Fresh Treats,Confectionery,112,FreshMart (Saudi),Grocery,Gulf - Saudi,60.6,62.4883333333333333,1.9
54,Nomad Drinks,Beverages,119,ValueTrade GT (Saudi),General Trade,Gulf - Saudi,60.6,62.5236666666666667,1.9
102,Coastal Little Ones,Baby Care,69,DailyBasket (Tier 2/3),Grocery,India - Tier 2/3,60.0,61.9433333333333333,1.9
20,Heritage Springs,Sparkling Water,52,NimbleMart (Metro),Quick Commerce,India - Metro,60.1,61.9855603448275862,1.9
93,Urban Mornings,Breakfast & Cereal,168,QuickDash (Philippines),Quick Commerce,SEA - Philippines,60.1,62.0381578947368421,1.9
13,Urban Bubbles,Sparkling Water,177,Community Retail Co-op (Philippines),General Trade,SEA - Philippines,62.9,64.6703947368421053,1.8
46,Fresh Refresh,Beverages,16,WareClub,Club,North America,61.1,62.8907142857142857,1.8
12,True Water Co,Sparkling Water,49,SwiftBasket (Metro),Quick Commerce,India - Metro,60.2,61.9855603448275862,1.8
1,True Snacks,Salty Snacks,66,MetroBazaar (Tier 2/3),Grocery,India - Tier 2/3,61.2,63.0406666666666667,1.8
50,Crunch Drinks,Beverages,173,Local Trade Collective (Philippines),General Trade,SEA - Philippines,62.7,64.5381578947368421,1.8
11,Silver Snacks,Salty Snacks,86,Bazaar Wholesale #2 (Tier 2/3),General Trade,India - Tier 2/3,61.2,63.0406666666666667,1.8
64,Blue Shine,Home Care,197,Community Retail Co-op (Indonesia),General Trade,SEA - Indonesia,61.9,63.7145833333333333,1.8
11,Silver Snacks,Salty Snacks,30,CornerFuel Mart #2,C-Store,North America,59.6,61.3621428571428571,1.8
64,Blue Shine,Home Care,194,ValueTrade GT (Indonesia),General Trade,SEA - Indonesia,61.9,63.7145833333333333,1.8
89,Nomad Mornings,Breakfast & Cereal,11,FreshMart #2,Grocery,North America,61.3,63.0944444444444444,1.8
9,Spring Crisps,Salty Snacks,107,Local Trade Collective (UAE),General Trade,Gulf - UAE,60.9,62.7130681818181818,1.8
12,True Water Co,Sparkling Water,67,GreenAisle (Tier 2/3),Grocery,India - Tier 2/3,61.6,63.3680000000000000,1.8
41,Royal Kitchen,Packaged Foods,11,FreshMart #2,Grocery,North America,60.7,62.4755208333333333,1.8
106,Vivid Little Ones,Baby Care,83,Neighborhood Wholesale #2 (Tier 2/3),General Trade,India - Tier 2/3,60.1,61.9433333333333333,1.8
106,Vivid Little Ones,Baby Care,122,Community Retail Co-op (Saudi),General Trade,Gulf - Saudi,62.8,64.5725000000000000,1.8
44,Spring Pantry,Packaged Foods,90,FreshMart (UAE),Grocery,Gulf - UAE,61.2,63.0119318181818182,1.8
6,Coastal Bites,Salty Snacks,114,GreenAisle (Saudi),Grocery,Gulf - Saudi,60.5,62.3475000000000000,1.8
85,Heritage Treats,Confectionery,66,MetroBazaar (Tier 2/3),Grocery,India - Tier 2/3,60.6,62.4378000000000000,1.8
108,Crunch Baby Co,Baby Care,75,Neighborhood Wholesale (Tier 2/3),General Trade,India - Tier 2/3,60.1,61.9433333333333333,1.8
58,Coastal Clean,Home Care,189,DashKart (Indonesia),Quick Commerce,SEA - Indonesia,61.9,63.7145833333333333,1.8
108,Crunch Baby Co,Baby Care,73,Local Trade Collective (Tier 2/3),General Trade,India - Tier 2/3,60.1,61.9433333333333333,1.8
56,Golden Shine,Home Care,69,DailyBasket (Tier 2/3),Grocery,India - Tier 2/3,61.1,62.8800000000000000,1.8
36,Cloud Table,Packaged Foods,133,ZipCart (Qatar),Quick Commerce,Gulf - Qatar,64.9,66.6983333333333333,1.8
33,Cloud Glow,Personal Care,123,Bazaar Wholesale (Saudi),General Trade,Gulf - Saudi,58.1,59.8583333333333333,1.8
73,Blue Milk Co,Dairy,6,SunriseMart,Grocery,North America,58.9,60.7394736842105263,1.8
87,Pure Sweets,Confectionery,28,ExpressStop,C-Store,North America,60.1,61.9236111111111111,1.8
46,Fresh Refresh,Beverages,26,CornerFuel Mart,C-Store,North America,61.1,62.8907142857142857,1.8
94,Crunch Cereal Co,Breakfast & Cereal,190,SwiftBasket (Indonesia),Quick Commerce,SEA - Indonesia,59.6,61.4287500000000000,1.8
108,Crunch Baby Co,Baby Care,117,SunriseMart (Saudi),Grocery,Gulf - Saudi,62.8,64.5725000000000000,1.8
65,Urban Clean,Home Care,12,MetroBazaar #2,Grocery,North America,59.8,61.5100694444444444,1.7
25,Royal Skin,Personal Care,142,FreshMart (Malaysia),Grocery,SEA - Malaysia,59.8,61.4575000000000000,1.7
26,Prime Care,Personal Care,82,ValueTrade GT #2 (Tier 2/3),General Trade,India - Tier 2/3,61.1,62.8356666666666667,1.7
20,Heritage Springs,Sparkling Water,55,DartMart (Metro),Quick Commerce,India - Metro,60.3,61.9855603448275862,1.7
89,Nomad Mornings,Breakfast & Cereal,7,UrbanPantry,Grocery,North America,61.4,63.0944444444444444,1.7
98,Coastal Mornings,Breakfast & Cereal,80,Sundry Traders Network (Tier 2/3),General Trade,India - Tier 2/3,62.0,63.6752500000000000,1.7
89,Nomad Mornings,Breakfast & Cereal,78,Bazaar Wholesale (Tier 2/3),General Trade,India - Tier 2/3,62.0,63.6752500000000000,1.7
34,Bold Kitchen,Packaged Foods,143,MetroBazaar (Malaysia),Grocery,SEA - Malaysia,60.8,62.4881250000000000,1.7
35,Silver Table,Packaged Foods,4,PrimeGrocer,Grocery,North America,60.8,62.4755208333333333,1.7
42,Urban Kitchen,Packaged Foods,65,FreshMart (Tier 2/3),Grocery,India - Tier 2/3,60.2,61.8906000000000000,1.7
17,Nomad Bubbles,Sparkling Water,42,QuickStop (Metro),C-Store,India - Metro,60.3,61.9855603448275862,1.7
101,Everyday Tiny Care,Baby Care,138,ValueTrade GT (Qatar),General Trade,Gulf - Qatar,59.9,61.6466666666666667,1.7
82,Meadow Treats,Confectionery,29,QuickStop #2,C-Store,North America,60.2,61.9236111111111111,1.7
102,Coastal Little Ones,Baby Care,79,MarketLink GT (Tier 2/3),General Trade,India - Tier 2/3,60.2,61.9433333333333333,1.7
14,Golden Bubbles,Sparkling Water,33,QuickStop #3,C-Store,North America,61.4,63.0876190476190476,1.7
13,Urban Bubbles,Sparkling Water,158,Community Retail Co-op (Malaysia),General Trade,SEA - Malaysia,59.9,61.5825000000000000,1.7
80,Nomad Candy Co,Confectionery,65,FreshMart (Tier 2/3),Grocery,India - Tier 2/3,60.7,62.4378000000000000,1.7
79,Coastal Candy Co,Confectionery,69,DailyBasket (Tier 2/3),Grocery,India - Tier 2/3,60.7,62.4378000000000000,1.7
105,Silver Baby Essentials,Baby Care,196,Corner Store Network (Indonesia),General Trade,SEA - Indonesia,58.0,59.7341666666666667,1.7
78,Prime Confections,Confectionery,199,MarketLink GT (Indonesia),General Trade,SEA - Indonesia,60.2,61.8512500000000000,1.7
51,Coastal Drinks,Beverages,6,SunriseMart,Grocery,North America,61.2,62.8907142857142857,1.7
77,Urban Creamery,Dairy,116,DailyBasket (Saudi),Grocery,Gulf - Saudi,58.6,60.2775000000000000,1.7
53,Cloud Sip,Beverages,123,Bazaar Wholesale (Saudi),General Trade,Gulf - Saudi,60.8,62.5236666666666667,1.7
6,Coastal Bites,Salty Snacks,25,QuickStop,C-Store,North America,59.7,61.3621428571428571,1.7
58,Coastal Clean,Home Care,102,DashKart (UAE),Quick Commerce,Gulf - UAE,59.7,61.4090909090909091,1.7
5,Urban Crisps,Salty Snacks,134,DashKart (Qatar),Quick Commerce,Gulf - Qatar,59.3,60.9850000000000000,1.7
61,Crunch Household,Home Care,62,Bazaar Wholesale (Metro),General Trade,India - Metro,59.7,61.3740000000000000,1.7
69,Everyday Milk Co,Dairy,142,FreshMart (Malaysia),Grocery,SEA - Malaysia,62.9,64.5987500000000000,1.7
66,Golden Household,Home Care,71,UrbanPantry (Tier 2/3),Grocery,India - Tier 2/3,61.2,62.8800000000000000,1.7
94,Crunch Cereal Co,Breakfast & Cereal,76,Corner Store Network (Tier 2/3),General Trade,India - Tier 2/3,62.0,63.6752500000000000,1.7
44,Spring Pantry,Packaged Foods,98,BulkBasket Club (UAE),Club,Gulf - UAE,61.4,63.0119318181818182,1.6
95,Cloud Mornings,Breakfast & Cereal,116,DailyBasket (Saudi),Grocery,Gulf - Saudi,57.8,59.3711111111111111,1.6
103,Coastal Baby Essentials,Baby Care,85,Community Retail Co-op #2 (Tier 2/3),General Trade,India - Tier 2/3,60.3,61.9433333333333333,1.6
78,Prime Confections,Confectionery,59,Neighborhood Wholesale (Metro),General Trade,India - Metro,61.1,62.6568965517241379,1.6
36,Cloud Table,Packaged Foods,86,Bazaar Wholesale #2 (Tier 2/3),General Trade,India - Tier 2/3,60.3,61.8906000000000000,1.6
73,Blue Milk Co,Dairy,190,SwiftBasket (Indonesia),Quick Commerce,SEA - Indonesia,61.7,63.3287500000000000,1.6
57,Cloud Shine,Home Care,163,MetroBazaar (Philippines),Grocery,SEA - Philippines,56.6,58.1723684210526316,1.6
107,Spring Tiny Care,Baby Care,196,Corner Store Network (Indonesia),General Trade,SEA - Indonesia,58.1,59.7341666666666667,1.6
73,Blue Milk Co,Dairy,4,PrimeGrocer,Grocery,North America,59.1,60.7394736842105263,1.6
107,Spring Tiny Care,Baby Care,193,Local Trade Collective (Indonesia),General Trade,SEA - Indonesia,58.1,59.7341666666666667,1.6
86,True Candy Co,Confectionery,164,GreenAisle (Philippines),Grocery,SEA - Philippines,61.4,63.0394736842105263,1.6
84,Everyday Treats,Confectionery,188,ZipCart (Indonesia),Quick Commerce,SEA - Indonesia,60.3,61.8512500000000000,1.6
25,Royal Skin,Personal Care,157,Corner Store Network (Malaysia),General Trade,SEA - Malaysia,59.9,61.4575000000000000,1.6
7,Urban Bites,Salty Snacks,106,NimbleMart (UAE),Quick Commerce,Gulf - UAE,61.1,62.7130681818181818,1.6
18,Royal Fizz,Sparkling Water,3,GreenAisle,Grocery,North America,61.5,63.0876190476190476,1.6
57,Cloud Shine,Home Care,70,SunriseMart (Tier 2/3),Grocery,India - Tier 2/3,61.3,62.8800000000000000,1.6
35,Silver Table,Packaged Foods,80,Sundry Traders Network (Tier 2/3),General Trade,India - Tier 2/3,60.3,61.8906000000000000,1.6
38,Urban Pantry,Packaged Foods,179,MarketLink GT (Philippines),General Trade,SEA - Philippines,60.1,61.6500000000000000,1.6
108,Crunch Baby Co,Baby Care,114,GreenAisle (Saudi),Grocery,Gulf - Saudi,63.0,64.5725000000000000,1.6
12,True Water Co,Sparkling Water,45,ExpressStop (Metro),C-Store,India - Metro,60.4,61.9855603448275862,1.6
66,Golden Household,Home Care,86,Bazaar Wholesale #2 (Tier 2/3),General Trade,India - Tier 2/3,61.3,62.8800000000000000,1.6
19,Fresh Fizz,Sparkling Water,77,Community Retail Co-op (Tier 2/3),General Trade,India - Tier 2/3,61.8,63.3680000000000000,1.6
51,Coastal Drinks,Beverages,25,QuickStop,C-Store,North America,61.3,62.8907142857142857,1.6
48,Silver Beverages,Beverages,140,Corner Store Network (Qatar),General Trade,Gulf - Qatar,60.8,62.3838888888888889,1.6
66,Golden Household,Home Care,79,MarketLink GT (Tier 2/3),General Trade,India - Tier 2/3,61.3,62.8800000000000000,1.6
3,Prime Snacks,Salty Snacks,19,GreenLeaf Naturals,Natural,North America,59.8,61.3621428571428571,1.6
66,Golden Household,Home Care,84,Corner Store Network #2 (Tier 2/3),General Trade,India - Tier 2/3,61.3,62.8800000000000000,1.6
90,Prime Grains,Breakfast & Cereal,151,SwiftBasket (Malaysia),Quick Commerce,SEA - Malaysia,61.0,62.5915625000000000,1.6
92,Cloud Grains,Breakfast & Cereal,177,Community Retail Co-op (Philippines),General Trade,SEA - Philippines,60.4,62.0381578947368421,1.6
47,Sunrise Refresh,Beverages,118,Local Trade Collective (Saudi),General Trade,Gulf - Saudi,60.9,62.5236666666666667,1.6
96,Meadow Breakfast Co,Breakfast & Cereal,81,Local Trade Collective #2 (Tier 2/3),General Trade,India - Tier 2/3,62.1,63.6752500000000000,1.6
21,Golden Fizz,Sparkling Water,154,Local Trade Collective (Malaysia),General Trade,SEA - Malaysia,60.0,61.5825000000000000,1.6
44,Spring Pantry,Packaged Foods,93,PrimeGrocer (UAE),Grocery,Gulf - UAE,61.4,63.0119318181818182,1.6
92,Cloud Grains,Breakfast & Cereal,168,QuickDash (Philippines),Quick Commerce,SEA - Philippines,60.4,62.0381578947368421,1.6
50,Crunch Drinks,Beverages,182,MetroBazaar (Indonesia),Grocery,SEA - Indonesia,59.2,60.6750000000000000,1.5
107,Spring Tiny Care,Baby Care,197,Community Retail Co-op (Indonesia),General Trade,SEA - Indonesia,58.2,59.7341666666666667,1.5
7,Urban Bites,Salty Snacks,196,Corner Store Network (Indonesia),General Trade,SEA - Indonesia,56.7,58.1575000000000000,1.5
107,Spring Tiny Care,Baby Care,191,HopMart (Indonesia),Quick Commerce,SEA - Indonesia,58.2,59.7341666666666667,1.5
104,Meadow Baby Co,Baby Care,136,HopMart (Qatar),Quick Commerce,Gulf - Qatar,60.1,61.6466666666666667,1.5
79,Coastal Candy Co,Confectionery,87,MarketLink GT #2 (Tier 2/3),General Trade,India - Tier 2/3,60.9,62.4378000000000000,1.5
68,Cloud Dairy,Dairy,192,FlashCart (Indonesia),Quick Commerce,SEA - Indonesia,61.8,63.3287500000000000,1.5
81,Prime Candy Co,Confectionery,136,HopMart (Qatar),Quick Commerce,Gulf - Qatar,59.4,60.9133333333333333,1.5
3,Prime Snacks,Salty Snacks,32,ExpressStop #2,C-Store,North America,59.9,61.3621428571428571,1.5
90,Prime Grains,Breakfast & Cereal,157,Corner Store Network (Malaysia),General Trade,SEA - Malaysia,61.1,62.5915625000000000,1.5
15,Blue Springs,Sparkling Water,119,ValueTrade GT (Saudi),General Trade,Gulf - Saudi,61.6,63.0650000000000000,1.5
82,Meadow Treats,Confectionery,13,GreenAisle #2,Grocery,North America,60.4,61.9236111111111111,1.5
105,Silver Baby Essentials,Baby Care,185,DailyBasket (Indonesia),Grocery,SEA - Indonesia,58.2,59.7341666666666667,1.5
11,Silver Snacks,Salty Snacks,22,NaturaLife Market,Natural,North America,59.9,61.3621428571428571,1.5
51,Coastal Drinks,Beverages,7,UrbanPantry,Grocery,North America,61.4,62.8907142857142857,1.5
47,Sunrise Refresh,Beverages,120,Neighborhood Wholesale (Saudi),General Trade,Gulf - Saudi,61.0,62.5236666666666667,1.5
32,Cloud Skin,Personal Care,82,ValueTrade GT #2 (Tier 2/3),General Trade,India - Tier 2/3,61.3,62.8356666666666667,1.5
19,Fresh Fizz,Sparkling Water,82,ValueTrade GT #2 (Tier 2/3),General Trade,India - Tier 2/3,61.9,63.3680000000000000,1.5
33,Cloud Glow,Personal Care,117,SunriseMart (Saudi),Grocery,Gulf - Saudi,58.4,59.8583333333333333,1.5
19,Fresh Fizz,Sparkling Water,15,BulkBasket Club,Club,North America,61.6,63.0876190476190476,1.5
54,Nomad Drinks,Beverages,79,MarketLink GT (Tier 2/3),General Trade,India - Tier 2/3,61.1,62.6366666666666667,1.5
12,True Water Co,Sparkling Water,72,ValueGrocer (Tier 2/3),Grocery,India - Tier 2/3,61.9,63.3680000000000000,1.5
54,Nomad Drinks,Beverages,113,MetroBazaar (Saudi),Grocery,Gulf - Saudi,61.0,62.5236666666666667,1.5
17,Nomad Bubbles,Sparkling Water,64,Sundry Traders Network (Metro),General Trade,India - Metro,60.5,61.9855603448275862,1.5
39,Blue Kitchen,Packaged Foods,146,DailyBasket (Malaysia),Grocery,SEA - Malaysia,61.1,62.4881250000000000,1.4
29,Golden Essentials,Personal Care,49,SwiftBasket (Metro),Quick Commerce,India - Metro,61.3,62.6680000000000000,1.4
51,Coastal Drinks,Beverages,159,Bazaar Wholesale (Malaysia),General Trade,SEA - Malaysia,60.4,61.7712500000000000,1.4
32,Cloud Skin,Personal Care,67,GreenAisle (Tier 2/3),Grocery,India - Tier 2/3,61.4,62.8356666666666667,1.4
31,Everyday Glow,Personal Care,115,PrimeGrocer (Saudi),Grocery,Gulf - Saudi,58.5,59.8583333333333333,1.4
28,Spring Skin,Personal Care,9,CityMart,Grocery,North America,61.8,63.2026315789473684,1.4
94,Crunch Cereal Co,Breakfast & Cereal,79,MarketLink GT (Tier 2/3),General Trade,India - Tier 2/3,62.3,63.6752500000000000,1.4
76,Royal Farms,Dairy,77,Community Retail Co-op (Tier 2/3),General Trade,India - Tier 2/3,61.2,62.6312000000000000,1.4
27,Golden Glow,Personal Care,195,Neighborhood Wholesale (Indonesia),General Trade,SEA - Indonesia,59.0,60.4337500000000000,1.4
66,Golden Household,Home Care,186,SunriseMart (Indonesia),Grocery,SEA - Indonesia,62.3,63.7145833333333333,1.4
78,Prime Confections,Confectionery,186,SunriseMart (Indonesia),Grocery,SEA - Indonesia,60.5,61.8512500000000000,1.4
80,Nomad Candy Co,Confectionery,86,Bazaar Wholesale #2 (Tier 2/3),General Trade,India - Tier 2/3,61.0,62.4378000000000000,1.4
2,Bold Snacks,Salty Snacks,50,HopMart (Metro),Quick Commerce,India - Metro,58.0,59.4456896551724138,1.4
45,Pure Drinks,Beverages,112,FreshMart (Saudi),Grocery,Gulf - Saudi,61.1,62.5236666666666667,1.4
67,Golden Milk Co,Dairy,193,Local Trade Collective (Indonesia),General Trade,SEA - Indonesia,61.9,63.3287500000000000,1.4
19,Fresh Fizz,Sparkling Water,28,ExpressStop,C-Store,North America,61.7,63.0876190476190476,1.4
15,Blue Springs,Sparkling Water,123,Bazaar Wholesale (Saudi),General Trade,Gulf - Saudi,61.7,63.0650000000000000,1.4
44,Spring Pantry,Packaged Foods,69,DailyBasket (Tier 2/3),Grocery,India - Tier 2/3,60.5,61.8906000000000000,1.4
73,Blue Milk Co,Dairy,7,UrbanPantry,Grocery,North America,59.3,60.7394736842105263,1.4
83,Fresh Treats,Confectionery,124,MarketLink GT (Saudi),General Trade,Gulf - Saudi,61.1,62.4883333333333333,1.4
83,Fresh Treats,Confectionery,119,ValueTrade GT (Saudi),General Trade,Gulf - Saudi,61.1,62.4883333333333333,1.4
65,Urban Clean,Home Care,1,FreshMart,Grocery,North America,60.1,61.5100694444444444,1.4
85,Heritage Treats,Confectionery,73,Local Trade Collective (Tier 2/3),General Trade,India - Tier 2/3,61.0,62.4378000000000000,1.4
62,Royal Household,Home Care,112,FreshMart (Saudi),Grocery,Gulf - Saudi,61.8,63.1858333333333333,1.4
100,Fresh Tiny Care,Baby Care,73,Local Trade Collective (Tier 2/3),General Trade,India - Tier 2/3,60.5,61.9433333333333333,1.4
46,Fresh Refresh,Beverages,114,GreenAisle (Saudi),Grocery,Gulf - Saudi,61.1,62.5236666666666667,1.4
42,Urban Kitchen,Packaged Foods,78,Bazaar Wholesale (Tier 2/3),General Trade,India - Tier 2/3,60.5,61.8906000000000000,1.4
52,Spring Sip,Beverages,134,DashKart (Qatar),Quick Commerce,Gulf - Qatar,61.0,62.3838888888888889,1.4
17,Nomad Bubbles,Sparkling Water,36,FreshMart (Metro),Grocery,India - Metro,60.6,61.9855603448275862,1.4
33,Cloud Glow,Personal Care,68,PrimeGrocer (Tier 2/3),Grocery,India - Tier 2/3,61.4,62.8356666666666667,1.4
58,Coastal Clean,Home Care,105,FlashCart (UAE),Quick Commerce,Gulf - UAE,60.0,61.4090909090909091,1.4
107,Spring Tiny Care,Baby Care,184,PrimeGrocer (Indonesia),Grocery,SEA - Indonesia,58.3,59.7341666666666667,1.4
17,Nomad Bubbles,Sparkling Water,40,DailyBasket (Metro),Grocery,India - Metro,60.7,61.9855603448275862,1.3
56,Golden Shine,Home Care,77,Community Retail Co-op (Tier 2/3),General Trade,India - Tier 2/3,61.6,62.8800000000000000,1.3
54,Nomad Drinks,Beverages,79,MarketLink GT (Tier 2/3),General Trade,India - Tier 2/3,61.3,62.6366666666666667,1.3
65,Urban Clean,Home Care,13,GreenAisle #2,Grocery,North America,60.2,61.5100694444444444,1.3
81,Prime Candy Co,Confectionery,135,SwiftBasket (Qatar),Quick Commerce,Gulf - Qatar,59.6,60.9133333333333333,1.3
13,Urban Bubbles,Sparkling Water,174,ValueTrade GT (Philippines),General Trade,SEA - Philippines,63.4,64.6703947368421053,1.3
70,Vivid Milk Co,Dairy,75,Neighborhood Wholesale (Tier 2/3),General Trade,India - Tier 2/3,61.3,62.6312000000000000,1.3
70,Vivid Milk Co,Dairy,114,GreenAisle (Saudi),Grocery,Gulf - Saudi,59.0,60.2775000000000000,1.3
94,Crunch Cereal Co,Breakfast & Cereal,83,Neighborhood Wholesale #2 (Tier 2/3),General Trade,India - Tier 2/3,62.4,63.6752500000000000,1.3
90,Prime Grains,Breakfast & Cereal,155,ValueTrade GT (Malaysia),General Trade,SEA - Malaysia,61.3,62.5915625000000000,1.3
64,Blue Shine,Home Care,181,FreshMart (Indonesia),Grocery,SEA - Indonesia,62.4,63.7145833333333333,1.3
70,Vivid Milk Co,Dairy,123,Bazaar Wholesale (Saudi),General Trade,Gulf - Saudi,59.0,60.2775000000000000,1.3
2,Bold Snacks,Salty Snacks,41,SunriseMart (Metro),Grocery,India - Metro,58.1,59.4456896551724138,1.3
48,Silver Beverages,Beverages,136,HopMart (Qatar),Quick Commerce,Gulf - Qatar,61.1,62.3838888888888889,1.3
16,Sunrise Water Co,Sparkling Water,188,ZipCart (Indonesia),Quick Commerce,SEA - Indonesia,62.6,63.8825000000000000,1.3
93,Urban Mornings,Breakfast & Cereal,177,Community Retail Co-op (Philippines),General Trade,SEA - Philippines,60.7,62.0381578947368421,1.3
71,Golden Farms,Dairy,162,FreshMart (Philippines),Grocery,SEA - Philippines,60.1,61.3750000000000000,1.3
54,Nomad Drinks,Beverages,114,GreenAisle (Saudi),Grocery,Gulf - Saudi,61.2,62.5236666666666667,1.3
19,Fresh Fizz,Sparkling Water,69,DailyBasket (Tier 2/3),Grocery,India - Tier 2/3,62.1,63.3680000000000000,1.3
83,Fresh Treats,Confectionery,75,Neighborhood Wholesale (Tier 2/3),General Trade,India - Tier 2/3,61.1,62.4378000000000000,1.3
42,Urban Kitchen,Packaged Foods,176,Corner Store Network (Philippines),General Trade,SEA - Philippines,60.4,61.6500000000000000,1.3
34,Bold Kitchen,Packaged Foods,197,Community Retail Co-op (Indonesia),General Trade,SEA - Indonesia,63.3,64.6200000000000000,1.3
110,Meadow Tiny Care,Baby Care,39,PrimeGrocer (Metro),Grocery,India - Metro,61.9,63.2150000000000000,1.3
94,Crunch Cereal Co,Breakfast & Cereal,187,QuickDash (Indonesia),Quick Commerce,SEA - Indonesia,60.1,61.4287500000000000,1.3
92,Cloud Grains,Breakfast & Cereal,164,GreenAisle (Philippines),Grocery,SEA - Philippines,60.7,62.0381578947368421,1.3
110,Meadow Tiny Care,Baby Care,40,DailyBasket (Metro),Grocery,India - Metro,61.9,63.2150000000000000,1.3
96,Meadow Breakfast Co,Breakfast & Cereal,77,Community Retail Co-op (Tier 2/3),General Trade,India - Tier 2/3,62.5,63.6752500000000000,1.2
12,True Water Co,Sparkling Water,75,Neighborhood Wholesale (Tier 2/3),General Trade,India - Tier 2/3,62.2,63.3680000000000000,1.2
33,Cloud Glow,Personal Care,114,GreenAisle (Saudi),Grocery,Gulf - Saudi,58.7,59.8583333333333333,1.2
76,Royal Farms,Dairy,23,GreenLeaf Naturals #2,Natural,North America,59.5,60.7394736842105263,1.2
29,Golden Essentials,Personal Care,37,MetroBazaar (Metro),Grocery,India - Metro,61.5,62.6680000000000000,1.2
28,Spring Skin,Personal Care,152,HopMart (Malaysia),Quick Commerce,SEA - Malaysia,60.3,61.4575000000000000,1.2
99,Fresh Cereal Co,Breakfast & Cereal,94,DailyBasket (UAE),Grocery,Gulf - UAE,62.2,63.3928030303030303,1.2
34,Bold Kitchen,Packaged Foods,194,ValueTrade GT (Indonesia),General Trade,SEA - Indonesia,63.4,64.6200000000000000,1.2
78,Prime Confections,Confectionery,38,GreenAisle (Metro),Grocery,India - Metro,61.5,62.6568965517241379,1.2
74,Sunrise Milk Co,Dairy,68,PrimeGrocer (Tier 2/3),Grocery,India - Tier 2/3,61.4,62.6312000000000000,1.2
110,Meadow Tiny Care,Baby Care,11,FreshMart #2,Grocery,North America,61.8,63.0250000000000000,1.2
80,Nomad Candy Co,Confectionery,31,GoStop #2,C-Store,North America,60.7,61.9236111111111111,1.2
78,Prime Confections,Confectionery,61,Community Retail Co-op (Metro),General Trade,India - Metro,61.5,62.6568965517241379,1.2
103,Coastal Baby Essentials,Baby Care,66,MetroBazaar (Tier 2/3),Grocery,India - Tier 2/3,60.7,61.9433333333333333,1.2
56,Golden Shine,Home Care,71,UrbanPantry (Tier 2/3),Grocery,India - Tier 2/3,61.7,62.8800000000000000,1.2
19,Fresh Fizz,Sparkling Water,2,MetroBazaar,Grocery,North America,61.9,63.0876190476190476,1.2
63,Silver Household,Home Care,123,Bazaar Wholesale (Saudi),General Trade,Gulf - Saudi,62.0,63.1858333333333333,1.2
85,Heritage Treats,Confectionery,68,PrimeGrocer (Tier 2/3),Grocery,India - Tier 2/3,61.2,62.4378000000000000,1.2
7,Urban Bites,Salty Snacks,104,HopMart (UAE),Quick Commerce,Gulf - UAE,61.5,62.7130681818181818,1.2
6,Coastal Bites,Salty Snacks,26,CornerFuel Mart,C-Store,North America,60.2,61.3621428571428571,1.2
92,Cloud Grains,Breakfast & Cereal,173,Local Trade Collective (Philippines),General Trade,SEA - Philippines,60.8,62.0381578947368421,1.2
46,Fresh Refresh,Beverages,19,GreenLeaf Naturals,Natural,North America,61.7,62.8907142857142857,1.2
6,Coastal Bites,Salty Snacks,3,GreenAisle,Grocery,North America,60.2,61.3621428571428571,1.2
59,Pure Shine,Home Care,38,GreenAisle (Metro),Grocery,India - Metro,60.3,61.3740000000000000,1.1
46,Fresh Refresh,Beverages,16,WareClub,Club,North America,61.8,62.8907142857142857,1.1
6,Coastal Bites,Salty Snacks,8,ValueGrocer,Grocery,North America,60.3,61.3621428571428571,1.1
16,Sunrise Water Co,Sparkling Water,178,Bazaar Wholesale (Philippines),General Trade,SEA - Philippines,63.6,64.6703947368421053,1.1
53,Cloud Sip,Beverages,113,MetroBazaar (Saudi),Grocery,Gulf - Saudi,61.4,62.5236666666666667,1.1
83,Fresh Treats,Confectionery,80,Sundry Traders Network (Tier 2/3),General Trade,India - Tier 2/3,61.3,62.4378000000000000,1.1
104,Meadow Baby Co,Baby Care,137,Local Trade Collective (Qatar),General Trade,Gulf - Qatar,60.5,61.6466666666666667,1.1
22,Crunch Fizz,Sparkling Water,103,SwiftBasket (UAE),Quick Commerce,Gulf - UAE,61.9,62.9568181818181818,1.1
3,Prime Snacks,Salty Snacks,13,GreenAisle #2,Grocery,North America,60.3,61.3621428571428571,1.1
63,Silver Household,Home Care,125,Sundry Traders Network (Saudi),General Trade,Gulf - Saudi,62.1,63.1858333333333333,1.1
15,Blue Springs,Sparkling Water,117,SunriseMart (Saudi),Grocery,Gulf - Saudi,62.0,63.0650000000000000,1.1
9,Spring Crisps,Salty Snacks,91,MetroBazaar (UAE),Grocery,Gulf - UAE,61.6,62.7130681818181818,1.1
64,Blue Shine,Home Care,10,HomeFresh,Grocery,North America,60.4,61.5100694444444444,1.1
65,Urban Clean,Home Care,9,CityMart,Grocery,North America,60.4,61.5100694444444444,1.1
44,Spring Pantry,Packaged Foods,110,Corner Store Network (UAE),General Trade,Gulf - UAE,61.9,63.0119318181818182,1.1
21,Golden Fizz,Sparkling Water,152,HopMart (Malaysia),Quick Commerce,SEA - Malaysia,60.5,61.5825000000000000,1.1
65,Urban Clean,Home Care,3,GreenAisle,Grocery,North America,60.4,61.5100694444444444,1.1
88,Pure Treats,Confectionery,194,ValueTrade GT (Indonesia),General Trade,SEA - Indonesia,60.8,61.8512500000000000,1.1
47,Sunrise Refresh,Beverages,86,Bazaar Wholesale #2 (Tier 2/3),General Trade,India - Tier 2/3,61.5,62.6366666666666667,1.1
51,Coastal Drinks,Beverages,147,SunriseMart (Malaysia),Grocery,SEA - Malaysia,60.7,61.7712500000000000,1.1
4,Blue Bites,Salty Snacks,161,Sundry Traders Network (Malaysia),General Trade,SEA - Malaysia,59.2,60.3325000000000000,1.1
97,Royal Breakfast Co,Breakfast & Cereal,156,Neighborhood Wholesale (Malaysia),General Trade,SEA - Malaysia,61.5,62.5915625000000000,1.1
7,Urban Bites,Salty Snacks,94,DailyBasket (UAE),Grocery,Gulf - UAE,61.6,62.7130681818181818,1.1
36,Cloud Table,Packaged Foods,87,MarketLink GT #2 (Tier 2/3),General Trade,India - Tier 2/3,60.9,61.8906000000000000,1.0
33,Cloud Glow,Personal Care,79,MarketLink GT (Tier 2/3),General Trade,India - Tier 2/3,61.8,62.8356666666666667,1.0
47,Sunrise Refresh,Beverages,88,Sundry Traders Network #2 (Tier 2/3),General Trade,India - Tier 2/3,61.6,62.6366666666666667,1.0
90,Prime Grains,Breakfast & Cereal,108,ValueTrade GT (UAE),General Trade,Gulf - UAE,62.4,63.3928030303030303,1.0
17,Nomad Bubbles,Sparkling Water,39,PrimeGrocer (Metro),Grocery,India - Metro,61.0,61.9855603448275862,1.0
104,Meadow Baby Co,Baby Care,140,Corner Store Network (Qatar),General Trade,Gulf - Qatar,60.6,61.6466666666666667,1.0
99,Fresh Cereal Co,Breakfast & Cereal,146,DailyBasket (Malaysia),Grocery,SEA - Malaysia,61.6,62.5915625000000000,1.0
35,Silver Table,Packaged Foods,12,MetroBazaar #2,Grocery,North America,61.5,62.4755208333333333,1.0
24,Spring Care,Personal Care,136,HopMart (Qatar),Quick Commerce,Gulf - Qatar,60.6,61.5616666666666667,1.0
39,Blue Kitchen,Packaged Foods,145,PrimeGrocer (Malaysia),Grocery,SEA - Malaysia,61.5,62.4881250000000000,1.0
86,True Candy Co,Confectionery,170,DashKart (Philippines),Quick Commerce,SEA - Philippines,62.0,63.0394736842105263,1.0
14,Golden Bubbles,Sparkling Water,30,CornerFuel Mart #2,C-Store,North America,62.1,63.0876190476190476,1.0
43,Coastal Table,Packaged Foods,73,Local Trade Collective (Tier 2/3),General Trade,India - Tier 2/3,60.9,61.8906000000000000,1.0
44,Spring Pantry,Packaged Foods,104,HopMart (UAE),Quick Commerce,Gulf - UAE,62.0,63.0119318181818182,1.0
1,True Snacks,Salty Snacks,73,Local Trade Collective (Tier 2/3),General Trade,India - Tier 2/3,62.0,63.0406666666666667,1.0
43,Coastal Table,Packaged Foods,72,ValueGrocer (Tier 2/3),Grocery,India - Tier 2/3,60.9,61.8906000000000000,1.0
85,Heritage Treats,Confectionery,68,PrimeGrocer (Tier 2/3),Grocery,India - Tier 2/3,61.4,62.4378000000000000,1.0
69,Everyday Milk Co,Dairy,157,Corner Store Network (Malaysia),General Trade,SEA - Malaysia,63.6,64.5987500000000000,1.0
90,Prime Grains,Breakfast & Cereal,108,ValueTrade GT (UAE),General Trade,Gulf - UAE,62.4,63.3928030303030303,1.0
104,Meadow Baby Co,Baby Care,186,SunriseMart (Indonesia),Grocery,SEA - Indonesia,58.7,59.7341666666666667,1.0
43,Coastal Table,Packaged Foods,46,QuickDash (Metro),Quick Commerce,India - Metro,61.3,62.2600000000000000,1.0
109,Silver Little Ones,Baby Care,139,Neighborhood Wholesale (Qatar),General Trade,Gulf - Qatar,60.6,61.6466666666666667,1.0
110,Meadow Tiny Care,Baby Care,51,FlashCart (Metro),Quick Commerce,India - Metro,62.2,63.2150000000000000,1.0
89,Nomad Mornings,Breakfast & Cereal,75,Neighborhood Wholesale (Tier 2/3),General Trade,India - Tier 2/3,62.7,63.6752500000000000,1.0
94,Crunch Cereal Co,Breakfast & Cereal,66,MetroBazaar (Tier 2/3),Grocery,India - Tier 2/3,62.7,63.6752500000000000,1.0
75,Vivid Dairy,Dairy,105,FlashCart (UAE),Quick Commerce,Gulf - UAE,63.2,64.2289473684210526,1.0
24,Spring Care,Personal Care,139,Neighborhood Wholesale (Qatar),General Trade,Gulf - Qatar,60.6,61.5616666666666667,1.0
53,Cloud Sip,Beverages,117,SunriseMart (Saudi),Grocery,Gulf - Saudi,61.5,62.5236666666666667,1.0
89,Nomad Mornings,Breakfast & Cereal,72,ValueGrocer (Tier 2/3),Grocery,India - Tier 2/3,62.7,63.6752500000000000,1.0
11,Silver Snacks,Salty Snacks,25,QuickStop,C-Store,North America,60.4,61.3621428571428571,1.0
96,Meadow Breakfast Co,Breakfast & Cereal,72,ValueGrocer (Tier 2/3),Grocery,India - Tier 2/3,62.8,63.6752500000000000,0.9
103,Coastal Baby Essentials,Baby Care,65,FreshMart (Tier 2/3),Grocery,India - Tier 2/3,61.0,61.9433333333333333,0.9
104,Meadow Baby Co,Baby Care,132,QuickDash (Qatar),Quick Commerce,Gulf - Qatar,60.7,61.6466666666666667,0.9
44,Spring Pantry,Packaged Foods,101,ZipCart (UAE),Quick Commerce,Gulf - UAE,62.1,63.0119318181818182,0.9
80,Nomad Candy Co,Confectionery,30,CornerFuel Mart #2,C-Store,North America,61.0,61.9236111111111111,0.9
50,Crunch Drinks,Beverages,167,SunriseMart (Philippines),Grocery,SEA - Philippines,63.6,64.5381578947368421,0.9
50,Crunch Drinks,Beverages,171,SwiftBasket (Philippines),Quick Commerce,SEA - Philippines,63.6,64.5381578947368421,0.9
11,Silver Snacks,Salty Snacks,7,UrbanPantry,Grocery,North America,60.5,61.3621428571428571,0.9
76,Royal Farms,Dairy,1,FreshMart,Grocery,North America,59.8,60.7394736842105263,0.9
76,Royal Farms,Dairy,2,MetroBazaar,Grocery,North America,59.8,60.7394736842105263,0.9
42,Urban Kitchen,Packaged Foods,68,PrimeGrocer (Tier 2/3),Grocery,India - Tier 2/3,61.0,61.8906000000000000,0.9
83,Fresh Treats,Confectionery,71,UrbanPantry (Tier 2/3),Grocery,India - Tier 2/3,61.5,62.4378000000000000,0.9
76,Royal Farms,Dairy,11,FreshMart #2,Grocery,North America,59.8,60.7394736842105263,0.9
9,Spring Crisps,Salty Snacks,90,FreshMart (UAE),Grocery,Gulf - UAE,61.8,62.7130681818181818,0.9
106,Vivid Little Ones,Baby Care,122,Community Retail Co-op (Saudi),General Trade,Gulf - Saudi,63.7,64.5725000000000000,0.9
84,Everyday Treats,Confectionery,191,HopMart (Indonesia),Quick Commerce,SEA - Indonesia,61.0,61.8512500000000000,0.9
54,Nomad Drinks,Beverages,84,Corner Store Network #2 (Tier 2/3),General Trade,India - Tier 2/3,61.7,62.6366666666666667,0.9
84,Everyday Treats,Confectionery,200,Sundry Traders Network (Indonesia),General Trade,SEA - Indonesia,61.0,61.8512500000000000,0.9
8,Meadow Crisps,Salty Snacks,70,SunriseMart (Tier 2/3),Grocery,India - Tier 2/3,62.1,63.0406666666666667,0.9
86,True Candy Co,Confectionery,176,Corner Store Network (Philippines),General Trade,SEA - Philippines,62.1,63.0394736842105263,0.9
73,Blue Milk Co,Dairy,3,GreenAisle,Grocery,North America,59.8,60.7394736842105263,0.9
36,Cloud Table,Packaged Foods,84,Corner Store Network #2 (Tier 2/3),General Trade,India - Tier 2/3,61.0,61.8906000000000000,0.9
18,Royal Fizz,Sparkling Water,7,UrbanPantry,Grocery,North America,62.2,63.0876190476190476,0.9
87,Pure Sweets,Confectionery,29,QuickStop #2,C-Store,North America,61.0,61.9236111111111111,0.9
6,Coastal Bites,Salty Snacks,26,CornerFuel Mart,C-Store,North America,60.5,61.3621428571428571,0.9
94,Crunch Cereal Co,Breakfast & Cereal,84,Corner Store Network #2 (Tier 2/3),General Trade,India - Tier 2/3,62.8,63.6752500000000000,0.9
20,Heritage Springs,Sparkling Water,40,DailyBasket (Metro),Grocery,India - Metro,61.1,61.9855603448275862,0.9
109,Silver Little Ones,Baby Care,129,GreenAisle (Qatar),Grocery,Gulf - Qatar,60.7,61.6466666666666667,0.9
13,Urban Bubbles,Sparkling Water,178,Bazaar Wholesale (Philippines),General Trade,SEA - Philippines,63.8,64.6703947368421053,0.9
70,Vivid Milk Co,Dairy,87,MarketLink GT #2 (Tier 2/3),General Trade,India - Tier 2/3,61.7,62.6312000000000000,0.9
29,Golden Essentials,Personal Care,55,DartMart (Metro),Quick Commerce,India - Metro,61.8,62.6680000000000000,0.9
91,Coastal Cereal Co,Breakfast & Cereal,120,Neighborhood Wholesale (Saudi),General Trade,Gulf - Saudi,58.5,59.3711111111111111,0.9
22,Crunch Fizz,Sparkling Water,96,UrbanPantry (UAE),Grocery,Gulf - UAE,62.1,62.9568181818181818,0.9
27,Golden Glow,Personal Care,197,Community Retail Co-op (Indonesia),General Trade,SEA - Indonesia,59.5,60.4337500000000000,0.9
66,Golden Household,Home Care,66,MetroBazaar (Tier 2/3),Grocery,India - Tier 2/3,62.0,62.8800000000000000,0.9
92,Cloud Grains,Breakfast & Cereal,176,Corner Store Network (Philippines),General Trade,SEA - Philippines,61.1,62.0381578947368421,0.9
47,Sunrise Refresh,Beverages,84,Corner Store Network #2 (Tier 2/3),General Trade,India - Tier 2/3,61.7,62.6366666666666667,0.9
96,Meadow Breakfast Co,Breakfast & Cereal,71,UrbanPantry (Tier 2/3),Grocery,India - Tier 2/3,62.9,63.6752500000000000,0.8
27,Golden Glow,Personal Care,184,PrimeGrocer (Indonesia),Grocery,SEA - Indonesia,59.6,60.4337500000000000,0.8
53,Cloud Sip,Beverages,131,DailyBasket (Qatar),Grocery,Gulf - Qatar,61.6,62.3838888888888889,0.8
90,Prime Grains,Breakfast & Cereal,153,FlashCart (Malaysia),Quick Commerce,SEA - Malaysia,61.8,62.5915625000000000,0.8
106,Vivid Little Ones,Baby Care,79,MarketLink GT (Tier 2/3),General Trade,India - Tier 2/3,61.1,61.9433333333333333,0.8
18,Royal Fizz,Sparkling Water,3,GreenAisle,Grocery,North America,62.3,63.0876190476190476,0.8
108,Crunch Baby Co,Baby Care,85,Community Retail Co-op #2 (Tier 2/3),General Trade,India - Tier 2/3,61.1,61.9433333333333333,0.8
19,Fresh Fizz,Sparkling Water,24,PureRoots Market #2,Natural,North America,62.3,63.0876190476190476,0.8
13,Urban Bubbles,Sparkling Water,176,Corner Store Network (Philippines),General Trade,SEA - Philippines,63.9,64.6703947368421053,0.8
35,Silver Table,Packaged Foods,67,GreenAisle (Tier 2/3),Grocery,India - Tier 2/3,61.1,61.8906000000000000,0.8
96,Meadow Breakfast Co,Breakfast & Cereal,88,Sundry Traders Network #2 (Tier 2/3),General Trade,India - Tier 2/3,62.9,63.6752500000000000,0.8
82,Meadow Treats,Confectionery,6,SunriseMart,Grocery,North America,61.1,61.9236111111111111,0.8
50,Crunch Drinks,Beverages,180,Sundry Traders Network (Philippines),General Trade,SEA - Philippines,63.7,64.5381578947368421,0.8
12,True Water Co,Sparkling Water,61,Community Retail Co-op (Metro),General Trade,India - Metro,61.2,61.9855603448275862,0.8
36,Cloud Table,Packaged Foods,85,Community Retail Co-op #2 (Tier 2/3),General Trade,India - Tier 2/3,61.1,61.8906000000000000,0.8
12,True Water Co,Sparkling Water,47,ZipCart (Metro),Quick Commerce,India - Metro,61.2,61.9855603448275862,0.8
87,Pure Sweets,Confectionery,29,QuickStop #2,C-Store,North America,61.1,61.9236111111111111,0.8
90,Prime Grains,Breakfast & Cereal,95,SunriseMart (UAE),Grocery,Gulf - UAE,62.6,63.3928030303030303,0.8
12,True Water Co,Sparkling Water,41,SunriseMart (Metro),Grocery,India - Metro,61.2,61.9855603448275862,0.8
5,Urban Crisps,Salty Snacks,138,ValueTrade GT (Qatar),General Trade,Gulf - Qatar,60.2,60.9850000000000000,0.8
19,Fresh Fizz,Sparkling Water,83,Neighborhood Wholesale #2 (Tier 2/3),General Trade,India - Tier 2/3,62.6,63.3680000000000000,0.8
75,Vivid Dairy,Dairy,91,MetroBazaar (UAE),Grocery,Gulf - UAE,63.4,64.2289473684210526,0.8
36,Cloud Table,Packaged Foods,130,PrimeGrocer (Qatar),Grocery,Gulf - Qatar,65.9,66.6983333333333333,0.8
106,Vivid Little Ones,Baby Care,86,Bazaar Wholesale #2 (Tier 2/3),General Trade,India - Tier 2/3,61.1,61.9433333333333333,0.8
47,Sunrise Refresh,Beverages,80,Sundry Traders Network (Tier 2/3),General Trade,India - Tier 2/3,61.8,62.6366666666666667,0.8
22,Crunch Fizz,Sparkling Water,109,Neighborhood Wholesale (UAE),General Trade,Gulf - UAE,62.2,62.9568181818181818,0.8
107,Spring Tiny Care,Baby Care,199,MarketLink GT (Indonesia),General Trade,SEA - Indonesia,58.9,59.7341666666666667,0.8
7,Urban Bites,Salty Snacks,182,MetroBazaar (Indonesia),Grocery,SEA - Indonesia,57.4,58.1575000000000000,0.8
56,Golden Shine,Home Care,68,PrimeGrocer (Tier 2/3),Grocery,India - Tier 2/3,62.1,62.8800000000000000,0.8
19,Fresh Fizz,Sparkling Water,89,Local Trade Collective #3 (Tier 2/3),General Trade,India - Tier 2/3,62.6,63.3680000000000000,0.8
19,Fresh Fizz,Sparkling Water,75,Neighborhood Wholesale (Tier 2/3),General Trade,India - Tier 2/3,62.6,63.3680000000000000,0.8
96,Meadow Breakfast Co,Breakfast & Cereal,76,Corner Store Network (Tier 2/3),General Trade,India - Tier 2/3,62.9,63.6752500000000000,0.8
67,Golden Milk Co,Dairy,185,DailyBasket (Indonesia),Grocery,SEA - Indonesia,62.6,63.3287500000000000,0.7
46,Fresh Refresh,Beverages,35,GoStop #3,C-Store,North America,62.2,62.8907142857142857,0.7
28,Spring Skin,Personal Care,20,PureRoots Market,Natural,North America,62.5,63.2026315789473684,0.7
62,Royal Household,Home Care,15,BulkBasket Club,Club,North America,60.8,61.5100694444444444,0.7
91,Coastal Cereal Co,Breakfast & Cereal,126,Local Trade Collective #2 (Saudi),General Trade,Gulf - Saudi,58.7,59.3711111111111111,0.7
39,Blue Kitchen,Packaged Foods,150,DashKart (Malaysia),Quick Commerce,SEA - Malaysia,61.8,62.4881250000000000,0.7
73,Blue Milk Co,Dairy,194,ValueTrade GT (Indonesia),General Trade,SEA - Indonesia,62.6,63.3287500000000000,0.7
36,Cloud Table,Packaged Foods,79,MarketLink GT (Tier 2/3),General Trade,India - Tier 2/3,61.2,61.8906000000000000,0.7
54,Nomad Drinks,Beverages,75,Neighborhood Wholesale (Tier 2/3),General Trade,India - Tier 2/3,61.9,62.6366666666666667,0.7
36,Cloud Table,Packaged Foods,68,PrimeGrocer (Tier 2/3),Grocery,India - Tier 2/3,61.2,61.8906000000000000,0.7
35,Silver Table,Packaged Foods,21,EarthAisle,Natural,North America,61.8,62.4755208333333333,0.7
83,Fresh Treats,Confectionery,78,Bazaar Wholesale (Tier 2/3),General Trade,India - Tier 2/3,61.7,62.4378000000000000,0.7
58,Coastal Clean,Home Care,191,HopMart (Indonesia),Quick Commerce,SEA - Indonesia,63.0,63.7145833333333333,0.7
80,Nomad Candy Co,Confectionery,9,CityMart,Grocery,North America,61.2,61.9236111111111111,0.7
74,Sunrise Milk Co,Dairy,88,Sundry Traders Network #2 (Tier 2/3),General Trade,India - Tier 2/3,61.9,62.6312000000000000,0.7
10,Silver Chips,Salty Snacks,119,ValueTrade GT (Saudi),General Trade,Gulf - Saudi,61.6,62.3475000000000000,0.7
97,Royal Breakfast Co,Breakfast & Cereal,154,Local Trade Collective (Malaysia),General Trade,SEA - Malaysia,61.9,62.5915625000000000,0.7
97,Royal Breakfast Co,Breakfast & Cereal,149,ZipCart (Malaysia),Quick Commerce,SEA - Malaysia,61.9,62.5915625000000000,0.7
78,Prime Confections,Confectionery,190,SwiftBasket (Indonesia),Quick Commerce,SEA - Indonesia,61.2,61.8512500000000000,0.7
51,Coastal Drinks,Beverages,30,CornerFuel Mart #2,C-Store,North America,62.2,62.8907142857142857,0.7
78,Prime Confections,Confectionery,188,ZipCart (Indonesia),Quick Commerce,SEA - Indonesia,61.2,61.8512500000000000,0.7
47,Sunrise Refresh,Beverages,124,MarketLink GT (Saudi),General Trade,Gulf - Saudi,61.8,62.5236666666666667,0.7
82,Meadow Treats,Confectionery,34,CornerFuel Mart #3,C-Store,North America,61.2,61.9236111111111111,0.7
2,Bold Snacks,Salty Snacks,52,NimbleMart (Metro),Quick Commerce,India - Metro,58.7,59.4456896551724138,0.7
104,Meadow Baby Co,Baby Care,200,Sundry Traders Network (Indonesia),General Trade,SEA - Indonesia,59.0,59.7341666666666667,0.7
14,Golden Bubbles,Sparkling Water,26,CornerFuel Mart,C-Store,North America,62.4,63.0876190476190476,0.7
3,Prime Snacks,Salty Snacks,15,BulkBasket Club,Club,North America,60.7,61.3621428571428571,0.7
30,Cloud Essentials,Personal Care,11,FreshMart #2,Grocery,North America,62.5,63.2026315789473684,0.7
11,Silver Snacks,Salty Snacks,33,QuickStop #3,C-Store,North America,60.7,61.3621428571428571,0.7
21,Golden Fizz,Sparkling Water,60,Corner Store Network (Metro),General Trade,India - Metro,61.4,61.9855603448275862,0.6
52,Spring Sip,Beverages,131,DailyBasket (Qatar),Grocery,Gulf - Qatar,61.8,62.3838888888888889,0.6
12,True Water Co,Sparkling Water,62,Bazaar Wholesale (Metro),General Trade,India - Metro,61.4,61.9855603448275862,0.6
109,Silver Little Ones,Baby Care,140,Corner Store Network (Qatar),General Trade,Gulf - Qatar,61.0,61.6466666666666667,0.6
97,Royal Breakfast Co,Breakfast & Cereal,144,GreenAisle (Malaysia),Grocery,SEA - Malaysia,62.0,62.5915625000000000,0.6
70,Vivid Milk Co,Dairy,89,Local Trade Collective #3 (Tier 2/3),General Trade,India - Tier 2/3,62.0,62.6312000000000000,0.6
92,Cloud Grains,Breakfast & Cereal,176,Corner Store Network (Philippines),General Trade,SEA - Philippines,61.4,62.0381578947368421,0.6
6,Coastal Bites,Salty Snacks,123,Bazaar Wholesale (Saudi),General Trade,Gulf - Saudi,61.7,62.3475000000000000,0.6
10,Silver Chips,Salty Snacks,114,GreenAisle (Saudi),Grocery,Gulf - Saudi,61.7,62.3475000000000000,0.6
50,Crunch Drinks,Beverages,195,Neighborhood Wholesale (Indonesia),General Trade,SEA - Indonesia,60.1,60.6750000000000000,0.6
16,Sunrise Water Co,Sparkling Water,183,GreenAisle (Indonesia),Grocery,SEA - Indonesia,63.3,63.8825000000000000,0.6
18,Royal Fizz,Sparkling Water,1,FreshMart,Grocery,North America,62.5,63.0876190476190476,0.6
12,True Water Co,Sparkling Water,82,ValueTrade GT #2 (Tier 2/3),General Trade,India - Tier 2/3,62.8,63.3680000000000000,0.6
9,Spring Crisps,Salty Snacks,98,BulkBasket Club (UAE),Club,Gulf - UAE,62.1,62.7130681818181818,0.6
81,Prime Candy Co,Confectionery,139,Neighborhood Wholesale (Qatar),General Trade,Gulf - Qatar,60.3,60.9133333333333333,0.6
21,Golden Fizz,Sparkling Water,156,Neighborhood Wholesale (Malaysia),General Trade,SEA - Malaysia,61.0,61.5825000000000000,0.6
76,Royal Farms,Dairy,2,MetroBazaar,Grocery,North America,60.1,60.7394736842105263,0.6
46,Fresh Refresh,Beverages,11,FreshMart #2,Grocery,North America,62.3,62.8907142857142857,0.6
43,Coastal Table,Packaged Foods,86,Bazaar Wholesale #2 (Tier 2/3),General Trade,India - Tier 2/3,61.3,61.8906000000000000,0.6
7,Urban Bites,Salty Snacks,108,ValueTrade GT (UAE),General Trade,Gulf - UAE,62.1,62.7130681818181818,0.6
29,Golden Essentials,Personal Care,36,FreshMart (Metro),Grocery,India - Metro,62.1,62.6680000000000000,0.6
1,True Snacks,Salty Snacks,74,ValueTrade GT (Tier 2/3),General Trade,India - Tier 2/3,62.4,63.0406666666666667,0.6
98,Coastal Mornings,Breakfast & Cereal,121,Corner Store Network (Saudi),General Trade,Gulf - Saudi,58.8,59.3711111111111111,0.6
90,Prime Grains,Breakfast & Cereal,93,PrimeGrocer (UAE),Grocery,Gulf - UAE,62.8,63.3928030303030303,0.6
82,Meadow Treats,Confectionery,11,FreshMart #2,Grocery,North America,61.3,61.9236111111111111,0.6
19,Fresh Fizz,Sparkling Water,74,ValueTrade GT (Tier 2/3),General Trade,India - Tier 2/3,62.8,63.3680000000000000,0.6
34,Bold Kitchen,Packaged Foods,197,Community Retail Co-op (Indonesia),General Trade,SEA - Indonesia,64.0,64.6200000000000000,0.6
2,Bold Snacks,Salty Snacks,58,ValueTrade GT (Metro),General Trade,India - Metro,58.8,59.4456896551724138,0.6
57,Cloud Shine,Home Care,69,DailyBasket (Tier 2/3),Grocery,India - Tier 2/3,62.3,62.8800000000000000,0.6
69,Everyday Milk Co,Dairy,149,ZipCart (Malaysia),Quick Commerce,SEA - Malaysia,64.0,64.5987500000000000,0.6
86,True Candy Co,Confectionery,175,Neighborhood Wholesale (Philippines),General Trade,SEA - Philippines,62.4,63.0394736842105263,0.6
34,Bold Kitchen,Packaged Foods,154,Local Trade Collective (Malaysia),General Trade,SEA - Malaysia,61.9,62.4881250000000000,0.6
41,Royal Kitchen,Packaged Foods,20,PureRoots Market,Natural,North America,62.0,62.4755208333333333,0.5
7,Urban Bites,Salty Snacks,100,QuickDash (UAE),Quick Commerce,Gulf - UAE,62.2,62.7130681818181818,0.5
41,Royal Kitchen,Packaged Foods,7,UrbanPantry,Grocery,North America,62.0,62.4755208333333333,0.5
66,Golden Household,Home Care,199,MarketLink GT (Indonesia),General Trade,SEA - Indonesia,63.2,63.7145833333333333,0.5
98,Coastal Mornings,Breakfast & Cereal,112,FreshMart (Saudi),Grocery,Gulf - Saudi,58.9,59.3711111111111111,0.5
104,Meadow Baby Co,Baby Care,132,QuickDash (Qatar),Quick Commerce,Gulf - Qatar,61.1,61.6466666666666667,0.5
106,Vivid Little Ones,Baby Care,81,Local Trade Collective #2 (Tier 2/3),General Trade,India - Tier 2/3,61.4,61.9433333333333333,0.5
78,Prime Confections,Confectionery,50,HopMart (Metro),Quick Commerce,India - Metro,62.2,62.6568965517241379,0.5
22,Crunch Fizz,Sparkling Water,107,Local Trade Collective (UAE),General Trade,Gulf - UAE,62.5,62.9568181818181818,0.5
16,Sunrise Water Co,Sparkling Water,168,QuickDash (Philippines),Quick Commerce,SEA - Philippines,64.2,64.6703947368421053,0.5
11,Silver Snacks,Salty Snacks,79,MarketLink GT (Tier 2/3),General Trade,India - Tier 2/3,62.5,63.0406666666666667,0.5
52,Spring Sip,Beverages,127,FreshMart (Qatar),Grocery,Gulf - Qatar,61.9,62.3838888888888889,0.5
67,Golden Milk Co,Dairy,193,Local Trade Collective (Indonesia),General Trade,SEA - Indonesia,62.8,63.3287500000000000,0.5
55,Vivid Sip,Beverages,53,RapidBasket (Metro),Quick Commerce,India - Metro,61.6,62.0715517241379310,0.5
37,Heritage Kitchen,Packaged Foods,125,Sundry Traders Network (Saudi),General Trade,Gulf - Saudi,60.5,61.0458333333333333,0.5
32,Cloud Skin,Personal Care,86,Bazaar Wholesale #2 (Tier 2/3),General Trade,India - Tier 2/3,62.3,62.8356666666666667,0.5
62,Royal Household,Home Care,8,ValueGrocer,Grocery,North America,61.0,61.5100694444444444,0.5
32,Cloud Skin,Personal Care,76,Corner Store Network (Tier 2/3),General Trade,India - Tier 2/3,62.3,62.8356666666666667,0.5
64,Blue Shine,Home Care,194,ValueTrade GT (Indonesia),General Trade,SEA - Indonesia,63.2,63.7145833333333333,0.5
61,Crunch Household,Home Care,52,NimbleMart (Metro),Quick Commerce,India - Metro,60.9,61.3740000000000000,0.5
44,Spring Pantry,Packaged Foods,96,UrbanPantry (UAE),Grocery,Gulf - UAE,62.5,63.0119318181818182,0.5
79,Coastal Candy Co,Confectionery,79,MarketLink GT (Tier 2/3),General Trade,India - Tier 2/3,61.9,62.4378000000000000,0.5
107,Spring Tiny Care,Baby Care,199,MarketLink GT (Indonesia),General Trade,SEA - Indonesia,59.2,59.7341666666666667,0.5
45,Pure Drinks,Beverages,116,DailyBasket (Saudi),Grocery,Gulf - Saudi,62.0,62.5236666666666667,0.5
21,Golden Fizz,Sparkling Water,47,ZipCart (Metro),Quick Commerce,India - Metro,61.5,61.9855603448275862,0.5
44,Spring Pantry,Packaged Foods,109,Neighborhood Wholesale (UAE),General Trade,Gulf - UAE,62.5,63.0119318181818182,0.5
12,True Water Co,Sparkling Water,54,GoCart Express (Metro),Quick Commerce,India - Metro,61.5,61.9855603448275862,0.5
78,Prime Confections,Confectionery,185,DailyBasket (Indonesia),Grocery,SEA - Indonesia,61.4,61.8512500000000000,0.5
55,Vivid Sip,Beverages,62,Bazaar Wholesale (Metro),General Trade,India - Metro,61.6,62.0715517241379310,0.5
12,True Water Co,Sparkling Water,38,GreenAisle (Metro),Grocery,India - Metro,61.5,61.9855603448275862,0.5
63,Silver Household,Home Care,118,Local Trade Collective (Saudi),General Trade,Gulf - Saudi,62.7,63.1858333333333333,0.5
82,Meadow Treats,Confectionery,84,Corner Store Network #2 (Tier 2/3),General Trade,India - Tier 2/3,61.9,62.4378000000000000,0.5
34,Bold Kitchen,Packaged Foods,187,QuickDash (Indonesia),Quick Commerce,SEA - Indonesia,64.1,64.6200000000000000,0.5
24,Spring Care,Personal Care,100,QuickDash (UAE),Quick Commerce,Gulf - UAE,62.6,63.1394736842105263,0.5
89,Nomad Mornings,Breakfast & Cereal,18,SaverClub #2,Club,North America,62.7,63.0944444444444444,0.4
89,Nomad Mornings,Breakfast & Cereal,76,Corner Store Network (Tier 2/3),General Trade,India - Tier 2/3,63.3,63.6752500000000000,0.4
36,Cloud Table,Packaged Foods,87,MarketLink GT #2 (Tier 2/3),General Trade,India - Tier 2/3,61.5,61.8906000000000000,0.4
5,Urban Crisps,Salty Snacks,128,MetroBazaar (Qatar),Grocery,Gulf - Qatar,60.6,60.9850000000000000,0.4
64,Blue Shine,Home Care,14,SaverClub,Club,North America,61.1,61.5100694444444444,0.4
1,True Snacks,Salty Snacks,80,Sundry Traders Network (Tier 2/3),General Trade,India - Tier 2/3,62.6,63.0406666666666667,0.4
42,Urban Kitchen,Packaged Foods,169,ZipCart (Philippines),Quick Commerce,SEA - Philippines,61.3,61.6500000000000000,0.4
60,True Shine,Home Care,104,HopMart (UAE),Quick Commerce,Gulf - UAE,61.0,61.4090909090909091,0.4
72,Nomad Milk Co,Dairy,71,UrbanPantry (Tier 2/3),Grocery,India - Tier 2/3,62.2,62.6312000000000000,0.4
89,Nomad Mornings,Breakfast & Cereal,17,MegaValue Club,Club,North America,62.7,63.0944444444444444,0.4
90,Prime Grains,Breakfast & Cereal,159,Bazaar Wholesale (Malaysia),General Trade,SEA - Malaysia,62.2,62.5915625000000000,0.4
24,Spring Care,Personal Care,139,Neighborhood Wholesale (Qatar),General Trade,Gulf - Qatar,61.2,61.5616666666666667,0.4
99,Fresh Cereal Co,Breakfast & Cereal,144,GreenAisle (Malaysia),Grocery,SEA - Malaysia,62.2,62.5915625000000000,0.4
43,Coastal Table,Packaged Foods,82,ValueTrade GT #2 (Tier 2/3),General Trade,India - Tier 2/3,61.5,61.8906000000000000,0.4
14,Golden Bubbles,Sparkling Water,13,GreenAisle #2,Grocery,North America,62.7,63.0876190476190476,0.4
17,Nomad Bubbles,Sparkling Water,37,MetroBazaar (Metro),Grocery,India - Metro,61.6,61.9855603448275862,0.4
46,Fresh Refresh,Beverages,3,GreenAisle,Grocery,North America,62.5,62.8907142857142857,0.4
85,Heritage Treats,Confectionery,77,Community Retail Co-op (Tier 2/3),General Trade,India - Tier 2/3,62.0,62.4378000000000000,0.4
100,Fresh Tiny Care,Baby Care,76,Corner Store Network (Tier 2/3),General Trade,India - Tier 2/3,61.5,61.9433333333333333,0.4
69,Everyday Milk Co,Dairy,142,FreshMart (Malaysia),Grocery,SEA - Malaysia,64.2,64.5987500000000000,0.4
16,Sunrise Water Co,Sparkling Water,165,PrimeGrocer (Philippines),Grocery,SEA - Philippines,64.3,64.6703947368421053,0.4
43,Coastal Table,Packaged Foods,38,GreenAisle (Metro),Grocery,India - Metro,61.9,62.2600000000000000,0.4
17,Nomad Bubbles,Sparkling Water,55,DartMart (Metro),Quick Commerce,India - Metro,61.6,61.9855603448275862,0.4
83,Fresh Treats,Confectionery,88,Sundry Traders Network #2 (Tier 2/3),General Trade,India - Tier 2/3,62.0,62.4378000000000000,0.4
109,Silver Little Ones,Baby Care,132,QuickDash (Qatar),Quick Commerce,Gulf - Qatar,61.2,61.6466666666666667,0.4
75,Vivid Dairy,Dairy,77,Community Retail Co-op (Tier 2/3),General Trade,India - Tier 2/3,62.2,62.6312000000000000,0.4
75,Vivid Dairy,Dairy,80,Sundry Traders Network (Tier 2/3),General Trade,India - Tier 2/3,62.2,62.6312000000000000,0.4
109,Silver Little Ones,Baby Care,8,ValueGrocer,Grocery,North America,62.6,63.0250000000000000,0.4
110,Meadow Tiny Care,Baby Care,62,Bazaar Wholesale (Metro),General Trade,India - Metro,62.8,63.2150000000000000,0.4
4,Blue Bites,Salty Snacks,158,Community Retail Co-op (Malaysia),General Trade,SEA - Malaysia,59.9,60.3325000000000000,0.4
94,Crunch Cereal Co,Breakfast & Cereal,200,Sundry Traders Network (Indonesia),General Trade,SEA - Indonesia,61.0,61.4287500000000000,0.4
71,Golden Farms,Dairy,169,ZipCart (Philippines),Quick Commerce,SEA - Philippines,61.0,61.3750000000000000,0.4
96,Meadow Breakfast Co,Breakfast & Cereal,68,PrimeGrocer (Tier 2/3),Grocery,India - Tier 2/3,63.3,63.6752500000000000,0.4
2,Bold Snacks,Salty Snacks,120,Neighborhood Wholesale (Saudi),General Trade,Gulf - Saudi,61.9,62.3475000000000000,0.4
70,Vivid Milk Co,Dairy,74,ValueTrade GT (Tier 2/3),General Trade,India - Tier 2/3,62.3,62.6312000000000000,0.3
75,Vivid Dairy,Dairy,101,ZipCart (UAE),Quick Commerce,Gulf - UAE,63.9,64.2289473684210526,0.3
73,Blue Milk Co,Dairy,7,UrbanPantry,Grocery,North America,60.4,60.7394736842105263,0.3
35,Silver Table,Packaged Foods,7,UrbanPantry,Grocery,North America,62.2,62.4755208333333333,0.3
108,Crunch Baby Co,Baby Care,89,Local Trade Collective #3 (Tier 2/3),General Trade,India - Tier 2/3,61.6,61.9433333333333333,0.3
75,Vivid Dairy,Dairy,89,Local Trade Collective #3 (Tier 2/3),General Trade,India - Tier 2/3,62.3,62.6312000000000000,0.3
42,Urban Kitchen,Packaged Foods,75,Neighborhood Wholesale (Tier 2/3),General Trade,India - Tier 2/3,61.6,61.8906000000000000,0.3
58,Coastal Clean,Home Care,98,BulkBasket Club (UAE),Club,Gulf - UAE,61.1,61.4090909090909091,0.3
19,Fresh Fizz,Sparkling Water,83,Neighborhood Wholesale #2 (Tier 2/3),General Trade,India - Tier 2/3,63.1,63.3680000000000000,0.3
51,Coastal Drinks,Beverages,31,GoStop #2,C-Store,North America,62.6,62.8907142857142857,0.3
16,Sunrise Water Co,Sparkling Water,177,Community Retail Co-op (Philippines),General Trade,SEA - Philippines,64.4,64.6703947368421053,0.3
43,Coastal Table,Packaged Foods,78,Bazaar Wholesale (Tier 2/3),General Trade,India - Tier 2/3,61.6,61.8906000000000000,0.3
11,Silver Snacks,Salty Snacks,7,UrbanPantry,Grocery,North America,61.1,61.3621428571428571,0.3
24,Spring Care,Personal Care,131,DailyBasket (Qatar),Grocery,Gulf - Qatar,61.3,61.5616666666666667,0.3
69,Everyday Milk Co,Dairy,153,FlashCart (Malaysia),Quick Commerce,SEA - Malaysia,64.3,64.5987500000000000,0.3
78,Prime Confections,Confectionery,61,Community Retail Co-op (Metro),General Trade,India - Metro,62.4,62.6568965517241379,0.3
11,Silver Snacks,Salty Snacks,11,FreshMart #2,Grocery,North America,61.1,61.3621428571428571,0.3
11,Silver Snacks,Salty Snacks,22,NaturaLife Market,Natural,North America,61.1,61.3621428571428571,0.3
67,Golden Milk Co,Dairy,194,ValueTrade GT (Indonesia),General Trade,SEA - Indonesia,63.0,63.3287500000000000,0.3
67,Golden Milk Co,Dairy,190,SwiftBasket (Indonesia),Quick Commerce,SEA - Indonesia,63.0,63.3287500000000000,0.3
67,Golden Milk Co,Dairy,198,Bazaar Wholesale (Indonesia),General Trade,SEA - Indonesia,63.0,63.3287500000000000,0.3
27,Golden Glow,Personal Care,193,Local Trade Collective (Indonesia),General Trade,SEA - Indonesia,60.1,60.4337500000000000,0.3
78,Prime Confections,Confectionery,44,GoStop (Metro),C-Store,India - Metro,62.4,62.6568965517241379,0.3
12,True Water Co,Sparkling Water,37,MetroBazaar (Metro),Grocery,India - Metro,61.7,61.9855603448275862,0.3
64,Blue Shine,Home Care,15,BulkBasket Club,Club,North America,61.2,61.5100694444444444,0.3
106,Vivid Little Ones,Baby Care,75,Neighborhood Wholesale (Tier 2/3),General Trade,India - Tier 2/3,61.6,61.9433333333333333,0.3
74,Sunrise Milk Co,Dairy,84,Corner Store Network #2 (Tier 2/3),General Trade,India - Tier 2/3,62.3,62.6312000000000000,0.3
99,Fresh Cereal Co,Breakfast & Cereal,111,Community Retail Co-op (UAE),General Trade,Gulf - UAE,63.1,63.3928030303030303,0.3
109,Silver Little Ones,Baby Care,7,UrbanPantry,Grocery,North America,62.8,63.0250000000000000,0.2
104,Meadow Baby Co,Baby Care,185,DailyBasket (Indonesia),Grocery,SEA - Indonesia,59.5,59.7341666666666667,0.2
29,Golden Essentials,Personal Care,48,DashKart (Metro),Quick Commerce,India - Metro,62.5,62.6680000000000000,0.2
79,Coastal Candy Co,Confectionery,86,Bazaar Wholesale #2 (Tier 2/3),General Trade,India - Tier 2/3,62.2,62.4378000000000000,0.2
54,Nomad Drinks,Beverages,119,ValueTrade GT (Saudi),General Trade,Gulf - Saudi,62.3,62.5236666666666667,0.2
80,Nomad Candy Co,Confectionery,75,Neighborhood Wholesale (Tier 2/3),General Trade,India - Tier 2/3,62.2,62.4378000000000000,0.2
18,Royal Fizz,Sparkling Water,6,SunriseMart,Grocery,North America,62.9,63.0876190476190476,0.2
28,Spring Skin,Personal Care,1,FreshMart,Grocery,North America,63.0,63.2026315789473684,0.2
40,Meadow Pantry,Packaged Foods,100,QuickDash (UAE),Quick Commerce,Gulf - UAE,62.8,63.0119318181818182,0.2
105,Silver Baby Essentials,Baby Care,88,Sundry Traders Network #2 (Tier 2/3),General Trade,India - Tier 2/3,61.7,61.9433333333333333,0.2
110,Meadow Tiny Care,Baby Care,37,MetroBazaar (Metro),Grocery,India - Metro,63.0,63.2150000000000000,0.2
89,Nomad Mornings,Breakfast & Cereal,14,SaverClub,Club,North America,62.9,63.0944444444444444,0.2
43,Coastal Table,Packaged Foods,65,FreshMart (Tier 2/3),Grocery,India - Tier 2/3,61.7,61.8906000000000000,0.2
27,Golden Glow,Personal Care,184,PrimeGrocer (Indonesia),Grocery,SEA - Indonesia,60.2,60.4337500000000000,0.2
11,Silver Snacks,Salty Snacks,12,MetroBazaar #2,Grocery,North America,61.2,61.3621428571428571,0.2
94,Crunch Cereal Co,Breakfast & Cereal,194,ValueTrade GT (Indonesia),General Trade,SEA - Indonesia,61.2,61.4287500000000000,0.2
72,Nomad Milk Co,Dairy,86,Bazaar Wholesale #2 (Tier 2/3),General Trade,India - Tier 2/3,62.4,62.6312000000000000,0.2
88,Pure Treats,Confectionery,104,HopMart (UAE),Quick Commerce,Gulf - UAE,61.7,61.9394736842105263,0.2
89,Nomad Mornings,Breakfast & Cereal,16,WareClub,Club,North America,62.9,63.0944444444444444,0.2
95,Cloud Mornings,Breakfast & Cereal,126,Local Trade Collective #2 (Saudi),General Trade,Gulf - Saudi,59.2,59.3711111111111111,0.2
13,Urban Bubbles,Sparkling Water,174,ValueTrade GT (Philippines),General Trade,SEA - Philippines,64.5,64.6703947368421053,0.2
93,Urban Mornings,Breakfast & Cereal,174,ValueTrade GT (Philippines),General Trade,SEA - Philippines,61.8,62.0381578947368421,0.2
69,Everyday Milk Co,Dairy,154,Local Trade Collective (Malaysia),General Trade,SEA - Malaysia,64.4,64.5987500000000000,0.2
99,Fresh Cereal Co,Breakfast & Cereal,142,FreshMart (Malaysia),Grocery,SEA - Malaysia,62.4,62.5915625000000000,0.2
26,Prime Care,Personal Care,66,MetroBazaar (Tier 2/3),Grocery,India - Tier 2/3,62.6,62.8356666666666667,0.2
97,Royal Breakfast Co,Breakfast & Cereal,148,QuickDash (Malaysia),Quick Commerce,SEA - Malaysia,62.4,62.5915625000000000,0.2
106,Vivid Little Ones,Baby Care,77,Community Retail Co-op (Tier 2/3),General Trade,India - Tier 2/3,61.7,61.9433333333333333,0.2
44,Spring Pantry,Packaged Foods,67,GreenAisle (Tier 2/3),Grocery,India - Tier 2/3,61.7,61.8906000000000000,0.2
77,Urban Creamery,Dairy,117,SunriseMart (Saudi),Grocery,Gulf - Saudi,60.2,60.2775000000000000,0.1
94,Crunch Cereal Co,Breakfast & Cereal,86,Bazaar Wholesale #2 (Tier 2/3),General Trade,India - Tier 2/3,63.6,63.6752500000000000,0.1
22,Crunch Fizz,Sparkling Water,93,PrimeGrocer (UAE),Grocery,Gulf - UAE,62.9,62.9568181818181818,0.1
77,Urban Creamery,Dairy,114,GreenAisle (Saudi),Grocery,Gulf - Saudi,60.2,60.2775000000000000,0.1
43,Coastal Table,Packaged Foods,46,QuickDash (Metro),Quick Commerce,India - Metro,62.2,62.2600000000000000,0.1
94,Crunch Cereal Co,Breakfast & Cereal,71,UrbanPantry (Tier 2/3),Grocery,India - Tier 2/3,63.6,63.6752500000000000,0.1
44,Spring Pantry,Packaged Foods,83,Neighborhood Wholesale #2 (Tier 2/3),General Trade,India - Tier 2/3,61.8,61.8906000000000000,0.1
7,Urban Bites,Salty Snacks,92,GreenAisle (UAE),Grocery,Gulf - UAE,62.6,62.7130681818181818,0.1
31,Everyday Glow,Personal Care,114,GreenAisle (Saudi),Grocery,Gulf - Saudi,59.8,59.8583333333333333,0.1
12,True Water Co,Sparkling Water,36,FreshMart (Metro),Grocery,India - Metro,61.9,61.9855603448275862,0.1
31,Everyday Glow,Personal Care,120,Neighborhood Wholesale (Saudi),General Trade,Gulf - Saudi,59.8,59.8583333333333333,0.1
63,Silver Household,Home Care,5,DailyBasket,Grocery,North America,61.4,61.5100694444444444,0.1
20,Heritage Springs,Sparkling Water,60,Corner Store Network (Metro),General Trade,India - Metro,61.9,61.9855603448275862,0.1
71,Golden Farms,Dairy,4,PrimeGrocer,Grocery,North America,60.6,60.7394736842105263,0.1
90,Prime Grains,Breakfast & Cereal,110,Corner Store Network (UAE),General Trade,Gulf - UAE,63.3,63.3928030303030303,0.1
51,Coastal Drinks,Beverages,2,MetroBazaar,Grocery,North America,62.8,62.8907142857142857,0.1
59,Pure Shine,Home Care,41,SunriseMart (Metro),Grocery,India - Metro,61.3,61.3740000000000000,0.1
16,Sunrise Water Co,Sparkling Water,199,MarketLink GT (Indonesia),General Trade,SEA - Indonesia,63.8,63.8825000000000000,0.1
89,Nomad Mornings,Breakfast & Cereal,80,Sundry Traders Network (Tier 2/3),General Trade,India - Tier 2/3,63.6,63.6752500000000000,0.1
53,Cloud Sip,Beverages,138,ValueTrade GT (Qatar),General Trade,Gulf - Qatar,62.3,62.3838888888888889,0.1
58,Coastal Clean,Home Care,96,UrbanPantry (UAE),Grocery,Gulf - UAE,61.3,61.4090909090909091,0.1
87,Pure Sweets,Confectionery,4,PrimeGrocer,Grocery,North America,61.8,61.9236111111111111,0.1
26,Prime Care,Personal Care,82,ValueTrade GT #2 (Tier 2/3),General Trade,India - Tier 2/3,62.7,62.8356666666666667,0.1
42,Urban Kitchen,Packaged Foods,79,MarketLink GT (Tier 2/3),General Trade,India - Tier 2/3,61.8,61.8906000000000000,0.1
34,Bold Kitchen,Packaged Foods,192,FlashCart (Indonesia),Quick Commerce,SEA - Indonesia,64.5,64.6200000000000000,0.1
78,Prime Confections,Confectionery,190,SwiftBasket (Indonesia),Quick Commerce,SEA - Indonesia,61.8,61.8512500000000000,0.1
35,Silver Table,Packaged Foods,80,Sundry Traders Network (Tier 2/3),General Trade,India - Tier 2/3,61.8,61.8906000000000000,0.1
57,Cloud Shine,Home Care,169,ZipCart (Philippines),Quick Commerce,SEA - Philippines,58.1,58.1723684210526316,0.1
85,Heritage Treats,Confectionery,87,MarketLink GT #2 (Tier 2/3),General Trade,India - Tier 2/3,62.3,62.4378000000000000,0.1
28,Spring Skin,Personal Care,151,SwiftBasket (Malaysia),Quick Commerce,SEA - Malaysia,61.4,61.4575000000000000,0.1
44,Spring Pantry,Packaged Foods,79,MarketLink GT (Tier 2/3),General Trade,India - Tier 2/3,61.8,61.8906000000000000,0.1
81,Prime Candy Co,Confectionery,127,FreshMart (Qatar),Grocery,Gulf - Qatar,60.8,60.9133333333333333,0.1
109,Silver Little Ones,Baby Care,3,GreenAisle,Grocery,North America,63.0,63.0250000000000000,0.0
75,Vivid Dairy,Dairy,102,DashKart (UAE),Quick Commerce,Gulf - UAE,64.2,64.2289473684210526,0.0
7,Urban Bites,Salty Snacks,108,ValueTrade GT (UAE),General Trade,Gulf - UAE,62.7,62.7130681818181818,0.0
54,Nomad Drinks,Beverages,68,PrimeGrocer (Tier 2/3),Grocery,India - Tier 2/3,62.6,62.6366666666666667,0.0
110,Meadow Tiny Care,Baby Care,51,FlashCart (Metro),Quick Commerce,India - Metro,63.2,63.2150000000000000,0.0
47,Sunrise Refresh,Beverages,86,Bazaar Wholesale #2 (Tier 2/3),General Trade,India - Tier 2/3,62.6,62.6366666666666667,0.0
82,Meadow Treats,Confectionery,76,Corner Store Network (Tier 2/3),General Trade,India - Tier 2/3,62.4,62.4378000000000000,0.0
3,Prime Snacks,Salty Snacks,118,Local Trade Collective (Saudi),General Trade,Gulf - Saudi,62.3,62.3475000000000000,0.0
73,Blue Milk Co,Dairy,197,Community Retail Co-op (Indonesia),General Trade,SEA - Indonesia,63.3,63.3287500000000000,0.0
105,Silver Baby Essentials,Baby Care,79,MarketLink GT (Tier 2/3),General Trade,India - Tier 2/3,61.9,61.9433333333333333,0.0
110,Meadow Tiny Care,Baby Care,10,HomeFresh,Grocery,North America,63.0,63.0250000000000000,0.0
64,Blue Shine,Home Care,192,FlashCart (Indonesia),Quick Commerce,SEA - Indonesia,63.7,63.7145833333333333,0.0
2,Bold Snacks,Salty Snacks,44,GoStop (Metro),C-Store,India - Metro,59.4,59.4456896551724138,0.0
54,Nomad Drinks,Beverages,65,FreshMart (Tier 2/3),Grocery,India - Tier 2/3,62.6,62.6366666666666667,0.0
92,Cloud Grains,Breakfast & Cereal,175,Neighborhood Wholesale (Philippines),General Trade,SEA - Philippines,62.0,62.0381578947368421,0.0
