id,brand_id,category,retailer_id,region,date_start,date_end,note_type,note_text,org_id
1,94,Breakfast & Cereal,74,India - Tier 2/3,2025-12-21,2025-12-28,distribution_gap,Crunch Cereal Co is running 44 pts below the Breakfast & Cereal category average ACV in India - Tier 2/3 — worst at ValueTrade GT (Tier 2/3) (19% vs 64% category avg).,1
2,22,Sparkling Water,103,Gulf - UAE,2025-12-21,2025-12-28,distribution_gap,Crunch Fizz is running 44 pts below the Sparkling Water category average ACV in Gulf - UAE — worst at SwiftBasket (UAE) (20% vs 63% category avg).,1
3,54,Beverages,66,India - Tier 2/3,2025-12-21,2025-12-28,distribution_gap,Nomad Drinks is running 43 pts below the Beverages category average ACV in India - Tier 2/3 — worst at MetroBazaar (Tier 2/3) (19% vs 63% category avg).,1
4,59,Home Care,110,Gulf - UAE,2025-12-21,2025-12-28,distribution_gap,Pure Shine is running 43 pts below the Home Care category average ACV in Gulf - UAE — worst at Corner Store Network (UAE) (19% vs 61% category avg).,1
5,63,Home Care,7,North America,2025-12-21,2025-12-28,distribution_gap,Silver Household is running 43 pts below the Home Care category average ACV in North America — worst at UrbanPantry (19% vs 62% category avg).,1
6,108,Baby Care,122,Gulf - Saudi,2025-12-21,2025-12-28,distribution_gap,Crunch Baby Co is running 42 pts below the Baby Care category average ACV in Gulf - Saudi — worst at Community Retail Co-op (Saudi) (22% vs 65% category avg).,1
7,3,Salty Snacks,118,Gulf - Saudi,2025-12-21,2025-12-28,distribution_gap,Prime Snacks is running 42 pts below the Salty Snacks category average ACV in Gulf - Saudi — worst at Local Trade Collective (Saudi) (20% vs 62% category avg).,1
8,108,Baby Care,80,India - Tier 2/3,2025-12-21,2025-12-28,distribution_gap,Crunch Baby Co is running 42 pts below the Baby Care category average ACV in India - Tier 2/3 — worst at Sundry Traders Network (Tier 2/3) (20% vs 62% category avg).,1
9,36,Packaged Foods,141,Gulf - Qatar,2025-12-21,2025-12-28,distribution_gap,Cloud Table is running 41 pts below the Packaged Foods category average ACV in Gulf - Qatar — worst at Community Retail Co-op (Qatar) (25% vs 67% category avg).,1
10,21,Sparkling Water,55,India - Metro,2025-12-21,2025-12-28,distribution_gap,Golden Fizz is running 41 pts below the Sparkling Water category average ACV in India - Metro — worst at DartMart (Metro) (21% vs 62% category avg).,1
11,89,Breakfast & Cereal,86,India - Tier 2/3,2025-12-21,2025-12-28,distribution_gap,Nomad Mornings is running 41 pts below the Breakfast & Cereal category average ACV in India - Tier 2/3 — worst at Bazaar Wholesale #2 (Tier 2/3) (23% vs 64% category avg).,1
12,20,Sparkling Water,46,India - Metro,2025-12-21,2025-12-28,distribution_gap,Heritage Springs is running 41 pts below the Sparkling Water category average ACV in India - Metro — worst at QuickDash (Metro) (21% vs 62% category avg).,1
13,19,Sparkling Water,79,India - Tier 2/3,2025-12-21,2025-12-28,distribution_gap,Fresh Fizz is running 41 pts below the Sparkling Water category average ACV in India - Tier 2/3 — worst at MarketLink GT (Tier 2/3) (22% vs 63% category avg).,1
14,12,Sparkling Water,56,India - Metro,2025-12-21,2025-12-28,distribution_gap,True Water Co is running 41 pts below the Sparkling Water category average ACV in India - Metro — worst at QuickDash #2 (Metro) (21% vs 62% category avg).,1
15,64,Home Care,181,SEA - Indonesia,2025-12-21,2025-12-28,distribution_gap,Blue Shine is running 41 pts below the Home Care category average ACV in SEA - Indonesia — worst at FreshMart (Indonesia) (23% vs 64% category avg).,1
16,83,Confectionery,115,Gulf - Saudi,2025-12-21,2025-12-28,distribution_gap,Fresh Treats is running 41 pts below the Confectionery category average ACV in Gulf - Saudi — worst at PrimeGrocer (Saudi) (22% vs 62% category avg).,1
17,16,Sparkling Water,191,SEA - Indonesia,2025-12-21,2025-12-28,distribution_gap,Sunrise Water Co is running 41 pts below the Sparkling Water category average ACV in SEA - Indonesia — worst at HopMart (Indonesia) (23% vs 64% category avg).,1
18,30,Personal Care,142,SEA - Malaysia,2025-12-21,2025-12-28,distribution_gap,Cloud Essentials is running 41 pts below the Personal Care category average ACV in SEA - Malaysia — worst at FreshMart (Malaysia) (21% vs 61% category avg).,1
19,77,Dairy,116,Gulf - Saudi,2025-12-21,2025-12-28,distribution_gap,Urban Creamery is running 40 pts below the Dairy category average ACV in Gulf - Saudi — worst at DailyBasket (Saudi) (20% vs 60% category avg).,1
20,2,Salty Snacks,121,Gulf - Saudi,2025-12-21,2025-12-28,distribution_gap,Bold Snacks is running 40 pts below the Salty Snacks category average ACV in Gulf - Saudi — worst at Corner Store Network (Saudi) (22% vs 62% category avg).,1
21,57,Home Care,88,India - Tier 2/3,2025-12-21,2025-12-28,distribution_gap,Cloud Shine is running 40 pts below the Home Care category average ACV in India - Tier 2/3 — worst at Sundry Traders Network #2 (Tier 2/3) (23% vs 63% category avg).,1
22,82,Confectionery,69,India - Tier 2/3,2025-12-21,2025-12-28,distribution_gap,Meadow Treats is running 40 pts below the Confectionery category average ACV in India - Tier 2/3 — worst at DailyBasket (Tier 2/3) (22% vs 62% category avg).,1
23,87,Confectionery,1,North America,2025-12-21,2025-12-28,distribution_gap,Pure Sweets is running 40 pts below the Confectionery category average ACV in North America — worst at FreshMart (22% vs 62% category avg).,1
24,42,Packaged Foods,71,India - Tier 2/3,2025-12-21,2025-12-28,distribution_gap,Urban Kitchen is running 40 pts below the Packaged Foods category average ACV in India - Tier 2/3 — worst at UrbanPantry (Tier 2/3) (22% vs 62% category avg).,1
25,9,Salty Snacks,96,Gulf - UAE,2025-12-21,2025-12-28,distribution_gap,Spring Crisps is running 40 pts below the Salty Snacks category average ACV in Gulf - UAE — worst at UrbanPantry (UAE) (22% vs 63% category avg).,1
26,71,Dairy,7,North America,2025-12-21,2025-12-28,distribution_gap,Golden Farms is running 40 pts below the Dairy category average ACV in North America — worst at UrbanPantry (20% vs 61% category avg).,1
27,62,Home Care,12,North America,2025-12-21,2025-12-28,distribution_gap,Royal Household is running 40 pts below the Home Care category average ACV in North America — worst at MetroBazaar #2 (21% vs 62% category avg).,1
28,14,Sparkling Water,7,North America,2025-12-21,2025-12-28,distribution_gap,Golden Bubbles is running 40 pts below the Sparkling Water category average ACV in North America — worst at UrbanPantry (23% vs 63% category avg).,1
29,96,Breakfast & Cereal,83,India - Tier 2/3,2025-12-21,2025-12-28,distribution_gap,Meadow Breakfast Co is running 40 pts below the Breakfast & Cereal category average ACV in India - Tier 2/3 — worst at Neighborhood Wholesale #2 (Tier 2/3) (24% vs 64% category avg).,1
30,75,Dairy,111,Gulf - UAE,2025-12-21,2025-12-28,distribution_gap,Vivid Dairy is running 40 pts below the Dairy category average ACV in Gulf - UAE — worst at Community Retail Co-op (UAE) (24% vs 64% category avg).,1
31,7,Salty Snacks,98,Gulf - UAE,2025-12-21,2025-12-28,distribution_gap,Urban Bites is running 40 pts below the Salty Snacks category average ACV in Gulf - UAE — worst at BulkBasket Club (UAE) (23% vs 63% category avg).,1
32,103,Baby Care,65,India - Tier 2/3,2025-12-21,2025-12-28,distribution_gap,Coastal Baby Essentials is running 40 pts below the Baby Care category average ACV in India - Tier 2/3 — worst at FreshMart (Tier 2/3) (22% vs 62% category avg).,1
33,93,Breakfast & Cereal,166,SEA - Philippines,2025-12-21,2025-12-28,distribution_gap,Urban Mornings is running 40 pts below the Breakfast & Cereal category average ACV in SEA - Philippines — worst at DailyBasket (Philippines) (22% vs 62% category avg).,1
34,66,Home Care,186,SEA - Indonesia,2025-12-21,2025-12-28,distribution_gap,Golden Household is running 40 pts below the Home Care category average ACV in SEA - Indonesia — worst at SunriseMart (Indonesia) (24% vs 64% category avg).,1
35,99,Breakfast & Cereal,143,SEA - Malaysia,2025-12-21,2025-12-28,distribution_gap,Fresh Cereal Co is running 39 pts below the Breakfast & Cereal category average ACV in SEA - Malaysia — worst at MetroBazaar (Malaysia) (23% vs 63% category avg).,1
36,46,Beverages,2,North America,2025-12-21,2025-12-28,distribution_gap,Fresh Refresh is running 39 pts below the Beverages category average ACV in North America — worst at MetroBazaar (24% vs 63% category avg).,1
37,18,Sparkling Water,29,North America,2025-12-21,2025-12-28,distribution_gap,Royal Fizz is running 39 pts below the Sparkling Water category average ACV in North America — worst at QuickStop #2 (24% vs 63% category avg).,1
38,105,Baby Care,196,SEA - Indonesia,2025-12-21,2025-12-28,distribution_gap,Silver Baby Essentials is running 39 pts below the Baby Care category average ACV in SEA - Indonesia — worst at Corner Store Network (Indonesia) (20% vs 60% category avg).,1
39,29,Personal Care,40,India - Metro,2025-12-21,2025-12-28,distribution_gap,Golden Essentials is running 39 pts below the Personal Care category average ACV in India - Metro — worst at DailyBasket (Metro) (23% vs 63% category avg).,1
40,34,Packaged Foods,147,SEA - Malaysia,2025-12-21,2025-12-28,distribution_gap,Bold Kitchen is running 39 pts below the Packaged Foods category average ACV in SEA - Malaysia — worst at SunriseMart (Malaysia) (23% vs 62% category avg).,1
41,83,Confectionery,87,India - Tier 2/3,2025-12-21,2025-12-28,distribution_gap,Fresh Treats is running 39 pts below the Confectionery category average ACV in India - Tier 2/3 — worst at MarketLink GT #2 (Tier 2/3) (23% vs 62% category avg).,1
42,67,Dairy,189,SEA - Indonesia,2025-12-21,2025-12-28,distribution_gap,Golden Milk Co is running 39 pts below the Dairy category average ACV in SEA - Indonesia — worst at DashKart (Indonesia) (24% vs 63% category avg).,1
43,50,Beverages,163,SEA - Philippines,2025-12-21,2025-12-28,distribution_gap,Crunch Drinks is running 39 pts below the Beverages category average ACV in SEA - Philippines — worst at MetroBazaar (Philippines) (25% vs 65% category avg).,1
44,78,Confectionery,37,India - Metro,2025-12-21,2025-12-28,distribution_gap,Prime Confections is running 39 pts below the Confectionery category average ACV in India - Metro — worst at MetroBazaar (Metro) (24% vs 63% category avg).,1
45,85,Confectionery,69,India - Tier 2/3,2025-12-21,2025-12-28,distribution_gap,Heritage Treats is running 39 pts below the Confectionery category average ACV in India - Tier 2/3 — worst at DailyBasket (Tier 2/3) (23% vs 62% category avg).,1
46,102,Baby Care,82,India - Tier 2/3,2025-12-21,2025-12-28,distribution_gap,Coastal Little Ones is running 39 pts below the Baby Care category average ACV in India - Tier 2/3 — worst at ValueTrade GT #2 (Tier 2/3) (23% vs 62% category avg).,1
47,76,Dairy,65,India - Tier 2/3,2025-12-21,2025-12-28,distribution_gap,Royal Farms is running 39 pts below the Dairy category average ACV in India - Tier 2/3 — worst at FreshMart (Tier 2/3) (24% vs 63% category avg).,1
48,59,Home Care,37,India - Metro,2025-12-21,2025-12-28,distribution_gap,Pure Shine is running 39 pts below the Home Care category average ACV in India - Metro — worst at MetroBazaar (Metro) (22% vs 61% category avg).,1
49,43,Packaged Foods,63,India - Metro,2025-12-21,2025-12-28,distribution_gap,Coastal Table is running 39 pts below the Packaged Foods category average ACV in India - Metro — worst at MarketLink GT (Metro) (23% vs 62% category avg).,1
50,58,Home Care,193,SEA - Indonesia,2025-12-21,2025-12-28,distribution_gap,Coastal Clean is running 39 pts below the Home Care category average ACV in SEA - Indonesia — worst at Local Trade Collective (Indonesia) (25% vs 64% category avg).,1
51,88,Confectionery,105,Gulf - UAE,2025-12-21,2025-12-28,distribution_gap,Pure Treats is running 39 pts below the Confectionery category average ACV in Gulf - UAE — worst at FlashCart (UAE) (23% vs 62% category avg).,1
52,97,Breakfast & Cereal,151,SEA - Malaysia,2025-12-21,2025-12-28,distribution_gap,Royal Breakfast Co is running 39 pts below the Breakfast & Cereal category average ACV in SEA - Malaysia — worst at SwiftBasket (Malaysia) (24% vs 63% category avg).,1
53,39,Packaged Foods,147,SEA - Malaysia,2025-12-21,2025-12-28,distribution_gap,Blue Kitchen is running 39 pts below the Packaged Foods category average ACV in SEA - Malaysia — worst at SunriseMart (Malaysia) (24% vs 62% category avg).,1
54,88,Confectionery,194,SEA - Indonesia,2025-12-21,2025-12-28,distribution_gap,Pure Treats is running 39 pts below the Confectionery category average ACV in SEA - Indonesia — worst at ValueTrade GT (Indonesia) (23% vs 62% category avg).,1
55,43,Packaged Foods,75,India - Tier 2/3,2025-12-21,2025-12-28,distribution_gap,Coastal Table is running 38 pts below the Packaged Foods category average ACV in India - Tier 2/3 — worst at Neighborhood Wholesale (Tier 2/3) (24% vs 62% category avg).,1
56,36,Packaged Foods,87,India - Tier 2/3,2025-12-21,2025-12-28,distribution_gap,Cloud Table is running 38 pts below the Packaged Foods category average ACV in India - Tier 2/3 — worst at MarketLink GT #2 (Tier 2/3) (24% vs 62% category avg).,1
57,107,Baby Care,188,SEA - Indonesia,2025-12-21,2025-12-28,distribution_gap,Spring Tiny Care is running 38 pts below the Baby Care category average ACV in SEA - Indonesia — worst at ZipCart (Indonesia) (21% vs 60% category avg).,1
58,64,Home Care,5,North America,2025-12-21,2025-12-28,distribution_gap,Blue Shine is running 38 pts below the Home Care category average ACV in North America — worst at DailyBasket (23% vs 62% category avg).,1
59,50,Beverages,190,SEA - Indonesia,2025-12-21,2025-12-28,distribution_gap,Crunch Drinks is running 38 pts below the Beverages category average ACV in SEA - Indonesia — worst at SwiftBasket (Indonesia) (22% vs 61% category avg).,1
60,13,Sparkling Water,148,SEA - Malaysia,2025-12-21,2025-12-28,distribution_gap,Urban Bubbles is running 38 pts below the Sparkling Water category average ACV in SEA - Malaysia — worst at QuickDash (Malaysia) (23% vs 62% category avg).,1
61,5,Salty Snacks,141,Gulf - Qatar,2025-12-21,2025-12-28,distribution_gap,Urban Crisps is running 38 pts below the Salty Snacks category average ACV in Gulf - Qatar — worst at Community Retail Co-op (Qatar) (23% vs 61% category avg).,1
62,51,Beverages,143,SEA - Malaysia,2025-12-21,2025-12-28,distribution_gap,Coastal Drinks is running 38 pts below the Beverages category average ACV in SEA - Malaysia — worst at MetroBazaar (Malaysia) (24% vs 62% category avg).,1
63,91,Breakfast & Cereal,151,SEA - Malaysia,2025-12-21,2025-12-28,distribution_gap,Coastal Cereal Co is running 38 pts below the Breakfast & Cereal category average ACV in SEA - Malaysia — worst at SwiftBasket (Malaysia) (24% vs 63% category avg).,1
64,98,Breakfast & Cereal,87,India - Tier 2/3,2025-12-21,2025-12-28,distribution_gap,Coastal Mornings is running 38 pts below the Breakfast & Cereal category average ACV in India - Tier 2/3 — worst at MarketLink GT #2 (Tier 2/3) (26% vs 64% category avg).,1
65,106,Baby Care,117,Gulf - Saudi,2025-12-21,2025-12-28,distribution_gap,Vivid Little Ones is running 38 pts below the Baby Care category average ACV in Gulf - Saudi — worst at SunriseMart (Saudi) (27% vs 65% category avg).,1
66,90,Breakfast & Cereal,144,SEA - Malaysia,2025-12-21,2025-12-28,distribution_gap,Prime Grains is running 38 pts below the Breakfast & Cereal category average ACV in SEA - Malaysia — worst at GreenAisle (Malaysia) (25% vs 63% category avg).,1
67,73,Dairy,194,SEA - Indonesia,2025-12-21,2025-12-28,distribution_gap,Blue Milk Co is running 38 pts below the Dairy category average ACV in SEA - Indonesia — worst at ValueTrade GT (Indonesia) (25% vs 63% category avg).,1
68,28,Personal Care,143,SEA - Malaysia,2025-12-21,2025-12-28,distribution_gap,Spring Skin is running 38 pts below the Personal Care category average ACV in SEA - Malaysia — worst at MetroBazaar (Malaysia) (24% vs 61% category avg).,1
69,15,Sparkling Water,116,Gulf - Saudi,2025-12-21,2025-12-28,distribution_gap,Blue Springs is running 38 pts below the Sparkling Water category average ACV in Gulf - Saudi — worst at DailyBasket (Saudi) (25% vs 63% category avg).,1
70,35,Packaged Foods,13,North America,2025-12-21,2025-12-28,distribution_gap,Silver Table is running 38 pts below the Packaged Foods category average ACV in North America — worst at GreenAisle #2 (25% vs 62% category avg).,1
71,110,Baby Care,9,North America,2025-12-21,2025-12-28,distribution_gap,Meadow Tiny Care is running 38 pts below the Baby Care category average ACV in North America — worst at CityMart (25% vs 63% category avg).,1
72,51,Beverages,17,North America,2025-12-21,2025-12-28,distribution_gap,Coastal Drinks is running 38 pts below the Beverages category average ACV in North America — worst at MegaValue Club (25% vs 63% category avg).,1
73,33,Personal Care,83,India - Tier 2/3,2025-12-21,2025-12-28,distribution_gap,Cloud Glow is running 38 pts below the Personal Care category average ACV in India - Tier 2/3 — worst at Neighborhood Wholesale #2 (Tier 2/3) (25% vs 63% category avg).,1
74,34,Packaged Foods,192,SEA - Indonesia,2025-12-21,2025-12-28,distribution_gap,Bold Kitchen is running 38 pts below the Packaged Foods category average ACV in SEA - Indonesia — worst at FlashCart (Indonesia) (27% vs 65% category avg).,1
75,17,Sparkling Water,46,India - Metro,2025-12-21,2025-12-28,distribution_gap,Nomad Bubbles is running 38 pts below the Sparkling Water category average ACV in India - Metro — worst at QuickDash (Metro) (24% vs 62% category avg).,1
76,18,Sparkling Water,113,Gulf - Saudi,2025-12-21,2025-12-28,distribution_gap,Royal Fizz is running 38 pts below the Sparkling Water category average ACV in Gulf - Saudi — worst at MetroBazaar (Saudi) (26% vs 63% category avg).,1
77,49,Beverages,84,India - Tier 2/3,2025-12-21,2025-12-28,distribution_gap,Meadow Beverages is running 38 pts below the Beverages category average ACV in India - Tier 2/3 — worst at Corner Store Network #2 (Tier 2/3) (25% vs 63% category avg).,1
78,81,Confectionery,137,Gulf - Qatar,2025-12-21,2025-12-28,distribution_gap,Prime Candy Co is running 38 pts below the Confectionery category average ACV in Gulf - Qatar — worst at Local Trade Collective (Qatar) (23% vs 61% category avg).,1
79,74,Dairy,73,India - Tier 2/3,2025-12-21,2025-12-28,distribution_gap,Sunrise Milk Co is running 38 pts below the Dairy category average ACV in India - Tier 2/3 — worst at Local Trade Collective (Tier 2/3) (25% vs 63% category avg).,1
80,71,Dairy,178,SEA - Philippines,2025-12-21,2025-12-28,distribution_gap,Golden Farms is running 37 pts below the Dairy category average ACV in SEA - Philippines — worst at Bazaar Wholesale (Philippines) (24% vs 61% category avg).,1
81,93,Breakfast & Cereal,110,Gulf - UAE,2025-12-21,2025-12-28,distribution_gap,Urban Mornings is running 37 pts below the Breakfast & Cereal category average ACV in Gulf - UAE — worst at Corner Store Network (UAE) (26% vs 63% category avg).,1
82,24,Personal Care,110,Gulf - UAE,2025-12-21,2025-12-28,distribution_gap,Spring Care is running 37 pts below the Personal Care category average ACV in Gulf - UAE — worst at Corner Store Network (UAE) (26% vs 63% category avg).,1
83,6,Salty Snacks,14,North America,2025-12-21,2025-12-28,distribution_gap,Coastal Bites is running 37 pts below the Salty Snacks category average ACV in North America — worst at SaverClub (24% vs 61% category avg).,1
84,94,Breakfast & Cereal,185,SEA - Indonesia,2025-12-21,2025-12-28,distribution_gap,Crunch Cereal Co is running 37 pts below the Breakfast & Cereal category average ACV in SEA - Indonesia — worst at DailyBasket (Indonesia) (24% vs 61% category avg).,1
85,8,Salty Snacks,75,India - Tier 2/3,2025-12-21,2025-12-28,distribution_gap,Meadow Crisps is running 37 pts below the Salty Snacks category average ACV in India - Tier 2/3 — worst at Neighborhood Wholesale (Tier 2/3) (26% vs 63% category avg).,1
86,28,Personal Care,6,North America,2025-12-21,2025-12-28,distribution_gap,Spring Skin is running 37 pts below the Personal Care category average ACV in North America — worst at SunriseMart (26% vs 63% category avg).,1
87,48,Beverages,133,Gulf - Qatar,2025-12-21,2025-12-28,distribution_gap,Silver Beverages is running 37 pts below the Beverages category average ACV in Gulf - Qatar — worst at ZipCart (Qatar) (25% vs 62% category avg).,1
88,70,Dairy,88,India - Tier 2/3,2025-12-21,2025-12-28,distribution_gap,Vivid Milk Co is running 37 pts below the Dairy category average ACV in India - Tier 2/3 — worst at Sundry Traders Network #2 (Tier 2/3) (26% vs 63% category avg).,1
89,90,Breakfast & Cereal,102,Gulf - UAE,2025-12-21,2025-12-28,distribution_gap,Prime Grains is running 37 pts below the Breakfast & Cereal category average ACV in Gulf - UAE — worst at DashKart (UAE) (27% vs 63% category avg).,1
90,69,Dairy,147,SEA - Malaysia,2025-12-21,2025-12-28,distribution_gap,Everyday Milk Co is running 37 pts below the Dairy category average ACV in SEA - Malaysia — worst at SunriseMart (Malaysia) (28% vs 65% category avg).,1
91,53,Beverages,127,Gulf - Qatar,2025-12-21,2025-12-28,distribution_gap,Cloud Sip is running 37 pts below the Beverages category average ACV in Gulf - Qatar — worst at FreshMart (Qatar) (26% vs 62% category avg).,1
92,95,Breakfast & Cereal,118,Gulf - Saudi,2025-12-21,2025-12-28,distribution_gap,Cloud Mornings is running 37 pts below the Breakfast & Cereal category average ACV in Gulf - Saudi — worst at Local Trade Collective (Saudi) (23% vs 59% category avg).,1
93,84,Confectionery,181,SEA - Indonesia,2025-12-21,2025-12-28,distribution_gap,Everyday Treats is running 37 pts below the Confectionery category average ACV in SEA - Indonesia — worst at FreshMart (Indonesia) (25% vs 62% category avg).,1
94,79,Confectionery,73,India - Tier 2/3,2025-12-21,2025-12-28,distribution_gap,Coastal Candy Co is running 37 pts below the Confectionery category average ACV in India - Tier 2/3 — worst at Local Trade Collective (Tier 2/3) (26% vs 62% category avg).,1
95,24,Personal Care,128,Gulf - Qatar,2025-12-21,2025-12-28,distribution_gap,Spring Care is running 36 pts below the Personal Care category average ACV in Gulf - Qatar — worst at MetroBazaar (Qatar) (25% vs 62% category avg).,1
96,13,Sparkling Water,171,SEA - Philippines,2025-12-21,2025-12-28,distribution_gap,Urban Bubbles is running 36 pts below the Sparkling Water category average ACV in SEA - Philippines — worst at SwiftBasket (Philippines) (28% vs 65% category avg).,1
97,11,Salty Snacks,76,India - Tier 2/3,2025-12-21,2025-12-28,distribution_gap,Silver Snacks is running 36 pts below the Salty Snacks category average ACV in India - Tier 2/3 — worst at Corner Store Network (Tier 2/3) (27% vs 63% category avg).,1
98,82,Confectionery,10,North America,2025-12-21,2025-12-28,distribution_gap,Meadow Treats is running 36 pts below the Confectionery category average ACV in North America — worst at HomeFresh (26% vs 62% category avg).,1
99,1,Salty Snacks,86,India - Tier 2/3,2025-12-21,2025-12-28,distribution_gap,True Snacks is running 36 pts below the Salty Snacks category average ACV in India - Tier 2/3 — worst at Bazaar Wholesale #2 (Tier 2/3) (27% vs 63% category avg).,1
100,12,Sparkling Water,70,India - Tier 2/3,2025-12-21,2025-12-28,distribution_gap,True Water Co is running 36 pts below the Sparkling Water category average ACV in India - Tier 2/3 — worst at SunriseMart (Tier 2/3) (27% vs 63% category avg).,1
101,72,Dairy,65,India - Tier 2/3,2025-12-21,2025-12-28,distribution_gap,Nomad Milk Co is running 36 pts below the Dairy category average ACV in India - Tier 2/3 — worst at FreshMart (Tier 2/3) (26% vs 63% category avg).,1
102,80,Confectionery,81,India - Tier 2/3,2025-12-21,2025-12-28,distribution_gap,Nomad Candy Co is running 36 pts below the Confectionery category average ACV in India - Tier 2/3 — worst at Local Trade Collective #2 (Tier 2/3) (26% vs 62% category avg).,1
103,78,Confectionery,181,SEA - Indonesia,2025-12-21,2025-12-28,distribution_gap,Prime Confections is running 36 pts below the Confectionery category average ACV in SEA - Indonesia — worst at FreshMart (Indonesia) (26% vs 62% category avg).,1
104,75,Dairy,73,India - Tier 2/3,2025-12-21,2025-12-28,distribution_gap,Vivid Dairy is running 36 pts below the Dairy category average ACV in India - Tier 2/3 — worst at Local Trade Collective (Tier 2/3) (27% vs 63% category avg).,1
105,52,Beverages,129,Gulf - Qatar,2025-12-21,2025-12-28,distribution_gap,Spring Sip is running 36 pts below the Beverages category average ACV in Gulf - Qatar — worst at GreenAisle (Qatar) (26% vs 62% category avg).,1
106,26,Personal Care,70,India - Tier 2/3,2025-12-21,2025-12-28,distribution_gap,Prime Care is running 36 pts below the Personal Care category average ACV in India - Tier 2/3 — worst at SunriseMart (Tier 2/3) (27% vs 63% category avg).,1
107,45,Beverages,121,Gulf - Saudi,2025-12-21,2025-12-28,distribution_gap,Pure Drinks is running 36 pts below the Beverages category average ACV in Gulf - Saudi — worst at Corner Store Network (Saudi) (27% vs 63% category avg).,1
108,30,Personal Care,9,North America,2025-12-21,2025-12-28,distribution_gap,Cloud Essentials is running 36 pts below the Personal Care category average ACV in North America — worst at CityMart (28% vs 63% category avg).,1
109,35,Packaged Foods,82,India - Tier 2/3,2025-12-21,2025-12-28,distribution_gap,Silver Table is running 36 pts below the Packaged Foods category average ACV in India - Tier 2/3 — worst at ValueTrade GT #2 (Tier 2/3) (26% vs 62% category avg).,1
110,58,Home Care,94,Gulf - UAE,2025-12-21,2025-12-28,distribution_gap,Coastal Clean is running 36 pts below the Home Care category average ACV in Gulf - UAE — worst at DailyBasket (UAE) (26% vs 61% category avg).,1
111,31,Personal Care,118,Gulf - Saudi,2025-12-21,2025-12-28,distribution_gap,Everyday Glow is running 36 pts below the Personal Care category average ACV in Gulf - Saudi — worst at Local Trade Collective (Saudi) (24% vs 60% category avg).,1
112,16,Sparkling Water,172,SEA - Philippines,2025-12-21,2025-12-28,distribution_gap,Sunrise Water Co is running 36 pts below the Sparkling Water category average ACV in SEA - Philippines — worst at HopMart (Philippines) (29% vs 65% category avg).,1
113,4,Salty Snacks,148,SEA - Malaysia,2025-12-21,2025-12-28,distribution_gap,Blue Bites is running 36 pts below the Salty Snacks category average ACV in SEA - Malaysia — worst at QuickDash (Malaysia) (25% vs 60% category avg).,1
114,66,Home Care,87,India - Tier 2/3,2025-12-21,2025-12-28,distribution_gap,Golden Household is running 36 pts below the Home Care category average ACV in India - Tier 2/3 — worst at MarketLink GT #2 (Tier 2/3) (27% vs 63% category avg).,1
115,62,Home Care,114,Gulf - Saudi,2025-12-21,2025-12-28,distribution_gap,Royal Household is running 36 pts below the Home Care category average ACV in Gulf - Saudi — worst at GreenAisle (Saudi) (28% vs 63% category avg).,1
116,80,Confectionery,29,North America,2025-12-21,2025-12-28,distribution_gap,Nomad Candy Co is running 36 pts below the Confectionery category average ACV in North America — worst at QuickStop #2 (26% vs 62% category avg).,1
117,73,Dairy,2,North America,2025-12-21,2025-12-28,distribution_gap,Blue Milk Co is running 36 pts below the Dairy category average ACV in North America — worst at MetroBazaar (25% vs 61% category avg).,1
118,92,Breakfast & Cereal,173,SEA - Philippines,2025-12-21,2025-12-28,distribution_gap,Cloud Grains is running 36 pts below the Breakfast & Cereal category average ACV in SEA - Philippines — worst at Local Trade Collective (Philippines) (26% vs 62% category avg).,1
119,44,Packaged Foods,107,Gulf - UAE,2025-12-21,2025-12-28,distribution_gap,Spring Pantry is running 35 pts below the Packaged Foods category average ACV in Gulf - UAE — worst at Local Trade Collective (UAE) (28% vs 63% category avg).,1
120,38,Packaged Foods,119,Gulf - Saudi,2025-12-21,2025-12-28,distribution_gap,Urban Pantry is running 35 pts below the Packaged Foods category average ACV in Gulf - Saudi — worst at ValueTrade GT (Saudi) (26% vs 61% category avg).,1
121,25,Personal Care,149,SEA - Malaysia,2025-12-21,2025-12-28,distribution_gap,Royal Skin is running 35 pts below the Personal Care category average ACV in SEA - Malaysia — worst at ZipCart (Malaysia) (26% vs 61% category avg).,1
122,21,Sparkling Water,145,SEA - Malaysia,2025-12-21,2025-12-28,distribution_gap,Golden Fizz is running 35 pts below the Sparkling Water category average ACV in SEA - Malaysia — worst at PrimeGrocer (Malaysia) (26% vs 62% category avg).,1
123,65,Home Care,5,North America,2025-12-21,2025-12-28,distribution_gap,Urban Clean is running 35 pts below the Home Care category average ACV in North America — worst at DailyBasket (26% vs 62% category avg).,1
124,37,Packaged Foods,122,Gulf - Saudi,2025-12-21,2025-12-28,distribution_gap,Heritage Kitchen is running 35 pts below the Packaged Foods category average ACV in Gulf - Saudi — worst at Community Retail Co-op (Saudi) (26% vs 61% category avg).,1
125,22,Sparkling Water,124,Gulf - Saudi,2025-12-21,2025-12-28,distribution_gap,Crunch Fizz is running 35 pts below the Sparkling Water category average ACV in Gulf - Saudi — worst at MarketLink GT (Saudi) (28% vs 63% category avg).,1
126,41,Packaged Foods,4,North America,2025-12-21,2025-12-28,distribution_gap,Royal Kitchen is running 35 pts below the Packaged Foods category average ACV in North America — worst at PrimeGrocer (28% vs 62% category avg).,1
127,7,Salty Snacks,193,SEA - Indonesia,2025-12-21,2025-12-28,distribution_gap,Urban Bites is running 35 pts below the Salty Snacks category average ACV in SEA - Indonesia — worst at Local Trade Collective (Indonesia) (23% vs 58% category avg).,1
128,3,Salty Snacks,30,North America,2025-12-21,2025-12-28,distribution_gap,Prime Snacks is running 35 pts below the Salty Snacks category average ACV in North America — worst at CornerFuel Mart #2 (27% vs 61% category avg).,1
129,86,Confectionery,173,SEA - Philippines,2025-12-21,2025-12-28,distribution_gap,True Candy Co is running 35 pts below the Confectionery category average ACV in SEA - Philippines — worst at Local Trade Collective (Philippines) (28% vs 63% category avg).,1
130,70,Dairy,124,Gulf - Saudi,2025-12-21,2025-12-28,distribution_gap,Vivid Milk Co is running 35 pts below the Dairy category average ACV in Gulf - Saudi — worst at MarketLink GT (Saudi) (26% vs 60% category avg).,1
131,47,Beverages,79,India - Tier 2/3,2025-12-21,2025-12-28,distribution_gap,Sunrise Refresh is running 35 pts below the Beverages category average ACV in India - Tier 2/3 — worst at MarketLink GT (Tier 2/3) (28% vs 63% category avg).,1
132,99,Breakfast & Cereal,92,Gulf - UAE,2025-12-21,2025-12-28,distribution_gap,Fresh Cereal Co is running 34 pts below the Breakfast & Cereal category average ACV in Gulf - UAE — worst at GreenAisle (UAE) (29% vs 63% category avg).,1
133,100,Baby Care,72,India - Tier 2/3,2025-12-21,2025-12-28,distribution_gap,Fresh Tiny Care is running 34 pts below the Baby Care category average ACV in India - Tier 2/3 — worst at ValueGrocer (Tier 2/3) (28% vs 62% category avg).,1
134,105,Baby Care,66,India - Tier 2/3,2025-12-21,2025-12-28,distribution_gap,Silver Baby Essentials is running 34 pts below the Baby Care category average ACV in India - Tier 2/3 — worst at MetroBazaar (Tier 2/3) (28% vs 62% category avg).,1
135,63,Home Care,119,Gulf - Saudi,2025-12-21,2025-12-28,distribution_gap,Silver Household is running 34 pts below the Home Care category average ACV in Gulf - Saudi — worst at ValueTrade GT (Saudi) (29% vs 63% category avg).,1
136,55,Beverages,195,SEA - Indonesia,2025-12-21,2025-12-28,distribution_gap,Vivid Sip is running 34 pts below the Beverages category average ACV in SEA - Indonesia — worst at Neighborhood Wholesale (Indonesia) (26% vs 61% category avg).,1
137,68,Dairy,189,SEA - Indonesia,2025-12-21,2025-12-28,distribution_gap,Cloud Dairy is running 34 pts below the Dairy category average ACV in SEA - Indonesia — worst at DashKart (Indonesia) (29% vs 63% category avg).,1
138,11,Salty Snacks,25,North America,2025-12-21,2025-12-28,distribution_gap,Silver Snacks is running 34 pts below the Salty Snacks category average ACV in North America — worst at QuickStop (27% vs 61% category avg).,1
139,6,Salty Snacks,115,Gulf - Saudi,2025-12-21,2025-12-28,distribution_gap,Coastal Bites is running 34 pts below the Salty Snacks category average ACV in Gulf - Saudi — worst at PrimeGrocer (Saudi) (28% vs 62% category avg).,1
140,27,Personal Care,191,SEA - Indonesia,2025-12-21,2025-12-28,distribution_gap,Golden Glow is running 34 pts below the Personal Care category average ACV in SEA - Indonesia — worst at HopMart (Indonesia) (27% vs 60% category avg).,1
141,55,Beverages,38,India - Metro,2025-12-21,2025-12-28,distribution_gap,Vivid Sip is running 34 pts below the Beverages category average ACV in India - Metro — worst at GreenAisle (Metro) (28% vs 62% category avg).,1
142,19,Sparkling Water,22,North America,2025-12-21,2025-12-28,distribution_gap,Fresh Fizz is running 34 pts below the Sparkling Water category average ACV in North America — worst at NaturaLife Market (30% vs 63% category avg).,1
143,38,Packaged Foods,173,SEA - Philippines,2025-12-21,2025-12-28,distribution_gap,Urban Pantry is running 33 pts below the Packaged Foods category average ACV in SEA - Philippines — worst at Local Trade Collective (Philippines) (28% vs 62% category avg).,1
144,46,Beverages,116,Gulf - Saudi,2025-12-21,2025-12-28,distribution_gap,Fresh Refresh is running 33 pts below the Beverages category average ACV in Gulf - Saudi — worst at DailyBasket (Saudi) (29% vs 63% category avg).,1
145,47,Beverages,119,Gulf - Saudi,2025-12-21,2025-12-28,distribution_gap,Sunrise Refresh is running 33 pts below the Beverages category average ACV in Gulf - Saudi — worst at ValueTrade GT (Saudi) (29% vs 63% category avg).,1
146,2,Salty Snacks,39,India - Metro,2025-12-21,2025-12-28,distribution_gap,Bold Snacks is running 33 pts below the Salty Snacks category average ACV in India - Metro — worst at PrimeGrocer (Metro) (26% vs 59% category avg).,1
147,61,Home Care,53,India - Metro,2025-12-21,2025-12-28,distribution_gap,Crunch Household is running 33 pts below the Home Care category average ACV in India - Metro — worst at RapidBasket (Metro) (28% vs 61% category avg).,1
148,106,Baby Care,69,India - Tier 2/3,2025-12-21,2025-12-28,distribution_gap,Vivid Little Ones is running 33 pts below the Baby Care category average ACV in India - Tier 2/3 — worst at DailyBasket (Tier 2/3) (29% vs 62% category avg).,1
149,109,Baby Care,128,Gulf - Qatar,2025-12-21,2025-12-28,distribution_gap,Silver Little Ones is running 32 pts below the Baby Care category average ACV in Gulf - Qatar — worst at MetroBazaar (Qatar) (29% vs 62% category avg).,1
150,77,Dairy,141,Gulf - Qatar,2025-12-21,2025-12-28,distribution_gap,Urban Creamery is running 32 pts below the Dairy category average ACV in Gulf - Qatar — worst at Community Retail Co-op (Qatar) (34% vs 66% category avg).,1
151,32,Personal Care,72,India - Tier 2/3,2025-12-21,2025-12-28,distribution_gap,Cloud Skin is running 32 pts below the Personal Care category average ACV in India - Tier 2/3 — worst at ValueGrocer (Tier 2/3) (30% vs 63% category avg).,1
152,110,Baby Care,61,India - Metro,2025-12-21,2025-12-28,distribution_gap,Meadow Tiny Care is running 32 pts below the Baby Care category average ACV in India - Metro — worst at Community Retail Co-op (Metro) (31% vs 63% category avg).,1
153,60,Home Care,108,Gulf - UAE,2025-12-21,2025-12-28,distribution_gap,True Shine is running 32 pts below the Home Care category average ACV in Gulf - UAE — worst at ValueTrade GT (UAE) (30% vs 61% category avg).,1
154,40,Packaged Foods,100,Gulf - UAE,2025-12-21,2025-12-28,distribution_gap,Meadow Pantry is running 31 pts below the Packaged Foods category average ACV in Gulf - UAE — worst at QuickDash (UAE) (32% vs 63% category avg).,1
155,98,Breakfast & Cereal,123,Gulf - Saudi,2025-12-21,2025-12-28,distribution_gap,Coastal Mornings is running 31 pts below the Breakfast & Cereal category average ACV in Gulf - Saudi — worst at Bazaar Wholesale (Saudi) (28% vs 59% category avg).,1
156,44,Packaged Foods,66,India - Tier 2/3,2025-12-21,2025-12-28,distribution_gap,Spring Pantry is running 31 pts below the Packaged Foods category average ACV in India - Tier 2/3 — worst at MetroBazaar (Tier 2/3) (31% vs 62% category avg).,1
157,109,Baby Care,9,North America,2025-12-21,2025-12-28,distribution_gap,Silver Little Ones is running 31 pts below the Baby Care category average ACV in North America — worst at CityMart (32% vs 63% category avg).,1
158,56,Home Care,88,India - Tier 2/3,2025-12-21,2025-12-28,distribution_gap,Golden Shine is running 31 pts below the Home Care category average ACV in India - Tier 2/3 — worst at Sundry Traders Network #2 (Tier 2/3) (32% vs 63% category avg).,1
159,23,Personal Care,40,India - Metro,2025-12-21,2025-12-28,distribution_gap,Golden Skin is running 31 pts below the Personal Care category average ACV in India - Metro — worst at DailyBasket (Metro) (32% vs 63% category avg).,1
160,89,Breakfast & Cereal,10,North America,2025-12-21,2025-12-28,distribution_gap,Nomad Mornings is running 31 pts below the Breakfast & Cereal category average ACV in North America — worst at HomeFresh (32% vs 63% category avg).,1
161,104,Baby Care,197,SEA - Indonesia,2025-12-21,2025-12-28,distribution_gap,Meadow Baby Co is running 31 pts below the Baby Care category average ACV in SEA - Indonesia — worst at Community Retail Co-op (Indonesia) (29% vs 60% category avg).,1
162,76,Dairy,3,North America,2025-12-21,2025-12-28,distribution_gap,Royal Farms is running 31 pts below the Dairy category average ACV in North America — worst at GreenAisle (30% vs 61% category avg).,1
163,10,Salty Snacks,125,Gulf - Saudi,2025-12-21,2025-12-28,distribution_gap,Silver Chips is running 31 pts below the Salty Snacks category average ACV in Gulf - Saudi — worst at Sundry Traders Network (Saudi) (32% vs 62% category avg).,1
164,57,Home Care,162,SEA - Philippines,2025-12-21,2025-12-28,distribution_gap,Cloud Shine is running 30 pts below the Home Care category average ACV in SEA - Philippines — worst at FreshMart (Philippines) (28% vs 58% category avg).,1
165,54,Beverages,112,Gulf - Saudi,2025-12-21,2025-12-28,distribution_gap,Nomad Drinks is running 30 pts below the Beverages category average ACV in Gulf - Saudi — worst at FreshMart (Saudi) (32% vs 63% category avg).,1
166,53,Beverages,112,Gulf - Saudi,2025-12-21,2025-12-28,distribution_gap,Cloud Sip is running 30 pts below the Beverages category average ACV in Gulf - Saudi — worst at FreshMart (Saudi) (33% vs 63% category avg).,1
167,104,Baby Care,133,Gulf - Qatar,2025-12-21,2025-12-28,distribution_gap,Meadow Baby Co is running 30 pts below the Baby Care category average ACV in Gulf - Qatar — worst at ZipCart (Qatar) (32% vs 62% category avg).,1
168,33,Personal Care,117,Gulf - Saudi,2025-12-21,2025-12-28,distribution_gap,Cloud Glow is running 30 pts below the Personal Care category average ACV in Gulf - Saudi — worst at SunriseMart (Saudi) (30% vs 60% category avg).,1
169,91,Breakfast & Cereal,119,Gulf - Saudi,2025-12-21,2025-12-28,distribution_gap,Coastal Cereal Co is running 29 pts below the Breakfast & Cereal category average ACV in Gulf - Saudi — worst at ValueTrade GT (Saudi) (30% vs 59% category avg).,1
170,42,Packaged Foods,165,SEA - Philippines,2025-12-21,2025-12-28,distribution_gap,Urban Kitchen is running 28 pts below the Packaged Foods category average ACV in SEA - Philippines — worst at PrimeGrocer (Philippines) (34% vs 62% category avg).,1
171,101,Baby Care,134,Gulf - Qatar,2025-12-21,2025-12-28,distribution_gap,Everyday Tiny Care is running 27 pts below the Baby Care category average ACV in Gulf - Qatar — worst at DashKart (Qatar) (34% vs 62% category avg).,1
172,68,Dairy,192,SEA - Indonesia,2025-12-28,2025-12-28,cannibalization_risk,"Cloud Dairy SKU at FlashCart (Indonesia) dipped 13% vs its non-promo baseline the week of 2025-12-28 while a sibling SKU was on promo — likely in-portfolio cannibalization, not real category loss.",1
173,54,Beverages,75,India - Tier 2/3,2025-12-28,2025-12-28,cannibalization_risk,"Nomad Drinks SKU at Neighborhood Wholesale (Tier 2/3) dipped 19% vs its non-promo baseline the week of 2025-12-28 while a sibling SKU was on promo — likely in-portfolio cannibalization, not real category loss.",1
174,29,Personal Care,56,India - Metro,2025-12-28,2025-12-28,cannibalization_risk,"Golden Essentials SKU at QuickDash #2 (Metro) dipped 37% vs its non-promo baseline the week of 2025-12-28 while a sibling SKU was on promo — likely in-portfolio cannibalization, not real category loss.",1
175,13,Sparkling Water,168,SEA - Philippines,2025-12-28,2025-12-28,cannibalization_risk,"Urban Bubbles SKU at QuickDash (Philippines) dipped 41% vs its non-promo baseline the week of 2025-12-28 while a sibling SKU was on promo — likely in-portfolio cannibalization, not real category loss.",1
176,66,Home Care,185,SEA - Indonesia,2025-12-28,2025-12-28,cannibalization_risk,"Golden Household SKU at DailyBasket (Indonesia) dipped 23% vs its non-promo baseline the week of 2025-12-28 while a sibling SKU was on promo — likely in-portfolio cannibalization, not real category loss.",1
177,55,Beverages,53,India - Metro,2025-12-28,2025-12-28,cannibalization_risk,"Vivid Sip SKU at RapidBasket (Metro) dipped 32% vs its non-promo baseline the week of 2025-12-28 while a sibling SKU was on promo — likely in-portfolio cannibalization, not real category loss.",1
178,93,Breakfast & Cereal,100,Gulf - UAE,2025-12-28,2025-12-28,cannibalization_risk,"Urban Mornings SKU at QuickDash (UAE) dipped 16% vs its non-promo baseline the week of 2025-12-28 while a sibling SKU was on promo — likely in-portfolio cannibalization, not real category loss.",1
179,63,Home Care,10,North America,2025-12-28,2025-12-28,cannibalization_risk,"Silver Household SKU at HomeFresh dipped 20% vs its non-promo baseline the week of 2025-12-28 while a sibling SKU was on promo — likely in-portfolio cannibalization, not real category loss.",1
180,104,Baby Care,131,Gulf - Qatar,2025-12-28,2025-12-28,cannibalization_risk,"Meadow Baby Co SKU at DailyBasket (Qatar) dipped 19% vs its non-promo baseline the week of 2025-12-28 while a sibling SKU was on promo — likely in-portfolio cannibalization, not real category loss.",1
181,54,Beverages,80,India - Tier 2/3,2025-12-28,2025-12-28,cannibalization_risk,"Nomad Drinks SKU at Sundry Traders Network (Tier 2/3) dipped 14% vs its non-promo baseline the week of 2025-12-28 while a sibling SKU was on promo — likely in-portfolio cannibalization, not real category loss.",1
182,4,Salty Snacks,154,SEA - Malaysia,2025-12-28,2025-12-28,cannibalization_risk,"Blue Bites SKU at Local Trade Collective (Malaysia) dipped 13% vs its non-promo baseline the week of 2025-12-28 while a sibling SKU was on promo — likely in-portfolio cannibalization, not real category loss.",1
183,7,Salty Snacks,109,Gulf - UAE,2025-12-28,2025-12-28,cannibalization_risk,"Urban Bites SKU at Neighborhood Wholesale (UAE) dipped 26% vs its non-promo baseline the week of 2025-12-28 while a sibling SKU was on promo — likely in-portfolio cannibalization, not real category loss.",1
184,20,Sparkling Water,41,India - Metro,2025-12-28,2025-12-28,cannibalization_risk,"Heritage Springs SKU at SunriseMart (Metro) dipped 18% vs its non-promo baseline the week of 2025-12-28 while a sibling SKU was on promo — likely in-portfolio cannibalization, not real category loss.",1
185,29,Personal Care,63,India - Metro,2025-12-28,2025-12-28,cannibalization_risk,"Golden Essentials SKU at MarketLink GT (Metro) dipped 29% vs its non-promo baseline the week of 2025-12-28 while a sibling SKU was on promo — likely in-portfolio cannibalization, not real category loss.",1
186,43,Packaged Foods,60,India - Metro,2025-12-28,2025-12-28,cannibalization_risk,"Coastal Table SKU at Corner Store Network (Metro) dipped 13% vs its non-promo baseline the week of 2025-12-28 while a sibling SKU was on promo — likely in-portfolio cannibalization, not real category loss.",1
187,89,Breakfast & Cereal,71,India - Tier 2/3,2025-12-28,2025-12-28,cannibalization_risk,"Nomad Mornings SKU at UrbanPantry (Tier 2/3) dipped 35% vs its non-promo baseline the week of 2025-12-28 while a sibling SKU was on promo — likely in-portfolio cannibalization, not real category loss.",1
188,64,Home Care,13,North America,2025-12-28,2025-12-28,cannibalization_risk,"Blue Shine SKU at GreenAisle #2 dipped 32% vs its non-promo baseline the week of 2025-12-28 while a sibling SKU was on promo — likely in-portfolio cannibalization, not real category loss.",1
189,55,Beverages,51,India - Metro,2025-12-28,2025-12-28,cannibalization_risk,"Vivid Sip SKU at FlashCart (Metro) dipped 18% vs its non-promo baseline the week of 2025-12-28 while a sibling SKU was on promo — likely in-portfolio cannibalization, not real category loss.",1
190,93,Breakfast & Cereal,96,Gulf - UAE,2025-12-28,2025-12-28,cannibalization_risk,"Urban Mornings SKU at UrbanPantry (UAE) dipped 29% vs its non-promo baseline the week of 2025-12-28 while a sibling SKU was on promo — likely in-portfolio cannibalization, not real category loss.",1
191,50,Beverages,183,SEA - Indonesia,2025-12-28,2025-12-28,cannibalization_risk,"Crunch Drinks SKU at GreenAisle (Indonesia) dipped 22% vs its non-promo baseline the week of 2025-12-28 while a sibling SKU was on promo — likely in-portfolio cannibalization, not real category loss.",1
192,89,Breakfast & Cereal,74,India - Tier 2/3,2025-12-28,2025-12-28,cannibalization_risk,"Nomad Mornings SKU at ValueTrade GT (Tier 2/3) dipped 25% vs its non-promo baseline the week of 2025-12-28 while a sibling SKU was on promo — likely in-portfolio cannibalization, not real category loss.",1
193,38,Packaged Foods,121,Gulf - Saudi,2025-12-28,2025-12-28,cannibalization_risk,"Urban Pantry SKU at Corner Store Network (Saudi) dipped 34% vs its non-promo baseline the week of 2025-12-28 while a sibling SKU was on promo — likely in-portfolio cannibalization, not real category loss.",1
194,47,Beverages,87,India - Tier 2/3,2025-12-28,2025-12-28,cannibalization_risk,"Sunrise Refresh SKU at MarketLink GT #2 (Tier 2/3) dipped 39% vs its non-promo baseline the week of 2025-12-28 while a sibling SKU was on promo — likely in-portfolio cannibalization, not real category loss.",1
195,50,Beverages,179,SEA - Philippines,2025-12-28,2025-12-28,cannibalization_risk,"Crunch Drinks SKU at MarketLink GT (Philippines) dipped 15% vs its non-promo baseline the week of 2025-12-28 while a sibling SKU was on promo — likely in-portfolio cannibalization, not real category loss.",1
196,35,Packaged Foods,88,India - Tier 2/3,2025-12-28,2025-12-28,cannibalization_risk,"Silver Table SKU at Sundry Traders Network #2 (Tier 2/3) dipped 33% vs its non-promo baseline the week of 2025-12-28 while a sibling SKU was on promo — likely in-portfolio cannibalization, not real category loss.",1
197,76,Dairy,85,India - Tier 2/3,2025-12-28,2025-12-28,cannibalization_risk,"Royal Farms SKU at Community Retail Co-op #2 (Tier 2/3) dipped 25% vs its non-promo baseline the week of 2025-12-28 while a sibling SKU was on promo — likely in-portfolio cannibalization, not real category loss.",1
198,29,Personal Care,39,India - Metro,2025-12-28,2025-12-28,cannibalization_risk,"Golden Essentials SKU at PrimeGrocer (Metro) dipped 31% vs its non-promo baseline the week of 2025-12-28 while a sibling SKU was on promo — likely in-portfolio cannibalization, not real category loss.",1
199,38,Packaged Foods,115,Gulf - Saudi,2025-12-28,2025-12-28,cannibalization_risk,"Urban Pantry SKU at PrimeGrocer (Saudi) dipped 18% vs its non-promo baseline the week of 2025-12-28 while a sibling SKU was on promo — likely in-portfolio cannibalization, not real category loss.",1
200,29,Personal Care,40,India - Metro,2025-12-28,2025-12-28,cannibalization_risk,"Golden Essentials SKU at DailyBasket (Metro) dipped 32% vs its non-promo baseline the week of 2025-12-28 while a sibling SKU was on promo — likely in-portfolio cannibalization, not real category loss.",1
201,22,Sparkling Water,123,Gulf - Saudi,2025-12-28,2025-12-28,cannibalization_risk,"Crunch Fizz SKU at Bazaar Wholesale (Saudi) dipped 17% vs its non-promo baseline the week of 2025-12-28 while a sibling SKU was on promo — likely in-portfolio cannibalization, not real category loss.",1
202,29,Personal Care,41,India - Metro,2025-12-28,2025-12-28,cannibalization_risk,"Golden Essentials SKU at SunriseMart (Metro) dipped 17% vs its non-promo baseline the week of 2025-12-28 while a sibling SKU was on promo — likely in-portfolio cannibalization, not real category loss.",1
203,42,Packaged Foods,75,India - Tier 2/3,2025-12-28,2025-12-28,cannibalization_risk,"Urban Kitchen SKU at Neighborhood Wholesale (Tier 2/3) dipped 37% vs its non-promo baseline the week of 2025-12-28 while a sibling SKU was on promo — likely in-portfolio cannibalization, not real category loss.",1
204,76,Dairy,88,India - Tier 2/3,2025-12-28,2025-12-28,cannibalization_risk,"Royal Farms SKU at Sundry Traders Network #2 (Tier 2/3) dipped 29% vs its non-promo baseline the week of 2025-12-28 while a sibling SKU was on promo — likely in-portfolio cannibalization, not real category loss.",1
205,29,Personal Care,46,India - Metro,2025-12-28,2025-12-28,cannibalization_risk,"Golden Essentials SKU at QuickDash (Metro) dipped 21% vs its non-promo baseline the week of 2025-12-28 while a sibling SKU was on promo — likely in-portfolio cannibalization, not real category loss.",1
206,38,Packaged Foods,119,Gulf - Saudi,2025-12-28,2025-12-28,cannibalization_risk,"Urban Pantry SKU at ValueTrade GT (Saudi) dipped 12% vs its non-promo baseline the week of 2025-12-28 while a sibling SKU was on promo — likely in-portfolio cannibalization, not real category loss.",1
207,38,Packaged Foods,117,Gulf - Saudi,2025-12-28,2025-12-28,cannibalization_risk,"Urban Pantry SKU at SunriseMart (Saudi) dipped 37% vs its non-promo baseline the week of 2025-12-28 while a sibling SKU was on promo — likely in-portfolio cannibalization, not real category loss.",1
208,29,Personal Care,47,India - Metro,2025-12-28,2025-12-28,cannibalization_risk,"Golden Essentials SKU at ZipCart (Metro) dipped 25% vs its non-promo baseline the week of 2025-12-28 while a sibling SKU was on promo — likely in-portfolio cannibalization, not real category loss.",1
209,89,Breakfast & Cereal,13,North America,2025-12-28,2025-12-28,cannibalization_risk,"Nomad Mornings SKU at GreenAisle #2 dipped 27% vs its non-promo baseline the week of 2025-12-28 while a sibling SKU was on promo — likely in-portfolio cannibalization, not real category loss.",1
210,24,Personal Care,127,Gulf - Qatar,2025-12-28,2025-12-28,cannibalization_risk,"Spring Care SKU at FreshMart (Qatar) dipped 31% vs its non-promo baseline the week of 2025-12-28 while a sibling SKU was on promo — likely in-portfolio cannibalization, not real category loss.",1
211,12,Sparkling Water,77,India - Tier 2/3,2025-12-28,2025-12-28,cannibalization_risk,"True Water Co SKU at Community Retail Co-op (Tier 2/3) dipped 40% vs its non-promo baseline the week of 2025-12-28 while a sibling SKU was on promo — likely in-portfolio cannibalization, not real category loss.",1
212,13,Sparkling Water,148,SEA - Malaysia,2025-12-28,2025-12-28,cannibalization_risk,"Urban Bubbles SKU at QuickDash (Malaysia) dipped 26% vs its non-promo baseline the week of 2025-12-28 while a sibling SKU was on promo — likely in-portfolio cannibalization, not real category loss.",1
213,58,Home Care,182,SEA - Indonesia,2025-12-28,2025-12-28,cannibalization_risk,"Coastal Clean SKU at MetroBazaar (Indonesia) dipped 40% vs its non-promo baseline the week of 2025-12-28 while a sibling SKU was on promo — likely in-portfolio cannibalization, not real category loss.",1
214,20,Sparkling Water,49,India - Metro,2025-12-28,2025-12-28,cannibalization_risk,"Heritage Springs SKU at SwiftBasket (Metro) dipped 25% vs its non-promo baseline the week of 2025-12-28 while a sibling SKU was on promo — likely in-portfolio cannibalization, not real category loss.",1
215,99,Breakfast & Cereal,91,Gulf - UAE,2025-12-28,2025-12-28,cannibalization_risk,"Fresh Cereal Co SKU at MetroBazaar (UAE) dipped 40% vs its non-promo baseline the week of 2025-12-28 while a sibling SKU was on promo — likely in-portfolio cannibalization, not real category loss.",1
216,49,Beverages,68,India - Tier 2/3,2025-12-28,2025-12-28,cannibalization_risk,"Meadow Beverages SKU at PrimeGrocer (Tier 2/3) dipped 37% vs its non-promo baseline the week of 2025-12-28 while a sibling SKU was on promo — likely in-portfolio cannibalization, not real category loss.",1
217,29,Personal Care,46,India - Metro,2025-12-28,2025-12-28,cannibalization_risk,"Golden Essentials SKU at QuickDash (Metro) dipped 27% vs its non-promo baseline the week of 2025-12-28 while a sibling SKU was on promo — likely in-portfolio cannibalization, not real category loss.",1
218,20,Sparkling Water,52,India - Metro,2025-12-28,2025-12-28,cannibalization_risk,"Heritage Springs SKU at NimbleMart (Metro) dipped 25% vs its non-promo baseline the week of 2025-12-28 while a sibling SKU was on promo — likely in-portfolio cannibalization, not real category loss.",1
219,18,Sparkling Water,8,North America,2025-12-28,2025-12-28,cannibalization_risk,"Royal Fizz SKU at ValueGrocer dipped 19% vs its non-promo baseline the week of 2025-12-28 while a sibling SKU was on promo — likely in-portfolio cannibalization, not real category loss.",1
220,66,Home Care,83,India - Tier 2/3,2025-12-28,2025-12-28,cannibalization_risk,"Golden Household SKU at Neighborhood Wholesale #2 (Tier 2/3) dipped 20% vs its non-promo baseline the week of 2025-12-28 while a sibling SKU was on promo — likely in-portfolio cannibalization, not real category loss.",1
221,52,Beverages,140,Gulf - Qatar,2025-12-28,2025-12-28,cannibalization_risk,"Spring Sip SKU at Corner Store Network (Qatar) dipped 31% vs its non-promo baseline the week of 2025-12-28 while a sibling SKU was on promo — likely in-portfolio cannibalization, not real category loss.",1
222,47,Beverages,79,India - Tier 2/3,2025-12-28,2025-12-28,cannibalization_risk,"Sunrise Refresh SKU at MarketLink GT (Tier 2/3) dipped 29% vs its non-promo baseline the week of 2025-12-28 while a sibling SKU was on promo — likely in-portfolio cannibalization, not real category loss.",1
223,44,Packaged Foods,83,India - Tier 2/3,2025-12-28,2025-12-28,cannibalization_risk,"Spring Pantry SKU at Neighborhood Wholesale #2 (Tier 2/3) dipped 21% vs its non-promo baseline the week of 2025-12-28 while a sibling SKU was on promo — likely in-portfolio cannibalization, not real category loss.",1
224,22,Sparkling Water,126,Gulf - Saudi,2025-12-28,2025-12-28,cannibalization_risk,"Crunch Fizz SKU at Local Trade Collective #2 (Saudi) dipped 31% vs its non-promo baseline the week of 2025-12-28 while a sibling SKU was on promo — likely in-portfolio cannibalization, not real category loss.",1
225,46,Beverages,30,North America,2025-12-28,2025-12-28,cannibalization_risk,"Fresh Refresh SKU at CornerFuel Mart #2 dipped 28% vs its non-promo baseline the week of 2025-12-28 while a sibling SKU was on promo — likely in-portfolio cannibalization, not real category loss.",1
226,29,Personal Care,64,India - Metro,2025-12-28,2025-12-28,cannibalization_risk,"Golden Essentials SKU at Sundry Traders Network (Metro) dipped 26% vs its non-promo baseline the week of 2025-12-28 while a sibling SKU was on promo — likely in-portfolio cannibalization, not real category loss.",1
227,24,Personal Care,109,Gulf - UAE,2025-12-28,2025-12-28,cannibalization_risk,"Spring Care SKU at Neighborhood Wholesale (UAE) dipped 37% vs its non-promo baseline the week of 2025-12-28 while a sibling SKU was on promo — likely in-portfolio cannibalization, not real category loss.",1
228,20,Sparkling Water,57,India - Metro,2025-12-28,2025-12-28,cannibalization_risk,"Heritage Springs SKU at Local Trade Collective (Metro) dipped 18% vs its non-promo baseline the week of 2025-12-28 while a sibling SKU was on promo — likely in-portfolio cannibalization, not real category loss.",1
229,8,Salty Snacks,83,India - Tier 2/3,2025-12-28,2025-12-28,cannibalization_risk,"Meadow Crisps SKU at Neighborhood Wholesale #2 (Tier 2/3) dipped 18% vs its non-promo baseline the week of 2025-12-28 while a sibling SKU was on promo — likely in-portfolio cannibalization, not real category loss.",1
230,55,Beverages,47,India - Metro,2025-12-28,2025-12-28,cannibalization_risk,"Vivid Sip SKU at ZipCart (Metro) dipped 19% vs its non-promo baseline the week of 2025-12-28 while a sibling SKU was on promo — likely in-portfolio cannibalization, not real category loss.",1
231,18,Sparkling Water,11,North America,2025-12-28,2025-12-28,cannibalization_risk,"Royal Fizz SKU at FreshMart #2 dipped 25% vs its non-promo baseline the week of 2025-12-28 while a sibling SKU was on promo — likely in-portfolio cannibalization, not real category loss.",1
232,53,Beverages,137,Gulf - Qatar,2025-12-28,2025-12-28,cannibalization_risk,"Cloud Sip SKU at Local Trade Collective (Qatar) dipped 27% vs its non-promo baseline the week of 2025-12-28 while a sibling SKU was on promo — likely in-portfolio cannibalization, not real category loss.",1
233,59,Home Care,53,India - Metro,2025-12-28,2025-12-28,cannibalization_risk,"Pure Shine SKU at RapidBasket (Metro) dipped 25% vs its non-promo baseline the week of 2025-12-28 while a sibling SKU was on promo — likely in-portfolio cannibalization, not real category loss.",1
234,76,Dairy,76,India - Tier 2/3,2025-12-28,2025-12-28,cannibalization_risk,"Royal Farms SKU at Corner Store Network (Tier 2/3) dipped 23% vs its non-promo baseline the week of 2025-12-28 while a sibling SKU was on promo — likely in-portfolio cannibalization, not real category loss.",1
235,14,Sparkling Water,11,North America,2025-12-28,2025-12-28,cannibalization_risk,"Golden Bubbles SKU at FreshMart #2 dipped 34% vs its non-promo baseline the week of 2025-12-28 while a sibling SKU was on promo — likely in-portfolio cannibalization, not real category loss.",1
236,52,Beverages,138,Gulf - Qatar,2025-12-28,2025-12-28,cannibalization_risk,"Spring Sip SKU at ValueTrade GT (Qatar) dipped 36% vs its non-promo baseline the week of 2025-12-28 while a sibling SKU was on promo — likely in-portfolio cannibalization, not real category loss.",1
237,76,Dairy,70,India - Tier 2/3,2025-12-28,2025-12-28,cannibalization_risk,"Royal Farms SKU at SunriseMart (Tier 2/3) dipped 21% vs its non-promo baseline the week of 2025-12-28 while a sibling SKU was on promo — likely in-portfolio cannibalization, not real category loss.",1
238,71,Dairy,23,North America,2025-12-28,2025-12-28,cannibalization_risk,"Golden Farms SKU at GreenLeaf Naturals #2 dipped 28% vs its non-promo baseline the week of 2025-12-28 while a sibling SKU was on promo — likely in-portfolio cannibalization, not real category loss.",1
239,38,Packaged Foods,162,SEA - Philippines,2025-12-28,2025-12-28,cannibalization_risk,"Urban Pantry SKU at FreshMart (Philippines) dipped 33% vs its non-promo baseline the week of 2025-12-28 while a sibling SKU was on promo — likely in-portfolio cannibalization, not real category loss.",1
240,15,Sparkling Water,123,Gulf - Saudi,2025-12-28,2025-12-28,cannibalization_risk,"Blue Springs SKU at Bazaar Wholesale (Saudi) dipped 38% vs its non-promo baseline the week of 2025-12-28 while a sibling SKU was on promo — likely in-portfolio cannibalization, not real category loss.",1
241,66,Home Care,88,India - Tier 2/3,2025-12-28,2025-12-28,cannibalization_risk,"Golden Household SKU at Sundry Traders Network #2 (Tier 2/3) dipped 30% vs its non-promo baseline the week of 2025-12-28 while a sibling SKU was on promo — likely in-portfolio cannibalization, not real category loss.",1
242,35,Packaged Foods,72,India - Tier 2/3,2025-12-28,2025-12-28,cannibalization_risk,"Silver Table SKU at ValueGrocer (Tier 2/3) dipped 24% vs its non-promo baseline the week of 2025-12-28 while a sibling SKU was on promo — likely in-portfolio cannibalization, not real category loss.",1
243,80,Confectionery,29,North America,2025-12-28,2025-12-28,cannibalization_risk,"Nomad Candy Co SKU at QuickStop #2 dipped 22% vs its non-promo baseline the week of 2025-12-28 while a sibling SKU was on promo — likely in-portfolio cannibalization, not real category loss.",1
244,95,Breakfast & Cereal,114,Gulf - Saudi,2025-12-28,2025-12-28,cannibalization_risk,"Cloud Mornings SKU at GreenAisle (Saudi) dipped 26% vs its non-promo baseline the week of 2025-12-28 while a sibling SKU was on promo — likely in-portfolio cannibalization, not real category loss.",1
245,18,Sparkling Water,5,North America,2025-12-28,2025-12-28,cannibalization_risk,"Royal Fizz SKU at DailyBasket dipped 27% vs its non-promo baseline the week of 2025-12-28 while a sibling SKU was on promo — likely in-portfolio cannibalization, not real category loss.",1
246,35,Packaged Foods,70,India - Tier 2/3,2025-12-28,2025-12-28,cannibalization_risk,"Silver Table SKU at SunriseMart (Tier 2/3) dipped 25% vs its non-promo baseline the week of 2025-12-28 while a sibling SKU was on promo — likely in-portfolio cannibalization, not real category loss.",1
247,106,Baby Care,84,India - Tier 2/3,2025-12-28,2025-12-28,cannibalization_risk,"Vivid Little Ones SKU at Corner Store Network #2 (Tier 2/3) dipped 17% vs its non-promo baseline the week of 2025-12-28 while a sibling SKU was on promo — likely in-portfolio cannibalization, not real category loss.",1
248,38,Packaged Foods,164,SEA - Philippines,2025-12-28,2025-12-28,cannibalization_risk,"Urban Pantry SKU at GreenAisle (Philippines) dipped 33% vs its non-promo baseline the week of 2025-12-28 while a sibling SKU was on promo — likely in-portfolio cannibalization, not real category loss.",1
249,51,Beverages,32,North America,2025-12-28,2025-12-28,cannibalization_risk,"Coastal Drinks SKU at ExpressStop #2 dipped 32% vs its non-promo baseline the week of 2025-12-28 while a sibling SKU was on promo — likely in-portfolio cannibalization, not real category loss.",1
250,76,Dairy,68,India - Tier 2/3,2025-12-28,2025-12-28,cannibalization_risk,"Royal Farms SKU at PrimeGrocer (Tier 2/3) dipped 17% vs its non-promo baseline the week of 2025-12-28 while a sibling SKU was on promo — likely in-portfolio cannibalization, not real category loss.",1
251,109,Baby Care,133,Gulf - Qatar,2025-12-28,2025-12-28,cannibalization_risk,"Silver Little Ones SKU at ZipCart (Qatar) dipped 17% vs its non-promo baseline the week of 2025-12-28 while a sibling SKU was on promo — likely in-portfolio cannibalization, not real category loss.",1
252,66,Home Care,87,India - Tier 2/3,2025-12-28,2025-12-28,cannibalization_risk,"Golden Household SKU at MarketLink GT #2 (Tier 2/3) dipped 18% vs its non-promo baseline the week of 2025-12-28 while a sibling SKU was on promo — likely in-portfolio cannibalization, not real category loss.",1
253,50,Beverages,198,SEA - Indonesia,2025-12-28,2025-12-28,cannibalization_risk,"Crunch Drinks SKU at Bazaar Wholesale (Indonesia) dipped 39% vs its non-promo baseline the week of 2025-12-28 while a sibling SKU was on promo — likely in-portfolio cannibalization, not real category loss.",1
254,35,Packaged Foods,67,India - Tier 2/3,2025-12-28,2025-12-28,cannibalization_risk,"Silver Table SKU at GreenAisle (Tier 2/3) dipped 22% vs its non-promo baseline the week of 2025-12-28 while a sibling SKU was on promo — likely in-portfolio cannibalization, not real category loss.",1
255,93,Breakfast & Cereal,91,Gulf - UAE,2025-12-28,2025-12-28,cannibalization_risk,"Urban Mornings SKU at MetroBazaar (UAE) dipped 41% vs its non-promo baseline the week of 2025-12-28 while a sibling SKU was on promo — likely in-portfolio cannibalization, not real category loss.",1
256,89,Breakfast & Cereal,78,India - Tier 2/3,2025-12-28,2025-12-28,cannibalization_risk,"Nomad Mornings SKU at Bazaar Wholesale (Tier 2/3) dipped 21% vs its non-promo baseline the week of 2025-12-28 while a sibling SKU was on promo — likely in-portfolio cannibalization, not real category loss.",1
257,59,Home Care,49,India - Metro,2025-12-28,2025-12-28,cannibalization_risk,"Pure Shine SKU at SwiftBasket (Metro) dipped 32% vs its non-promo baseline the week of 2025-12-28 while a sibling SKU was on promo — likely in-portfolio cannibalization, not real category loss.",1
258,80,Confectionery,11,North America,2025-12-28,2025-12-28,cannibalization_risk,"Nomad Candy Co SKU at FreshMart #2 dipped 19% vs its non-promo baseline the week of 2025-12-28 while a sibling SKU was on promo — likely in-portfolio cannibalization, not real category loss.",1
259,7,Salty Snacks,110,Gulf - UAE,2025-12-28,2025-12-28,cannibalization_risk,"Urban Bites SKU at Corner Store Network (UAE) dipped 22% vs its non-promo baseline the week of 2025-12-28 while a sibling SKU was on promo — likely in-portfolio cannibalization, not real category loss.",1
260,55,Beverages,55,India - Metro,2025-12-28,2025-12-28,cannibalization_risk,"Vivid Sip SKU at DartMart (Metro) dipped 17% vs its non-promo baseline the week of 2025-12-28 while a sibling SKU was on promo — likely in-portfolio cannibalization, not real category loss.",1
261,18,Sparkling Water,12,North America,2025-12-28,2025-12-28,cannibalization_risk,"Royal Fizz SKU at MetroBazaar #2 dipped 32% vs its non-promo baseline the week of 2025-12-28 while a sibling SKU was on promo — likely in-portfolio cannibalization, not real category loss.",1
262,93,Breakfast & Cereal,105,Gulf - UAE,2025-12-28,2025-12-28,cannibalization_risk,"Urban Mornings SKU at FlashCart (UAE) dipped 26% vs its non-promo baseline the week of 2025-12-28 while a sibling SKU was on promo — likely in-portfolio cannibalization, not real category loss.",1
263,55,Beverages,60,India - Metro,2025-12-28,2025-12-28,cannibalization_risk,"Vivid Sip SKU at Corner Store Network (Metro) dipped 21% vs its non-promo baseline the week of 2025-12-28 while a sibling SKU was on promo — likely in-portfolio cannibalization, not real category loss.",1
264,71,Dairy,21,North America,2025-12-28,2025-12-28,cannibalization_risk,"Golden Farms SKU at EarthAisle dipped 16% vs its non-promo baseline the week of 2025-12-28 while a sibling SKU was on promo — likely in-portfolio cannibalization, not real category loss.",1
265,38,Packaged Foods,173,SEA - Philippines,2025-12-28,2025-12-28,cannibalization_risk,"Urban Pantry SKU at Local Trade Collective (Philippines) dipped 28% vs its non-promo baseline the week of 2025-12-28 while a sibling SKU was on promo — likely in-portfolio cannibalization, not real category loss.",1
266,98,Breakfast & Cereal,118,Gulf - Saudi,2025-12-28,2025-12-28,cannibalization_risk,"Coastal Mornings SKU at Local Trade Collective (Saudi) dipped 19% vs its non-promo baseline the week of 2025-12-28 while a sibling SKU was on promo — likely in-portfolio cannibalization, not real category loss.",1
267,109,Baby Care,128,Gulf - Qatar,2025-12-28,2025-12-28,cannibalization_risk,"Silver Little Ones SKU at MetroBazaar (Qatar) dipped 24% vs its non-promo baseline the week of 2025-12-28 while a sibling SKU was on promo — likely in-portfolio cannibalization, not real category loss.",1
268,93,Breakfast & Cereal,166,SEA - Philippines,2025-12-28,2025-12-28,cannibalization_risk,"Urban Mornings SKU at DailyBasket (Philippines) dipped 38% vs its non-promo baseline the week of 2025-12-28 while a sibling SKU was on promo — likely in-portfolio cannibalization, not real category loss.",1
269,71,Dairy,22,North America,2025-12-28,2025-12-28,cannibalization_risk,"Golden Farms SKU at NaturaLife Market dipped 26% vs its non-promo baseline the week of 2025-12-28 while a sibling SKU was on promo — likely in-portfolio cannibalization, not real category loss.",1
270,89,Breakfast & Cereal,81,India - Tier 2/3,2025-12-28,2025-12-28,cannibalization_risk,"Nomad Mornings SKU at Local Trade Collective #2 (Tier 2/3) dipped 12% vs its non-promo baseline the week of 2025-12-28 while a sibling SKU was on promo — likely in-portfolio cannibalization, not real category loss.",1
271,81,Confectionery,135,Gulf - Qatar,2025-12-28,2025-12-28,cannibalization_risk,"Prime Candy Co SKU at SwiftBasket (Qatar) dipped 15% vs its non-promo baseline the week of 2025-12-28 while a sibling SKU was on promo — likely in-portfolio cannibalization, not real category loss.",1
272,109,Baby Care,13,North America,2025-12-28,2025-12-28,cannibalization_risk,"Silver Little Ones SKU at GreenAisle #2 dipped 42% vs its non-promo baseline the week of 2025-12-28 while a sibling SKU was on promo — likely in-portfolio cannibalization, not real category loss.",1
273,93,Breakfast & Cereal,165,SEA - Philippines,2025-12-28,2025-12-28,cannibalization_risk,"Urban Mornings SKU at PrimeGrocer (Philippines) dipped 36% vs its non-promo baseline the week of 2025-12-28 while a sibling SKU was on promo — likely in-portfolio cannibalization, not real category loss.",1
274,45,Beverages,125,Gulf - Saudi,2025-12-28,2025-12-28,cannibalization_risk,"Pure Drinks SKU at Sundry Traders Network (Saudi) dipped 13% vs its non-promo baseline the week of 2025-12-28 while a sibling SKU was on promo — likely in-portfolio cannibalization, not real category loss.",1
275,93,Breakfast & Cereal,163,SEA - Philippines,2025-12-28,2025-12-28,cannibalization_risk,"Urban Mornings SKU at MetroBazaar (Philippines) dipped 41% vs its non-promo baseline the week of 2025-12-28 while a sibling SKU was on promo — likely in-portfolio cannibalization, not real category loss.",1
276,66,Home Care,65,India - Tier 2/3,2025-12-28,2025-12-28,cannibalization_risk,"Golden Household SKU at FreshMart (Tier 2/3) dipped 23% vs its non-promo baseline the week of 2025-12-28 while a sibling SKU was on promo — likely in-portfolio cannibalization, not real category loss.",1
277,38,Packaged Foods,175,SEA - Philippines,2025-12-28,2025-12-28,cannibalization_risk,"Urban Pantry SKU at Neighborhood Wholesale (Philippines) dipped 18% vs its non-promo baseline the week of 2025-12-28 while a sibling SKU was on promo — likely in-portfolio cannibalization, not real category loss.",1
278,69,Dairy,159,SEA - Malaysia,2025-12-28,2025-12-28,cannibalization_risk,"Everyday Milk Co SKU at Bazaar Wholesale (Malaysia) dipped 13% vs its non-promo baseline the week of 2025-12-28 while a sibling SKU was on promo — likely in-portfolio cannibalization, not real category loss.",1
279,13,Sparkling Water,165,SEA - Philippines,2025-12-28,2025-12-28,cannibalization_risk,"Urban Bubbles SKU at PrimeGrocer (Philippines) dipped 12% vs its non-promo baseline the week of 2025-12-28 while a sibling SKU was on promo — likely in-portfolio cannibalization, not real category loss.",1
280,6,Salty Snacks,17,North America,2025-12-28,2025-12-28,cannibalization_risk,"Coastal Bites SKU at MegaValue Club dipped 12% vs its non-promo baseline the week of 2025-12-28 while a sibling SKU was on promo — likely in-portfolio cannibalization, not real category loss.",1
281,12,Sparkling Water,83,India - Tier 2/3,2025-12-28,2025-12-28,cannibalization_risk,"True Water Co SKU at Neighborhood Wholesale #2 (Tier 2/3) dipped 39% vs its non-promo baseline the week of 2025-12-28 while a sibling SKU was on promo — likely in-portfolio cannibalization, not real category loss.",1
282,58,Home Care,195,SEA - Indonesia,2025-12-28,2025-12-28,cannibalization_risk,"Coastal Clean SKU at Neighborhood Wholesale (Indonesia) dipped 18% vs its non-promo baseline the week of 2025-12-28 while a sibling SKU was on promo — likely in-portfolio cannibalization, not real category loss.",1
283,63,Home Care,4,North America,2025-12-28,2025-12-28,cannibalization_risk,"Silver Household SKU at PrimeGrocer dipped 32% vs its non-promo baseline the week of 2025-12-28 while a sibling SKU was on promo — likely in-portfolio cannibalization, not real category loss.",1
284,17,Sparkling Water,40,India - Metro,2025-12-28,2025-12-28,cannibalization_risk,"Nomad Bubbles SKU at DailyBasket (Metro) dipped 21% vs its non-promo baseline the week of 2025-12-28 while a sibling SKU was on promo — likely in-portfolio cannibalization, not real category loss.",1
285,50,Beverages,190,SEA - Indonesia,2025-12-28,2025-12-28,cannibalization_risk,"Crunch Drinks SKU at SwiftBasket (Indonesia) dipped 25% vs its non-promo baseline the week of 2025-12-28 while a sibling SKU was on promo — likely in-portfolio cannibalization, not real category loss.",1
286,49,Beverages,66,India - Tier 2/3,2025-12-28,2025-12-28,cannibalization_risk,"Meadow Beverages SKU at MetroBazaar (Tier 2/3) dipped 25% vs its non-promo baseline the week of 2025-12-28 while a sibling SKU was on promo — likely in-portfolio cannibalization, not real category loss.",1
287,35,Packaged Foods,68,India - Tier 2/3,2025-12-28,2025-12-28,cannibalization_risk,"Silver Table SKU at PrimeGrocer (Tier 2/3) dipped 19% vs its non-promo baseline the week of 2025-12-28 while a sibling SKU was on promo — likely in-portfolio cannibalization, not real category loss.",1
288,17,Sparkling Water,36,India - Metro,2025-12-28,2025-12-28,cannibalization_risk,"Nomad Bubbles SKU at FreshMart (Metro) dipped 35% vs its non-promo baseline the week of 2025-12-28 while a sibling SKU was on promo — likely in-portfolio cannibalization, not real category loss.",1
289,76,Dairy,10,North America,2025-12-28,2025-12-28,cannibalization_risk,"Royal Farms SKU at HomeFresh dipped 22% vs its non-promo baseline the week of 2025-12-28 while a sibling SKU was on promo — likely in-portfolio cannibalization, not real category loss.",1
290,106,Baby Care,121,Gulf - Saudi,2025-12-28,2025-12-28,cannibalization_risk,"Vivid Little Ones SKU at Corner Store Network (Saudi) dipped 33% vs its non-promo baseline the week of 2025-12-28 while a sibling SKU was on promo — likely in-portfolio cannibalization, not real category loss.",1
291,109,Baby Care,132,Gulf - Qatar,2025-12-28,2025-12-28,cannibalization_risk,"Silver Little Ones SKU at QuickDash (Qatar) dipped 32% vs its non-promo baseline the week of 2025-12-28 while a sibling SKU was on promo — likely in-portfolio cannibalization, not real category loss.",1
292,21,Sparkling Water,52,India - Metro,2025-12-28,2025-12-28,cannibalization_risk,"Golden Fizz SKU at NimbleMart (Metro) dipped 26% vs its non-promo baseline the week of 2025-12-28 while a sibling SKU was on promo — likely in-portfolio cannibalization, not real category loss.",1
293,4,Salty Snacks,159,SEA - Malaysia,2025-12-28,2025-12-28,cannibalization_risk,"Blue Bites SKU at Bazaar Wholesale (Malaysia) dipped 18% vs its non-promo baseline the week of 2025-12-28 while a sibling SKU was on promo — likely in-portfolio cannibalization, not real category loss.",1
294,21,Sparkling Water,51,India - Metro,2025-12-28,2025-12-28,cannibalization_risk,"Golden Fizz SKU at FlashCart (Metro) dipped 20% vs its non-promo baseline the week of 2025-12-28 while a sibling SKU was on promo — likely in-portfolio cannibalization, not real category loss.",1
295,71,Dairy,20,North America,2025-12-28,2025-12-28,cannibalization_risk,"Golden Farms SKU at PureRoots Market dipped 15% vs its non-promo baseline the week of 2025-12-28 while a sibling SKU was on promo — likely in-portfolio cannibalization, not real category loss.",1
296,76,Dairy,11,North America,2025-12-28,2025-12-28,cannibalization_risk,"Royal Farms SKU at FreshMart #2 dipped 20% vs its non-promo baseline the week of 2025-12-28 while a sibling SKU was on promo — likely in-portfolio cannibalization, not real category loss.",1
297,47,Beverages,121,Gulf - Saudi,2025-12-28,2025-12-28,cannibalization_risk,"Sunrise Refresh SKU at Corner Store Network (Saudi) dipped 35% vs its non-promo baseline the week of 2025-12-28 while a sibling SKU was on promo — likely in-portfolio cannibalization, not real category loss.",1
298,95,Breakfast & Cereal,122,Gulf - Saudi,2025-12-28,2025-12-28,cannibalization_risk,"Cloud Mornings SKU at Community Retail Co-op (Saudi) dipped 16% vs its non-promo baseline the week of 2025-12-28 while a sibling SKU was on promo — likely in-portfolio cannibalization, not real category loss.",1
299,81,Confectionery,129,Gulf - Qatar,2025-12-28,2025-12-28,cannibalization_risk,"Prime Candy Co SKU at GreenAisle (Qatar) dipped 18% vs its non-promo baseline the week of 2025-12-28 while a sibling SKU was on promo — likely in-portfolio cannibalization, not real category loss.",1
300,74,Dairy,88,India - Tier 2/3,2025-12-28,2025-12-28,cannibalization_risk,"Sunrise Milk Co SKU at Sundry Traders Network #2 (Tier 2/3) dipped 26% vs its non-promo baseline the week of 2025-12-28 while a sibling SKU was on promo — likely in-portfolio cannibalization, not real category loss.",1
301,64,Home Care,1,North America,2025-12-28,2025-12-28,cannibalization_risk,"Blue Shine SKU at FreshMart dipped 17% vs its non-promo baseline the week of 2025-12-28 while a sibling SKU was on promo — likely in-portfolio cannibalization, not real category loss.",1
302,54,Beverages,69,India - Tier 2/3,2025-12-28,2025-12-28,cannibalization_risk,"Nomad Drinks SKU at DailyBasket (Tier 2/3) dipped 38% vs its non-promo baseline the week of 2025-12-28 while a sibling SKU was on promo — likely in-portfolio cannibalization, not real category loss.",1
303,47,Beverages,120,Gulf - Saudi,2025-12-28,2025-12-28,cannibalization_risk,"Sunrise Refresh SKU at Neighborhood Wholesale (Saudi) dipped 29% vs its non-promo baseline the week of 2025-12-28 while a sibling SKU was on promo — likely in-portfolio cannibalization, not real category loss.",1
304,102,Baby Care,66,India - Tier 2/3,2025-12-28,2025-12-28,cannibalization_risk,"Coastal Little Ones SKU at MetroBazaar (Tier 2/3) dipped 14% vs its non-promo baseline the week of 2025-12-28 while a sibling SKU was on promo — likely in-portfolio cannibalization, not real category loss.",1
305,21,Sparkling Water,42,India - Metro,2025-12-28,2025-12-28,cannibalization_risk,"Golden Fizz SKU at QuickStop (Metro) dipped 30% vs its non-promo baseline the week of 2025-12-28 while a sibling SKU was on promo — likely in-portfolio cannibalization, not real category loss.",1
306,45,Beverages,126,Gulf - Saudi,2025-12-28,2025-12-28,cannibalization_risk,"Pure Drinks SKU at Local Trade Collective #2 (Saudi) dipped 17% vs its non-promo baseline the week of 2025-12-28 while a sibling SKU was on promo — likely in-portfolio cannibalization, not real category loss.",1
307,35,Packaged Foods,7,North America,2025-12-28,2025-12-28,cannibalization_risk,"Silver Table SKU at UrbanPantry dipped 18% vs its non-promo baseline the week of 2025-12-28 while a sibling SKU was on promo — likely in-portfolio cannibalization, not real category loss.",1
308,35,Packaged Foods,10,North America,2025-12-28,2025-12-28,cannibalization_risk,"Silver Table SKU at HomeFresh dipped 18% vs its non-promo baseline the week of 2025-12-28 while a sibling SKU was on promo — likely in-portfolio cannibalization, not real category loss.",1
309,76,Dairy,78,India - Tier 2/3,2025-12-28,2025-12-28,cannibalization_risk,"Royal Farms SKU at Bazaar Wholesale (Tier 2/3) dipped 17% vs its non-promo baseline the week of 2025-12-28 while a sibling SKU was on promo — likely in-portfolio cannibalization, not real category loss.",1
310,51,Beverages,26,North America,2025-12-28,2025-12-28,cannibalization_risk,"Coastal Drinks SKU at CornerFuel Mart dipped 20% vs its non-promo baseline the week of 2025-12-28 while a sibling SKU was on promo — likely in-portfolio cannibalization, not real category loss.",1
311,46,Beverages,6,North America,2025-12-28,2025-12-28,cannibalization_risk,"Fresh Refresh SKU at SunriseMart dipped 30% vs its non-promo baseline the week of 2025-12-28 while a sibling SKU was on promo — likely in-portfolio cannibalization, not real category loss.",1
312,38,Packaged Foods,112,Gulf - Saudi,2025-12-28,2025-12-28,cannibalization_risk,"Urban Pantry SKU at FreshMart (Saudi) dipped 40% vs its non-promo baseline the week of 2025-12-28 while a sibling SKU was on promo — likely in-portfolio cannibalization, not real category loss.",1
313,35,Packaged Foods,9,North America,2025-12-28,2025-12-28,cannibalization_risk,"Silver Table SKU at CityMart dipped 27% vs its non-promo baseline the week of 2025-12-28 while a sibling SKU was on promo — likely in-portfolio cannibalization, not real category loss.",1
314,66,Home Care,195,SEA - Indonesia,2025-12-28,2025-12-28,cannibalization_risk,"Golden Household SKU at Neighborhood Wholesale (Indonesia) dipped 32% vs its non-promo baseline the week of 2025-12-28 while a sibling SKU was on promo — likely in-portfolio cannibalization, not real category loss.",1
315,35,Packaged Foods,8,North America,2025-12-28,2025-12-28,cannibalization_risk,"Silver Table SKU at ValueGrocer dipped 20% vs its non-promo baseline the week of 2025-12-28 while a sibling SKU was on promo — likely in-portfolio cannibalization, not real category loss.",1
316,38,Packaged Foods,113,Gulf - Saudi,2025-12-28,2025-12-28,cannibalization_risk,"Urban Pantry SKU at MetroBazaar (Saudi) dipped 21% vs its non-promo baseline the week of 2025-12-28 while a sibling SKU was on promo — likely in-portfolio cannibalization, not real category loss.",1
317,38,Packaged Foods,180,SEA - Philippines,2025-12-28,2025-12-28,cannibalization_risk,"Urban Pantry SKU at Sundry Traders Network (Philippines) dipped 23% vs its non-promo baseline the week of 2025-12-28 while a sibling SKU was on promo — likely in-portfolio cannibalization, not real category loss.",1
318,29,Personal Care,62,India - Metro,2025-12-28,2025-12-28,cannibalization_risk,"Golden Essentials SKU at Bazaar Wholesale (Metro) dipped 24% vs its non-promo baseline the week of 2025-12-28 while a sibling SKU was on promo — likely in-portfolio cannibalization, not real category loss.",1
319,93,Breakfast & Cereal,106,Gulf - UAE,2025-12-28,2025-12-28,cannibalization_risk,"Urban Mornings SKU at NimbleMart (UAE) dipped 27% vs its non-promo baseline the week of 2025-12-28 while a sibling SKU was on promo — likely in-portfolio cannibalization, not real category loss.",1
320,64,Home Care,8,North America,2025-12-28,2025-12-28,cannibalization_risk,"Blue Shine SKU at ValueGrocer dipped 28% vs its non-promo baseline the week of 2025-12-28 while a sibling SKU was on promo — likely in-portfolio cannibalization, not real category loss.",1
321,38,Packaged Foods,114,Gulf - Saudi,2025-12-28,2025-12-28,cannibalization_risk,"Urban Pantry SKU at GreenAisle (Saudi) dipped 20% vs its non-promo baseline the week of 2025-12-28 while a sibling SKU was on promo — likely in-portfolio cannibalization, not real category loss.",1
322,29,Personal Care,36,India - Metro,2025-12-28,2025-12-28,cannibalization_risk,"Golden Essentials SKU at FreshMart (Metro) dipped 15% vs its non-promo baseline the week of 2025-12-28 while a sibling SKU was on promo — likely in-portfolio cannibalization, not real category loss.",1
323,47,Beverages,112,Gulf - Saudi,2025-12-28,2025-12-28,cannibalization_risk,"Sunrise Refresh SKU at FreshMart (Saudi) dipped 41% vs its non-promo baseline the week of 2025-12-28 while a sibling SKU was on promo — likely in-portfolio cannibalization, not real category loss.",1
324,89,Breakfast & Cereal,7,North America,2025-12-28,2025-12-28,cannibalization_risk,"Nomad Mornings SKU at UrbanPantry dipped 38% vs its non-promo baseline the week of 2025-12-28 while a sibling SKU was on promo — likely in-portfolio cannibalization, not real category loss.",1
325,71,Dairy,175,SEA - Philippines,2025-12-28,2025-12-28,cannibalization_risk,"Golden Farms SKU at Neighborhood Wholesale (Philippines) dipped 29% vs its non-promo baseline the week of 2025-12-28 while a sibling SKU was on promo — likely in-portfolio cannibalization, not real category loss.",1
326,94,Breakfast & Cereal,85,India - Tier 2/3,2025-12-28,2025-12-28,cannibalization_risk,"Crunch Cereal Co SKU at Community Retail Co-op #2 (Tier 2/3) dipped 36% vs its non-promo baseline the week of 2025-12-28 while a sibling SKU was on promo — likely in-portfolio cannibalization, not real category loss.",1
327,49,Beverages,69,India - Tier 2/3,2025-12-28,2025-12-28,cannibalization_risk,"Meadow Beverages SKU at DailyBasket (Tier 2/3) dipped 19% vs its non-promo baseline the week of 2025-12-28 while a sibling SKU was on promo — likely in-portfolio cannibalization, not real category loss.",1
328,89,Breakfast & Cereal,85,India - Tier 2/3,2025-12-28,2025-12-28,cannibalization_risk,"Nomad Mornings SKU at Community Retail Co-op #2 (Tier 2/3) dipped 24% vs its non-promo baseline the week of 2025-12-28 while a sibling SKU was on promo — likely in-portfolio cannibalization, not real category loss.",1
329,93,Breakfast & Cereal,110,Gulf - UAE,2025-12-28,2025-12-28,cannibalization_risk,"Urban Mornings SKU at Corner Store Network (UAE) dipped 27% vs its non-promo baseline the week of 2025-12-28 while a sibling SKU was on promo — likely in-portfolio cannibalization, not real category loss.",1
330,21,Sparkling Water,40,India - Metro,2025-12-28,2025-12-28,cannibalization_risk,"Golden Fizz SKU at DailyBasket (Metro) dipped 24% vs its non-promo baseline the week of 2025-12-28 while a sibling SKU was on promo — likely in-portfolio cannibalization, not real category loss.",1
331,81,Confectionery,129,Gulf - Qatar,2025-12-28,2025-12-28,cannibalization_risk,"Prime Candy Co SKU at GreenAisle (Qatar) dipped 13% vs its non-promo baseline the week of 2025-12-28 while a sibling SKU was on promo — likely in-portfolio cannibalization, not real category loss.",1
332,68,Dairy,197,SEA - Indonesia,2025-12-28,2025-12-28,cannibalization_risk,"Cloud Dairy SKU at Community Retail Co-op (Indonesia) dipped 14% vs its non-promo baseline the week of 2025-12-28 while a sibling SKU was on promo — likely in-portfolio cannibalization, not real category loss.",1
333,81,Confectionery,127,Gulf - Qatar,2025-12-28,2025-12-28,cannibalization_risk,"Prime Candy Co SKU at FreshMart (Qatar) dipped 25% vs its non-promo baseline the week of 2025-12-28 while a sibling SKU was on promo — likely in-portfolio cannibalization, not real category loss.",1
334,17,Sparkling Water,48,India - Metro,2025-12-28,2025-12-28,cannibalization_risk,"Nomad Bubbles SKU at DashKart (Metro) dipped 18% vs its non-promo baseline the week of 2025-12-28 while a sibling SKU was on promo — likely in-portfolio cannibalization, not real category loss.",1
335,12,Sparkling Water,79,India - Tier 2/3,2025-12-28,2025-12-28,cannibalization_risk,"True Water Co SKU at MarketLink GT (Tier 2/3) dipped 16% vs its non-promo baseline the week of 2025-12-28 while a sibling SKU was on promo — likely in-portfolio cannibalization, not real category loss.",1
336,21,Sparkling Water,38,India - Metro,2025-12-28,2025-12-28,cannibalization_risk,"Golden Fizz SKU at GreenAisle (Metro) dipped 48% vs its non-promo baseline the week of 2025-12-28 while a sibling SKU was on promo — likely in-portfolio cannibalization, not real category loss.",1
337,102,Baby Care,86,India - Tier 2/3,2025-12-28,2025-12-28,cannibalization_risk,"Coastal Little Ones SKU at Bazaar Wholesale #2 (Tier 2/3) dipped 16% vs its non-promo baseline the week of 2025-12-28 while a sibling SKU was on promo — likely in-portfolio cannibalization, not real category loss.",1
338,13,Sparkling Water,149,SEA - Malaysia,2025-12-28,2025-12-28,cannibalization_risk,"Urban Bubbles SKU at ZipCart (Malaysia) dipped 15% vs its non-promo baseline the week of 2025-12-28 while a sibling SKU was on promo — likely in-portfolio cannibalization, not real category loss.",1
339,66,Home Care,197,SEA - Indonesia,2025-12-28,2025-12-28,cannibalization_risk,"Golden Household SKU at Community Retail Co-op (Indonesia) dipped 24% vs its non-promo baseline the week of 2025-12-28 while a sibling SKU was on promo — likely in-portfolio cannibalization, not real category loss.",1
340,29,Personal Care,51,India - Metro,2025-12-28,2025-12-28,cannibalization_risk,"Golden Essentials SKU at FlashCart (Metro) dipped 15% vs its non-promo baseline the week of 2025-12-28 while a sibling SKU was on promo — likely in-portfolio cannibalization, not real category loss.",1
341,38,Packaged Foods,178,SEA - Philippines,2025-12-28,2025-12-28,cannibalization_risk,"Urban Pantry SKU at Bazaar Wholesale (Philippines) dipped 30% vs its non-promo baseline the week of 2025-12-28 while a sibling SKU was on promo — likely in-portfolio cannibalization, not real category loss.",1
342,52,Beverages,139,Gulf - Qatar,2025-12-28,2025-12-28,cannibalization_risk,"Spring Sip SKU at Neighborhood Wholesale (Qatar) dipped 12% vs its non-promo baseline the week of 2025-12-28 while a sibling SKU was on promo — likely in-portfolio cannibalization, not real category loss.",1
343,109,Baby Care,8,North America,2025-12-28,2025-12-28,cannibalization_risk,"Silver Little Ones SKU at ValueGrocer dipped 24% vs its non-promo baseline the week of 2025-12-28 while a sibling SKU was on promo — likely in-portfolio cannibalization, not real category loss.",1
344,29,Personal Care,54,India - Metro,2025-12-28,2025-12-28,cannibalization_risk,"Golden Essentials SKU at GoCart Express (Metro) dipped 21% vs its non-promo baseline the week of 2025-12-28 while a sibling SKU was on promo — likely in-portfolio cannibalization, not real category loss.",1
345,89,Breakfast & Cereal,88,India - Tier 2/3,2025-12-28,2025-12-28,cannibalization_risk,"Nomad Mornings SKU at Sundry Traders Network #2 (Tier 2/3) dipped 18% vs its non-promo baseline the week of 2025-12-28 while a sibling SKU was on promo — likely in-portfolio cannibalization, not real category loss.",1
346,21,Sparkling Water,36,India - Metro,2025-12-28,2025-12-28,cannibalization_risk,"Golden Fizz SKU at FreshMart (Metro) dipped 18% vs its non-promo baseline the week of 2025-12-28 while a sibling SKU was on promo — likely in-portfolio cannibalization, not real category loss.",1
347,93,Breakfast & Cereal,109,Gulf - UAE,2025-12-28,2025-12-28,cannibalization_risk,"Urban Mornings SKU at Neighborhood Wholesale (UAE) dipped 20% vs its non-promo baseline the week of 2025-12-28 while a sibling SKU was on promo — likely in-portfolio cannibalization, not real category loss.",1
348,109,Baby Care,13,North America,2025-12-28,2025-12-28,cannibalization_risk,"Silver Little Ones SKU at GreenAisle #2 dipped 22% vs its non-promo baseline the week of 2025-12-28 while a sibling SKU was on promo — likely in-portfolio cannibalization, not real category loss.",1
349,46,Beverages,32,North America,2025-12-28,2025-12-28,cannibalization_risk,"Fresh Refresh SKU at ExpressStop #2 dipped 21% vs its non-promo baseline the week of 2025-12-28 while a sibling SKU was on promo — likely in-portfolio cannibalization, not real category loss.",1
350,54,Beverages,66,India - Tier 2/3,2025-12-28,2025-12-28,cannibalization_risk,"Nomad Drinks SKU at MetroBazaar (Tier 2/3) dipped 25% vs its non-promo baseline the week of 2025-12-28 while a sibling SKU was on promo — likely in-portfolio cannibalization, not real category loss.",1
351,101,Baby Care,136,Gulf - Qatar,2025-12-28,2025-12-28,cannibalization_risk,"Everyday Tiny Care SKU at HopMart (Qatar) dipped 25% vs its non-promo baseline the week of 2025-12-28 while a sibling SKU was on promo — likely in-portfolio cannibalization, not real category loss.",1
352,91,Breakfast & Cereal,144,SEA - Malaysia,2025-11-23,2025-11-23,competitive_pressure,Coastal Cereal Co and competitor Royal Breakfast Co both ran promos at GreenAisle (Malaysia) the week of 2025-11-23 — any lift reading for either brand that week should account for the overlapping activity.,1
353,100,Baby Care,65,India - Tier 2/3,2025-12-21,2025-12-21,competitive_pressure,Fresh Tiny Care and competitor Vivid Little Ones both ran promos at FreshMart (Tier 2/3) the week of 2025-12-21 — any lift reading for either brand that week should account for the overlapping activity.,1
354,47,Beverages,112,Gulf - Saudi,2025-11-23,2025-11-23,competitive_pressure,Sunrise Refresh and competitor Cloud Sip both ran promos at FreshMart (Saudi) the week of 2025-11-23 — any lift reading for either brand that week should account for the overlapping activity.,1
355,45,Beverages,112,Gulf - Saudi,2025-11-09,2025-11-09,competitive_pressure,Pure Drinks and competitor Nomad Drinks both ran promos at FreshMart (Saudi) the week of 2025-11-09 — any lift reading for either brand that week should account for the overlapping activity.,1
356,104,Baby Care,181,SEA - Indonesia,2025-11-23,2025-11-23,competitive_pressure,Meadow Baby Co and competitor Spring Tiny Care both ran promos at FreshMart (Indonesia) the week of 2025-11-23 — any lift reading for either brand that week should account for the overlapping activity.,1
357,25,Personal Care,142,SEA - Malaysia,2025-11-02,2025-11-02,competitive_pressure,Royal Skin and competitor Cloud Essentials both ran promos at FreshMart (Malaysia) the week of 2025-11-02 — any lift reading for either brand that week should account for the overlapping activity.,1
358,56,Home Care,66,India - Tier 2/3,2025-11-30,2025-11-30,competitive_pressure,Golden Shine and competitor Cloud Shine both ran promos at MetroBazaar (Tier 2/3) the week of 2025-11-30 — any lift reading for either brand that week should account for the overlapping activity.,1
359,101,Baby Care,128,Gulf - Qatar,2025-12-14,2025-12-14,competitive_pressure,Everyday Tiny Care and competitor Silver Little Ones both ran promos at MetroBazaar (Qatar) the week of 2025-12-14 — any lift reading for either brand that week should account for the overlapping activity.,1
360,37,Packaged Foods,112,Gulf - Saudi,2025-11-16,2025-11-16,competitive_pressure,Heritage Kitchen and competitor Urban Pantry both ran promos at FreshMart (Saudi) the week of 2025-11-16 — any lift reading for either brand that week should account for the overlapping activity.,1
361,80,Confectionery,66,India - Tier 2/3,2025-11-09,2025-11-09,competitive_pressure,Nomad Candy Co and competitor Heritage Treats both ran promos at MetroBazaar (Tier 2/3) the week of 2025-11-09 — any lift reading for either brand that week should account for the overlapping activity.,1
362,75,Dairy,65,India - Tier 2/3,2025-12-28,2025-12-28,competitive_pressure,Vivid Dairy and competitor Royal Farms both ran promos at FreshMart (Tier 2/3) the week of 2025-12-28 — any lift reading for either brand that week should account for the overlapping activity.,1
363,53,Beverages,112,Gulf - Saudi,2025-12-07,2025-12-07,competitive_pressure,Cloud Sip and competitor Nomad Drinks both ran promos at FreshMart (Saudi) the week of 2025-12-07 — any lift reading for either brand that week should account for the overlapping activity.,1
364,58,Home Care,92,Gulf - UAE,2025-12-07,2025-12-07,competitive_pressure,Coastal Clean and competitor Pure Shine both ran promos at GreenAisle (UAE) the week of 2025-12-07 — any lift reading for either brand that week should account for the overlapping activity.,1
365,94,Breakfast & Cereal,65,India - Tier 2/3,2025-11-02,2025-11-02,competitive_pressure,Crunch Cereal Co and competitor Coastal Mornings both ran promos at FreshMart (Tier 2/3) the week of 2025-11-02 — any lift reading for either brand that week should account for the overlapping activity.,1
366,12,Sparkling Water,36,India - Metro,2025-12-07,2025-12-07,competitive_pressure,True Water Co and competitor Heritage Springs both ran promos at FreshMart (Metro) the week of 2025-12-07 — any lift reading for either brand that week should account for the overlapping activity.,1
367,89,Breakfast & Cereal,65,India - Tier 2/3,2025-11-30,2025-11-30,competitive_pressure,Nomad Mornings and competitor Meadow Breakfast Co both ran promos at FreshMart (Tier 2/3) the week of 2025-11-30 — any lift reading for either brand that week should account for the overlapping activity.,1
368,67,Dairy,181,SEA - Indonesia,2025-11-02,2025-11-02,competitive_pressure,Golden Milk Co and competitor Cloud Dairy both ran promos at FreshMart (Indonesia) the week of 2025-11-02 — any lift reading for either brand that week should account for the overlapping activity.,1
369,6,Salty Snacks,3,North America,2025-11-30,2025-11-30,competitive_pressure,Coastal Bites and competitor Silver Snacks both ran promos at GreenAisle the week of 2025-11-30 — any lift reading for either brand that week should account for the overlapping activity.,1
370,40,Packaged Foods,90,Gulf - UAE,2025-11-09,2025-11-09,competitive_pressure,Meadow Pantry and competitor Spring Pantry both ran promos at FreshMart (UAE) the week of 2025-11-09 — any lift reading for either brand that week should account for the overlapping activity.,1
371,90,Breakfast & Cereal,143,SEA - Malaysia,2025-11-02,2025-11-02,competitive_pressure,Prime Grains and competitor Coastal Cereal Co both ran promos at MetroBazaar (Malaysia) the week of 2025-11-02 — any lift reading for either brand that week should account for the overlapping activity.,1
372,90,Breakfast & Cereal,92,Gulf - UAE,2025-11-23,2025-11-23,competitive_pressure,Prime Grains and competitor Urban Mornings both ran promos at GreenAisle (UAE) the week of 2025-11-23 — any lift reading for either brand that week should account for the overlapping activity.,1
373,38,Packaged Foods,162,SEA - Philippines,2025-11-02,2025-11-02,competitive_pressure,Urban Pantry and competitor Urban Kitchen both ran promos at FreshMart (Philippines) the week of 2025-11-02 — any lift reading for either brand that week should account for the overlapping activity.,1
374,13,Sparkling Water,162,SEA - Philippines,2025-11-02,2025-11-02,competitive_pressure,Urban Bubbles and competitor Sunrise Water Co both ran promos at FreshMart (Philippines) the week of 2025-11-02 — any lift reading for either brand that week should account for the overlapping activity.,1
375,70,Dairy,65,India - Tier 2/3,2025-11-02,2025-11-02,competitive_pressure,Vivid Milk Co and competitor Sunrise Milk Co both ran promos at FreshMart (Tier 2/3) the week of 2025-11-02 — any lift reading for either brand that week should account for the overlapping activity.,1
376,101,Baby Care,127,Gulf - Qatar,2025-11-02,2025-11-02,competitive_pressure,Everyday Tiny Care and competitor Meadow Baby Co both ran promos at FreshMart (Qatar) the week of 2025-11-02 — any lift reading for either brand that week should account for the overlapping activity.,1
377,36,Packaged Foods,65,India - Tier 2/3,2025-11-16,2025-11-16,competitive_pressure,Cloud Table and competitor Coastal Table both ran promos at FreshMart (Tier 2/3) the week of 2025-11-16 — any lift reading for either brand that week should account for the overlapping activity.,1
378,6,Salty Snacks,113,Gulf - Saudi,2025-12-14,2025-12-14,competitive_pressure,Coastal Bites and competitor Silver Chips both ran promos at MetroBazaar (Saudi) the week of 2025-12-14 — any lift reading for either brand that week should account for the overlapping activity.,1
379,82,Confectionery,65,India - Tier 2/3,2025-11-09,2025-11-09,competitive_pressure,Meadow Treats and competitor Fresh Treats both ran promos at FreshMart (Tier 2/3) the week of 2025-11-09 — any lift reading for either brand that week should account for the overlapping activity.,1
380,78,Confectionery,181,SEA - Indonesia,2025-12-28,2025-12-28,competitive_pressure,Prime Confections and competitor Everyday Treats both ran promos at FreshMart (Indonesia) the week of 2025-12-28 — any lift reading for either brand that week should account for the overlapping activity.,1
381,74,Dairy,65,India - Tier 2/3,2025-12-21,2025-12-21,competitive_pressure,Sunrise Milk Co and competitor Vivid Dairy both ran promos at FreshMart (Tier 2/3) the week of 2025-12-21 — any lift reading for either brand that week should account for the overlapping activity.,1
382,104,Baby Care,182,SEA - Indonesia,2025-11-30,2025-11-30,competitive_pressure,Meadow Baby Co and competitor Silver Baby Essentials both ran promos at MetroBazaar (Indonesia) the week of 2025-11-30 — any lift reading for either brand that week should account for the overlapping activity.,1
383,45,Beverages,112,Gulf - Saudi,2025-11-09,2025-11-09,competitive_pressure,Pure Drinks and competitor Cloud Sip both ran promos at FreshMart (Saudi) the week of 2025-11-09 — any lift reading for either brand that week should account for the overlapping activity.,1
384,12,Sparkling Water,65,India - Tier 2/3,2025-11-23,2025-11-23,competitive_pressure,True Water Co and competitor Fresh Fizz both ran promos at FreshMart (Tier 2/3) the week of 2025-11-23 — any lift reading for either brand that week should account for the overlapping activity.,1
385,78,Confectionery,183,SEA - Indonesia,2025-11-16,2025-11-16,competitive_pressure,Prime Confections and competitor Pure Treats both ran promos at GreenAisle (Indonesia) the week of 2025-11-16 — any lift reading for either brand that week should account for the overlapping activity.,1
386,102,Baby Care,65,India - Tier 2/3,2025-12-28,2025-12-28,competitive_pressure,Coastal Little Ones and competitor Silver Baby Essentials both ran promos at FreshMart (Tier 2/3) the week of 2025-12-28 — any lift reading for either brand that week should account for the overlapping activity.,1
387,46,Beverages,2,North America,2025-11-23,2025-11-23,competitive_pressure,Fresh Refresh and competitor Coastal Drinks both ran promos at MetroBazaar the week of 2025-11-23 — any lift reading for either brand that week should account for the overlapping activity.,1
388,70,Dairy,65,India - Tier 2/3,2025-12-21,2025-12-21,competitive_pressure,Vivid Milk Co and competitor Vivid Dairy both ran promos at FreshMart (Tier 2/3) the week of 2025-12-21 — any lift reading for either brand that week should account for the overlapping activity.,1
389,89,Breakfast & Cereal,65,India - Tier 2/3,2025-12-14,2025-12-14,competitive_pressure,Nomad Mornings and competitor Coastal Mornings both ran promos at FreshMart (Tier 2/3) the week of 2025-12-14 — any lift reading for either brand that week should account for the overlapping activity.,1
390,15,Sparkling Water,114,Gulf - Saudi,2025-11-16,2025-11-16,competitive_pressure,Blue Springs and competitor Crunch Fizz both ran promos at GreenAisle (Saudi) the week of 2025-11-16 — any lift reading for either brand that week should account for the overlapping activity.,1
391,82,Confectionery,65,India - Tier 2/3,2025-11-16,2025-11-16,competitive_pressure,Meadow Treats and competitor Heritage Treats both ran promos at FreshMart (Tier 2/3) the week of 2025-11-16 — any lift reading for either brand that week should account for the overlapping activity.,1
392,7,Salty Snacks,90,Gulf - UAE,2025-11-30,2025-11-30,competitive_pressure,Urban Bites and competitor Spring Crisps both ran promos at FreshMart (UAE) the week of 2025-11-30 — any lift reading for either brand that week should account for the overlapping activity.,1
393,72,Dairy,65,India - Tier 2/3,2025-12-21,2025-12-21,competitive_pressure,Nomad Milk Co and competitor Sunrise Milk Co both ran promos at FreshMart (Tier 2/3) the week of 2025-12-21 — any lift reading for either brand that week should account for the overlapping activity.,1
394,45,Beverages,112,Gulf - Saudi,2025-11-30,2025-11-30,competitive_pressure,Pure Drinks and competitor Fresh Refresh both ran promos at FreshMart (Saudi) the week of 2025-11-30 — any lift reading for either brand that week should account for the overlapping activity.,1
395,105,Baby Care,66,India - Tier 2/3,2025-11-23,2025-11-23,competitive_pressure,Silver Baby Essentials and competitor Vivid Little Ones both ran promos at MetroBazaar (Tier 2/3) the week of 2025-11-23 — any lift reading for either brand that week should account for the overlapping activity.,1
396,1,Salty Snacks,66,India - Tier 2/3,2025-11-09,2025-11-09,competitive_pressure,True Snacks and competitor Meadow Crisps both ran promos at MetroBazaar (Tier 2/3) the week of 2025-11-09 — any lift reading for either brand that week should account for the overlapping activity.,1
397,93,Breakfast & Cereal,90,Gulf - UAE,2025-11-02,2025-11-02,competitive_pressure,Urban Mornings and competitor Fresh Cereal Co both ran promos at FreshMart (UAE) the week of 2025-11-02 — any lift reading for either brand that week should account for the overlapping activity.,1
398,45,Beverages,112,Gulf - Saudi,2025-11-09,2025-11-09,competitive_pressure,Pure Drinks and competitor Sunrise Refresh both ran promos at FreshMart (Saudi) the week of 2025-11-09 — any lift reading for either brand that week should account for the overlapping activity.,1
399,72,Dairy,65,India - Tier 2/3,2025-12-21,2025-12-21,competitive_pressure,Nomad Milk Co and competitor Vivid Dairy both ran promos at FreshMart (Tier 2/3) the week of 2025-12-21 — any lift reading for either brand that week should account for the overlapping activity.,1
400,13,Sparkling Water,146,SEA - Malaysia,2025-11-09,2025-11-09,competitive_pressure,Urban Bubbles and competitor Golden Fizz both ran promos at DailyBasket (Malaysia) the week of 2025-11-09 — any lift reading for either brand that week should account for the overlapping activity.,1
401,72,Dairy,65,India - Tier 2/3,2025-11-23,2025-11-23,competitive_pressure,Nomad Milk Co and competitor Royal Farms both ran promos at FreshMart (Tier 2/3) the week of 2025-11-23 — any lift reading for either brand that week should account for the overlapping activity.,1
402,90,Breakfast & Cereal,91,Gulf - UAE,2025-12-21,2025-12-21,competitive_pressure,Prime Grains and competitor Fresh Cereal Co both ran promos at MetroBazaar (UAE) the week of 2025-12-21 — any lift reading for either brand that week should account for the overlapping activity.,1
403,49,Beverages,65,India - Tier 2/3,2025-11-16,2025-11-16,competitive_pressure,Meadow Beverages and competitor Nomad Drinks both ran promos at FreshMart (Tier 2/3) the week of 2025-11-16 — any lift reading for either brand that week should account for the overlapping activity.,1
404,64,Home Care,3,North America,2025-11-09,2025-11-09,competitive_pressure,Blue Shine and competitor Urban Clean both ran promos at GreenAisle the week of 2025-11-09 — any lift reading for either brand that week should account for the overlapping activity.,1
405,92,Breakfast & Cereal,162,SEA - Philippines,2025-11-09,2025-11-09,competitive_pressure,Cloud Grains and competitor Urban Mornings both ran promos at FreshMart (Philippines) the week of 2025-11-09 — any lift reading for either brand that week should account for the overlapping activity.,1
406,67,Dairy,181,SEA - Indonesia,2025-11-02,2025-11-02,competitive_pressure,Golden Milk Co and competitor Blue Milk Co both ran promos at FreshMart (Indonesia) the week of 2025-11-02 — any lift reading for either brand that week should account for the overlapping activity.,1
407,48,Beverages,128,Gulf - Qatar,2025-11-23,2025-11-23,competitive_pressure,Silver Beverages and competitor Cloud Sip both ran promos at MetroBazaar (Qatar) the week of 2025-11-23 — any lift reading for either brand that week should account for the overlapping activity.,1
408,2,Salty Snacks,112,Gulf - Saudi,2025-11-09,2025-11-09,competitive_pressure,Bold Snacks and competitor Coastal Bites both ran promos at FreshMart (Saudi) the week of 2025-11-09 — any lift reading for either brand that week should account for the overlapping activity.,1
409,105,Baby Care,67,India - Tier 2/3,2025-11-02,2025-11-02,competitive_pressure,Silver Baby Essentials and competitor Crunch Baby Co both ran promos at GreenAisle (Tier 2/3) the week of 2025-11-02 — any lift reading for either brand that week should account for the overlapping activity.,1
410,14,Sparkling Water,2,North America,2025-11-09,2025-11-09,competitive_pressure,Golden Bubbles and competitor Royal Fizz both ran promos at MetroBazaar the week of 2025-11-09 — any lift reading for either brand that week should account for the overlapping activity.,1
411,59,Home Care,90,Gulf - UAE,2025-11-23,2025-11-23,competitive_pressure,Pure Shine and competitor True Shine both ran promos at FreshMart (UAE) the week of 2025-11-23 — any lift reading for either brand that week should account for the overlapping activity.,1
412,100,Baby Care,65,India - Tier 2/3,2025-11-23,2025-11-23,competitive_pressure,Fresh Tiny Care and competitor Crunch Baby Co both ran promos at FreshMart (Tier 2/3) the week of 2025-11-23 — any lift reading for either brand that week should account for the overlapping activity.,1
413,103,Baby Care,65,India - Tier 2/3,2025-11-09,2025-11-09,competitive_pressure,Coastal Baby Essentials and competitor Vivid Little Ones both ran promos at FreshMart (Tier 2/3) the week of 2025-11-09 — any lift reading for either brand that week should account for the overlapping activity.,1
414,26,Personal Care,65,India - Tier 2/3,2025-11-16,2025-11-16,competitive_pressure,Prime Care and competitor Cloud Skin both ran promos at FreshMart (Tier 2/3) the week of 2025-11-16 — any lift reading for either brand that week should account for the overlapping activity.,1
415,83,Confectionery,65,India - Tier 2/3,2025-12-28,2025-12-28,competitive_pressure,Fresh Treats and competitor Heritage Treats both ran promos at FreshMart (Tier 2/3) the week of 2025-12-28 — any lift reading for either brand that week should account for the overlapping activity.,1
416,102,Baby Care,65,India - Tier 2/3,2025-12-28,2025-12-28,competitive_pressure,Coastal Little Ones and competitor Crunch Baby Co both ran promos at FreshMart (Tier 2/3) the week of 2025-12-28 — any lift reading for either brand that week should account for the overlapping activity.,1
417,103,Baby Care,67,India - Tier 2/3,2025-11-16,2025-11-16,competitive_pressure,Coastal Baby Essentials and competitor Silver Baby Essentials both ran promos at GreenAisle (Tier 2/3) the week of 2025-11-16 — any lift reading for either brand that week should account for the overlapping activity.,1
418,62,Home Care,1,North America,2025-11-23,2025-11-23,competitive_pressure,Royal Household and competitor Silver Household both ran promos at FreshMart the week of 2025-11-23 — any lift reading for either brand that week should account for the overlapping activity.,1
419,14,Sparkling Water,2,North America,2025-11-09,2025-11-09,competitive_pressure,Golden Bubbles and competitor Fresh Fizz both ran promos at MetroBazaar the week of 2025-11-09 — any lift reading for either brand that week should account for the overlapping activity.,1
420,63,Home Care,1,North America,2025-12-28,2025-12-28,competitive_pressure,Silver Household and competitor Urban Clean both ran promos at FreshMart the week of 2025-12-28 — any lift reading for either brand that week should account for the overlapping activity.,1
421,102,Baby Care,65,India - Tier 2/3,2025-12-28,2025-12-28,competitive_pressure,Coastal Little Ones and competitor Vivid Little Ones both ran promos at FreshMart (Tier 2/3) the week of 2025-12-28 — any lift reading for either brand that week should account for the overlapping activity.,1
422,32,Personal Care,65,India - Tier 2/3,2025-11-23,2025-11-23,competitive_pressure,Cloud Skin and competitor Cloud Glow both ran promos at FreshMart (Tier 2/3) the week of 2025-11-23 — any lift reading for either brand that week should account for the overlapping activity.,1
423,58,Home Care,181,SEA - Indonesia,2025-11-16,2025-11-16,competitive_pressure,Coastal Clean and competitor Golden Household both ran promos at FreshMart (Indonesia) the week of 2025-11-16 — any lift reading for either brand that week should account for the overlapping activity.,1
424,46,Beverages,113,Gulf - Saudi,2025-12-14,2025-12-14,competitive_pressure,Fresh Refresh and competitor Nomad Drinks both ran promos at MetroBazaar (Saudi) the week of 2025-12-14 — any lift reading for either brand that week should account for the overlapping activity.,1
425,89,Breakfast & Cereal,65,India - Tier 2/3,2025-11-30,2025-11-30,competitive_pressure,Nomad Mornings and competitor Crunch Cereal Co both ran promos at FreshMart (Tier 2/3) the week of 2025-11-30 — any lift reading for either brand that week should account for the overlapping activity.,1
426,35,Packaged Foods,65,India - Tier 2/3,2025-11-02,2025-11-02,competitive_pressure,Silver Table and competitor Coastal Table both ran promos at FreshMart (Tier 2/3) the week of 2025-11-02 — any lift reading for either brand that week should account for the overlapping activity.,1
427,25,Personal Care,143,SEA - Malaysia,2025-11-16,2025-11-16,competitive_pressure,Royal Skin and competitor Spring Skin both ran promos at MetroBazaar (Malaysia) the week of 2025-11-16 — any lift reading for either brand that week should account for the overlapping activity.,1
428,43,Packaged Foods,66,India - Tier 2/3,2025-12-14,2025-12-14,competitive_pressure,Coastal Table and competitor Spring Pantry both ran promos at MetroBazaar (Tier 2/3) the week of 2025-12-14 — any lift reading for either brand that week should account for the overlapping activity.,1
429,63,Home Care,1,North America,2025-12-14,2025-12-14,competitive_pressure,Silver Household and competitor Blue Shine both ran promos at FreshMart the week of 2025-12-14 — any lift reading for either brand that week should account for the overlapping activity.,1
430,79,Confectionery,67,India - Tier 2/3,2025-12-14,2025-12-14,competitive_pressure,Coastal Candy Co and competitor Nomad Candy Co both ran promos at GreenAisle (Tier 2/3) the week of 2025-12-14 — any lift reading for either brand that week should account for the overlapping activity.,1
431,74,Dairy,65,India - Tier 2/3,2025-12-21,2025-12-21,competitive_pressure,Sunrise Milk Co and competitor Royal Farms both ran promos at FreshMart (Tier 2/3) the week of 2025-12-21 — any lift reading for either brand that week should account for the overlapping activity.,1
432,90,Breakfast & Cereal,143,SEA - Malaysia,2025-11-23,2025-11-23,competitive_pressure,Prime Grains and competitor Royal Breakfast Co both ran promos at MetroBazaar (Malaysia) the week of 2025-11-23 — any lift reading for either brand that week should account for the overlapping activity.,1
433,50,Beverages,181,SEA - Indonesia,2025-12-21,2025-12-21,competitive_pressure,Crunch Drinks and competitor Vivid Sip both ran promos at FreshMart (Indonesia) the week of 2025-12-21 — any lift reading for either brand that week should account for the overlapping activity.,1
434,42,Packaged Foods,65,India - Tier 2/3,2025-11-02,2025-11-02,competitive_pressure,Urban Kitchen and competitor Spring Pantry both ran promos at FreshMart (Tier 2/3) the week of 2025-11-02 — any lift reading for either brand that week should account for the overlapping activity.,1
435,12,Sparkling Water,36,India - Metro,2025-12-07,2025-12-07,competitive_pressure,True Water Co and competitor Nomad Bubbles both ran promos at FreshMart (Metro) the week of 2025-12-07 — any lift reading for either brand that week should account for the overlapping activity.,1
436,94,Breakfast & Cereal,67,India - Tier 2/3,2025-12-07,2025-12-07,competitive_pressure,Crunch Cereal Co and competitor Meadow Breakfast Co both ran promos at GreenAisle (Tier 2/3) the week of 2025-12-07 — any lift reading for either brand that week should account for the overlapping activity.,1
437,3,Salty Snacks,5,North America,2025-11-09,2025-11-09,competitive_pressure,Prime Snacks and competitor Silver Snacks both ran promos at DailyBasket the week of 2025-11-09 — any lift reading for either brand that week should account for the overlapping activity.,1
438,79,Confectionery,65,India - Tier 2/3,2025-11-09,2025-11-09,competitive_pressure,Coastal Candy Co and competitor Fresh Treats both ran promos at FreshMart (Tier 2/3) the week of 2025-11-09 — any lift reading for either brand that week should account for the overlapping activity.,1
439,31,Personal Care,113,Gulf - Saudi,2025-12-21,2025-12-21,competitive_pressure,Everyday Glow and competitor Cloud Glow both ran promos at MetroBazaar (Saudi) the week of 2025-12-21 — any lift reading for either brand that week should account for the overlapping activity.,1
440,47,Beverages,65,India - Tier 2/3,2025-12-28,2025-12-28,competitive_pressure,Sunrise Refresh and competitor Meadow Beverages both ran promos at FreshMart (Tier 2/3) the week of 2025-12-28 — any lift reading for either brand that week should account for the overlapping activity.,1
441,18,Sparkling Water,1,North America,2025-12-21,2025-12-21,competitive_pressure,Royal Fizz and competitor Fresh Fizz both ran promos at FreshMart the week of 2025-12-21 — any lift reading for either brand that week should account for the overlapping activity.,1
442,103,Baby Care,65,India - Tier 2/3,2025-11-09,2025-11-09,competitive_pressure,Coastal Baby Essentials and competitor Crunch Baby Co both ran promos at FreshMart (Tier 2/3) the week of 2025-11-09 — any lift reading for either brand that week should account for the overlapping activity.,1
443,96,Breakfast & Cereal,65,India - Tier 2/3,2025-12-07,2025-12-07,competitive_pressure,Meadow Breakfast Co and competitor Coastal Mornings both ran promos at FreshMart (Tier 2/3) the week of 2025-12-07 — any lift reading for either brand that week should account for the overlapping activity.,1
444,70,Dairy,65,India - Tier 2/3,2025-12-21,2025-12-21,competitive_pressure,Vivid Milk Co and competitor Nomad Milk Co both ran promos at FreshMart (Tier 2/3) the week of 2025-12-21 — any lift reading for either brand that week should account for the overlapping activity.,1
445,36,Packaged Foods,65,India - Tier 2/3,2025-12-07,2025-12-07,competitive_pressure,Cloud Table and competitor Spring Pantry both ran promos at FreshMart (Tier 2/3) the week of 2025-12-07 — any lift reading for either brand that week should account for the overlapping activity.,1
446,3,Salty Snacks,1,North America,2025-11-09,2025-11-09,competitive_pressure,Prime Snacks and competitor Coastal Bites both ran promos at FreshMart the week of 2025-11-09 — any lift reading for either brand that week should account for the overlapping activity.,1
447,47,Beverages,66,India - Tier 2/3,2025-12-14,2025-12-14,competitive_pressure,Sunrise Refresh and competitor Nomad Drinks both ran promos at MetroBazaar (Tier 2/3) the week of 2025-12-14 — any lift reading for either brand that week should account for the overlapping activity.,1
448,71,Dairy,1,North America,2025-11-23,2025-11-23,competitive_pressure,Golden Farms and competitor Blue Milk Co both ran promos at FreshMart the week of 2025-11-23 — any lift reading for either brand that week should account for the overlapping activity.,1
449,104,Baby Care,128,Gulf - Qatar,2025-12-14,2025-12-14,competitive_pressure,Meadow Baby Co and competitor Silver Little Ones both ran promos at MetroBazaar (Qatar) the week of 2025-12-14 — any lift reading for either brand that week should account for the overlapping activity.,1
450,57,Home Care,65,India - Tier 2/3,2025-11-09,2025-11-09,competitive_pressure,Cloud Shine and competitor Golden Household both ran promos at FreshMart (Tier 2/3) the week of 2025-11-09 — any lift reading for either brand that week should account for the overlapping activity.,1
451,62,Home Care,1,North America,2025-12-14,2025-12-14,competitive_pressure,Royal Household and competitor Blue Shine both ran promos at FreshMart the week of 2025-12-14 — any lift reading for either brand that week should account for the overlapping activity.,1
452,62,Home Care,1,North America,2025-11-23,2025-11-23,competitive_pressure,Royal Household and competitor Urban Clean both ran promos at FreshMart the week of 2025-11-23 — any lift reading for either brand that week should account for the overlapping activity.,1
453,68,Dairy,181,SEA - Indonesia,2025-11-02,2025-11-02,competitive_pressure,Cloud Dairy and competitor Blue Milk Co both ran promos at FreshMart (Indonesia) the week of 2025-11-02 — any lift reading for either brand that week should account for the overlapping activity.,1
454,73,Dairy,2,North America,2025-11-09,2025-11-09,competitive_pressure,Blue Milk Co and competitor Royal Farms both ran promos at MetroBazaar the week of 2025-11-09 — any lift reading for either brand that week should account for the overlapping activity.,1
455,100,Baby Care,65,India - Tier 2/3,2025-12-21,2025-12-21,competitive_pressure,Fresh Tiny Care and competitor Coastal Baby Essentials both ran promos at FreshMart (Tier 2/3) the week of 2025-12-21 — any lift reading for either brand that week should account for the overlapping activity.,1
456,1,Salty Snacks,65,India - Tier 2/3,2025-12-21,2025-12-21,competitive_pressure,True Snacks and competitor Silver Snacks both ran promos at FreshMart (Tier 2/3) the week of 2025-12-21 — any lift reading for either brand that week should account for the overlapping activity.,1
457,91,Breakfast & Cereal,112,Gulf - Saudi,2025-12-14,2025-12-14,competitive_pressure,Coastal Cereal Co and competitor Cloud Mornings both ran promos at FreshMart (Saudi) the week of 2025-12-14 — any lift reading for either brand that week should account for the overlapping activity.,1
458,3,Salty Snacks,114,Gulf - Saudi,2025-11-30,2025-11-30,competitive_pressure,Prime Snacks and competitor Silver Chips both ran promos at GreenAisle (Saudi) the week of 2025-11-30 — any lift reading for either brand that week should account for the overlapping activity.,1
459,84,Confectionery,181,SEA - Indonesia,2025-12-07,2025-12-07,competitive_pressure,Everyday Treats and competitor Pure Treats both ran promos at FreshMart (Indonesia) the week of 2025-12-07 — any lift reading for either brand that week should account for the overlapping activity.,1
460,35,Packaged Foods,65,India - Tier 2/3,2025-11-02,2025-11-02,competitive_pressure,Silver Table and competitor Spring Pantry both ran promos at FreshMart (Tier 2/3) the week of 2025-11-02 — any lift reading for either brand that week should account for the overlapping activity.,1
461,97,Breakfast & Cereal,144,SEA - Malaysia,2025-11-09,2025-11-09,competitive_pressure,Royal Breakfast Co and competitor Fresh Cereal Co both ran promos at GreenAisle (Malaysia) the week of 2025-11-09 — any lift reading for either brand that week should account for the overlapping activity.,1
462,28,Personal Care,1,North America,2025-11-02,2025-11-02,competitive_pressure,Spring Skin and competitor Cloud Essentials both ran promos at FreshMart the week of 2025-11-02 — any lift reading for either brand that week should account for the overlapping activity.,1
463,80,Confectionery,1,North America,2025-12-14,2025-12-14,competitive_pressure,Nomad Candy Co and competitor Meadow Treats both ran promos at FreshMart the week of 2025-12-14 — any lift reading for either brand that week should account for the overlapping activity.,1
464,105,Baby Care,181,SEA - Indonesia,2025-12-07,2025-12-07,competitive_pressure,Silver Baby Essentials and competitor Spring Tiny Care both ran promos at FreshMart (Indonesia) the week of 2025-12-07 — any lift reading for either brand that week should account for the overlapping activity.,1
465,34,Packaged Foods,143,SEA - Malaysia,2025-11-02,2025-11-02,competitive_pressure,Bold Kitchen and competitor Blue Kitchen both ran promos at MetroBazaar (Malaysia) the week of 2025-11-02 — any lift reading for either brand that week should account for the overlapping activity.,1
466,80,Confectionery,66,India - Tier 2/3,2025-11-02,2025-11-02,competitive_pressure,Nomad Candy Co and competitor Fresh Treats both ran promos at MetroBazaar (Tier 2/3) the week of 2025-11-02 — any lift reading for either brand that week should account for the overlapping activity.,1
467,17,Sparkling Water,36,India - Metro,2025-11-02,2025-11-02,competitive_pressure,Nomad Bubbles and competitor Golden Fizz both ran promos at FreshMart (Metro) the week of 2025-11-02 — any lift reading for either brand that week should account for the overlapping activity.,1
468,95,Breakfast & Cereal,112,Gulf - Saudi,2025-11-16,2025-11-16,competitive_pressure,Cloud Mornings and competitor Coastal Mornings both ran promos at FreshMart (Saudi) the week of 2025-11-16 — any lift reading for either brand that week should account for the overlapping activity.,1
469,46,Beverages,113,Gulf - Saudi,2025-11-23,2025-11-23,competitive_pressure,Fresh Refresh and competitor Cloud Sip both ran promos at MetroBazaar (Saudi) the week of 2025-11-23 — any lift reading for either brand that week should account for the overlapping activity.,1
470,42,Packaged Foods,65,India - Tier 2/3,2025-11-02,2025-11-02,competitive_pressure,Urban Kitchen and competitor Coastal Table both ran promos at FreshMart (Tier 2/3) the week of 2025-11-02 — any lift reading for either brand that week should account for the overlapping activity.,1
471,70,Dairy,65,India - Tier 2/3,2025-11-02,2025-11-02,competitive_pressure,Vivid Milk Co and competitor Royal Farms both ran promos at FreshMart (Tier 2/3) the week of 2025-11-02 — any lift reading for either brand that week should account for the overlapping activity.,1
472,17,Sparkling Water,36,India - Metro,2025-12-07,2025-12-07,competitive_pressure,Nomad Bubbles and competitor Heritage Springs both ran promos at FreshMart (Metro) the week of 2025-12-07 — any lift reading for either brand that week should account for the overlapping activity.,1
473,91,Breakfast & Cereal,143,SEA - Malaysia,2025-11-02,2025-11-02,competitive_pressure,Coastal Cereal Co and competitor Fresh Cereal Co both ran promos at MetroBazaar (Malaysia) the week of 2025-11-02 — any lift reading for either brand that week should account for the overlapping activity.,1
474,58,Home Care,181,SEA - Indonesia,2025-11-16,2025-11-16,competitive_pressure,Coastal Clean and competitor Blue Shine both ran promos at FreshMart (Indonesia) the week of 2025-11-16 — any lift reading for either brand that week should account for the overlapping activity.,1
475,106,Baby Care,66,India - Tier 2/3,2025-12-07,2025-12-07,competitive_pressure,Vivid Little Ones and competitor Crunch Baby Co both ran promos at MetroBazaar (Tier 2/3) the week of 2025-12-07 — any lift reading for either brand that week should account for the overlapping activity.,1
476,52,Beverages,128,Gulf - Qatar,2025-12-14,2025-12-14,competitive_pressure,Spring Sip and competitor Cloud Sip both ran promos at MetroBazaar (Qatar) the week of 2025-12-14 — any lift reading for either brand that week should account for the overlapping activity.,1
477,91,Breakfast & Cereal,112,Gulf - Saudi,2025-11-02,2025-11-02,competitive_pressure,Coastal Cereal Co and competitor Coastal Mornings both ran promos at FreshMart (Saudi) the week of 2025-11-02 — any lift reading for either brand that week should account for the overlapping activity.,1
478,70,Dairy,113,Gulf - Saudi,2025-11-30,2025-11-30,competitive_pressure,Vivid Milk Co and competitor Urban Creamery both ran promos at MetroBazaar (Saudi) the week of 2025-11-30 — any lift reading for either brand that week should account for the overlapping activity.,1
479,26,Personal Care,65,India - Tier 2/3,2025-12-07,2025-12-07,competitive_pressure,Prime Care and competitor Cloud Glow both ran promos at FreshMart (Tier 2/3) the week of 2025-12-07 — any lift reading for either brand that week should account for the overlapping activity.,1
480,48,Beverages,127,Gulf - Qatar,2025-12-07,2025-12-07,competitive_pressure,Silver Beverages and competitor Spring Sip both ran promos at FreshMart (Qatar) the week of 2025-12-07 — any lift reading for either brand that week should account for the overlapping activity.,1
481,102,Baby Care,65,India - Tier 2/3,2025-12-28,2025-12-28,competitive_pressure,Coastal Little Ones and competitor Coastal Baby Essentials both ran promos at FreshMart (Tier 2/3) the week of 2025-12-28 — any lift reading for either brand that week should account for the overlapping activity.,1
482,79,Confectionery,65,India - Tier 2/3,2025-12-14,2025-12-14,competitive_pressure,Coastal Candy Co and competitor Heritage Treats both ran promos at FreshMart (Tier 2/3) the week of 2025-12-14 — any lift reading for either brand that week should account for the overlapping activity.,1
483,20,Sparkling Water,36,India - Metro,2025-12-21,2025-12-21,competitive_pressure,Heritage Springs and competitor Golden Fizz both ran promos at FreshMart (Metro) the week of 2025-12-21 — any lift reading for either brand that week should account for the overlapping activity.,1
484,59,Home Care,37,India - Metro,2025-11-16,2025-11-16,competitive_pressure,Pure Shine and competitor Crunch Household both ran promos at MetroBazaar (Metro) the week of 2025-11-16 — any lift reading for either brand that week should account for the overlapping activity.,1
485,36,Packaged Foods,65,India - Tier 2/3,2025-11-16,2025-11-16,competitive_pressure,Cloud Table and competitor Urban Kitchen both ran promos at FreshMart (Tier 2/3) the week of 2025-11-16 — any lift reading for either brand that week should account for the overlapping activity.,1
486,64,Home Care,184,SEA - Indonesia,2025-12-21,2025-12-21,competitive_pressure,Blue Shine and competitor Golden Household both ran promos at PrimeGrocer (Indonesia) the week of 2025-12-21 — any lift reading for either brand that week should account for the overlapping activity.,1
487,82,Confectionery,1,North America,2025-11-16,2025-11-16,competitive_pressure,Meadow Treats and competitor Pure Sweets both ran promos at FreshMart the week of 2025-11-16 — any lift reading for either brand that week should account for the overlapping activity.,1
488,56,Home Care,73,India - Tier 2/3,2025-11-09,2025-11-09,competitive_pressure,Golden Shine and competitor Golden Household both ran promos at Local Trade Collective (Tier 2/3) the week of 2025-11-09 — any lift reading for either brand that week should account for the overlapping activity.,1
489,2,Salty Snacks,112,Gulf - Saudi,2025-12-14,2025-12-14,competitive_pressure,Bold Snacks and competitor Prime Snacks both ran promos at FreshMart (Saudi) the week of 2025-12-14 — any lift reading for either brand that week should account for the overlapping activity.,1
490,79,Confectionery,65,India - Tier 2/3,2025-11-09,2025-11-09,competitive_pressure,Coastal Candy Co and competitor Meadow Treats both ran promos at FreshMart (Tier 2/3) the week of 2025-11-09 — any lift reading for either brand that week should account for the overlapping activity.,1
491,100,Baby Care,65,India - Tier 2/3,2025-11-23,2025-11-23,competitive_pressure,Fresh Tiny Care and competitor Silver Baby Essentials both ran promos at FreshMart (Tier 2/3) the week of 2025-11-23 — any lift reading for either brand that week should account for the overlapping activity.,1
492,80,Confectionery,1,North America,2025-11-23,2025-11-23,competitive_pressure,Nomad Candy Co and competitor Pure Sweets both ran promos at FreshMart the week of 2025-11-23 — any lift reading for either brand that week should account for the overlapping activity.,1
493,71,Dairy,1,North America,2025-11-23,2025-11-23,competitive_pressure,Golden Farms and competitor Royal Farms both ran promos at FreshMart the week of 2025-11-23 — any lift reading for either brand that week should account for the overlapping activity.,1
494,46,Beverages,113,Gulf - Saudi,2025-12-14,2025-12-14,competitive_pressure,Fresh Refresh and competitor Sunrise Refresh both ran promos at MetroBazaar (Saudi) the week of 2025-12-14 — any lift reading for either brand that week should account for the overlapping activity.,1
495,12,Sparkling Water,36,India - Metro,2025-12-14,2025-12-14,competitive_pressure,True Water Co and competitor Golden Fizz both ran promos at FreshMart (Metro) the week of 2025-12-14 — any lift reading for either brand that week should account for the overlapping activity.,1
496,58,Home Care,90,Gulf - UAE,2025-12-21,2025-12-21,competitive_pressure,Coastal Clean and competitor True Shine both ran promos at FreshMart (UAE) the week of 2025-12-21 — any lift reading for either brand that week should account for the overlapping activity.,1
497,23,Personal Care,38,India - Metro,2025-11-16,2025-11-16,competitive_pressure,Golden Skin and competitor Golden Essentials both ran promos at GreenAisle (Metro) the week of 2025-11-16 — any lift reading for either brand that week should account for the overlapping activity.,1
498,8,Salty Snacks,65,India - Tier 2/3,2025-12-07,2025-12-07,competitive_pressure,Meadow Crisps and competitor Silver Snacks both ran promos at FreshMart (Tier 2/3) the week of 2025-12-07 — any lift reading for either brand that week should account for the overlapping activity.,1
499,35,Packaged Foods,65,India - Tier 2/3,2025-11-02,2025-11-02,competitive_pressure,Silver Table and competitor Urban Kitchen both ran promos at FreshMart (Tier 2/3) the week of 2025-11-02 — any lift reading for either brand that week should account for the overlapping activity.,1
500,15,Sparkling Water,114,Gulf - Saudi,2025-11-09,2025-11-09,competitive_pressure,Blue Springs and competitor Royal Fizz both ran promos at GreenAisle (Saudi) the week of 2025-11-09 — any lift reading for either brand that week should account for the overlapping activity.,1
501,109,Baby Care,1,North America,2025-11-23,2025-11-23,competitive_pressure,Silver Little Ones and competitor Meadow Tiny Care both ran promos at FreshMart the week of 2025-11-23 — any lift reading for either brand that week should account for the overlapping activity.,1
