id,brand_id,category,retailer_id,region,signal_date,signal_type,magnitude_pct,description,org_id
1,54,Beverages,126,Gulf - Saudi,2025-12-28,promo_launch,10.8,"Nomad Drinks launched a promo at Local Trade Collective #2 (Saudi) the week of 2025-12-28 (Display, 11% depth).",1
2,75,Dairy,82,India - Tier 2/3,2025-12-28,promo_launch,46.4,"Vivid Dairy launched a promo at ValueTrade GT #2 (Tier 2/3) the week of 2025-12-28 (BOGO, 46% depth).",1
3,11,Salty Snacks,29,North America,2025-12-28,promo_launch,9.4,"Silver Snacks launched a promo at QuickStop #2 the week of 2025-12-28 (TPR, 9% depth).",1
4,75,Dairy,94,Gulf - UAE,2025-12-28,promo_launch,11.9,"Vivid Dairy launched a promo at DailyBasket (UAE) the week of 2025-12-28 (TPR, 12% depth).",1
5,51,Beverages,19,North America,2025-12-28,promo_launch,18.6,"Coastal Drinks launched a promo at GreenLeaf Naturals the week of 2025-12-28 (Ad, 19% depth).",1
6,33,Personal Care,122,Gulf - Saudi,2025-12-28,promo_launch,14.7,"Cloud Glow launched a promo at Community Retail Co-op (Saudi) the week of 2025-12-28 (Display, 15% depth).",1
7,90,Breakfast & Cereal,103,Gulf - UAE,2025-12-28,promo_launch,9.0,"Prime Grains launched a promo at SwiftBasket (UAE) the week of 2025-12-28 (TPR, 9% depth).",1
8,75,Dairy,92,Gulf - UAE,2025-12-28,promo_launch,6.7,"Vivid Dairy launched a promo at GreenAisle (UAE) the week of 2025-12-28 (TPR, 7% depth).",1
9,51,Beverages,21,North America,2025-12-28,promo_launch,48.3,"Coastal Drinks launched a promo at EarthAisle the week of 2025-12-28 (BOGO, 48% depth).",1
10,51,Beverages,26,North America,2025-12-28,promo_launch,16.3,"Coastal Drinks launched a promo at CornerFuel Mart the week of 2025-12-28 (Display, 16% depth).",1
11,51,Beverages,32,North America,2025-12-28,promo_launch,48.9,"Coastal Drinks launched a promo at ExpressStop #2 the week of 2025-12-28 (BOGO, 49% depth).",1
12,33,Personal Care,88,India - Tier 2/3,2025-12-28,promo_launch,45.1,"Cloud Glow launched a promo at Sundry Traders Network #2 (Tier 2/3) the week of 2025-12-28 (BOGO, 45% depth).",1
13,98,Breakfast & Cereal,84,India - Tier 2/3,2025-12-28,promo_launch,14.8,"Coastal Mornings launched a promo at Corner Store Network #2 (Tier 2/3) the week of 2025-12-28 (Display, 15% depth).",1
14,33,Personal Care,86,India - Tier 2/3,2025-12-28,promo_launch,15.7,"Cloud Glow launched a promo at Bazaar Wholesale #2 (Tier 2/3) the week of 2025-12-28 (Display, 16% depth).",1
15,103,Baby Care,80,India - Tier 2/3,2025-12-28,promo_launch,45.1,"Coastal Baby Essentials launched a promo at Sundry Traders Network (Tier 2/3) the week of 2025-12-28 (BOGO, 45% depth).",1
16,51,Beverages,13,North America,2025-12-28,promo_launch,45.4,"Coastal Drinks launched a promo at GreenAisle #2 the week of 2025-12-28 (BOGO, 45% depth).",1
17,109,Baby Care,1,North America,2025-12-28,promo_launch,17.4,"Silver Little Ones launched a promo at FreshMart the week of 2025-12-28 (Ad, 17% depth).",1
18,90,Breakfast & Cereal,96,Gulf - UAE,2025-12-28,promo_launch,12.5,"Prime Grains launched a promo at UrbanPantry (UAE) the week of 2025-12-28 (TPR, 12% depth).",1
19,16,Sparkling Water,172,SEA - Philippines,2025-12-28,promo_launch,14.5,"Sunrise Water Co launched a promo at HopMart (Philippines) the week of 2025-12-28 (TPR, 14% depth).",1
20,98,Breakfast & Cereal,85,India - Tier 2/3,2025-12-28,promo_launch,6.8,"Coastal Mornings launched a promo at Community Retail Co-op #2 (Tier 2/3) the week of 2025-12-28 (TPR, 7% depth).",1
21,16,Sparkling Water,173,SEA - Philippines,2025-12-28,promo_launch,8.4,"Sunrise Water Co launched a promo at Local Trade Collective (Philippines) the week of 2025-12-28 (TPR, 8% depth).",1
22,75,Dairy,79,India - Tier 2/3,2025-12-28,promo_launch,14.5,"Vivid Dairy launched a promo at MarketLink GT (Tier 2/3) the week of 2025-12-28 (Display, 14% depth).",1
23,90,Breakfast & Cereal,94,Gulf - UAE,2025-12-28,promo_launch,47.0,"Prime Grains launched a promo at DailyBasket (UAE) the week of 2025-12-28 (BOGO, 47% depth).",1
24,33,Personal Care,77,India - Tier 2/3,2025-12-28,promo_launch,6.0,"Cloud Glow launched a promo at Community Retail Co-op (Tier 2/3) the week of 2025-12-28 (TPR, 6% depth).",1
25,33,Personal Care,76,India - Tier 2/3,2025-12-28,promo_launch,11.5,"Cloud Glow launched a promo at Corner Store Network (Tier 2/3) the week of 2025-12-28 (TPR, 12% depth).",1
26,105,Baby Care,199,SEA - Indonesia,2025-12-28,promo_launch,12.1,"Silver Baby Essentials launched a promo at MarketLink GT (Indonesia) the week of 2025-12-28 (TPR, 12% depth).",1
27,33,Personal Care,73,India - Tier 2/3,2025-12-28,promo_launch,17.7,"Cloud Glow launched a promo at Local Trade Collective (Tier 2/3) the week of 2025-12-28 (Ad, 18% depth).",1
28,33,Personal Care,72,India - Tier 2/3,2025-12-28,promo_launch,8.6,"Cloud Glow launched a promo at ValueGrocer (Tier 2/3) the week of 2025-12-28 (TPR, 9% depth).",1
29,51,Beverages,14,North America,2025-12-28,promo_launch,11.1,"Coastal Drinks launched a promo at SaverClub the week of 2025-12-28 (Display, 11% depth).",1
30,51,Beverages,10,North America,2025-12-28,promo_launch,9.1,"Coastal Drinks launched a promo at HomeFresh the week of 2025-12-28 (TPR, 9% depth).",1
31,11,Salty Snacks,16,North America,2025-12-28,promo_launch,48.1,"Silver Snacks launched a promo at WareClub the week of 2025-12-28 (BOGO, 48% depth).",1
32,110,Baby Care,9,North America,2025-12-28,promo_launch,24.7,"Meadow Tiny Care launched a promo at CityMart the week of 2025-12-28 (Ad, 25% depth).",1
33,51,Beverages,17,North America,2025-12-28,promo_launch,5.7,"Coastal Drinks launched a promo at MegaValue Club the week of 2025-12-28 (TPR, 6% depth).",1
34,81,Confectionery,128,Gulf - Qatar,2025-12-28,promo_launch,20.0,"Prime Candy Co launched a promo at MetroBazaar (Qatar) the week of 2025-12-28 (Display, 20% depth).",1
35,33,Personal Care,121,Gulf - Saudi,2025-12-28,promo_launch,12.5,"Cloud Glow launched a promo at Corner Store Network (Saudi) the week of 2025-12-28 (Display, 12% depth).",1
36,51,Beverages,26,North America,2025-12-28,promo_launch,15.2,"Coastal Drinks launched a promo at CornerFuel Mart the week of 2025-12-28 (Display, 15% depth).",1
37,90,Breakfast & Cereal,154,SEA - Malaysia,2025-12-28,promo_launch,45.7,"Prime Grains launched a promo at Local Trade Collective (Malaysia) the week of 2025-12-28 (BOGO, 46% depth).",1
38,33,Personal Care,119,Gulf - Saudi,2025-12-28,promo_launch,46.0,"Cloud Glow launched a promo at ValueTrade GT (Saudi) the week of 2025-12-28 (BOGO, 46% depth).",1
39,15,Sparkling Water,126,Gulf - Saudi,2025-12-28,promo_launch,17.1,"Blue Springs launched a promo at Local Trade Collective #2 (Saudi) the week of 2025-12-28 (Display, 17% depth).",1
40,33,Personal Care,117,Gulf - Saudi,2025-12-28,promo_launch,5.6,"Cloud Glow launched a promo at SunriseMart (Saudi) the week of 2025-12-28 (TPR, 6% depth).",1
41,81,Confectionery,131,Gulf - Qatar,2025-12-28,promo_launch,21.3,"Prime Candy Co launched a promo at DailyBasket (Qatar) the week of 2025-12-28 (Ad, 21% depth).",1
42,51,Beverages,33,North America,2025-12-28,promo_launch,11.1,"Coastal Drinks launched a promo at QuickStop #3 the week of 2025-12-28 (Display, 11% depth).",1
43,95,Breakfast & Cereal,122,Gulf - Saudi,2025-12-28,promo_launch,46.8,"Cloud Mornings launched a promo at Community Retail Co-op (Saudi) the week of 2025-12-28 (BOGO, 47% depth).",1
44,75,Dairy,65,India - Tier 2/3,2025-12-28,promo_launch,11.0,"Vivid Dairy launched a promo at FreshMart (Tier 2/3) the week of 2025-12-28 (TPR, 11% depth).",1
45,33,Personal Care,84,India - Tier 2/3,2025-12-28,promo_launch,13.0,"Cloud Glow launched a promo at Corner Store Network #2 (Tier 2/3) the week of 2025-12-28 (TPR, 13% depth).",1
46,90,Breakfast & Cereal,109,Gulf - UAE,2025-12-28,promo_launch,46.1,"Prime Grains launched a promo at Neighborhood Wholesale (UAE) the week of 2025-12-28 (BOGO, 46% depth).",1
47,51,Beverages,154,SEA - Malaysia,2025-12-28,promo_launch,47.8,"Coastal Drinks launched a promo at Local Trade Collective (Malaysia) the week of 2025-12-28 (BOGO, 48% depth).",1
48,103,Baby Care,86,India - Tier 2/3,2025-12-28,promo_launch,8.9,"Coastal Baby Essentials launched a promo at Bazaar Wholesale #2 (Tier 2/3) the week of 2025-12-28 (TPR, 9% depth).",1
49,75,Dairy,106,Gulf - UAE,2025-12-28,promo_launch,10.1,"Vivid Dairy launched a promo at NimbleMart (UAE) the week of 2025-12-28 (TPR, 10% depth).",1
50,51,Beverages,4,North America,2025-12-28,promo_launch,49.7,"Coastal Drinks launched a promo at PrimeGrocer the week of 2025-12-28 (BOGO, 50% depth).",1
51,51,Beverages,6,North America,2025-12-28,promo_launch,19.7,"Coastal Drinks launched a promo at SunriseMart the week of 2025-12-28 (Ad, 20% depth).",1
52,90,Breakfast & Cereal,111,Gulf - UAE,2025-12-28,promo_launch,5.9,"Prime Grains launched a promo at Community Retail Co-op (UAE) the week of 2025-12-28 (TPR, 6% depth).",1
53,51,Beverages,8,North America,2025-12-28,promo_launch,19.5,"Coastal Drinks launched a promo at ValueGrocer the week of 2025-12-28 (Display, 20% depth).",1
54,15,Sparkling Water,122,Gulf - Saudi,2025-12-28,promo_launch,16.9,"Blue Springs launched a promo at Community Retail Co-op (Saudi) the week of 2025-12-28 (Display, 17% depth).",1
55,90,Breakfast & Cereal,110,Gulf - UAE,2025-12-28,promo_launch,21.4,"Prime Grains launched a promo at Corner Store Network (UAE) the week of 2025-12-28 (Ad, 21% depth).",1
56,15,Sparkling Water,123,Gulf - Saudi,2025-12-28,promo_launch,15.2,"Blue Springs launched a promo at Bazaar Wholesale (Saudi) the week of 2025-12-28 (Ad, 15% depth).",1
57,105,Baby Care,194,SEA - Indonesia,2025-12-28,promo_launch,10.9,"Silver Baby Essentials launched a promo at ValueTrade GT (Indonesia) the week of 2025-12-28 (TPR, 11% depth).",1
58,75,Dairy,102,Gulf - UAE,2025-12-28,promo_launch,11.4,"Vivid Dairy launched a promo at DashKart (UAE) the week of 2025-12-28 (Display, 11% depth).",1
59,33,Personal Care,69,India - Tier 2/3,2025-12-28,promo_launch,47.7,"Cloud Glow launched a promo at DailyBasket (Tier 2/3) the week of 2025-12-28 (BOGO, 48% depth).",1
60,75,Dairy,75,India - Tier 2/3,2025-12-28,promo_launch,48.8,"Vivid Dairy launched a promo at Neighborhood Wholesale (Tier 2/3) the week of 2025-12-28 (BOGO, 49% depth).",1
61,52,Beverages,130,Gulf - Qatar,2025-12-28,promo_launch,16.1,"Spring Sip launched a promo at PrimeGrocer (Qatar) the week of 2025-12-28 (Display, 16% depth).",1
62,82,Confectionery,33,North America,2025-12-28,promo_launch,7.6,"Meadow Treats launched a promo at QuickStop #3 the week of 2025-12-28 (TPR, 8% depth).",1
63,32,Personal Care,86,India - Tier 2/3,2025-12-28,promo_launch,17.7,"Cloud Skin launched a promo at Bazaar Wholesale #2 (Tier 2/3) the week of 2025-12-28 (Ad, 18% depth).",1
64,3,Salty Snacks,27,North America,2025-12-28,promo_launch,8.3,"Prime Snacks launched a promo at GoStop the week of 2025-12-28 (TPR, 8% depth).",1
65,53,Beverages,118,Gulf - Saudi,2025-12-28,promo_launch,14.2,"Cloud Sip launched a promo at Local Trade Collective (Saudi) the week of 2025-12-28 (TPR, 14% depth).",1
66,53,Beverages,121,Gulf - Saudi,2025-12-28,promo_launch,47.1,"Cloud Sip launched a promo at Corner Store Network (Saudi) the week of 2025-12-28 (BOGO, 47% depth).",1
67,16,Sparkling Water,164,SEA - Philippines,2025-12-28,promo_launch,49.9,"Sunrise Water Co launched a promo at GreenAisle (Philippines) the week of 2025-12-28 (BOGO, 50% depth).",1
68,32,Personal Care,81,India - Tier 2/3,2025-12-28,promo_launch,14.8,"Cloud Skin launched a promo at Local Trade Collective #2 (Tier 2/3) the week of 2025-12-28 (Display, 15% depth).",1
69,75,Dairy,79,India - Tier 2/3,2025-12-28,promo_launch,11.4,"Vivid Dairy launched a promo at MarketLink GT (Tier 2/3) the week of 2025-12-28 (TPR, 11% depth).",1
70,53,Beverages,129,Gulf - Qatar,2025-12-28,promo_launch,11.9,"Cloud Sip launched a promo at GreenAisle (Qatar) the week of 2025-12-28 (TPR, 12% depth).",1
71,32,Personal Care,76,India - Tier 2/3,2025-12-28,promo_launch,5.7,"Cloud Skin launched a promo at Corner Store Network (Tier 2/3) the week of 2025-12-28 (TPR, 6% depth).",1
72,90,Breakfast & Cereal,102,Gulf - UAE,2025-12-28,promo_launch,13.6,"Prime Grains launched a promo at DashKart (UAE) the week of 2025-12-28 (TPR, 14% depth).",1
73,102,Baby Care,89,India - Tier 2/3,2025-12-28,promo_launch,11.2,"Coastal Little Ones launched a promo at Local Trade Collective #3 (Tier 2/3) the week of 2025-12-28 (Display, 11% depth).",1
74,110,Baby Care,2,North America,2025-12-28,promo_launch,11.0,"Meadow Tiny Care launched a promo at MetroBazaar the week of 2025-12-28 (TPR, 11% depth).",1
75,16,Sparkling Water,174,SEA - Philippines,2025-12-28,promo_launch,12.9,"Sunrise Water Co launched a promo at ValueTrade GT (Philippines) the week of 2025-12-28 (Display, 13% depth).",1
76,52,Beverages,134,Gulf - Qatar,2025-12-28,promo_launch,13.0,"Spring Sip launched a promo at DashKart (Qatar) the week of 2025-12-28 (TPR, 13% depth).",1
77,3,Salty Snacks,112,Gulf - Saudi,2025-12-28,promo_launch,18.3,"Prime Snacks launched a promo at FreshMart (Saudi) the week of 2025-12-28 (Display, 18% depth).",1
78,53,Beverages,123,Gulf - Saudi,2025-12-28,promo_launch,19.4,"Cloud Sip launched a promo at Bazaar Wholesale (Saudi) the week of 2025-12-28 (Ad, 19% depth).",1
79,3,Salty Snacks,113,Gulf - Saudi,2025-12-28,promo_launch,19.4,"Prime Snacks launched a promo at MetroBazaar (Saudi) the week of 2025-12-28 (Display, 19% depth).",1
80,96,Breakfast & Cereal,69,India - Tier 2/3,2025-12-28,promo_launch,23.2,"Meadow Breakfast Co launched a promo at DailyBasket (Tier 2/3) the week of 2025-12-28 (Ad, 23% depth).",1
81,32,Personal Care,82,India - Tier 2/3,2025-12-28,promo_launch,14.1,"Cloud Skin launched a promo at ValueTrade GT #2 (Tier 2/3) the week of 2025-12-28 (TPR, 14% depth).",1
82,53,Beverages,128,Gulf - Qatar,2025-12-28,promo_launch,12.8,"Cloud Sip launched a promo at MetroBazaar (Qatar) the week of 2025-12-28 (TPR, 13% depth).",1
83,3,Salty Snacks,114,Gulf - Saudi,2025-12-28,promo_launch,10.0,"Prime Snacks launched a promo at GreenAisle (Saudi) the week of 2025-12-28 (TPR, 10% depth).",1
84,11,Salty Snacks,9,North America,2025-12-28,promo_launch,14.8,"Silver Snacks launched a promo at CityMart the week of 2025-12-28 (Display, 15% depth).",1
85,32,Personal Care,78,India - Tier 2/3,2025-12-28,promo_launch,7.2,"Cloud Skin launched a promo at Bazaar Wholesale (Tier 2/3) the week of 2025-12-28 (TPR, 7% depth).",1
86,75,Dairy,65,India - Tier 2/3,2025-12-28,promo_launch,7.7,"Vivid Dairy launched a promo at FreshMart (Tier 2/3) the week of 2025-12-28 (TPR, 8% depth).",1
87,110,Baby Care,1,North America,2025-12-28,promo_launch,6.1,"Meadow Tiny Care launched a promo at FreshMart the week of 2025-12-28 (TPR, 6% depth).",1
88,53,Beverages,137,Gulf - Qatar,2025-12-28,promo_launch,11.2,"Cloud Sip launched a promo at Local Trade Collective (Qatar) the week of 2025-12-28 (Display, 11% depth).",1
89,53,Beverages,115,Gulf - Saudi,2025-12-28,promo_launch,49.6,"Cloud Sip launched a promo at PrimeGrocer (Saudi) the week of 2025-12-28 (BOGO, 50% depth).",1
90,32,Personal Care,87,India - Tier 2/3,2025-12-28,promo_launch,15.6,"Cloud Skin launched a promo at MarketLink GT #2 (Tier 2/3) the week of 2025-12-28 (Display, 16% depth).",1
91,53,Beverages,114,Gulf - Saudi,2025-12-28,promo_launch,10.8,"Cloud Sip launched a promo at GreenAisle (Saudi) the week of 2025-12-28 (Display, 11% depth).",1
92,52,Beverages,140,Gulf - Qatar,2025-12-28,promo_launch,7.2,"Spring Sip launched a promo at Corner Store Network (Qatar) the week of 2025-12-28 (TPR, 7% depth).",1
93,75,Dairy,73,India - Tier 2/3,2025-12-28,promo_launch,24.5,"Vivid Dairy launched a promo at Local Trade Collective (Tier 2/3) the week of 2025-12-28 (Ad, 24% depth).",1
94,90,Breakfast & Cereal,158,SEA - Malaysia,2025-12-28,promo_launch,49.2,"Prime Grains launched a promo at Community Retail Co-op (Malaysia) the week of 2025-12-28 (BOGO, 49% depth).",1
95,52,Beverages,137,Gulf - Qatar,2025-12-28,promo_launch,11.7,"Spring Sip launched a promo at Local Trade Collective (Qatar) the week of 2025-12-28 (TPR, 12% depth).",1
96,103,Baby Care,76,India - Tier 2/3,2025-12-28,promo_launch,10.5,"Coastal Baby Essentials launched a promo at Corner Store Network (Tier 2/3) the week of 2025-12-28 (Display, 10% depth).",1
97,11,Salty Snacks,22,North America,2025-12-28,promo_launch,7.4,"Silver Snacks launched a promo at NaturaLife Market the week of 2025-12-28 (TPR, 7% depth).",1
98,98,Breakfast & Cereal,86,India - Tier 2/3,2025-12-28,promo_launch,45.4,"Coastal Mornings launched a promo at Bazaar Wholesale #2 (Tier 2/3) the week of 2025-12-28 (BOGO, 45% depth).",1
99,75,Dairy,70,India - Tier 2/3,2025-12-28,promo_launch,16.5,"Vivid Dairy launched a promo at SunriseMart (Tier 2/3) the week of 2025-12-28 (Display, 16% depth).",1
100,33,Personal Care,122,Gulf - Saudi,2025-12-28,promo_launch,24.6,"Cloud Glow launched a promo at Community Retail Co-op (Saudi) the week of 2025-12-28 (Ad, 25% depth).",1
101,52,Beverages,128,Gulf - Qatar,2025-12-28,promo_launch,7.6,"Spring Sip launched a promo at MetroBazaar (Qatar) the week of 2025-12-28 (TPR, 8% depth).",1
102,52,Beverages,130,Gulf - Qatar,2025-12-28,promo_launch,48.4,"Spring Sip launched a promo at PrimeGrocer (Qatar) the week of 2025-12-28 (BOGO, 48% depth).",1
103,52,Beverages,131,Gulf - Qatar,2025-12-28,promo_launch,8.2,"Spring Sip launched a promo at DailyBasket (Qatar) the week of 2025-12-28 (TPR, 8% depth).",1
104,106,Baby Care,66,India - Tier 2/3,2025-12-28,promo_launch,18.1,"Vivid Little Ones launched a promo at MetroBazaar (Tier 2/3) the week of 2025-12-28 (Display, 18% depth).",1
105,82,Confectionery,9,North America,2025-12-28,promo_launch,22.0,"Meadow Treats launched a promo at CityMart the week of 2025-12-28 (Ad, 22% depth).",1
106,108,Baby Care,86,India - Tier 2/3,2025-12-28,promo_launch,7.0,"Crunch Baby Co launched a promo at Bazaar Wholesale #2 (Tier 2/3) the week of 2025-12-28 (TPR, 7% depth).",1
107,82,Confectionery,10,North America,2025-12-28,promo_launch,19.2,"Meadow Treats launched a promo at HomeFresh the week of 2025-12-28 (Display, 19% depth).",1
108,52,Beverages,130,Gulf - Qatar,2025-12-28,promo_launch,9.7,"Spring Sip launched a promo at PrimeGrocer (Qatar) the week of 2025-12-28 (TPR, 10% depth).",1
109,33,Personal Care,85,India - Tier 2/3,2025-12-28,promo_launch,48.2,"Cloud Glow launched a promo at Community Retail Co-op #2 (Tier 2/3) the week of 2025-12-28 (BOGO, 48% depth).",1
110,90,Breakfast & Cereal,146,SEA - Malaysia,2025-12-28,promo_launch,13.0,"Prime Grains launched a promo at DailyBasket (Malaysia) the week of 2025-12-28 (TPR, 13% depth).",1
111,52,Beverages,136,Gulf - Qatar,2025-12-28,promo_launch,16.1,"Spring Sip launched a promo at HopMart (Qatar) the week of 2025-12-28 (Display, 16% depth).",1
112,52,Beverages,138,Gulf - Qatar,2025-12-28,promo_launch,14.4,"Spring Sip launched a promo at ValueTrade GT (Qatar) the week of 2025-12-28 (TPR, 14% depth).",1
113,33,Personal Care,79,India - Tier 2/3,2025-12-28,promo_launch,16.9,"Cloud Glow launched a promo at MarketLink GT (Tier 2/3) the week of 2025-12-28 (Ad, 17% depth).",1
114,90,Breakfast & Cereal,145,SEA - Malaysia,2025-12-28,promo_launch,15.5,"Prime Grains launched a promo at PrimeGrocer (Malaysia) the week of 2025-12-28 (Display, 16% depth).",1
115,52,Beverages,140,Gulf - Qatar,2025-12-28,promo_launch,18.6,"Spring Sip launched a promo at Corner Store Network (Qatar) the week of 2025-12-28 (Display, 19% depth).",1
116,3,Salty Snacks,21,North America,2025-12-28,promo_launch,15.5,"Prime Snacks launched a promo at EarthAisle the week of 2025-12-28 (Display, 16% depth).",1
117,90,Breakfast & Cereal,144,SEA - Malaysia,2025-12-28,promo_launch,8.2,"Prime Grains launched a promo at GreenAisle (Malaysia) the week of 2025-12-28 (TPR, 8% depth).",1
118,75,Dairy,76,India - Tier 2/3,2025-12-28,promo_launch,16.0,"Vivid Dairy launched a promo at Corner Store Network (Tier 2/3) the week of 2025-12-28 (Display, 16% depth).",1
119,108,Baby Care,114,Gulf - Saudi,2025-12-28,promo_launch,11.3,"Crunch Baby Co launched a promo at GreenAisle (Saudi) the week of 2025-12-28 (Display, 11% depth).",1
120,3,Salty Snacks,31,North America,2025-12-28,promo_launch,13.0,"Prime Snacks launched a promo at GoStop #2 the week of 2025-12-28 (Display, 13% depth).",1
121,91,Breakfast & Cereal,121,Gulf - Saudi,2025-12-28,promo_launch,17.5,"Coastal Cereal Co launched a promo at Corner Store Network (Saudi) the week of 2025-12-28 (Ad, 18% depth).",1
122,108,Baby Care,122,Gulf - Saudi,2025-12-28,promo_launch,7.7,"Crunch Baby Co launched a promo at Community Retail Co-op (Saudi) the week of 2025-12-28 (TPR, 8% depth).",1
123,50,Beverages,192,SEA - Indonesia,2025-12-28,promo_launch,9.1,"Crunch Drinks launched a promo at FlashCart (Indonesia) the week of 2025-12-28 (TPR, 9% depth).",1
124,50,Beverages,195,SEA - Indonesia,2025-12-28,promo_launch,11.0,"Crunch Drinks launched a promo at Neighborhood Wholesale (Indonesia) the week of 2025-12-28 (TPR, 11% depth).",1
125,81,Confectionery,134,Gulf - Qatar,2025-12-28,promo_launch,19.2,"Prime Candy Co launched a promo at DashKart (Qatar) the week of 2025-12-28 (Ad, 19% depth).",1
126,50,Beverages,196,SEA - Indonesia,2025-12-28,promo_launch,16.1,"Crunch Drinks launched a promo at Corner Store Network (Indonesia) the week of 2025-12-28 (Display, 16% depth).",1
127,50,Beverages,198,SEA - Indonesia,2025-12-28,promo_launch,10.4,"Crunch Drinks launched a promo at Bazaar Wholesale (Indonesia) the week of 2025-12-28 (Display, 10% depth).",1
128,110,Baby Care,38,India - Metro,2025-12-28,promo_launch,46.1,"Meadow Tiny Care launched a promo at GreenAisle (Metro) the week of 2025-12-28 (BOGO, 46% depth).",1
129,105,Baby Care,83,India - Tier 2/3,2025-12-28,promo_launch,9.4,"Silver Baby Essentials launched a promo at Neighborhood Wholesale #2 (Tier 2/3) the week of 2025-12-28 (TPR, 9% depth).",1
130,75,Dairy,92,Gulf - UAE,2025-12-28,promo_launch,6.6,"Vivid Dairy launched a promo at GreenAisle (UAE) the week of 2025-12-28 (TPR, 7% depth).",1
131,34,Packaged Foods,153,SEA - Malaysia,2025-12-28,promo_launch,16.6,"Bold Kitchen launched a promo at FlashCart (Malaysia) the week of 2025-12-28 (Display, 17% depth).",1
132,14,Sparkling Water,31,North America,2025-12-28,promo_launch,12.3,"Golden Bubbles launched a promo at GoStop #2 the week of 2025-12-28 (Display, 12% depth).",1
133,75,Dairy,91,Gulf - UAE,2025-12-28,promo_launch,12.6,"Vivid Dairy launched a promo at MetroBazaar (UAE) the week of 2025-12-28 (Display, 13% depth).",1
134,34,Packaged Foods,151,SEA - Malaysia,2025-12-28,promo_launch,10.6,"Bold Kitchen launched a promo at SwiftBasket (Malaysia) the week of 2025-12-28 (TPR, 11% depth).",1
135,51,Beverages,32,North America,2025-12-28,promo_launch,15.7,"Coastal Drinks launched a promo at ExpressStop #2 the week of 2025-12-28 (Display, 16% depth).",1
136,103,Baby Care,86,India - Tier 2/3,2025-12-28,promo_launch,6.4,"Coastal Baby Essentials launched a promo at Bazaar Wholesale #2 (Tier 2/3) the week of 2025-12-28 (TPR, 6% depth).",1
137,34,Packaged Foods,149,SEA - Malaysia,2025-12-28,promo_launch,11.3,"Bold Kitchen launched a promo at ZipCart (Malaysia) the week of 2025-12-28 (Display, 11% depth).",1
138,51,Beverages,11,North America,2025-12-28,promo_launch,21.9,"Coastal Drinks launched a promo at FreshMart #2 the week of 2025-12-28 (Ad, 22% depth).",1
139,14,Sparkling Water,33,North America,2025-12-28,promo_launch,17.6,"Golden Bubbles launched a promo at QuickStop #3 the week of 2025-12-28 (Display, 18% depth).",1
140,81,Confectionery,137,Gulf - Qatar,2025-12-28,promo_launch,14.1,"Prime Candy Co launched a promo at Local Trade Collective (Qatar) the week of 2025-12-28 (TPR, 14% depth).",1
141,34,Packaged Foods,200,SEA - Indonesia,2025-12-28,promo_launch,18.2,"Bold Kitchen launched a promo at Sundry Traders Network (Indonesia) the week of 2025-12-28 (Display, 18% depth).",1
142,75,Dairy,87,India - Tier 2/3,2025-12-28,promo_launch,14.3,"Vivid Dairy launched a promo at MarketLink GT #2 (Tier 2/3) the week of 2025-12-28 (TPR, 14% depth).",1
143,51,Beverages,22,North America,2025-12-28,promo_launch,8.2,"Coastal Drinks launched a promo at NaturaLife Market the week of 2025-12-28 (TPR, 8% depth).",1
144,81,Confectionery,138,Gulf - Qatar,2025-12-28,promo_launch,9.3,"Prime Candy Co launched a promo at ValueTrade GT (Qatar) the week of 2025-12-28 (TPR, 9% depth).",1
145,51,Beverages,26,North America,2025-12-28,promo_launch,45.5,"Coastal Drinks launched a promo at CornerFuel Mart the week of 2025-12-28 (BOGO, 46% depth).",1
146,91,Breakfast & Cereal,114,Gulf - Saudi,2025-12-28,promo_launch,5.6,"Coastal Cereal Co launched a promo at GreenAisle (Saudi) the week of 2025-12-28 (TPR, 6% depth).",1
147,51,Beverages,28,North America,2025-12-28,promo_launch,6.4,"Coastal Drinks launched a promo at ExpressStop the week of 2025-12-28 (TPR, 6% depth).",1
148,81,Confectionery,133,Gulf - Qatar,2025-12-28,promo_launch,49.1,"Prime Candy Co launched a promo at ZipCart (Qatar) the week of 2025-12-28 (BOGO, 49% depth).",1
149,103,Baby Care,89,India - Tier 2/3,2025-12-28,promo_launch,48.4,"Coastal Baby Essentials launched a promo at Local Trade Collective #3 (Tier 2/3) the week of 2025-12-28 (BOGO, 48% depth).",1
150,91,Breakfast & Cereal,145,SEA - Malaysia,2025-12-28,promo_launch,12.4,"Coastal Cereal Co launched a promo at PrimeGrocer (Malaysia) the week of 2025-12-28 (TPR, 12% depth).",1
151,95,Breakfast & Cereal,125,Gulf - Saudi,2025-12-28,promo_launch,48.9,"Cloud Mornings launched a promo at Sundry Traders Network (Saudi) the week of 2025-12-28 (BOGO, 49% depth).",1
152,95,Breakfast & Cereal,122,Gulf - Saudi,2025-12-28,promo_launch,17.8,"Cloud Mornings launched a promo at Community Retail Co-op (Saudi) the week of 2025-12-28 (Display, 18% depth).",1
153,76,Dairy,11,North America,2025-12-28,promo_launch,14.7,"Royal Farms launched a promo at FreshMart #2 the week of 2025-12-28 (Display, 15% depth).",1
154,3,Salty Snacks,27,North America,2025-12-28,promo_launch,10.3,"Prime Snacks launched a promo at GoStop the week of 2025-12-28 (Display, 10% depth).",1
155,50,Beverages,182,SEA - Indonesia,2025-12-28,promo_launch,16.8,"Crunch Drinks launched a promo at MetroBazaar (Indonesia) the week of 2025-12-28 (Ad, 17% depth).",1
156,34,Packaged Foods,158,SEA - Malaysia,2025-12-28,promo_launch,11.2,"Bold Kitchen launched a promo at Community Retail Co-op (Malaysia) the week of 2025-12-28 (Display, 11% depth).",1
157,103,Baby Care,71,India - Tier 2/3,2025-12-28,promo_launch,48.9,"Coastal Baby Essentials launched a promo at UrbanPantry (Tier 2/3) the week of 2025-12-28 (BOGO, 49% depth).",1
158,50,Beverages,190,SEA - Indonesia,2025-12-28,promo_launch,16.7,"Crunch Drinks launched a promo at SwiftBasket (Indonesia) the week of 2025-12-28 (Display, 17% depth).",1
159,50,Beverages,191,SEA - Indonesia,2025-12-28,promo_launch,12.1,"Crunch Drinks launched a promo at HopMart (Indonesia) the week of 2025-12-28 (Display, 12% depth).",1
160,50,Beverages,192,SEA - Indonesia,2025-12-28,promo_launch,5.3,"Crunch Drinks launched a promo at FlashCart (Indonesia) the week of 2025-12-28 (TPR, 5% depth).",1
161,103,Baby Care,70,India - Tier 2/3,2025-12-28,promo_launch,23.5,"Coastal Baby Essentials launched a promo at SunriseMart (Tier 2/3) the week of 2025-12-28 (Ad, 24% depth).",1
162,34,Packaged Foods,150,SEA - Malaysia,2025-12-28,promo_launch,12.7,"Bold Kitchen launched a promo at DashKart (Malaysia) the week of 2025-12-28 (TPR, 13% depth).",1
163,14,Sparkling Water,15,North America,2025-12-28,promo_launch,16.8,"Golden Bubbles launched a promo at BulkBasket Club the week of 2025-12-28 (Ad, 17% depth).",1
164,91,Breakfast & Cereal,154,SEA - Malaysia,2025-12-28,promo_launch,8.2,"Coastal Cereal Co launched a promo at Local Trade Collective (Malaysia) the week of 2025-12-28 (TPR, 8% depth).",1
165,76,Dairy,2,North America,2025-12-28,promo_launch,9.5,"Royal Farms launched a promo at MetroBazaar the week of 2025-12-28 (TPR, 10% depth).",1
166,34,Packaged Foods,143,SEA - Malaysia,2025-12-28,promo_launch,9.5,"Bold Kitchen launched a promo at MetroBazaar (Malaysia) the week of 2025-12-28 (TPR, 10% depth).",1
167,103,Baby Care,68,India - Tier 2/3,2025-12-28,promo_launch,5.6,"Coastal Baby Essentials launched a promo at PrimeGrocer (Tier 2/3) the week of 2025-12-28 (TPR, 6% depth).",1
168,14,Sparkling Water,17,North America,2025-12-28,promo_launch,23.9,"Golden Bubbles launched a promo at MegaValue Club the week of 2025-12-28 (Ad, 24% depth).",1
169,75,Dairy,110,Gulf - UAE,2025-12-28,promo_launch,22.9,"Vivid Dairy launched a promo at Corner Store Network (UAE) the week of 2025-12-28 (Ad, 23% depth).",1
170,34,Packaged Foods,199,SEA - Indonesia,2025-12-28,promo_launch,49.9,"Bold Kitchen launched a promo at MarketLink GT (Indonesia) the week of 2025-12-28 (BOGO, 50% depth).",1
171,50,Beverages,167,SEA - Philippines,2025-12-28,promo_launch,9.8,"Crunch Drinks launched a promo at SunriseMart (Philippines) the week of 2025-12-28 (TPR, 10% depth).",1
172,75,Dairy,109,Gulf - UAE,2025-12-28,promo_launch,47.8,"Vivid Dairy launched a promo at Neighborhood Wholesale (UAE) the week of 2025-12-28 (BOGO, 48% depth).",1
173,91,Breakfast & Cereal,147,SEA - Malaysia,2025-12-28,promo_launch,8.0,"Coastal Cereal Co launched a promo at SunriseMart (Malaysia) the week of 2025-12-28 (TPR, 8% depth).",1
174,14,Sparkling Water,22,North America,2025-12-28,promo_launch,16.8,"Golden Bubbles launched a promo at NaturaLife Market the week of 2025-12-28 (Ad, 17% depth).",1
175,34,Packaged Foods,192,SEA - Indonesia,2025-12-28,promo_launch,10.5,"Bold Kitchen launched a promo at FlashCart (Indonesia) the week of 2025-12-28 (TPR, 10% depth).",1
176,34,Packaged Foods,191,SEA - Indonesia,2025-12-28,promo_launch,19.4,"Bold Kitchen launched a promo at HopMart (Indonesia) the week of 2025-12-28 (Display, 19% depth).",1
177,51,Beverages,30,North America,2025-12-28,promo_launch,7.9,"Coastal Drinks launched a promo at CornerFuel Mart #2 the week of 2025-12-28 (TPR, 8% depth).",1
178,34,Packaged Foods,192,SEA - Indonesia,2025-12-28,promo_launch,12.6,"Bold Kitchen launched a promo at FlashCart (Indonesia) the week of 2025-12-28 (Display, 13% depth).",1
179,90,Breakfast & Cereal,159,SEA - Malaysia,2025-12-28,promo_launch,12.9,"Prime Grains launched a promo at Bazaar Wholesale (Malaysia) the week of 2025-12-28 (TPR, 13% depth).",1
180,15,Sparkling Water,112,Gulf - Saudi,2025-12-28,promo_launch,10.7,"Blue Springs launched a promo at FreshMart (Saudi) the week of 2025-12-28 (TPR, 11% depth).",1
181,91,Breakfast & Cereal,124,Gulf - Saudi,2025-12-28,promo_launch,48.7,"Coastal Cereal Co launched a promo at MarketLink GT (Saudi) the week of 2025-12-28 (BOGO, 49% depth).",1
182,33,Personal Care,115,Gulf - Saudi,2025-12-28,promo_launch,19.2,"Cloud Glow launched a promo at PrimeGrocer (Saudi) the week of 2025-12-28 (Display, 19% depth).",1
183,91,Breakfast & Cereal,120,Gulf - Saudi,2025-12-28,promo_launch,17.6,"Coastal Cereal Co launched a promo at Neighborhood Wholesale (Saudi) the week of 2025-12-28 (Display, 18% depth).",1
184,75,Dairy,95,Gulf - UAE,2025-12-28,promo_launch,12.8,"Vivid Dairy launched a promo at SunriseMart (UAE) the week of 2025-12-28 (TPR, 13% depth).",1
185,3,Salty Snacks,22,North America,2025-12-28,promo_launch,14.2,"Prime Snacks launched a promo at NaturaLife Market the week of 2025-12-28 (Display, 14% depth).",1
186,81,Confectionery,137,Gulf - Qatar,2025-12-28,promo_launch,24.8,"Prime Candy Co launched a promo at Local Trade Collective (Qatar) the week of 2025-12-28 (Ad, 25% depth).",1
187,91,Breakfast & Cereal,118,Gulf - Saudi,2025-12-28,promo_launch,18.7,"Coastal Cereal Co launched a promo at Local Trade Collective (Saudi) the week of 2025-12-28 (Display, 19% depth).",1
188,15,Sparkling Water,125,Gulf - Saudi,2025-12-28,promo_launch,48.1,"Blue Springs launched a promo at Sundry Traders Network (Saudi) the week of 2025-12-28 (BOGO, 48% depth).",1
189,3,Salty Snacks,24,North America,2025-12-28,promo_launch,5.5,"Prime Snacks launched a promo at PureRoots Market #2 the week of 2025-12-28 (TPR, 6% depth).",1
190,75,Dairy,89,India - Tier 2/3,2025-12-28,promo_launch,8.6,"Vivid Dairy launched a promo at Local Trade Collective #3 (Tier 2/3) the week of 2025-12-28 (TPR, 9% depth).",1
191,105,Baby Care,87,India - Tier 2/3,2025-12-28,promo_launch,48.0,"Silver Baby Essentials launched a promo at MarketLink GT #2 (Tier 2/3) the week of 2025-12-28 (BOGO, 48% depth).",1
192,91,Breakfast & Cereal,115,Gulf - Saudi,2025-12-28,promo_launch,22.9,"Coastal Cereal Co launched a promo at PrimeGrocer (Saudi) the week of 2025-12-28 (Ad, 23% depth).",1
193,15,Sparkling Water,114,Gulf - Saudi,2025-12-28,promo_launch,15.8,"Blue Springs launched a promo at GreenAisle (Saudi) the week of 2025-12-28 (Display, 16% depth).",1
194,33,Personal Care,75,India - Tier 2/3,2025-12-28,promo_launch,12.7,"Cloud Glow launched a promo at Neighborhood Wholesale (Tier 2/3) the week of 2025-12-28 (TPR, 13% depth).",1
195,33,Personal Care,74,India - Tier 2/3,2025-12-28,promo_launch,50.0,"Cloud Glow launched a promo at ValueTrade GT (Tier 2/3) the week of 2025-12-28 (BOGO, 50% depth).",1
196,15,Sparkling Water,115,Gulf - Saudi,2025-12-28,promo_launch,13.0,"Blue Springs launched a promo at PrimeGrocer (Saudi) the week of 2025-12-28 (Display, 13% depth).",1
197,33,Personal Care,70,India - Tier 2/3,2025-12-28,promo_launch,9.4,"Cloud Glow launched a promo at SunriseMart (Tier 2/3) the week of 2025-12-28 (TPR, 9% depth).",1
198,15,Sparkling Water,117,Gulf - Saudi,2025-12-28,promo_launch,23.3,"Blue Springs launched a promo at SunriseMart (Saudi) the week of 2025-12-28 (Ad, 23% depth).",1
199,3,Salty Snacks,19,North America,2025-12-28,promo_launch,12.7,"Prime Snacks launched a promo at GreenLeaf Naturals the week of 2025-12-28 (TPR, 13% depth).",1
200,33,Personal Care,116,Gulf - Saudi,2025-12-28,promo_launch,46.9,"Cloud Glow launched a promo at DailyBasket (Saudi) the week of 2025-12-28 (BOGO, 47% depth).",1
201,3,Salty Snacks,18,North America,2025-12-28,promo_launch,12.1,"Prime Snacks launched a promo at SaverClub #2 the week of 2025-12-28 (TPR, 12% depth).",1
202,34,Packaged Foods,189,SEA - Indonesia,2025-12-28,promo_launch,14.4,"Bold Kitchen launched a promo at DashKart (Indonesia) the week of 2025-12-28 (TPR, 14% depth).",1
203,3,Salty Snacks,2,North America,2025-12-28,promo_launch,5.4,"Prime Snacks launched a promo at MetroBazaar the week of 2025-12-28 (TPR, 5% depth).",1
204,91,Breakfast & Cereal,157,SEA - Malaysia,2025-12-28,promo_launch,21.0,"Coastal Cereal Co launched a promo at Corner Store Network (Malaysia) the week of 2025-12-28 (Ad, 21% depth).",1
205,15,Sparkling Water,120,Gulf - Saudi,2025-12-28,promo_launch,49.2,"Blue Springs launched a promo at Neighborhood Wholesale (Saudi) the week of 2025-12-28 (BOGO, 49% depth).",1
206,34,Packaged Foods,157,SEA - Malaysia,2025-12-28,promo_launch,48.7,"Bold Kitchen launched a promo at Corner Store Network (Malaysia) the week of 2025-12-28 (BOGO, 49% depth).",1
207,3,Salty Snacks,8,North America,2025-12-28,promo_launch,17.9,"Prime Snacks launched a promo at ValueGrocer the week of 2025-12-28 (Display, 18% depth).",1
208,91,Breakfast & Cereal,150,SEA - Malaysia,2025-12-28,promo_launch,11.6,"Coastal Cereal Co launched a promo at DashKart (Malaysia) the week of 2025-12-28 (TPR, 12% depth).",1
209,95,Breakfast & Cereal,115,Gulf - Saudi,2025-12-28,promo_launch,11.8,"Cloud Mornings launched a promo at PrimeGrocer (Saudi) the week of 2025-12-28 (TPR, 12% depth).",1
210,34,Packaged Foods,145,SEA - Malaysia,2025-12-28,promo_launch,6.1,"Bold Kitchen launched a promo at PrimeGrocer (Malaysia) the week of 2025-12-28 (TPR, 6% depth).",1
211,81,Confectionery,132,Gulf - Qatar,2025-12-28,promo_launch,21.8,"Prime Candy Co launched a promo at QuickDash (Qatar) the week of 2025-12-28 (Ad, 22% depth).",1
212,108,Baby Care,117,Gulf - Saudi,2025-12-28,promo_launch,16.1,"Crunch Baby Co launched a promo at SunriseMart (Saudi) the week of 2025-12-28 (Ad, 16% depth).",1
213,81,Confectionery,133,Gulf - Qatar,2025-12-28,promo_launch,47.1,"Prime Candy Co launched a promo at ZipCart (Qatar) the week of 2025-12-28 (BOGO, 47% depth).",1
214,3,Salty Snacks,16,North America,2025-12-28,promo_launch,17.9,"Prime Snacks launched a promo at WareClub the week of 2025-12-28 (Ad, 18% depth).",1
215,90,Breakfast & Cereal,158,SEA - Malaysia,2025-12-28,promo_launch,11.9,"Prime Grains launched a promo at Community Retail Co-op (Malaysia) the week of 2025-12-28 (TPR, 12% depth).",1
216,16,Sparkling Water,181,SEA - Indonesia,2025-12-28,promo_launch,7.6,"Sunrise Water Co launched a promo at FreshMart (Indonesia) the week of 2025-12-28 (TPR, 8% depth).",1
217,32,Personal Care,68,India - Tier 2/3,2025-12-28,promo_launch,5.0,"Cloud Skin launched a promo at PrimeGrocer (Tier 2/3) the week of 2025-12-28 (TPR, 5% depth).",1
218,55,Beverages,55,India - Metro,2025-12-28,promo_launch,23.5,"Vivid Sip launched a promo at DartMart (Metro) the week of 2025-12-28 (Ad, 24% depth).",1
219,73,Dairy,183,SEA - Indonesia,2025-12-28,promo_launch,11.9,"Blue Milk Co launched a promo at GreenAisle (Indonesia) the week of 2025-12-28 (Display, 12% depth).",1
220,97,Breakfast & Cereal,161,SEA - Malaysia,2025-12-28,promo_launch,47.0,"Royal Breakfast Co launched a promo at Sundry Traders Network (Malaysia) the week of 2025-12-28 (BOGO, 47% depth).",1
221,30,Personal Care,156,SEA - Malaysia,2025-12-28,promo_launch,13.7,"Cloud Essentials launched a promo at Neighborhood Wholesale (Malaysia) the week of 2025-12-28 (TPR, 14% depth).",1
222,16,Sparkling Water,197,SEA - Indonesia,2025-12-28,promo_launch,49.2,"Sunrise Water Co launched a promo at Community Retail Co-op (Indonesia) the week of 2025-12-28 (BOGO, 49% depth).",1
223,73,Dairy,182,SEA - Indonesia,2025-12-28,promo_launch,13.3,"Blue Milk Co launched a promo at MetroBazaar (Indonesia) the week of 2025-12-28 (Display, 13% depth).",1
224,89,Breakfast & Cereal,65,India - Tier 2/3,2025-12-28,promo_launch,12.1,"Nomad Mornings launched a promo at FreshMart (Tier 2/3) the week of 2025-12-28 (TPR, 12% depth).",1
225,106,Baby Care,68,India - Tier 2/3,2025-12-28,promo_launch,15.9,"Vivid Little Ones launched a promo at PrimeGrocer (Tier 2/3) the week of 2025-12-28 (Ad, 16% depth).",1
226,108,Baby Care,67,India - Tier 2/3,2025-12-28,promo_launch,12.8,"Crunch Baby Co launched a promo at GreenAisle (Tier 2/3) the week of 2025-12-28 (Display, 13% depth).",1
227,55,Beverages,49,India - Metro,2025-12-28,promo_launch,48.1,"Vivid Sip launched a promo at SwiftBasket (Metro) the week of 2025-12-28 (BOGO, 48% depth).",1
228,106,Baby Care,69,India - Tier 2/3,2025-12-28,promo_launch,7.8,"Vivid Little Ones launched a promo at DailyBasket (Tier 2/3) the week of 2025-12-28 (TPR, 8% depth).",1
229,89,Breakfast & Cereal,15,North America,2025-12-28,promo_launch,16.9,"Nomad Mornings launched a promo at BulkBasket Club the week of 2025-12-28 (Display, 17% depth).",1
230,55,Beverages,53,India - Metro,2025-12-28,promo_launch,46.9,"Vivid Sip launched a promo at RapidBasket (Metro) the week of 2025-12-28 (BOGO, 47% depth).",1
231,82,Confectionery,68,India - Tier 2/3,2025-12-28,promo_launch,20.8,"Meadow Treats launched a promo at PrimeGrocer (Tier 2/3) the week of 2025-12-28 (Ad, 21% depth).",1
232,17,Sparkling Water,43,India - Metro,2025-12-28,promo_launch,17.9,"Nomad Bubbles launched a promo at CornerFuel Mart (Metro) the week of 2025-12-28 (Display, 18% depth).",1
233,89,Breakfast & Cereal,13,North America,2025-12-28,promo_launch,48.2,"Nomad Mornings launched a promo at GreenAisle #2 the week of 2025-12-28 (BOGO, 48% depth).",1
234,17,Sparkling Water,36,India - Metro,2025-12-28,promo_launch,22.7,"Nomad Bubbles launched a promo at FreshMart (Metro) the week of 2025-12-28 (Ad, 23% depth).",1
235,73,Dairy,21,North America,2025-12-28,promo_launch,47.6,"Blue Milk Co launched a promo at EarthAisle the week of 2025-12-28 (BOGO, 48% depth).",1
236,99,Breakfast & Cereal,97,Gulf - UAE,2025-12-28,promo_launch,49.9,"Fresh Cereal Co launched a promo at SaverClub (UAE) the week of 2025-12-28 (BOGO, 50% depth).",1
237,89,Breakfast & Cereal,10,North America,2025-12-28,promo_launch,11.6,"Nomad Mornings launched a promo at HomeFresh the week of 2025-12-28 (TPR, 12% depth).",1
238,30,Personal Care,13,North America,2025-12-28,promo_launch,21.2,"Cloud Essentials launched a promo at GreenAisle #2 the week of 2025-12-28 (Ad, 21% depth).",1
239,73,Dairy,12,North America,2025-12-28,promo_launch,13.1,"Blue Milk Co launched a promo at MetroBazaar #2 the week of 2025-12-28 (Display, 13% depth).",1
240,102,Baby Care,86,India - Tier 2/3,2025-12-28,promo_launch,7.6,"Coastal Little Ones launched a promo at Bazaar Wholesale #2 (Tier 2/3) the week of 2025-12-28 (TPR, 8% depth).",1
241,89,Breakfast & Cereal,8,North America,2025-12-28,promo_launch,13.1,"Nomad Mornings launched a promo at ValueGrocer the week of 2025-12-28 (Display, 13% depth).",1
242,55,Beverages,185,SEA - Indonesia,2025-12-28,promo_launch,15.5,"Vivid Sip launched a promo at DailyBasket (Indonesia) the week of 2025-12-28 (Ad, 16% depth).",1
243,30,Personal Care,11,North America,2025-12-28,promo_launch,18.3,"Cloud Essentials launched a promo at FreshMart #2 the week of 2025-12-28 (Display, 18% depth).",1
244,55,Beverages,189,SEA - Indonesia,2025-12-28,promo_launch,46.4,"Vivid Sip launched a promo at DashKart (Indonesia) the week of 2025-12-28 (BOGO, 46% depth).",1
245,4,Salty Snacks,150,SEA - Malaysia,2025-12-28,promo_launch,6.9,"Blue Bites launched a promo at DashKart (Malaysia) the week of 2025-12-28 (TPR, 7% depth).",1
246,30,Personal Care,158,SEA - Malaysia,2025-12-28,promo_launch,18.8,"Cloud Essentials launched a promo at Community Retail Co-op (Malaysia) the week of 2025-12-28 (Display, 19% depth).",1
247,55,Beverages,195,SEA - Indonesia,2025-12-28,promo_launch,45.0,"Vivid Sip launched a promo at Neighborhood Wholesale (Indonesia) the week of 2025-12-28 (BOGO, 45% depth).",1
248,4,Salty Snacks,149,SEA - Malaysia,2025-12-28,promo_launch,14.8,"Blue Bites launched a promo at ZipCart (Malaysia) the week of 2025-12-28 (Display, 15% depth).",1
249,30,Personal Care,143,SEA - Malaysia,2025-12-28,promo_launch,22.8,"Cloud Essentials launched a promo at MetroBazaar (Malaysia) the week of 2025-12-28 (Ad, 23% depth).",1
250,55,Beverages,51,India - Metro,2025-12-28,promo_launch,14.9,"Vivid Sip launched a promo at FlashCart (Metro) the week of 2025-12-28 (Display, 15% depth).",1
251,82,Confectionery,32,North America,2025-12-28,promo_launch,13.4,"Meadow Treats launched a promo at ExpressStop #2 the week of 2025-12-28 (Display, 13% depth).",1
252,55,Beverages,52,India - Metro,2025-12-28,promo_launch,24.9,"Vivid Sip launched a promo at NimbleMart (Metro) the week of 2025-12-28 (Ad, 25% depth).",1
253,30,Personal Care,24,North America,2025-12-28,promo_launch,7.3,"Cloud Essentials launched a promo at PureRoots Market #2 the week of 2025-12-28 (TPR, 7% depth).",1
254,89,Breakfast & Cereal,81,India - Tier 2/3,2025-12-28,promo_launch,10.5,"Nomad Mornings launched a promo at Local Trade Collective #2 (Tier 2/3) the week of 2025-12-28 (TPR, 10% depth).",1
255,55,Beverages,53,India - Metro,2025-12-28,promo_launch,17.5,"Vivid Sip launched a promo at RapidBasket (Metro) the week of 2025-12-28 (Display, 18% depth).",1
256,4,Salty Snacks,143,SEA - Malaysia,2025-12-28,promo_launch,6.4,"Blue Bites launched a promo at MetroBazaar (Malaysia) the week of 2025-12-28 (TPR, 6% depth).",1
257,16,Sparkling Water,187,SEA - Indonesia,2025-12-28,promo_launch,10.9,"Sunrise Water Co launched a promo at QuickDash (Indonesia) the week of 2025-12-28 (Display, 11% depth).",1
258,4,Salty Snacks,144,SEA - Malaysia,2025-12-28,promo_launch,9.9,"Blue Bites launched a promo at GreenAisle (Malaysia) the week of 2025-12-28 (TPR, 10% depth).",1
259,11,Salty Snacks,66,India - Tier 2/3,2025-12-28,promo_launch,7.4,"Silver Snacks launched a promo at MetroBazaar (Tier 2/3) the week of 2025-12-28 (TPR, 7% depth).",1
260,73,Dairy,194,SEA - Indonesia,2025-12-28,promo_launch,6.4,"Blue Milk Co launched a promo at ValueTrade GT (Indonesia) the week of 2025-12-28 (TPR, 6% depth).",1
261,55,Beverages,182,SEA - Indonesia,2025-12-28,promo_launch,14.5,"Vivid Sip launched a promo at MetroBazaar (Indonesia) the week of 2025-12-28 (Display, 14% depth).",1
262,55,Beverages,184,SEA - Indonesia,2025-12-28,promo_launch,19.3,"Vivid Sip launched a promo at PrimeGrocer (Indonesia) the week of 2025-12-28 (Display, 19% depth).",1
263,89,Breakfast & Cereal,74,India - Tier 2/3,2025-12-28,promo_launch,20.7,"Nomad Mornings launched a promo at ValueTrade GT (Tier 2/3) the week of 2025-12-28 (Ad, 21% depth).",1
264,109,Baby Care,8,North America,2025-12-28,promo_launch,46.0,"Silver Little Ones launched a promo at ValueGrocer the week of 2025-12-28 (BOGO, 46% depth).",1
265,16,Sparkling Water,191,SEA - Indonesia,2025-12-28,promo_launch,14.3,"Sunrise Water Co launched a promo at HopMart (Indonesia) the week of 2025-12-28 (Display, 14% depth).",1
266,4,Salty Snacks,148,SEA - Malaysia,2025-12-28,promo_launch,49.5,"Blue Bites launched a promo at QuickDash (Malaysia) the week of 2025-12-28 (BOGO, 50% depth).",1
267,55,Beverages,191,SEA - Indonesia,2025-12-28,promo_launch,11.1,"Vivid Sip launched a promo at HopMart (Indonesia) the week of 2025-12-28 (TPR, 11% depth).",1
268,89,Breakfast & Cereal,71,India - Tier 2/3,2025-12-28,promo_launch,15.5,"Nomad Mornings launched a promo at UrbanPantry (Tier 2/3) the week of 2025-12-28 (Display, 16% depth).",1
269,55,Beverages,192,SEA - Indonesia,2025-12-28,promo_launch,48.9,"Vivid Sip launched a promo at FlashCart (Indonesia) the week of 2025-12-28 (BOGO, 49% depth).",1
270,16,Sparkling Water,195,SEA - Indonesia,2025-12-28,promo_launch,14.9,"Sunrise Water Co launched a promo at Neighborhood Wholesale (Indonesia) the week of 2025-12-28 (TPR, 15% depth).",1
271,55,Beverages,194,SEA - Indonesia,2025-12-28,promo_launch,17.2,"Vivid Sip launched a promo at ValueTrade GT (Indonesia) the week of 2025-12-28 (Ad, 17% depth).",1
272,11,Salty Snacks,35,North America,2025-12-28,promo_launch,14.9,"Silver Snacks launched a promo at GoStop #3 the week of 2025-12-28 (TPR, 15% depth).",1
273,73,Dairy,185,SEA - Indonesia,2025-12-28,promo_launch,17.1,"Blue Milk Co launched a promo at DailyBasket (Indonesia) the week of 2025-12-28 (Display, 17% depth).",1
274,30,Personal Care,8,North America,2025-12-28,promo_launch,11.6,"Cloud Essentials launched a promo at ValueGrocer the week of 2025-12-28 (TPR, 12% depth).",1
275,106,Baby Care,72,India - Tier 2/3,2025-12-28,promo_launch,14.6,"Vivid Little Ones launched a promo at ValueGrocer (Tier 2/3) the week of 2025-12-28 (TPR, 15% depth).",1
276,4,Salty Snacks,159,SEA - Malaysia,2025-12-28,promo_launch,5.4,"Blue Bites launched a promo at Bazaar Wholesale (Malaysia) the week of 2025-12-28 (TPR, 5% depth).",1
277,73,Dairy,8,North America,2025-12-28,promo_launch,12.7,"Blue Milk Co launched a promo at ValueGrocer the week of 2025-12-28 (TPR, 13% depth).",1
278,30,Personal Care,9,North America,2025-12-28,promo_launch,10.1,"Cloud Essentials launched a promo at CityMart the week of 2025-12-28 (TPR, 10% depth).",1
279,108,Baby Care,125,Gulf - Saudi,2025-12-28,promo_launch,10.5,"Crunch Baby Co launched a promo at Sundry Traders Network (Saudi) the week of 2025-12-28 (Display, 10% depth).",1
280,89,Breakfast & Cereal,75,India - Tier 2/3,2025-12-28,promo_launch,6.0,"Nomad Mornings launched a promo at Neighborhood Wholesale (Tier 2/3) the week of 2025-12-28 (TPR, 6% depth).",1
281,106,Baby Care,79,India - Tier 2/3,2025-12-28,promo_launch,49.2,"Vivid Little Ones launched a promo at MarketLink GT (Tier 2/3) the week of 2025-12-28 (BOGO, 49% depth).",1
282,55,Beverages,36,India - Metro,2025-12-28,promo_launch,23.2,"Vivid Sip launched a promo at FreshMart (Metro) the week of 2025-12-28 (Ad, 23% depth).",1
283,29,Personal Care,62,India - Metro,2025-12-28,promo_launch,12.4,"Golden Essentials launched a promo at Bazaar Wholesale (Metro) the week of 2025-12-28 (TPR, 12% depth).",1
284,29,Personal Care,61,India - Metro,2025-12-28,promo_launch,10.2,"Golden Essentials launched a promo at Community Retail Co-op (Metro) the week of 2025-12-28 (Display, 10% depth).",1
285,17,Sparkling Water,40,India - Metro,2025-12-28,promo_launch,21.8,"Nomad Bubbles launched a promo at DailyBasket (Metro) the week of 2025-12-28 (Ad, 22% depth).",1
286,29,Personal Care,59,India - Metro,2025-12-28,promo_launch,5.7,"Golden Essentials launched a promo at Neighborhood Wholesale (Metro) the week of 2025-12-28 (TPR, 6% depth).",1
287,5,Salty Snacks,132,Gulf - Qatar,2025-12-28,promo_launch,11.4,"Urban Crisps launched a promo at QuickDash (Qatar) the week of 2025-12-28 (TPR, 11% depth).",1
288,106,Baby Care,81,India - Tier 2/3,2025-12-28,promo_launch,48.0,"Vivid Little Ones launched a promo at Local Trade Collective #2 (Tier 2/3) the week of 2025-12-28 (BOGO, 48% depth).",1
289,55,Beverages,52,India - Metro,2025-12-28,promo_launch,11.0,"Vivid Sip launched a promo at NimbleMart (Metro) the week of 2025-12-28 (Display, 11% depth).",1
290,82,Confectionery,83,India - Tier 2/3,2025-12-28,promo_launch,13.7,"Meadow Treats launched a promo at Neighborhood Wholesale #2 (Tier 2/3) the week of 2025-12-28 (TPR, 14% depth).",1
291,30,Personal Care,4,North America,2025-12-28,promo_launch,18.2,"Cloud Essentials launched a promo at PrimeGrocer the week of 2025-12-28 (Ad, 18% depth).",1
292,55,Beverages,57,India - Metro,2025-12-28,promo_launch,22.8,"Vivid Sip launched a promo at Local Trade Collective (Metro) the week of 2025-12-28 (Ad, 23% depth).",1
293,29,Personal Care,47,India - Metro,2025-12-28,promo_launch,24.0,"Golden Essentials launched a promo at ZipCart (Metro) the week of 2025-12-28 (Ad, 24% depth).",1
294,29,Personal Care,46,India - Metro,2025-12-28,promo_launch,16.0,"Golden Essentials launched a promo at QuickDash (Metro) the week of 2025-12-28 (Display, 16% depth).",1
295,96,Breakfast & Cereal,66,India - Tier 2/3,2025-12-28,promo_launch,13.1,"Meadow Breakfast Co launched a promo at MetroBazaar (Tier 2/3) the week of 2025-12-28 (Display, 13% depth).",1
296,29,Personal Care,41,India - Metro,2025-12-28,promo_launch,23.7,"Golden Essentials launched a promo at SunriseMart (Metro) the week of 2025-12-28 (Ad, 24% depth).",1
297,73,Dairy,6,North America,2025-12-28,promo_launch,15.0,"Blue Milk Co launched a promo at SunriseMart the week of 2025-12-28 (Ad, 15% depth).",1
298,29,Personal Care,39,India - Metro,2025-12-28,promo_launch,20.7,"Golden Essentials launched a promo at PrimeGrocer (Metro) the week of 2025-12-28 (Ad, 21% depth).",1
299,89,Breakfast & Cereal,15,North America,2025-12-28,promo_launch,21.1,"Nomad Mornings launched a promo at BulkBasket Club the week of 2025-12-28 (Ad, 21% depth).",1
300,55,Beverages,182,SEA - Indonesia,2025-12-28,promo_launch,11.9,"Vivid Sip launched a promo at MetroBazaar (Indonesia) the week of 2025-12-28 (TPR, 12% depth).",1
301,55,Beverages,183,SEA - Indonesia,2025-12-28,promo_launch,11.5,"Vivid Sip launched a promo at GreenAisle (Indonesia) the week of 2025-12-28 (Display, 12% depth).",1
302,29,Personal Care,36,India - Metro,2025-12-28,promo_launch,19.8,"Golden Essentials launched a promo at FreshMart (Metro) the week of 2025-12-28 (Display, 20% depth).",1
303,5,Salty Snacks,138,Gulf - Qatar,2025-12-28,promo_launch,6.5,"Urban Crisps launched a promo at ValueTrade GT (Qatar) the week of 2025-12-28 (TPR, 6% depth).",1
304,30,Personal Care,10,North America,2025-12-28,promo_launch,18.2,"Cloud Essentials launched a promo at HomeFresh the week of 2025-12-28 (Ad, 18% depth).",1
305,5,Salty Snacks,140,Gulf - Qatar,2025-12-28,promo_launch,48.3,"Urban Crisps launched a promo at Corner Store Network (Qatar) the week of 2025-12-28 (BOGO, 48% depth).",1
306,82,Confectionery,77,India - Tier 2/3,2025-12-28,promo_launch,7.0,"Meadow Treats launched a promo at Community Retail Co-op (Tier 2/3) the week of 2025-12-28 (TPR, 7% depth).",1
307,73,Dairy,186,SEA - Indonesia,2025-12-28,promo_launch,21.4,"Blue Milk Co launched a promo at SunriseMart (Indonesia) the week of 2025-12-28 (Ad, 21% depth).",1
308,55,Beverages,195,SEA - Indonesia,2025-12-28,promo_launch,11.2,"Vivid Sip launched a promo at Neighborhood Wholesale (Indonesia) the week of 2025-12-28 (TPR, 11% depth).",1
309,73,Dairy,4,North America,2025-12-28,promo_launch,47.7,"Blue Milk Co launched a promo at PrimeGrocer the week of 2025-12-28 (BOGO, 48% depth).",1
310,73,Dairy,3,North America,2025-12-28,promo_launch,18.5,"Blue Milk Co launched a promo at GreenAisle the week of 2025-12-28 (Ad, 18% depth).",1
311,5,Salty Snacks,130,Gulf - Qatar,2025-12-28,promo_launch,15.9,"Urban Crisps launched a promo at PrimeGrocer (Qatar) the week of 2025-12-28 (Ad, 16% depth).",1
312,30,Personal Care,159,SEA - Malaysia,2025-12-28,promo_launch,5.5,"Cloud Essentials launched a promo at Bazaar Wholesale (Malaysia) the week of 2025-12-28 (TPR, 6% depth).",1
313,89,Breakfast & Cereal,89,India - Tier 2/3,2025-12-28,promo_launch,10.1,"Nomad Mornings launched a promo at Local Trade Collective #3 (Tier 2/3) the week of 2025-12-28 (TPR, 10% depth).",1
314,89,Breakfast & Cereal,88,India - Tier 2/3,2025-12-28,promo_launch,47.5,"Nomad Mornings launched a promo at Sundry Traders Network #2 (Tier 2/3) the week of 2025-12-28 (BOGO, 48% depth).",1
315,30,Personal Care,150,SEA - Malaysia,2025-12-28,promo_launch,12.4,"Cloud Essentials launched a promo at DashKart (Malaysia) the week of 2025-12-28 (TPR, 12% depth).",1
316,30,Personal Care,149,SEA - Malaysia,2025-12-28,promo_launch,8.7,"Cloud Essentials launched a promo at ZipCart (Malaysia) the week of 2025-12-28 (TPR, 9% depth).",1
317,73,Dairy,190,SEA - Indonesia,2025-12-28,promo_launch,11.7,"Blue Milk Co launched a promo at SwiftBasket (Indonesia) the week of 2025-12-28 (TPR, 12% depth).",1
318,17,Sparkling Water,59,India - Metro,2025-12-28,promo_launch,18.3,"Nomad Bubbles launched a promo at Neighborhood Wholesale (Metro) the week of 2025-12-28 (Display, 18% depth).",1
319,30,Personal Care,142,SEA - Malaysia,2025-12-28,promo_launch,19.2,"Cloud Essentials launched a promo at FreshMart (Malaysia) the week of 2025-12-28 (Display, 19% depth).",1
320,11,Salty Snacks,25,North America,2025-12-28,promo_launch,9.8,"Silver Snacks launched a promo at QuickStop the week of 2025-12-28 (TPR, 10% depth).",1
321,89,Breakfast & Cereal,79,India - Tier 2/3,2025-12-28,promo_launch,13.0,"Nomad Mornings launched a promo at MarketLink GT (Tier 2/3) the week of 2025-12-28 (Display, 13% depth).",1
322,30,Personal Care,20,North America,2025-12-28,promo_launch,20.2,"Cloud Essentials launched a promo at PureRoots Market the week of 2025-12-28 (Ad, 20% depth).",1
323,17,Sparkling Water,61,India - Metro,2025-12-28,promo_launch,13.9,"Nomad Bubbles launched a promo at Community Retail Co-op (Metro) the week of 2025-12-28 (TPR, 14% depth).",1
324,73,Dairy,200,SEA - Indonesia,2025-12-28,promo_launch,11.1,"Blue Milk Co launched a promo at Sundry Traders Network (Indonesia) the week of 2025-12-28 (Display, 11% depth).",1
325,102,Baby Care,82,India - Tier 2/3,2025-12-28,promo_launch,11.5,"Coastal Little Ones launched a promo at ValueTrade GT #2 (Tier 2/3) the week of 2025-12-28 (TPR, 12% depth).",1
326,16,Sparkling Water,169,SEA - Philippines,2025-12-28,promo_launch,10.3,"Sunrise Water Co launched a promo at ZipCart (Philippines) the week of 2025-12-28 (Display, 10% depth).",1
327,54,Beverages,79,India - Tier 2/3,2025-12-28,promo_launch,11.9,"Nomad Drinks launched a promo at MarketLink GT (Tier 2/3) the week of 2025-12-28 (Display, 12% depth).",1
328,32,Personal Care,66,India - Tier 2/3,2025-12-28,promo_launch,7.2,"Cloud Skin launched a promo at MetroBazaar (Tier 2/3) the week of 2025-12-28 (TPR, 7% depth).",1
329,4,Salty Snacks,154,SEA - Malaysia,2025-12-28,promo_launch,14.5,"Blue Bites launched a promo at Local Trade Collective (Malaysia) the week of 2025-12-28 (Display, 14% depth).",1
330,54,Beverages,87,India - Tier 2/3,2025-12-28,promo_launch,5.6,"Nomad Drinks launched a promo at MarketLink GT #2 (Tier 2/3) the week of 2025-12-28 (TPR, 6% depth).",1
331,54,Beverages,88,India - Tier 2/3,2025-12-28,promo_launch,21.1,"Nomad Drinks launched a promo at Sundry Traders Network #2 (Tier 2/3) the week of 2025-12-28 (Ad, 21% depth).",1
332,11,Salty Snacks,86,India - Tier 2/3,2025-12-28,promo_launch,7.0,"Silver Snacks launched a promo at Bazaar Wholesale #2 (Tier 2/3) the week of 2025-12-28 (TPR, 7% depth).",1
333,16,Sparkling Water,167,SEA - Philippines,2025-12-28,promo_launch,10.1,"Sunrise Water Co launched a promo at SunriseMart (Philippines) the week of 2025-12-28 (TPR, 10% depth).",1
334,31,Personal Care,119,Gulf - Saudi,2025-12-28,promo_launch,8.3,"Everyday Glow launched a promo at ValueTrade GT (Saudi) the week of 2025-12-28 (TPR, 8% depth).",1
335,31,Personal Care,117,Gulf - Saudi,2025-12-28,promo_launch,17.9,"Everyday Glow launched a promo at SunriseMart (Saudi) the week of 2025-12-28 (Ad, 18% depth).",1
336,54,Beverages,118,Gulf - Saudi,2025-12-28,promo_launch,49.3,"Nomad Drinks launched a promo at Local Trade Collective (Saudi) the week of 2025-12-28 (BOGO, 49% depth).",1
337,90,Breakfast & Cereal,96,Gulf - UAE,2025-12-28,promo_launch,24.1,"Prime Grains launched a promo at UrbanPantry (UAE) the week of 2025-12-28 (Ad, 24% depth).",1
338,74,Dairy,81,India - Tier 2/3,2025-12-28,promo_launch,15.0,"Sunrise Milk Co launched a promo at Local Trade Collective #2 (Tier 2/3) the week of 2025-12-28 (TPR, 15% depth).",1
339,54,Beverages,125,Gulf - Saudi,2025-12-28,promo_launch,17.0,"Nomad Drinks launched a promo at Sundry Traders Network (Saudi) the week of 2025-12-28 (Display, 17% depth).",1
340,74,Dairy,68,India - Tier 2/3,2025-12-28,promo_launch,21.8,"Sunrise Milk Co launched a promo at PrimeGrocer (Tier 2/3) the week of 2025-12-28 (Ad, 22% depth).",1
341,74,Dairy,76,India - Tier 2/3,2025-12-28,promo_launch,16.1,"Sunrise Milk Co launched a promo at Corner Store Network (Tier 2/3) the week of 2025-12-28 (Display, 16% depth).",1
342,90,Breakfast & Cereal,161,SEA - Malaysia,2025-12-28,promo_launch,8.3,"Prime Grains launched a promo at Sundry Traders Network (Malaysia) the week of 2025-12-28 (TPR, 8% depth).",1
343,54,Beverages,75,India - Tier 2/3,2025-12-28,promo_launch,24.4,"Nomad Drinks launched a promo at Neighborhood Wholesale (Tier 2/3) the week of 2025-12-28 (Ad, 24% depth).",1
344,82,Confectionery,85,India - Tier 2/3,2025-12-28,promo_launch,21.4,"Meadow Treats launched a promo at Community Retail Co-op #2 (Tier 2/3) the week of 2025-12-28 (Ad, 21% depth).",1
345,90,Breakfast & Cereal,159,SEA - Malaysia,2025-12-28,promo_launch,12.6,"Prime Grains launched a promo at Bazaar Wholesale (Malaysia) the week of 2025-12-28 (Display, 13% depth).",1
346,54,Beverages,80,India - Tier 2/3,2025-12-28,promo_launch,19.3,"Nomad Drinks launched a promo at Sundry Traders Network (Tier 2/3) the week of 2025-12-28 (Ad, 19% depth).",1
347,74,Dairy,73,India - Tier 2/3,2025-12-28,promo_launch,6.5,"Sunrise Milk Co launched a promo at Local Trade Collective (Tier 2/3) the week of 2025-12-28 (TPR, 6% depth).",1
348,4,Salty Snacks,143,SEA - Malaysia,2025-12-28,promo_launch,6.8,"Blue Bites launched a promo at MetroBazaar (Malaysia) the week of 2025-12-28 (TPR, 7% depth).",1
349,102,Baby Care,65,India - Tier 2/3,2025-12-28,promo_launch,12.6,"Coastal Little Ones launched a promo at FreshMart (Tier 2/3) the week of 2025-12-28 (TPR, 13% depth).",1
350,74,Dairy,72,India - Tier 2/3,2025-12-28,promo_launch,21.5,"Sunrise Milk Co launched a promo at ValueGrocer (Tier 2/3) the week of 2025-12-28 (Ad, 22% depth).",1
351,4,Salty Snacks,144,SEA - Malaysia,2025-12-28,promo_launch,22.5,"Blue Bites launched a promo at GreenAisle (Malaysia) the week of 2025-12-28 (Ad, 22% depth).",1
352,31,Personal Care,121,Gulf - Saudi,2025-12-28,promo_launch,13.7,"Everyday Glow launched a promo at Corner Store Network (Saudi) the week of 2025-12-28 (Display, 14% depth).",1
353,110,Baby Care,63,India - Metro,2025-12-28,promo_launch,16.9,"Meadow Tiny Care launched a promo at MarketLink GT (Metro) the week of 2025-12-28 (Display, 17% depth).",1
354,54,Beverages,73,India - Tier 2/3,2025-12-28,promo_launch,19.9,"Nomad Drinks launched a promo at Local Trade Collective (Tier 2/3) the week of 2025-12-28 (Ad, 20% depth).",1
355,54,Beverages,69,India - Tier 2/3,2025-12-28,promo_launch,24.9,"Nomad Drinks launched a promo at DailyBasket (Tier 2/3) the week of 2025-12-28 (Ad, 25% depth).",1
356,74,Dairy,66,India - Tier 2/3,2025-12-28,promo_launch,7.3,"Sunrise Milk Co launched a promo at MetroBazaar (Tier 2/3) the week of 2025-12-28 (TPR, 7% depth).",1
357,90,Breakfast & Cereal,154,SEA - Malaysia,2025-12-28,promo_launch,14.1,"Prime Grains launched a promo at Local Trade Collective (Malaysia) the week of 2025-12-28 (TPR, 14% depth).",1
358,90,Breakfast & Cereal,153,SEA - Malaysia,2025-12-28,promo_launch,19.5,"Prime Grains launched a promo at FlashCart (Malaysia) the week of 2025-12-28 (Ad, 20% depth).",1
359,32,Personal Care,66,India - Tier 2/3,2025-12-28,promo_launch,9.1,"Cloud Skin launched a promo at MetroBazaar (Tier 2/3) the week of 2025-12-28 (TPR, 9% depth).",1
360,11,Salty Snacks,7,North America,2025-12-28,promo_launch,45.9,"Silver Snacks launched a promo at UrbanPantry the week of 2025-12-28 (BOGO, 46% depth).",1
361,53,Beverages,127,Gulf - Qatar,2025-12-28,promo_launch,9.5,"Cloud Sip launched a promo at FreshMart (Qatar) the week of 2025-12-28 (TPR, 10% depth).",1
362,102,Baby Care,81,India - Tier 2/3,2025-12-28,promo_launch,11.0,"Coastal Little Ones launched a promo at Local Trade Collective #2 (Tier 2/3) the week of 2025-12-28 (TPR, 11% depth).",1
363,32,Personal Care,86,India - Tier 2/3,2025-12-28,promo_launch,16.3,"Cloud Skin launched a promo at Bazaar Wholesale #2 (Tier 2/3) the week of 2025-12-28 (Display, 16% depth).",1
364,32,Personal Care,84,India - Tier 2/3,2025-12-28,promo_launch,24.2,"Cloud Skin launched a promo at Corner Store Network #2 (Tier 2/3) the week of 2025-12-28 (Ad, 24% depth).",1
365,53,Beverages,132,Gulf - Qatar,2025-12-28,promo_launch,7.9,"Cloud Sip launched a promo at QuickDash (Qatar) the week of 2025-12-28 (TPR, 8% depth).",1
366,74,Dairy,82,India - Tier 2/3,2025-12-28,promo_launch,22.5,"Sunrise Milk Co launched a promo at ValueTrade GT #2 (Tier 2/3) the week of 2025-12-28 (Ad, 22% depth).",1
367,82,Confectionery,70,India - Tier 2/3,2025-12-28,promo_launch,49.2,"Meadow Treats launched a promo at SunriseMart (Tier 2/3) the week of 2025-12-28 (BOGO, 49% depth).",1
368,53,Beverages,134,Gulf - Qatar,2025-12-28,promo_launch,6.3,"Cloud Sip launched a promo at DashKart (Qatar) the week of 2025-12-28 (TPR, 6% depth).",1
369,90,Breakfast & Cereal,147,SEA - Malaysia,2025-12-28,promo_launch,22.9,"Prime Grains launched a promo at SunriseMart (Malaysia) the week of 2025-12-28 (Ad, 23% depth).",1
370,74,Dairy,79,India - Tier 2/3,2025-12-28,promo_launch,5.5,"Sunrise Milk Co launched a promo at MarketLink GT (Tier 2/3) the week of 2025-12-28 (TPR, 6% depth).",1
371,53,Beverages,112,Gulf - Saudi,2025-12-28,promo_launch,10.3,"Cloud Sip launched a promo at FreshMart (Saudi) the week of 2025-12-28 (Display, 10% depth).",1
372,53,Beverages,119,Gulf - Saudi,2025-12-28,promo_launch,17.1,"Cloud Sip launched a promo at ValueTrade GT (Saudi) the week of 2025-12-28 (Ad, 17% depth).",1
373,4,Salty Snacks,143,SEA - Malaysia,2025-12-28,promo_launch,46.8,"Blue Bites launched a promo at MetroBazaar (Malaysia) the week of 2025-12-28 (BOGO, 47% depth).",1
374,82,Confectionery,74,India - Tier 2/3,2025-12-28,promo_launch,5.5,"Meadow Treats launched a promo at ValueTrade GT (Tier 2/3) the week of 2025-12-28 (TPR, 6% depth).",1
375,53,Beverages,124,Gulf - Saudi,2025-12-28,promo_launch,47.5,"Cloud Sip launched a promo at MarketLink GT (Saudi) the week of 2025-12-28 (BOGO, 48% depth).",1
376,74,Dairy,72,India - Tier 2/3,2025-12-28,promo_launch,10.1,"Sunrise Milk Co launched a promo at ValueGrocer (Tier 2/3) the week of 2025-12-28 (Display, 10% depth).",1
377,4,Salty Snacks,145,SEA - Malaysia,2025-12-28,promo_launch,12.3,"Blue Bites launched a promo at PrimeGrocer (Malaysia) the week of 2025-12-28 (TPR, 12% depth).",1
378,53,Beverages,131,Gulf - Qatar,2025-12-28,promo_launch,23.1,"Cloud Sip launched a promo at DailyBasket (Qatar) the week of 2025-12-28 (Ad, 23% depth).",1
379,53,Beverages,136,Gulf - Qatar,2025-12-28,promo_launch,19.7,"Cloud Sip launched a promo at HopMart (Qatar) the week of 2025-12-28 (Display, 20% depth).",1
380,98,Breakfast & Cereal,117,Gulf - Saudi,2025-12-28,promo_launch,12.2,"Coastal Mornings launched a promo at SunriseMart (Saudi) the week of 2025-12-28 (Display, 12% depth).",1
381,82,Confectionery,87,India - Tier 2/3,2025-12-28,promo_launch,18.5,"Meadow Treats launched a promo at MarketLink GT #2 (Tier 2/3) the week of 2025-12-28 (Display, 18% depth).",1
382,109,Baby Care,5,North America,2025-12-28,promo_launch,9.4,"Silver Little Ones launched a promo at DailyBasket the week of 2025-12-28 (TPR, 9% depth).",1
383,54,Beverages,84,India - Tier 2/3,2025-12-28,promo_launch,11.7,"Nomad Drinks launched a promo at Corner Store Network #2 (Tier 2/3) the week of 2025-12-28 (TPR, 12% depth).",1
384,82,Confectionery,8,North America,2025-12-28,promo_launch,17.2,"Meadow Treats launched a promo at ValueGrocer the week of 2025-12-28 (Display, 17% depth).",1
385,11,Salty Snacks,74,India - Tier 2/3,2025-12-28,promo_launch,10.7,"Silver Snacks launched a promo at ValueTrade GT (Tier 2/3) the week of 2025-12-28 (Display, 11% depth).",1
386,30,Personal Care,142,SEA - Malaysia,2025-12-28,promo_launch,19.3,"Cloud Essentials launched a promo at FreshMart (Malaysia) the week of 2025-12-28 (Display, 19% depth).",1
387,16,Sparkling Water,163,SEA - Philippines,2025-12-28,promo_launch,8.9,"Sunrise Water Co launched a promo at MetroBazaar (Philippines) the week of 2025-12-28 (TPR, 9% depth).",1
388,102,Baby Care,77,India - Tier 2/3,2025-12-28,promo_launch,48.5,"Coastal Little Ones launched a promo at Community Retail Co-op (Tier 2/3) the week of 2025-12-28 (BOGO, 48% depth).",1
389,16,Sparkling Water,167,SEA - Philippines,2025-12-28,promo_launch,11.6,"Sunrise Water Co launched a promo at SunriseMart (Philippines) the week of 2025-12-28 (TPR, 12% depth).",1
390,16,Sparkling Water,168,SEA - Philippines,2025-12-28,promo_launch,12.2,"Sunrise Water Co launched a promo at QuickDash (Philippines) the week of 2025-12-28 (TPR, 12% depth).",1
391,54,Beverages,77,India - Tier 2/3,2025-12-28,promo_launch,47.5,"Nomad Drinks launched a promo at Community Retail Co-op (Tier 2/3) the week of 2025-12-28 (BOGO, 48% depth).",1
392,4,Salty Snacks,148,SEA - Malaysia,2025-12-28,promo_launch,47.2,"Blue Bites launched a promo at QuickDash (Malaysia) the week of 2025-12-28 (BOGO, 47% depth).",1
393,54,Beverages,79,India - Tier 2/3,2025-12-28,promo_launch,22.9,"Nomad Drinks launched a promo at MarketLink GT (Tier 2/3) the week of 2025-12-28 (Ad, 23% depth).",1
394,54,Beverages,82,India - Tier 2/3,2025-12-28,promo_launch,45.6,"Nomad Drinks launched a promo at ValueTrade GT #2 (Tier 2/3) the week of 2025-12-28 (BOGO, 46% depth).",1
395,74,Dairy,80,India - Tier 2/3,2025-12-28,promo_launch,10.2,"Sunrise Milk Co launched a promo at Sundry Traders Network (Tier 2/3) the week of 2025-12-28 (TPR, 10% depth).",1
396,16,Sparkling Water,178,SEA - Philippines,2025-12-28,promo_launch,17.6,"Sunrise Water Co launched a promo at Bazaar Wholesale (Philippines) the week of 2025-12-28 (Display, 18% depth).",1
397,30,Personal Care,9,North America,2025-12-28,promo_launch,13.5,"Cloud Essentials launched a promo at CityMart the week of 2025-12-28 (TPR, 14% depth).",1
398,16,Sparkling Water,173,SEA - Philippines,2025-12-28,promo_launch,46.6,"Sunrise Water Co launched a promo at Local Trade Collective (Philippines) the week of 2025-12-28 (BOGO, 47% depth).",1
399,11,Salty Snacks,71,India - Tier 2/3,2025-12-28,promo_launch,5.9,"Silver Snacks launched a promo at UrbanPantry (Tier 2/3) the week of 2025-12-28 (TPR, 6% depth).",1
400,16,Sparkling Water,175,SEA - Philippines,2025-12-28,promo_launch,47.9,"Sunrise Water Co launched a promo at Neighborhood Wholesale (Philippines) the week of 2025-12-28 (BOGO, 48% depth).",1
401,89,Breakfast & Cereal,89,India - Tier 2/3,2025-12-28,promo_launch,15.0,"Nomad Mornings launched a promo at Local Trade Collective #3 (Tier 2/3) the week of 2025-12-28 (TPR, 15% depth).",1
402,30,Personal Care,156,SEA - Malaysia,2025-12-28,promo_launch,13.5,"Cloud Essentials launched a promo at Neighborhood Wholesale (Malaysia) the week of 2025-12-28 (TPR, 14% depth).",1
403,16,Sparkling Water,177,SEA - Philippines,2025-12-28,promo_launch,14.0,"Sunrise Water Co launched a promo at Community Retail Co-op (Philippines) the week of 2025-12-28 (TPR, 14% depth).",1
404,4,Salty Snacks,155,SEA - Malaysia,2025-12-28,promo_launch,23.1,"Blue Bites launched a promo at ValueTrade GT (Malaysia) the week of 2025-12-28 (Ad, 23% depth).",1
405,89,Breakfast & Cereal,85,India - Tier 2/3,2025-12-28,promo_launch,22.2,"Nomad Mornings launched a promo at Community Retail Co-op #2 (Tier 2/3) the week of 2025-12-28 (Ad, 22% depth).",1
406,30,Personal Care,149,SEA - Malaysia,2025-12-28,promo_launch,24.2,"Cloud Essentials launched a promo at ZipCart (Malaysia) the week of 2025-12-28 (Ad, 24% depth).",1
407,30,Personal Care,146,SEA - Malaysia,2025-12-28,promo_launch,46.0,"Cloud Essentials launched a promo at DailyBasket (Malaysia) the week of 2025-12-28 (BOGO, 46% depth).",1
408,4,Salty Snacks,142,SEA - Malaysia,2025-12-28,promo_launch,24.0,"Blue Bites launched a promo at FreshMart (Malaysia) the week of 2025-12-28 (Ad, 24% depth).",1
409,98,Breakfast & Cereal,125,Gulf - Saudi,2025-12-28,promo_launch,11.7,"Coastal Mornings launched a promo at Sundry Traders Network (Saudi) the week of 2025-12-28 (TPR, 12% depth).",1
410,31,Personal Care,116,Gulf - Saudi,2025-12-28,promo_launch,19.7,"Everyday Glow launched a promo at DailyBasket (Saudi) the week of 2025-12-28 (Display, 20% depth).",1
411,82,Confectionery,88,India - Tier 2/3,2025-12-28,promo_launch,5.8,"Meadow Treats launched a promo at Sundry Traders Network #2 (Tier 2/3) the week of 2025-12-28 (TPR, 6% depth).",1
412,54,Beverages,125,Gulf - Saudi,2025-12-28,promo_launch,10.9,"Nomad Drinks launched a promo at Sundry Traders Network (Saudi) the week of 2025-12-28 (Display, 11% depth).",1
413,98,Breakfast & Cereal,122,Gulf - Saudi,2025-12-28,promo_launch,15.9,"Coastal Mornings launched a promo at Community Retail Co-op (Saudi) the week of 2025-12-28 (Ad, 16% depth).",1
414,31,Personal Care,123,Gulf - Saudi,2025-12-28,promo_launch,45.6,"Everyday Glow launched a promo at Bazaar Wholesale (Saudi) the week of 2025-12-28 (BOGO, 46% depth).",1
415,31,Personal Care,122,Gulf - Saudi,2025-12-28,promo_launch,14.8,"Everyday Glow launched a promo at Community Retail Co-op (Saudi) the week of 2025-12-28 (TPR, 15% depth).",1
416,31,Personal Care,120,Gulf - Saudi,2025-12-28,promo_launch,10.0,"Everyday Glow launched a promo at Neighborhood Wholesale (Saudi) the week of 2025-12-28 (TPR, 10% depth).",1
417,31,Personal Care,119,Gulf - Saudi,2025-12-28,promo_launch,48.1,"Everyday Glow launched a promo at ValueTrade GT (Saudi) the week of 2025-12-28 (BOGO, 48% depth).",1
418,16,Sparkling Water,187,SEA - Indonesia,2025-12-28,promo_launch,13.2,"Sunrise Water Co launched a promo at QuickDash (Indonesia) the week of 2025-12-28 (TPR, 13% depth).",1
419,11,Salty Snacks,79,India - Tier 2/3,2025-12-28,promo_launch,14.7,"Silver Snacks launched a promo at MarketLink GT (Tier 2/3) the week of 2025-12-28 (Display, 15% depth).",1
420,82,Confectionery,4,North America,2025-12-28,promo_launch,9.8,"Meadow Treats launched a promo at PrimeGrocer the week of 2025-12-28 (TPR, 10% depth).",1
421,74,Dairy,80,India - Tier 2/3,2025-12-28,promo_launch,11.7,"Sunrise Milk Co launched a promo at Sundry Traders Network (Tier 2/3) the week of 2025-12-28 (TPR, 12% depth).",1
422,74,Dairy,79,India - Tier 2/3,2025-12-28,promo_launch,21.0,"Sunrise Milk Co launched a promo at MarketLink GT (Tier 2/3) the week of 2025-12-28 (Ad, 21% depth).",1
423,54,Beverages,87,India - Tier 2/3,2025-12-28,promo_launch,7.8,"Nomad Drinks launched a promo at MarketLink GT #2 (Tier 2/3) the week of 2025-12-28 (TPR, 8% depth).",1
424,54,Beverages,112,Gulf - Saudi,2025-12-28,promo_launch,46.0,"Nomad Drinks launched a promo at FreshMart (Saudi) the week of 2025-12-28 (BOGO, 46% depth).",1
425,106,Baby Care,118,Gulf - Saudi,2025-12-28,promo_launch,46.8,"Vivid Little Ones launched a promo at Local Trade Collective (Saudi) the week of 2025-12-28 (BOGO, 47% depth).",1
426,74,Dairy,73,India - Tier 2/3,2025-12-28,promo_launch,16.1,"Sunrise Milk Co launched a promo at Local Trade Collective (Tier 2/3) the week of 2025-12-28 (Ad, 16% depth).",1
427,74,Dairy,71,India - Tier 2/3,2025-12-28,promo_launch,11.7,"Sunrise Milk Co launched a promo at UrbanPantry (Tier 2/3) the week of 2025-12-28 (TPR, 12% depth).",1
428,4,Salty Snacks,161,SEA - Malaysia,2025-12-28,promo_launch,18.7,"Blue Bites launched a promo at Sundry Traders Network (Malaysia) the week of 2025-12-28 (Display, 19% depth).",1
429,103,Baby Care,73,India - Tier 2/3,2025-12-28,promo_launch,14.4,"Coastal Baby Essentials launched a promo at Local Trade Collective (Tier 2/3) the week of 2025-12-28 (Display, 14% depth).",1
430,91,Breakfast & Cereal,112,Gulf - Saudi,2025-12-28,promo_launch,18.7,"Coastal Cereal Co launched a promo at FreshMart (Saudi) the week of 2025-12-28 (Display, 19% depth).",1
431,34,Packaged Foods,183,SEA - Indonesia,2025-12-28,promo_launch,22.0,"Bold Kitchen launched a promo at GreenAisle (Indonesia) the week of 2025-12-28 (Ad, 22% depth).",1
432,104,Baby Care,129,Gulf - Qatar,2025-12-28,promo_launch,13.5,"Meadow Baby Co launched a promo at GreenAisle (Qatar) the week of 2025-12-28 (TPR, 14% depth).",1
433,93,Breakfast & Cereal,162,SEA - Philippines,2025-12-28,promo_launch,14.6,"Urban Mornings launched a promo at FreshMart (Philippines) the week of 2025-12-28 (TPR, 15% depth).",1
434,80,Confectionery,11,North America,2025-12-28,promo_launch,24.0,"Nomad Candy Co launched a promo at FreshMart #2 the week of 2025-12-28 (Ad, 24% depth).",1
435,11,Salty Snacks,16,North America,2025-12-28,promo_launch,22.8,"Silver Snacks launched a promo at WareClub the week of 2025-12-28 (Ad, 23% depth).",1
436,13,Sparkling Water,180,SEA - Philippines,2025-12-28,promo_launch,9.0,"Urban Bubbles launched a promo at Sundry Traders Network (Philippines) the week of 2025-12-28 (TPR, 9% depth).",1
437,80,Confectionery,12,North America,2025-12-28,promo_launch,10.1,"Nomad Candy Co launched a promo at MetroBazaar #2 the week of 2025-12-28 (TPR, 10% depth).",1
438,46,Beverages,35,North America,2025-12-28,promo_launch,21.6,"Fresh Refresh launched a promo at GoStop #3 the week of 2025-12-28 (Ad, 22% depth).",1
439,13,Sparkling Water,143,SEA - Malaysia,2025-12-28,promo_launch,5.8,"Urban Bubbles launched a promo at MetroBazaar (Malaysia) the week of 2025-12-28 (TPR, 6% depth).",1
440,77,Dairy,131,Gulf - Qatar,2025-12-28,promo_launch,21.4,"Urban Creamery launched a promo at DailyBasket (Qatar) the week of 2025-12-28 (Ad, 21% depth).",1
441,36,Packaged Foods,87,India - Tier 2/3,2025-12-28,promo_launch,18.5,"Cloud Table launched a promo at MarketLink GT #2 (Tier 2/3) the week of 2025-12-28 (Display, 18% depth).",1
442,93,Breakfast & Cereal,109,Gulf - UAE,2025-12-28,promo_launch,13.2,"Urban Mornings launched a promo at Neighborhood Wholesale (UAE) the week of 2025-12-28 (TPR, 13% depth).",1
443,46,Beverages,118,Gulf - Saudi,2025-12-28,promo_launch,48.3,"Fresh Refresh launched a promo at Local Trade Collective (Saudi) the week of 2025-12-28 (BOGO, 48% depth).",1
444,77,Dairy,129,Gulf - Qatar,2025-12-28,promo_launch,47.0,"Urban Creamery launched a promo at GreenAisle (Qatar) the week of 2025-12-28 (BOGO, 47% depth).",1
445,80,Confectionery,13,North America,2025-12-28,promo_launch,16.4,"Nomad Candy Co launched a promo at GreenAisle #2 the week of 2025-12-28 (Ad, 16% depth).",1
446,77,Dairy,117,Gulf - Saudi,2025-12-28,promo_launch,7.5,"Urban Creamery launched a promo at SunriseMart (Saudi) the week of 2025-12-28 (TPR, 8% depth).",1
447,46,Beverages,123,Gulf - Saudi,2025-12-28,promo_launch,9.7,"Fresh Refresh launched a promo at Bazaar Wholesale (Saudi) the week of 2025-12-28 (TPR, 10% depth).",1
448,46,Beverages,124,Gulf - Saudi,2025-12-28,promo_launch,15.0,"Fresh Refresh launched a promo at MarketLink GT (Saudi) the week of 2025-12-28 (Display, 15% depth).",1
449,36,Packaged Foods,79,India - Tier 2/3,2025-12-28,promo_launch,10.0,"Cloud Table launched a promo at MarketLink GT (Tier 2/3) the week of 2025-12-28 (TPR, 10% depth).",1
450,93,Breakfast & Cereal,105,Gulf - UAE,2025-12-28,promo_launch,18.3,"Urban Mornings launched a promo at FlashCart (UAE) the week of 2025-12-28 (Display, 18% depth).",1
451,77,Dairy,127,Gulf - Qatar,2025-12-28,promo_launch,13.7,"Urban Creamery launched a promo at FreshMart (Qatar) the week of 2025-12-28 (TPR, 14% depth).",1
452,46,Beverages,1,North America,2025-12-28,promo_launch,9.2,"Fresh Refresh launched a promo at FreshMart the week of 2025-12-28 (TPR, 9% depth).",1
453,46,Beverages,3,North America,2025-12-28,promo_launch,5.8,"Fresh Refresh launched a promo at GreenAisle the week of 2025-12-28 (TPR, 6% depth).",1
454,104,Baby Care,128,Gulf - Qatar,2025-12-28,promo_launch,49.5,"Meadow Baby Co launched a promo at MetroBazaar (Qatar) the week of 2025-12-28 (BOGO, 50% depth).",1
455,77,Dairy,123,Gulf - Saudi,2025-12-28,promo_launch,12.2,"Urban Creamery launched a promo at Bazaar Wholesale (Saudi) the week of 2025-12-28 (Display, 12% depth).",1
456,93,Breakfast & Cereal,100,Gulf - UAE,2025-12-28,promo_launch,12.2,"Urban Mornings launched a promo at QuickDash (UAE) the week of 2025-12-28 (TPR, 12% depth).",1
457,93,Breakfast & Cereal,98,Gulf - UAE,2025-12-28,promo_launch,9.4,"Urban Mornings launched a promo at BulkBasket Club (UAE) the week of 2025-12-28 (TPR, 9% depth).",1
458,46,Beverages,15,North America,2025-12-28,promo_launch,12.1,"Fresh Refresh launched a promo at BulkBasket Club the week of 2025-12-28 (TPR, 12% depth).",1
459,36,Packaged Foods,129,Gulf - Qatar,2025-12-28,promo_launch,19.4,"Cloud Table launched a promo at GreenAisle (Qatar) the week of 2025-12-28 (Display, 19% depth).",1
460,93,Breakfast & Cereal,163,SEA - Philippines,2025-12-28,promo_launch,46.7,"Urban Mornings launched a promo at MetroBazaar (Philippines) the week of 2025-12-28 (BOGO, 47% depth).",1
461,77,Dairy,134,Gulf - Qatar,2025-12-28,promo_launch,8.6,"Urban Creamery launched a promo at DashKart (Qatar) the week of 2025-12-28 (TPR, 9% depth).",1
462,46,Beverages,28,North America,2025-12-28,promo_launch,8.8,"Fresh Refresh launched a promo at ExpressStop the week of 2025-12-28 (TPR, 9% depth).",1
463,93,Breakfast & Cereal,180,SEA - Philippines,2025-12-28,promo_launch,20.1,"Urban Mornings launched a promo at Sundry Traders Network (Philippines) the week of 2025-12-28 (Ad, 20% depth).",1
464,37,Packaged Foods,120,Gulf - Saudi,2025-12-28,promo_launch,12.0,"Heritage Kitchen launched a promo at Neighborhood Wholesale (Saudi) the week of 2025-12-28 (TPR, 12% depth).",1
465,37,Packaged Foods,118,Gulf - Saudi,2025-12-28,promo_launch,49.5,"Heritage Kitchen launched a promo at Local Trade Collective (Saudi) the week of 2025-12-28 (BOGO, 50% depth).",1
466,46,Beverages,33,North America,2025-12-28,promo_launch,17.3,"Fresh Refresh launched a promo at QuickStop #3 the week of 2025-12-28 (Display, 17% depth).",1
467,13,Sparkling Water,166,SEA - Philippines,2025-12-28,promo_launch,10.4,"Urban Bubbles launched a promo at DailyBasket (Philippines) the week of 2025-12-28 (TPR, 10% depth).",1
468,37,Packaged Foods,114,Gulf - Saudi,2025-12-28,promo_launch,47.3,"Heritage Kitchen launched a promo at GreenAisle (Saudi) the week of 2025-12-28 (BOGO, 47% depth).",1
469,2,Salty Snacks,121,Gulf - Saudi,2025-12-28,promo_launch,45.9,"Bold Snacks launched a promo at Corner Store Network (Saudi) the week of 2025-12-28 (BOGO, 46% depth).",1
470,37,Packaged Foods,112,Gulf - Saudi,2025-12-28,promo_launch,7.8,"Heritage Kitchen launched a promo at FreshMart (Saudi) the week of 2025-12-28 (TPR, 8% depth).",1
471,77,Dairy,117,Gulf - Saudi,2025-12-28,promo_launch,24.0,"Urban Creamery launched a promo at SunriseMart (Saudi) the week of 2025-12-28 (Ad, 24% depth).",1
472,46,Beverages,119,Gulf - Saudi,2025-12-28,promo_launch,17.2,"Fresh Refresh launched a promo at ValueTrade GT (Saudi) the week of 2025-12-28 (Ad, 17% depth).",1
473,46,Beverages,120,Gulf - Saudi,2025-12-28,promo_launch,24.5,"Fresh Refresh launched a promo at Neighborhood Wholesale (Saudi) the week of 2025-12-28 (Ad, 24% depth).",1
474,37,Packaged Foods,123,Gulf - Saudi,2025-12-28,promo_launch,12.3,"Heritage Kitchen launched a promo at Bazaar Wholesale (Saudi) the week of 2025-12-28 (Display, 12% depth).",1
475,13,Sparkling Water,170,SEA - Philippines,2025-12-28,promo_launch,48.7,"Urban Bubbles launched a promo at DashKart (Philippines) the week of 2025-12-28 (BOGO, 49% depth).",1
476,80,Confectionery,7,North America,2025-12-28,promo_launch,14.6,"Nomad Candy Co launched a promo at UrbanPantry the week of 2025-12-28 (TPR, 15% depth).",1
477,98,Breakfast & Cereal,67,India - Tier 2/3,2025-12-28,promo_launch,14.9,"Coastal Mornings launched a promo at GreenAisle (Tier 2/3) the week of 2025-12-28 (Display, 15% depth).",1
478,104,Baby Care,135,Gulf - Qatar,2025-12-28,promo_launch,22.9,"Meadow Baby Co launched a promo at SwiftBasket (Qatar) the week of 2025-12-28 (Ad, 23% depth).",1
479,36,Packaged Foods,141,Gulf - Qatar,2025-12-28,promo_launch,7.2,"Cloud Table launched a promo at Community Retail Co-op (Qatar) the week of 2025-12-28 (TPR, 7% depth).",1
480,77,Dairy,141,Gulf - Qatar,2025-12-28,promo_launch,11.1,"Urban Creamery launched a promo at Community Retail Co-op (Qatar) the week of 2025-12-28 (Display, 11% depth).",1
481,98,Breakfast & Cereal,68,India - Tier 2/3,2025-12-28,promo_launch,12.0,"Coastal Mornings launched a promo at PrimeGrocer (Tier 2/3) the week of 2025-12-28 (TPR, 12% depth).",1
482,93,Breakfast & Cereal,166,SEA - Philippines,2025-12-28,promo_launch,12.9,"Urban Mornings launched a promo at DailyBasket (Philippines) the week of 2025-12-28 (TPR, 13% depth).",1
483,46,Beverages,16,North America,2025-12-28,promo_launch,15.4,"Fresh Refresh launched a promo at WareClub the week of 2025-12-28 (Display, 15% depth).",1
484,93,Breakfast & Cereal,165,SEA - Philippines,2025-12-28,promo_launch,49.4,"Urban Mornings launched a promo at PrimeGrocer (Philippines) the week of 2025-12-28 (BOGO, 49% depth).",1
485,36,Packaged Foods,134,Gulf - Qatar,2025-12-28,promo_launch,9.3,"Cloud Table launched a promo at DashKart (Qatar) the week of 2025-12-28 (TPR, 9% depth).",1
486,36,Packaged Foods,133,Gulf - Qatar,2025-12-28,promo_launch,17.2,"Cloud Table launched a promo at ZipCart (Qatar) the week of 2025-12-28 (Display, 17% depth).",1
487,36,Packaged Foods,132,Gulf - Qatar,2025-12-28,promo_launch,23.4,"Cloud Table launched a promo at QuickDash (Qatar) the week of 2025-12-28 (Ad, 23% depth).",1
488,36,Packaged Foods,65,India - Tier 2/3,2025-12-28,promo_launch,11.0,"Cloud Table launched a promo at FreshMart (Tier 2/3) the week of 2025-12-28 (TPR, 11% depth).",1
489,77,Dairy,115,Gulf - Saudi,2025-12-28,promo_launch,10.0,"Urban Creamery launched a promo at PrimeGrocer (Saudi) the week of 2025-12-28 (TPR, 10% depth).",1
490,46,Beverages,23,North America,2025-12-28,promo_launch,6.2,"Fresh Refresh launched a promo at GreenLeaf Naturals #2 the week of 2025-12-28 (TPR, 6% depth).",1
491,36,Packaged Foods,135,Gulf - Qatar,2025-12-28,promo_launch,49.6,"Cloud Table launched a promo at SwiftBasket (Qatar) the week of 2025-12-28 (BOGO, 50% depth).",1
492,36,Packaged Foods,68,India - Tier 2/3,2025-12-28,promo_launch,14.0,"Cloud Table launched a promo at PrimeGrocer (Tier 2/3) the week of 2025-12-28 (Display, 14% depth).",1
493,93,Breakfast & Cereal,168,SEA - Philippines,2025-12-28,promo_launch,10.9,"Urban Mornings launched a promo at QuickDash (Philippines) the week of 2025-12-28 (Display, 11% depth).",1
494,36,Packaged Foods,67,India - Tier 2/3,2025-12-28,promo_launch,12.9,"Cloud Table launched a promo at GreenAisle (Tier 2/3) the week of 2025-12-28 (TPR, 13% depth).",1
495,36,Packaged Foods,66,India - Tier 2/3,2025-12-28,promo_launch,12.5,"Cloud Table launched a promo at MetroBazaar (Tier 2/3) the week of 2025-12-28 (TPR, 12% depth).",1
496,77,Dairy,120,Gulf - Saudi,2025-12-28,promo_launch,13.5,"Urban Creamery launched a promo at Neighborhood Wholesale (Saudi) the week of 2025-12-28 (TPR, 14% depth).",1
497,36,Packaged Foods,65,India - Tier 2/3,2025-12-28,promo_launch,16.0,"Cloud Table launched a promo at FreshMart (Tier 2/3) the week of 2025-12-28 (Display, 16% depth).",1
498,93,Breakfast & Cereal,164,SEA - Philippines,2025-12-28,promo_launch,9.1,"Urban Mornings launched a promo at GreenAisle (Philippines) the week of 2025-12-28 (TPR, 9% depth).",1
499,11,Salty Snacks,3,North America,2025-12-28,promo_launch,14.1,"Silver Snacks launched a promo at GreenAisle the week of 2025-12-28 (TPR, 14% depth).",1
500,36,Packaged Foods,139,Gulf - Qatar,2025-12-28,promo_launch,9.7,"Cloud Table launched a promo at Neighborhood Wholesale (Qatar) the week of 2025-12-28 (TPR, 10% depth).",1
501,2,Salty Snacks,118,Gulf - Saudi,2025-12-28,promo_launch,15.8,"Bold Snacks launched a promo at Local Trade Collective (Saudi) the week of 2025-12-28 (Display, 16% depth).",1
502,36,Packaged Foods,137,Gulf - Qatar,2025-12-28,promo_launch,45.2,"Cloud Table launched a promo at Local Trade Collective (Qatar) the week of 2025-12-28 (BOGO, 45% depth).",1
503,46,Beverages,30,North America,2025-12-28,promo_launch,9.4,"Fresh Refresh launched a promo at CornerFuel Mart #2 the week of 2025-12-28 (TPR, 9% depth).",1
504,13,Sparkling Water,180,SEA - Philippines,2025-12-28,promo_launch,15.7,"Urban Bubbles launched a promo at Sundry Traders Network (Philippines) the week of 2025-12-28 (Display, 16% depth).",1
505,95,Breakfast & Cereal,124,Gulf - Saudi,2025-12-28,promo_launch,14.5,"Cloud Mornings launched a promo at MarketLink GT (Saudi) the week of 2025-12-28 (TPR, 14% depth).",1
506,2,Salty Snacks,120,Gulf - Saudi,2025-12-28,promo_launch,12.8,"Bold Snacks launched a promo at Neighborhood Wholesale (Saudi) the week of 2025-12-28 (TPR, 13% depth).",1
507,110,Baby Care,1,North America,2025-12-28,promo_launch,17.1,"Meadow Tiny Care launched a promo at FreshMart the week of 2025-12-28 (Display, 17% depth).",1
508,46,Beverages,34,North America,2025-12-28,promo_launch,6.4,"Fresh Refresh launched a promo at CornerFuel Mart #3 the week of 2025-12-28 (TPR, 6% depth).",1
509,46,Beverages,112,Gulf - Saudi,2025-12-28,promo_launch,8.5,"Fresh Refresh launched a promo at FreshMart (Saudi) the week of 2025-12-28 (TPR, 8% depth).",1
510,2,Salty Snacks,121,Gulf - Saudi,2025-12-28,promo_launch,13.5,"Bold Snacks launched a promo at Corner Store Network (Saudi) the week of 2025-12-28 (TPR, 14% depth).",1
511,93,Breakfast & Cereal,107,Gulf - UAE,2025-12-28,promo_launch,17.3,"Urban Mornings launched a promo at Local Trade Collective (UAE) the week of 2025-12-28 (Display, 17% depth).",1
512,47,Beverages,65,India - Tier 2/3,2025-12-28,promo_launch,13.0,"Sunrise Refresh launched a promo at FreshMart (Tier 2/3) the week of 2025-12-28 (TPR, 13% depth).",1
513,47,Beverages,66,India - Tier 2/3,2025-12-28,promo_launch,10.4,"Sunrise Refresh launched a promo at MetroBazaar (Tier 2/3) the week of 2025-12-28 (Display, 10% depth).",1
514,80,Confectionery,73,India - Tier 2/3,2025-12-28,promo_launch,23.4,"Nomad Candy Co launched a promo at Local Trade Collective (Tier 2/3) the week of 2025-12-28 (Ad, 23% depth).",1
515,93,Breakfast & Cereal,102,Gulf - UAE,2025-12-28,promo_launch,49.2,"Urban Mornings launched a promo at DashKart (UAE) the week of 2025-12-28 (BOGO, 49% depth).",1
516,36,Packaged Foods,82,India - Tier 2/3,2025-12-28,promo_launch,12.7,"Cloud Table launched a promo at ValueTrade GT #2 (Tier 2/3) the week of 2025-12-28 (Display, 13% depth).",1
517,47,Beverages,70,India - Tier 2/3,2025-12-28,promo_launch,12.9,"Sunrise Refresh launched a promo at SunriseMart (Tier 2/3) the week of 2025-12-28 (Display, 13% depth).",1
518,13,Sparkling Water,175,SEA - Philippines,2025-12-28,promo_launch,8.8,"Urban Bubbles launched a promo at Neighborhood Wholesale (Philippines) the week of 2025-12-28 (TPR, 9% depth).",1
519,46,Beverages,17,North America,2025-12-28,promo_launch,17.1,"Fresh Refresh launched a promo at MegaValue Club the week of 2025-12-28 (Display, 17% depth).",1
520,77,Dairy,124,Gulf - Saudi,2025-12-28,promo_launch,47.1,"Urban Creamery launched a promo at MarketLink GT (Saudi) the week of 2025-12-28 (BOGO, 47% depth).",1
521,104,Baby Care,195,SEA - Indonesia,2025-12-28,promo_launch,49.2,"Meadow Baby Co launched a promo at Neighborhood Wholesale (Indonesia) the week of 2025-12-28 (BOGO, 49% depth).",1
522,13,Sparkling Water,158,SEA - Malaysia,2025-12-28,promo_launch,19.2,"Urban Bubbles launched a promo at Community Retail Co-op (Malaysia) the week of 2025-12-28 (Ad, 19% depth).",1
523,36,Packaged Foods,136,Gulf - Qatar,2025-12-28,promo_launch,15.6,"Cloud Table launched a promo at HopMart (Qatar) the week of 2025-12-28 (Display, 16% depth).",1
524,36,Packaged Foods,134,Gulf - Qatar,2025-12-28,promo_launch,13.3,"Cloud Table launched a promo at DashKart (Qatar) the week of 2025-12-28 (TPR, 13% depth).",1
525,46,Beverages,31,North America,2025-12-28,promo_launch,13.9,"Fresh Refresh launched a promo at GoStop #2 the week of 2025-12-28 (Display, 14% depth).",1
526,11,Salty Snacks,9,North America,2025-12-28,promo_launch,19.1,"Silver Snacks launched a promo at CityMart the week of 2025-12-28 (Display, 19% depth).",1
527,46,Beverages,34,North America,2025-12-28,promo_launch,15.2,"Fresh Refresh launched a promo at CornerFuel Mart #3 the week of 2025-12-28 (Display, 15% depth).",1
528,46,Beverages,113,Gulf - Saudi,2025-12-28,promo_launch,11.0,"Fresh Refresh launched a promo at MetroBazaar (Saudi) the week of 2025-12-28 (TPR, 11% depth).",1
529,77,Dairy,137,Gulf - Qatar,2025-12-28,promo_launch,18.4,"Urban Creamery launched a promo at Local Trade Collective (Qatar) the week of 2025-12-28 (Display, 18% depth).",1
530,11,Salty Snacks,8,North America,2025-12-28,promo_launch,9.4,"Silver Snacks launched a promo at ValueGrocer the week of 2025-12-28 (TPR, 9% depth).",1
531,98,Breakfast & Cereal,72,India - Tier 2/3,2025-12-28,promo_launch,7.3,"Coastal Mornings launched a promo at ValueGrocer (Tier 2/3) the week of 2025-12-28 (TPR, 7% depth).",1
532,104,Baby Care,197,SEA - Indonesia,2025-12-28,promo_launch,11.7,"Meadow Baby Co launched a promo at Community Retail Co-op (Indonesia) the week of 2025-12-28 (Display, 12% depth).",1
533,95,Breakfast & Cereal,125,Gulf - Saudi,2025-12-28,promo_launch,9.9,"Cloud Mornings launched a promo at Sundry Traders Network (Saudi) the week of 2025-12-28 (TPR, 10% depth).",1
534,11,Salty Snacks,7,North America,2025-12-28,promo_launch,11.5,"Silver Snacks launched a promo at UrbanPantry the week of 2025-12-28 (Display, 12% depth).",1
535,36,Packaged Foods,85,India - Tier 2/3,2025-12-28,promo_launch,45.3,"Cloud Table launched a promo at Community Retail Co-op #2 (Tier 2/3) the week of 2025-12-28 (BOGO, 45% depth).",1
536,93,Breakfast & Cereal,174,SEA - Philippines,2025-12-28,promo_launch,15.0,"Urban Mornings launched a promo at ValueTrade GT (Philippines) the week of 2025-12-28 (Display, 15% depth).",1
537,93,Breakfast & Cereal,173,SEA - Philippines,2025-12-28,promo_launch,14.8,"Urban Mornings launched a promo at Local Trade Collective (Philippines) the week of 2025-12-28 (Display, 15% depth).",1
538,36,Packaged Foods,78,India - Tier 2/3,2025-12-28,promo_launch,5.6,"Cloud Table launched a promo at Bazaar Wholesale (Tier 2/3) the week of 2025-12-28 (TPR, 6% depth).",1
539,13,Sparkling Water,169,SEA - Philippines,2025-12-28,promo_launch,17.3,"Urban Bubbles launched a promo at ZipCart (Philippines) the week of 2025-12-28 (Ad, 17% depth).",1
540,2,Salty Snacks,64,India - Metro,2025-12-28,promo_launch,13.8,"Bold Snacks launched a promo at Sundry Traders Network (Metro) the week of 2025-12-28 (Display, 14% depth).",1
541,93,Breakfast & Cereal,91,Gulf - UAE,2025-12-28,promo_launch,48.3,"Urban Mornings launched a promo at MetroBazaar (UAE) the week of 2025-12-28 (BOGO, 48% depth).",1
542,37,Packaged Foods,125,Gulf - Saudi,2025-12-28,promo_launch,46.5,"Heritage Kitchen launched a promo at Sundry Traders Network (Saudi) the week of 2025-12-28 (BOGO, 46% depth).",1
543,47,Beverages,73,India - Tier 2/3,2025-12-28,promo_launch,14.4,"Sunrise Refresh launched a promo at Local Trade Collective (Tier 2/3) the week of 2025-12-28 (Display, 14% depth).",1
544,38,Packaged Foods,175,SEA - Philippines,2025-12-28,promo_launch,16.5,"Urban Pantry launched a promo at Neighborhood Wholesale (Philippines) the week of 2025-12-28 (Ad, 16% depth).",1
545,94,Breakfast & Cereal,200,SEA - Indonesia,2025-12-28,promo_launch,11.3,"Crunch Cereal Co launched a promo at Sundry Traders Network (Indonesia) the week of 2025-12-28 (Display, 11% depth).",1
546,2,Salty Snacks,122,Gulf - Saudi,2025-12-28,promo_launch,11.5,"Bold Snacks launched a promo at Community Retail Co-op (Saudi) the week of 2025-12-28 (Display, 12% depth).",1
547,93,Breakfast & Cereal,100,Gulf - UAE,2025-12-28,promo_launch,18.7,"Urban Mornings launched a promo at QuickDash (UAE) the week of 2025-12-28 (Display, 19% depth).",1
548,80,Confectionery,68,India - Tier 2/3,2025-12-28,promo_launch,9.2,"Nomad Candy Co launched a promo at PrimeGrocer (Tier 2/3) the week of 2025-12-28 (TPR, 9% depth).",1
549,93,Breakfast & Cereal,99,Gulf - UAE,2025-12-28,promo_launch,47.5,"Urban Mornings launched a promo at WareClub (UAE) the week of 2025-12-28 (BOGO, 48% depth).",1
550,78,Confectionery,199,SEA - Indonesia,2025-12-28,promo_launch,18.8,"Prime Confections launched a promo at MarketLink GT (Indonesia) the week of 2025-12-28 (Ad, 19% depth).",1
551,44,Packaged Foods,108,Gulf - UAE,2025-12-28,promo_launch,10.8,"Spring Pantry launched a promo at ValueTrade GT (UAE) the week of 2025-12-28 (TPR, 11% depth).",1
552,38,Packaged Foods,112,Gulf - Saudi,2025-12-28,promo_launch,16.4,"Urban Pantry launched a promo at FreshMart (Saudi) the week of 2025-12-28 (Display, 16% depth).",1
553,44,Packaged Foods,111,Gulf - UAE,2025-12-28,promo_launch,14.8,"Spring Pantry launched a promo at Community Retail Co-op (UAE) the week of 2025-12-28 (TPR, 15% depth).",1
554,44,Packaged Foods,67,India - Tier 2/3,2025-12-28,promo_launch,16.7,"Spring Pantry launched a promo at GreenAisle (Tier 2/3) the week of 2025-12-28 (Ad, 17% depth).",1
555,44,Packaged Foods,68,India - Tier 2/3,2025-12-28,promo_launch,15.8,"Spring Pantry launched a promo at PrimeGrocer (Tier 2/3) the week of 2025-12-28 (Display, 16% depth).",1
556,13,Sparkling Water,157,SEA - Malaysia,2025-12-28,promo_launch,13.5,"Urban Bubbles launched a promo at Corner Store Network (Malaysia) the week of 2025-12-28 (TPR, 14% depth).",1
557,44,Packaged Foods,70,India - Tier 2/3,2025-12-28,promo_launch,17.5,"Spring Pantry launched a promo at SunriseMart (Tier 2/3) the week of 2025-12-28 (Ad, 18% depth).",1
558,78,Confectionery,186,SEA - Indonesia,2025-12-28,promo_launch,11.7,"Prime Confections launched a promo at SunriseMart (Indonesia) the week of 2025-12-28 (Display, 12% depth).",1
559,44,Packaged Foods,72,India - Tier 2/3,2025-12-28,promo_launch,19.9,"Spring Pantry launched a promo at ValueGrocer (Tier 2/3) the week of 2025-12-28 (Ad, 20% depth).",1
560,13,Sparkling Water,159,SEA - Malaysia,2025-12-28,promo_launch,5.5,"Urban Bubbles launched a promo at Bazaar Wholesale (Malaysia) the week of 2025-12-28 (TPR, 6% depth).",1
561,44,Packaged Foods,79,India - Tier 2/3,2025-12-28,promo_launch,15.1,"Spring Pantry launched a promo at MarketLink GT (Tier 2/3) the week of 2025-12-28 (Display, 15% depth).",1
562,13,Sparkling Water,161,SEA - Malaysia,2025-12-28,promo_launch,11.5,"Urban Bubbles launched a promo at Sundry Traders Network (Malaysia) the week of 2025-12-28 (Display, 12% depth).",1
563,93,Breakfast & Cereal,91,Gulf - UAE,2025-12-28,promo_launch,18.4,"Urban Mornings launched a promo at MetroBazaar (UAE) the week of 2025-12-28 (Display, 18% depth).",1
564,78,Confectionery,190,SEA - Indonesia,2025-12-28,promo_launch,12.8,"Prime Confections launched a promo at SwiftBasket (Indonesia) the week of 2025-12-28 (Display, 13% depth).",1
565,44,Packaged Foods,83,India - Tier 2/3,2025-12-28,promo_launch,22.3,"Spring Pantry launched a promo at Neighborhood Wholesale #2 (Tier 2/3) the week of 2025-12-28 (Ad, 22% depth).",1
566,78,Confectionery,189,SEA - Indonesia,2025-12-28,promo_launch,17.1,"Prime Confections launched a promo at DashKart (Indonesia) the week of 2025-12-28 (Display, 17% depth).",1
567,38,Packaged Foods,162,SEA - Philippines,2025-12-28,promo_launch,15.1,"Urban Pantry launched a promo at FreshMart (Philippines) the week of 2025-12-28 (Ad, 15% depth).",1
568,93,Breakfast & Cereal,180,SEA - Philippines,2025-12-28,promo_launch,5.8,"Urban Mornings launched a promo at Sundry Traders Network (Philippines) the week of 2025-12-28 (TPR, 6% depth).",1
569,44,Packaged Foods,89,India - Tier 2/3,2025-12-28,promo_launch,13.1,"Spring Pantry launched a promo at Local Trade Collective #3 (Tier 2/3) the week of 2025-12-28 (Display, 13% depth).",1
570,44,Packaged Foods,91,Gulf - UAE,2025-12-28,promo_launch,15.5,"Spring Pantry launched a promo at MetroBazaar (UAE) the week of 2025-12-28 (Ad, 16% depth).",1
571,11,Salty Snacks,70,India - Tier 2/3,2025-12-28,promo_launch,9.8,"Silver Snacks launched a promo at SunriseMart (Tier 2/3) the week of 2025-12-28 (TPR, 10% depth).",1
572,44,Packaged Foods,95,Gulf - UAE,2025-12-28,promo_launch,11.3,"Spring Pantry launched a promo at SunriseMart (UAE) the week of 2025-12-28 (Display, 11% depth).",1
573,98,Breakfast & Cereal,117,Gulf - Saudi,2025-12-28,promo_launch,45.0,"Coastal Mornings launched a promo at SunriseMart (Saudi) the week of 2025-12-28 (BOGO, 45% depth).",1
574,13,Sparkling Water,150,SEA - Malaysia,2025-12-28,promo_launch,47.5,"Urban Bubbles launched a promo at DashKart (Malaysia) the week of 2025-12-28 (BOGO, 48% depth).",1
575,44,Packaged Foods,104,Gulf - UAE,2025-12-28,promo_launch,6.7,"Spring Pantry launched a promo at HopMart (UAE) the week of 2025-12-28 (TPR, 7% depth).",1
576,78,Confectionery,56,India - Metro,2025-12-28,promo_launch,16.7,"Prime Confections launched a promo at QuickDash #2 (Metro) the week of 2025-12-28 (Ad, 17% depth).",1
577,98,Breakfast & Cereal,87,India - Tier 2/3,2025-12-28,promo_launch,16.9,"Coastal Mornings launched a promo at MarketLink GT #2 (Tier 2/3) the week of 2025-12-28 (Ad, 17% depth).",1
578,78,Confectionery,55,India - Metro,2025-12-28,promo_launch,16.1,"Prime Confections launched a promo at DartMart (Metro) the week of 2025-12-28 (Display, 16% depth).",1
579,94,Breakfast & Cereal,198,SEA - Indonesia,2025-12-28,promo_launch,47.5,"Crunch Cereal Co launched a promo at Bazaar Wholesale (Indonesia) the week of 2025-12-28 (BOGO, 48% depth).",1
580,12,Sparkling Water,89,India - Tier 2/3,2025-12-28,promo_launch,13.9,"True Water Co launched a promo at Local Trade Collective #3 (Tier 2/3) the week of 2025-12-28 (TPR, 14% depth).",1
581,78,Confectionery,52,India - Metro,2025-12-28,promo_launch,9.4,"Prime Confections launched a promo at NimbleMart (Metro) the week of 2025-12-28 (TPR, 9% depth).",1
582,44,Packaged Foods,71,India - Tier 2/3,2025-12-28,promo_launch,10.5,"Spring Pantry launched a promo at UrbanPantry (Tier 2/3) the week of 2025-12-28 (TPR, 10% depth).",1
583,44,Packaged Foods,73,India - Tier 2/3,2025-12-28,promo_launch,10.2,"Spring Pantry launched a promo at Local Trade Collective (Tier 2/3) the week of 2025-12-28 (TPR, 10% depth).",1
584,78,Confectionery,48,India - Metro,2025-12-28,promo_launch,46.4,"Prime Confections launched a promo at DashKart (Metro) the week of 2025-12-28 (BOGO, 46% depth).",1
585,44,Packaged Foods,77,India - Tier 2/3,2025-12-28,promo_launch,11.1,"Spring Pantry launched a promo at Community Retail Co-op (Tier 2/3) the week of 2025-12-28 (TPR, 11% depth).",1
586,38,Packaged Foods,172,SEA - Philippines,2025-12-28,promo_launch,23.0,"Urban Pantry launched a promo at HopMart (Philippines) the week of 2025-12-28 (Ad, 23% depth).",1
587,78,Confectionery,47,India - Metro,2025-12-28,promo_launch,15.5,"Prime Confections launched a promo at ZipCart (Metro) the week of 2025-12-28 (Display, 16% depth).",1
588,98,Breakfast & Cereal,86,India - Tier 2/3,2025-12-28,promo_launch,46.8,"Coastal Mornings launched a promo at Bazaar Wholesale #2 (Tier 2/3) the week of 2025-12-28 (BOGO, 47% depth).",1
589,78,Confectionery,45,India - Metro,2025-12-28,promo_launch,50.0,"Prime Confections launched a promo at ExpressStop (Metro) the week of 2025-12-28 (BOGO, 50% depth).",1
590,44,Packaged Foods,80,India - Tier 2/3,2025-12-28,promo_launch,10.9,"Spring Pantry launched a promo at Sundry Traders Network (Tier 2/3) the week of 2025-12-28 (Display, 11% depth).",1
591,13,Sparkling Water,146,SEA - Malaysia,2025-12-28,promo_launch,15.5,"Urban Bubbles launched a promo at DailyBasket (Malaysia) the week of 2025-12-28 (Display, 16% depth).",1
592,108,Baby Care,126,Gulf - Saudi,2025-12-28,promo_launch,46.5,"Crunch Baby Co launched a promo at Local Trade Collective #2 (Saudi) the week of 2025-12-28 (BOGO, 46% depth).",1
593,38,Packaged Foods,165,SEA - Philippines,2025-12-28,promo_launch,17.5,"Urban Pantry launched a promo at PrimeGrocer (Philippines) the week of 2025-12-28 (Display, 18% depth).",1
594,13,Sparkling Water,148,SEA - Malaysia,2025-12-28,promo_launch,19.7,"Urban Bubbles launched a promo at QuickDash (Malaysia) the week of 2025-12-28 (Display, 20% depth).",1
595,80,Confectionery,66,India - Tier 2/3,2025-12-28,promo_launch,19.1,"Nomad Candy Co launched a promo at MetroBazaar (Tier 2/3) the week of 2025-12-28 (Display, 19% depth).",1
596,44,Packaged Foods,88,India - Tier 2/3,2025-12-28,promo_launch,10.4,"Spring Pantry launched a promo at Sundry Traders Network #2 (Tier 2/3) the week of 2025-12-28 (Display, 10% depth).",1
597,11,Salty Snacks,71,India - Tier 2/3,2025-12-28,promo_launch,9.7,"Silver Snacks launched a promo at UrbanPantry (Tier 2/3) the week of 2025-12-28 (TPR, 10% depth).",1
598,44,Packaged Foods,93,Gulf - UAE,2025-12-28,promo_launch,13.4,"Spring Pantry launched a promo at PrimeGrocer (UAE) the week of 2025-12-28 (Display, 13% depth).",1
599,11,Salty Snacks,35,North America,2025-12-28,promo_launch,13.4,"Silver Snacks launched a promo at GoStop #3 the week of 2025-12-28 (TPR, 13% depth).",1
600,45,Beverages,124,Gulf - Saudi,2025-12-28,promo_launch,9.8,"Pure Drinks launched a promo at MarketLink GT (Saudi) the week of 2025-12-28 (TPR, 10% depth).",1
601,38,Packaged Foods,117,Gulf - Saudi,2025-12-28,promo_launch,15.7,"Urban Pantry launched a promo at SunriseMart (Saudi) the week of 2025-12-28 (Display, 16% depth).",1
602,13,Sparkling Water,145,SEA - Malaysia,2025-12-28,promo_launch,14.0,"Urban Bubbles launched a promo at PrimeGrocer (Malaysia) the week of 2025-12-28 (TPR, 14% depth).",1
603,45,Beverages,121,Gulf - Saudi,2025-12-28,promo_launch,49.3,"Pure Drinks launched a promo at Corner Store Network (Saudi) the week of 2025-12-28 (BOGO, 49% depth).",1
604,45,Beverages,124,Gulf - Saudi,2025-12-28,promo_launch,14.3,"Pure Drinks launched a promo at MarketLink GT (Saudi) the week of 2025-12-28 (Display, 14% depth).",1
605,2,Salty Snacks,59,India - Metro,2025-12-28,promo_launch,13.5,"Bold Snacks launched a promo at Neighborhood Wholesale (Metro) the week of 2025-12-28 (TPR, 14% depth).",1
606,37,Packaged Foods,125,Gulf - Saudi,2025-12-28,promo_launch,11.4,"Heritage Kitchen launched a promo at Sundry Traders Network (Saudi) the week of 2025-12-28 (TPR, 11% depth).",1
607,45,Beverages,113,Gulf - Saudi,2025-12-28,promo_launch,50.0,"Pure Drinks launched a promo at MetroBazaar (Saudi) the week of 2025-12-28 (BOGO, 50% depth).",1
608,45,Beverages,114,Gulf - Saudi,2025-12-28,promo_launch,45.2,"Pure Drinks launched a promo at GreenAisle (Saudi) the week of 2025-12-28 (BOGO, 45% depth).",1
609,37,Packaged Foods,119,Gulf - Saudi,2025-12-28,promo_launch,24.2,"Heritage Kitchen launched a promo at ValueTrade GT (Saudi) the week of 2025-12-28 (Ad, 24% depth).",1
610,37,Packaged Foods,115,Gulf - Saudi,2025-12-28,promo_launch,16.7,"Heritage Kitchen launched a promo at PrimeGrocer (Saudi) the week of 2025-12-28 (Ad, 17% depth).",1
611,13,Sparkling Water,153,SEA - Malaysia,2025-12-28,promo_launch,5.1,"Urban Bubbles launched a promo at FlashCart (Malaysia) the week of 2025-12-28 (TPR, 5% depth).",1
612,77,Dairy,135,Gulf - Qatar,2025-12-28,promo_launch,14.3,"Urban Creamery launched a promo at SwiftBasket (Qatar) the week of 2025-12-28 (Display, 14% depth).",1
613,13,Sparkling Water,165,SEA - Philippines,2025-12-28,promo_launch,47.9,"Urban Bubbles launched a promo at PrimeGrocer (Philippines) the week of 2025-12-28 (BOGO, 48% depth).",1
614,98,Breakfast & Cereal,125,Gulf - Saudi,2025-12-28,promo_launch,5.5,"Coastal Mornings launched a promo at Sundry Traders Network (Saudi) the week of 2025-12-28 (TPR, 6% depth).",1
615,77,Dairy,132,Gulf - Qatar,2025-12-28,promo_launch,11.1,"Urban Creamery launched a promo at QuickDash (Qatar) the week of 2025-12-28 (TPR, 11% depth).",1
616,2,Salty Snacks,113,Gulf - Saudi,2025-12-28,promo_launch,48.8,"Bold Snacks launched a promo at MetroBazaar (Saudi) the week of 2025-12-28 (BOGO, 49% depth).",1
617,105,Baby Care,186,SEA - Indonesia,2025-12-28,promo_launch,9.5,"Silver Baby Essentials launched a promo at SunriseMart (Indonesia) the week of 2025-12-28 (TPR, 10% depth).",1
618,80,Confectionery,3,North America,2025-12-28,promo_launch,47.9,"Nomad Candy Co launched a promo at GreenAisle the week of 2025-12-28 (BOGO, 48% depth).",1
619,45,Beverages,112,Gulf - Saudi,2025-12-28,promo_launch,47.6,"Pure Drinks launched a promo at FreshMart (Saudi) the week of 2025-12-28 (BOGO, 48% depth).",1
620,13,Sparkling Water,143,SEA - Malaysia,2025-12-28,promo_launch,5.2,"Urban Bubbles launched a promo at MetroBazaar (Malaysia) the week of 2025-12-28 (TPR, 5% depth).",1
621,38,Packaged Foods,119,Gulf - Saudi,2025-12-28,promo_launch,14.4,"Urban Pantry launched a promo at ValueTrade GT (Saudi) the week of 2025-12-28 (TPR, 14% depth).",1
622,45,Beverages,126,Gulf - Saudi,2025-12-28,promo_launch,5.9,"Pure Drinks launched a promo at Local Trade Collective #2 (Saudi) the week of 2025-12-28 (TPR, 6% depth).",1
623,78,Confectionery,183,SEA - Indonesia,2025-12-28,promo_launch,12.7,"Prime Confections launched a promo at GreenAisle (Indonesia) the week of 2025-12-28 (TPR, 13% depth).",1
624,38,Packaged Foods,119,Gulf - Saudi,2025-12-28,promo_launch,7.3,"Urban Pantry launched a promo at ValueTrade GT (Saudi) the week of 2025-12-28 (TPR, 7% depth).",1
625,78,Confectionery,181,SEA - Indonesia,2025-12-28,promo_launch,20.0,"Prime Confections launched a promo at FreshMart (Indonesia) the week of 2025-12-28 (Ad, 20% depth).",1
626,2,Salty Snacks,43,India - Metro,2025-12-28,promo_launch,13.6,"Bold Snacks launched a promo at CornerFuel Mart (Metro) the week of 2025-12-28 (TPR, 14% depth).",1
627,13,Sparkling Water,168,SEA - Philippines,2025-12-28,promo_launch,15.5,"Urban Bubbles launched a promo at QuickDash (Philippines) the week of 2025-12-28 (Display, 16% depth).",1
628,44,Packaged Foods,105,Gulf - UAE,2025-12-28,promo_launch,10.5,"Spring Pantry launched a promo at FlashCart (UAE) the week of 2025-12-28 (Display, 10% depth).",1
629,38,Packaged Foods,114,Gulf - Saudi,2025-12-28,promo_launch,18.0,"Urban Pantry launched a promo at GreenAisle (Saudi) the week of 2025-12-28 (Ad, 18% depth).",1
630,38,Packaged Foods,113,Gulf - Saudi,2025-12-28,promo_launch,18.8,"Urban Pantry launched a promo at MetroBazaar (Saudi) the week of 2025-12-28 (Ad, 19% depth).",1
631,98,Breakfast & Cereal,120,Gulf - Saudi,2025-12-28,promo_launch,22.3,"Coastal Mornings launched a promo at Neighborhood Wholesale (Saudi) the week of 2025-12-28 (Ad, 22% depth).",1
632,95,Breakfast & Cereal,114,Gulf - Saudi,2025-12-28,promo_launch,15.2,"Cloud Mornings launched a promo at GreenAisle (Saudi) the week of 2025-12-28 (Ad, 15% depth).",1
633,44,Packaged Foods,110,Gulf - UAE,2025-12-28,promo_launch,12.3,"Spring Pantry launched a promo at Corner Store Network (UAE) the week of 2025-12-28 (Display, 12% depth).",1
634,45,Beverages,115,Gulf - Saudi,2025-12-28,promo_launch,13.7,"Pure Drinks launched a promo at PrimeGrocer (Saudi) the week of 2025-12-28 (Display, 14% depth).",1
635,2,Salty Snacks,49,India - Metro,2025-12-28,promo_launch,20.2,"Bold Snacks launched a promo at SwiftBasket (Metro) the week of 2025-12-28 (Ad, 20% depth).",1
636,78,Confectionery,55,India - Metro,2025-12-28,promo_launch,12.8,"Prime Confections launched a promo at DartMart (Metro) the week of 2025-12-28 (Display, 13% depth).",1
637,45,Beverages,120,Gulf - Saudi,2025-12-28,promo_launch,17.7,"Pure Drinks launched a promo at Neighborhood Wholesale (Saudi) the week of 2025-12-28 (Ad, 18% depth).",1
638,45,Beverages,125,Gulf - Saudi,2025-12-28,promo_launch,10.1,"Pure Drinks launched a promo at Sundry Traders Network (Saudi) the week of 2025-12-28 (Display, 10% depth).",1
639,38,Packaged Foods,164,SEA - Philippines,2025-12-28,promo_launch,49.1,"Urban Pantry launched a promo at GreenAisle (Philippines) the week of 2025-12-28 (BOGO, 49% depth).",1
640,78,Confectionery,49,India - Metro,2025-12-28,promo_launch,11.2,"Prime Confections launched a promo at SwiftBasket (Metro) the week of 2025-12-28 (Display, 11% depth).",1
641,13,Sparkling Water,179,SEA - Philippines,2025-12-28,promo_launch,12.6,"Urban Bubbles launched a promo at MarketLink GT (Philippines) the week of 2025-12-28 (Display, 13% depth).",1
642,45,Beverages,124,Gulf - Saudi,2025-12-28,promo_launch,45.4,"Pure Drinks launched a promo at MarketLink GT (Saudi) the week of 2025-12-28 (BOGO, 45% depth).",1
643,38,Packaged Foods,121,Gulf - Saudi,2025-12-28,promo_launch,13.3,"Urban Pantry launched a promo at Corner Store Network (Saudi) the week of 2025-12-28 (Display, 13% depth).",1
644,45,Beverages,125,Gulf - Saudi,2025-12-28,promo_launch,45.3,"Pure Drinks launched a promo at Sundry Traders Network (Saudi) the week of 2025-12-28 (BOGO, 45% depth).",1
645,98,Breakfast & Cereal,77,India - Tier 2/3,2025-12-28,promo_launch,13.2,"Coastal Mornings launched a promo at Community Retail Co-op (Tier 2/3) the week of 2025-12-28 (TPR, 13% depth).",1
646,77,Dairy,131,Gulf - Qatar,2025-12-28,promo_launch,48.2,"Urban Creamery launched a promo at DailyBasket (Qatar) the week of 2025-12-28 (BOGO, 48% depth).",1
647,3,Salty Snacks,25,North America,2025-12-28,promo_launch,48.8,"Prime Snacks launched a promo at QuickStop the week of 2025-12-28 (BOGO, 49% depth).",1
648,14,Sparkling Water,24,North America,2025-12-28,promo_launch,19.4,"Golden Bubbles launched a promo at PureRoots Market #2 the week of 2025-12-28 (Display, 19% depth).",1
649,49,Beverages,75,India - Tier 2/3,2025-12-28,promo_launch,10.7,"Meadow Beverages launched a promo at Neighborhood Wholesale (Tier 2/3) the week of 2025-12-28 (TPR, 11% depth).",1
650,35,Packaged Foods,11,North America,2025-12-28,promo_launch,11.3,"Silver Table launched a promo at FreshMart #2 the week of 2025-12-28 (TPR, 11% depth).",1
651,35,Packaged Foods,10,North America,2025-12-28,promo_launch,14.9,"Silver Table launched a promo at HomeFresh the week of 2025-12-28 (TPR, 15% depth).",1
652,98,Breakfast & Cereal,117,Gulf - Saudi,2025-12-28,promo_launch,48.1,"Coastal Mornings launched a promo at SunriseMart (Saudi) the week of 2025-12-28 (BOGO, 48% depth).",1
653,35,Packaged Foods,9,North America,2025-12-28,promo_launch,15.0,"Silver Table launched a promo at CityMart the week of 2025-12-28 (Display, 15% depth).",1
654,35,Packaged Foods,8,North America,2025-12-28,promo_launch,15.4,"Silver Table launched a promo at ValueGrocer the week of 2025-12-28 (Display, 15% depth).",1
655,49,Beverages,86,India - Tier 2/3,2025-12-28,promo_launch,47.4,"Meadow Beverages launched a promo at Bazaar Wholesale #2 (Tier 2/3) the week of 2025-12-28 (BOGO, 47% depth).",1
656,35,Packaged Foods,5,North America,2025-12-28,promo_launch,18.6,"Silver Table launched a promo at DailyBasket the week of 2025-12-28 (Ad, 19% depth).",1
657,91,Breakfast & Cereal,147,SEA - Malaysia,2025-12-28,promo_launch,11.4,"Coastal Cereal Co launched a promo at SunriseMart (Malaysia) the week of 2025-12-28 (TPR, 11% depth).",1
658,49,Beverages,88,India - Tier 2/3,2025-12-28,promo_launch,12.0,"Meadow Beverages launched a promo at Sundry Traders Network #2 (Tier 2/3) the week of 2025-12-28 (Display, 12% depth).",1
659,49,Beverages,89,India - Tier 2/3,2025-12-28,promo_launch,10.4,"Meadow Beverages launched a promo at Local Trade Collective #3 (Tier 2/3) the week of 2025-12-28 (TPR, 10% depth).",1
660,76,Dairy,80,India - Tier 2/3,2025-12-28,promo_launch,12.7,"Royal Farms launched a promo at Sundry Traders Network (Tier 2/3) the week of 2025-12-28 (TPR, 13% depth).",1
661,49,Beverages,67,India - Tier 2/3,2025-12-28,promo_launch,49.8,"Meadow Beverages launched a promo at GreenAisle (Tier 2/3) the week of 2025-12-28 (BOGO, 50% depth).",1
662,103,Baby Care,66,India - Tier 2/3,2025-12-28,promo_launch,6.3,"Coastal Baby Essentials launched a promo at MetroBazaar (Tier 2/3) the week of 2025-12-28 (TPR, 6% depth).",1
663,91,Breakfast & Cereal,145,SEA - Malaysia,2025-12-28,promo_launch,46.5,"Coastal Cereal Co launched a promo at PrimeGrocer (Malaysia) the week of 2025-12-28 (BOGO, 46% depth).",1
664,49,Beverages,70,India - Tier 2/3,2025-12-28,promo_launch,7.1,"Meadow Beverages launched a promo at SunriseMart (Tier 2/3) the week of 2025-12-28 (TPR, 7% depth).",1
665,98,Breakfast & Cereal,118,Gulf - Saudi,2025-12-28,promo_launch,18.0,"Coastal Mornings launched a promo at Local Trade Collective (Saudi) the week of 2025-12-28 (Ad, 18% depth).",1
666,3,Salty Snacks,114,Gulf - Saudi,2025-12-28,promo_launch,5.8,"Prime Snacks launched a promo at GreenAisle (Saudi) the week of 2025-12-28 (TPR, 6% depth).",1
667,49,Beverages,76,India - Tier 2/3,2025-12-28,promo_launch,46.7,"Meadow Beverages launched a promo at Corner Store Network (Tier 2/3) the week of 2025-12-28 (BOGO, 47% depth).",1
668,105,Baby Care,198,SEA - Indonesia,2025-12-28,promo_launch,49.8,"Silver Baby Essentials launched a promo at Bazaar Wholesale (Indonesia) the week of 2025-12-28 (BOGO, 50% depth).",1
669,103,Baby Care,68,India - Tier 2/3,2025-12-28,promo_launch,16.1,"Coastal Baby Essentials launched a promo at PrimeGrocer (Tier 2/3) the week of 2025-12-28 (Ad, 16% depth).",1
670,35,Packaged Foods,72,India - Tier 2/3,2025-12-28,promo_launch,11.0,"Silver Table launched a promo at ValueGrocer (Tier 2/3) the week of 2025-12-28 (Display, 11% depth).",1
671,109,Baby Care,134,Gulf - Qatar,2025-12-28,promo_launch,24.7,"Silver Little Ones launched a promo at DashKart (Qatar) the week of 2025-12-28 (Ad, 25% depth).",1
672,35,Packaged Foods,71,India - Tier 2/3,2025-12-28,promo_launch,19.4,"Silver Table launched a promo at UrbanPantry (Tier 2/3) the week of 2025-12-28 (Display, 19% depth).",1
673,110,Baby Care,52,India - Metro,2025-12-28,promo_launch,17.1,"Meadow Tiny Care launched a promo at NimbleMart (Metro) the week of 2025-12-28 (Display, 17% depth).",1
674,49,Beverages,65,India - Tier 2/3,2025-12-28,promo_launch,17.9,"Meadow Beverages launched a promo at FreshMart (Tier 2/3) the week of 2025-12-28 (Ad, 18% depth).",1
675,76,Dairy,86,India - Tier 2/3,2025-12-28,promo_launch,20.6,"Royal Farms launched a promo at Bazaar Wholesale #2 (Tier 2/3) the week of 2025-12-28 (Ad, 21% depth).",1
676,49,Beverages,72,India - Tier 2/3,2025-12-28,promo_launch,12.6,"Meadow Beverages launched a promo at ValueGrocer (Tier 2/3) the week of 2025-12-28 (Display, 13% depth).",1
677,14,Sparkling Water,17,North America,2025-12-28,promo_launch,19.9,"Golden Bubbles launched a promo at MegaValue Club the week of 2025-12-28 (Display, 20% depth).",1
678,91,Breakfast & Cereal,152,SEA - Malaysia,2025-12-28,promo_launch,45.9,"Coastal Cereal Co launched a promo at HopMart (Malaysia) the week of 2025-12-28 (BOGO, 46% depth).",1
679,48,Beverages,127,Gulf - Qatar,2025-12-28,promo_launch,11.6,"Silver Beverages launched a promo at FreshMart (Qatar) the week of 2025-12-28 (TPR, 12% depth).",1
680,35,Packaged Foods,3,North America,2025-12-28,promo_launch,10.6,"Silver Table launched a promo at GreenAisle the week of 2025-12-28 (Display, 11% depth).",1
681,80,Confectionery,68,India - Tier 2/3,2025-12-28,promo_launch,23.1,"Nomad Candy Co launched a promo at PrimeGrocer (Tier 2/3) the week of 2025-12-28 (Ad, 23% depth).",1
682,35,Packaged Foods,87,India - Tier 2/3,2025-12-28,promo_launch,46.2,"Silver Table launched a promo at MarketLink GT #2 (Tier 2/3) the week of 2025-12-28 (BOGO, 46% depth).",1
683,35,Packaged Foods,86,India - Tier 2/3,2025-12-28,promo_launch,11.2,"Silver Table launched a promo at Bazaar Wholesale #2 (Tier 2/3) the week of 2025-12-28 (TPR, 11% depth).",1
684,3,Salty Snacks,20,North America,2025-12-28,promo_launch,46.2,"Prime Snacks launched a promo at PureRoots Market the week of 2025-12-28 (BOGO, 46% depth).",1
685,35,Packaged Foods,80,India - Tier 2/3,2025-12-28,promo_launch,23.0,"Silver Table launched a promo at Sundry Traders Network (Tier 2/3) the week of 2025-12-28 (Ad, 23% depth).",1
686,76,Dairy,7,North America,2025-12-28,promo_launch,21.6,"Royal Farms launched a promo at UrbanPantry the week of 2025-12-28 (Ad, 22% depth).",1
687,92,Breakfast & Cereal,163,SEA - Philippines,2025-12-28,promo_launch,46.3,"Cloud Grains launched a promo at MetroBazaar (Philippines) the week of 2025-12-28 (BOGO, 46% depth).",1
688,35,Packaged Foods,76,India - Tier 2/3,2025-12-28,promo_launch,11.3,"Silver Table launched a promo at Corner Store Network (Tier 2/3) the week of 2025-12-28 (Display, 11% depth).",1
689,103,Baby Care,77,India - Tier 2/3,2025-12-28,promo_launch,49.2,"Coastal Baby Essentials launched a promo at Community Retail Co-op (Tier 2/3) the week of 2025-12-28 (BOGO, 49% depth).",1
690,35,Packaged Foods,74,India - Tier 2/3,2025-12-28,promo_launch,17.0,"Silver Table launched a promo at ValueTrade GT (Tier 2/3) the week of 2025-12-28 (Display, 17% depth).",1
691,49,Beverages,77,India - Tier 2/3,2025-12-28,promo_launch,22.9,"Meadow Beverages launched a promo at Community Retail Co-op (Tier 2/3) the week of 2025-12-28 (Ad, 23% depth).",1
692,14,Sparkling Water,11,North America,2025-12-28,promo_launch,12.7,"Golden Bubbles launched a promo at FreshMart #2 the week of 2025-12-28 (Display, 13% depth).",1
693,14,Sparkling Water,14,North America,2025-12-28,promo_launch,11.9,"Golden Bubbles launched a promo at SaverClub the week of 2025-12-28 (Display, 12% depth).",1
694,91,Breakfast & Cereal,157,SEA - Malaysia,2025-12-28,promo_launch,12.0,"Coastal Cereal Co launched a promo at Corner Store Network (Malaysia) the week of 2025-12-28 (TPR, 12% depth).",1
695,49,Beverages,88,India - Tier 2/3,2025-12-28,promo_launch,14.1,"Meadow Beverages launched a promo at Sundry Traders Network #2 (Tier 2/3) the week of 2025-12-28 (Display, 14% depth).",1
696,80,Confectionery,71,India - Tier 2/3,2025-12-28,promo_launch,7.2,"Nomad Candy Co launched a promo at UrbanPantry (Tier 2/3) the week of 2025-12-28 (TPR, 7% depth).",1
697,35,Packaged Foods,23,North America,2025-12-28,promo_launch,7.1,"Silver Table launched a promo at GreenLeaf Naturals #2 the week of 2025-12-28 (TPR, 7% depth).",1
698,49,Beverages,68,India - Tier 2/3,2025-12-28,promo_launch,9.3,"Meadow Beverages launched a promo at PrimeGrocer (Tier 2/3) the week of 2025-12-28 (TPR, 9% depth).",1
699,35,Packaged Foods,18,North America,2025-12-28,promo_launch,5.8,"Silver Table launched a promo at SaverClub #2 the week of 2025-12-28 (TPR, 6% depth).",1
700,105,Baby Care,193,SEA - Indonesia,2025-12-28,promo_launch,15.7,"Silver Baby Essentials launched a promo at Local Trade Collective (Indonesia) the week of 2025-12-28 (Ad, 16% depth).",1
701,105,Baby Care,199,SEA - Indonesia,2025-12-28,promo_launch,8.4,"Silver Baby Essentials launched a promo at MarketLink GT (Indonesia) the week of 2025-12-28 (TPR, 8% depth).",1
702,98,Breakfast & Cereal,120,Gulf - Saudi,2025-12-28,promo_launch,20.5,"Coastal Mornings launched a promo at Neighborhood Wholesale (Saudi) the week of 2025-12-28 (Ad, 20% depth).",1
703,3,Salty Snacks,15,North America,2025-12-28,promo_launch,18.9,"Prime Snacks launched a promo at BulkBasket Club the week of 2025-12-28 (Ad, 19% depth).",1
704,3,Salty Snacks,18,North America,2025-12-28,promo_launch,15.0,"Prime Snacks launched a promo at SaverClub #2 the week of 2025-12-28 (Display, 15% depth).",1
705,50,Beverages,198,SEA - Indonesia,2025-12-28,promo_launch,14.4,"Crunch Drinks launched a promo at Bazaar Wholesale (Indonesia) the week of 2025-12-28 (Display, 14% depth).",1
706,103,Baby Care,82,India - Tier 2/3,2025-12-28,promo_launch,7.4,"Coastal Baby Essentials launched a promo at ValueTrade GT #2 (Tier 2/3) the week of 2025-12-28 (TPR, 7% depth).",1
707,76,Dairy,85,India - Tier 2/3,2025-12-28,promo_launch,18.0,"Royal Farms launched a promo at Community Retail Co-op #2 (Tier 2/3) the week of 2025-12-28 (Ad, 18% depth).",1
708,76,Dairy,84,India - Tier 2/3,2025-12-28,promo_launch,15.2,"Royal Farms launched a promo at Corner Store Network #2 (Tier 2/3) the week of 2025-12-28 (Ad, 15% depth).",1
709,50,Beverages,173,SEA - Philippines,2025-12-28,promo_launch,17.2,"Crunch Drinks launched a promo at Local Trade Collective (Philippines) the week of 2025-12-28 (Ad, 17% depth).",1
710,50,Beverages,175,SEA - Philippines,2025-12-28,promo_launch,47.6,"Crunch Drinks launched a promo at Neighborhood Wholesale (Philippines) the week of 2025-12-28 (BOGO, 48% depth).",1
711,105,Baby Care,72,India - Tier 2/3,2025-12-28,promo_launch,14.9,"Silver Baby Essentials launched a promo at ValueGrocer (Tier 2/3) the week of 2025-12-28 (Display, 15% depth).",1
712,81,Confectionery,129,Gulf - Qatar,2025-12-28,promo_launch,49.5,"Prime Candy Co launched a promo at GreenAisle (Qatar) the week of 2025-12-28 (BOGO, 50% depth).",1
713,103,Baby Care,78,India - Tier 2/3,2025-12-28,promo_launch,9.9,"Coastal Baby Essentials launched a promo at Bazaar Wholesale (Tier 2/3) the week of 2025-12-28 (TPR, 10% depth).",1
714,50,Beverages,183,SEA - Indonesia,2025-12-28,promo_launch,13.4,"Crunch Drinks launched a promo at GreenAisle (Indonesia) the week of 2025-12-28 (Display, 13% depth).",1
715,3,Salty Snacks,17,North America,2025-12-28,promo_launch,15.7,"Prime Snacks launched a promo at MegaValue Club the week of 2025-12-28 (Ad, 16% depth).",1
716,105,Baby Care,73,India - Tier 2/3,2025-12-28,promo_launch,17.8,"Silver Baby Essentials launched a promo at Local Trade Collective (Tier 2/3) the week of 2025-12-28 (Ad, 18% depth).",1
717,14,Sparkling Water,30,North America,2025-12-28,promo_launch,17.2,"Golden Bubbles launched a promo at CornerFuel Mart #2 the week of 2025-12-28 (Display, 17% depth).",1
718,14,Sparkling Water,2,North America,2025-12-28,promo_launch,8.3,"Golden Bubbles launched a promo at MetroBazaar the week of 2025-12-28 (TPR, 8% depth).",1
719,50,Beverages,192,SEA - Indonesia,2025-12-28,promo_launch,13.0,"Crunch Drinks launched a promo at FlashCart (Indonesia) the week of 2025-12-28 (TPR, 13% depth).",1
720,50,Beverages,195,SEA - Indonesia,2025-12-28,promo_launch,14.4,"Crunch Drinks launched a promo at Neighborhood Wholesale (Indonesia) the week of 2025-12-28 (Display, 14% depth).",1
721,50,Beverages,197,SEA - Indonesia,2025-12-28,promo_launch,9.1,"Crunch Drinks launched a promo at Community Retail Co-op (Indonesia) the week of 2025-12-28 (TPR, 9% depth).",1
722,34,Packaged Foods,196,SEA - Indonesia,2025-12-28,promo_launch,9.9,"Bold Kitchen launched a promo at Corner Store Network (Indonesia) the week of 2025-12-28 (TPR, 10% depth).",1
723,76,Dairy,65,India - Tier 2/3,2025-12-28,promo_launch,6.4,"Royal Farms launched a promo at FreshMart (Tier 2/3) the week of 2025-12-28 (TPR, 6% depth).",1
724,76,Dairy,24,North America,2025-12-28,promo_launch,12.9,"Royal Farms launched a promo at PureRoots Market #2 the week of 2025-12-28 (TPR, 13% depth).",1
725,103,Baby Care,74,India - Tier 2/3,2025-12-28,promo_launch,14.4,"Coastal Baby Essentials launched a promo at ValueTrade GT (Tier 2/3) the week of 2025-12-28 (TPR, 14% depth).",1
726,81,Confectionery,137,Gulf - Qatar,2025-12-28,promo_launch,45.9,"Prime Candy Co launched a promo at Local Trade Collective (Qatar) the week of 2025-12-28 (BOGO, 46% depth).",1
727,76,Dairy,21,North America,2025-12-28,promo_launch,11.1,"Royal Farms launched a promo at EarthAisle the week of 2025-12-28 (TPR, 11% depth).",1
728,50,Beverages,172,SEA - Philippines,2025-12-28,promo_launch,6.0,"Crunch Drinks launched a promo at HopMart (Philippines) the week of 2025-12-28 (TPR, 6% depth).",1
729,34,Packaged Foods,184,SEA - Indonesia,2025-12-28,promo_launch,10.0,"Bold Kitchen launched a promo at PrimeGrocer (Indonesia) the week of 2025-12-28 (TPR, 10% depth).",1
730,14,Sparkling Water,18,North America,2025-12-28,promo_launch,9.7,"Golden Bubbles launched a promo at SaverClub #2 the week of 2025-12-28 (TPR, 10% depth).",1
731,91,Breakfast & Cereal,149,SEA - Malaysia,2025-12-28,promo_launch,14.7,"Coastal Cereal Co launched a promo at ZipCart (Malaysia) the week of 2025-12-28 (TPR, 15% depth).",1
732,76,Dairy,87,India - Tier 2/3,2025-12-28,promo_launch,17.0,"Royal Farms launched a promo at MarketLink GT #2 (Tier 2/3) the week of 2025-12-28 (Display, 17% depth).",1
733,76,Dairy,21,North America,2025-12-28,promo_launch,19.0,"Royal Farms launched a promo at EarthAisle the week of 2025-12-28 (Ad, 19% depth).",1
734,35,Packaged Foods,66,India - Tier 2/3,2025-12-28,promo_launch,11.9,"Silver Table launched a promo at MetroBazaar (Tier 2/3) the week of 2025-12-28 (TPR, 12% depth).",1
735,35,Packaged Foods,22,North America,2025-12-28,promo_launch,49.8,"Silver Table launched a promo at NaturaLife Market the week of 2025-12-28 (BOGO, 50% depth).",1
736,35,Packaged Foods,21,North America,2025-12-28,promo_launch,13.5,"Silver Table launched a promo at EarthAisle the week of 2025-12-28 (TPR, 14% depth).",1
737,76,Dairy,12,North America,2025-12-28,promo_launch,7.7,"Royal Farms launched a promo at MetroBazaar #2 the week of 2025-12-28 (TPR, 8% depth).",1
738,49,Beverages,80,India - Tier 2/3,2025-12-28,promo_launch,14.4,"Meadow Beverages launched a promo at Sundry Traders Network (Tier 2/3) the week of 2025-12-28 (TPR, 14% depth).",1
739,49,Beverages,84,India - Tier 2/3,2025-12-28,promo_launch,12.4,"Meadow Beverages launched a promo at Corner Store Network #2 (Tier 2/3) the week of 2025-12-28 (Display, 12% depth).",1
740,49,Beverages,87,India - Tier 2/3,2025-12-28,promo_launch,48.3,"Meadow Beverages launched a promo at MarketLink GT #2 (Tier 2/3) the week of 2025-12-28 (BOGO, 48% depth).",1
741,50,Beverages,162,SEA - Philippines,2025-12-28,promo_launch,6.2,"Crunch Drinks launched a promo at FreshMart (Philippines) the week of 2025-12-28 (TPR, 6% depth).",1
742,35,Packaged Foods,10,North America,2025-12-28,promo_launch,5.4,"Silver Table launched a promo at HomeFresh the week of 2025-12-28 (TPR, 5% depth).",1
743,91,Breakfast & Cereal,161,SEA - Malaysia,2025-12-28,promo_launch,8.2,"Coastal Cereal Co launched a promo at Sundry Traders Network (Malaysia) the week of 2025-12-28 (TPR, 8% depth).",1
744,14,Sparkling Water,11,North America,2025-12-28,promo_launch,5.5,"Golden Bubbles launched a promo at FreshMart #2 the week of 2025-12-28 (TPR, 6% depth).",1
745,80,Confectionery,87,India - Tier 2/3,2025-12-28,promo_launch,13.4,"Nomad Candy Co launched a promo at MarketLink GT #2 (Tier 2/3) the week of 2025-12-28 (Display, 13% depth).",1
746,14,Sparkling Water,13,North America,2025-12-28,promo_launch,23.5,"Golden Bubbles launched a promo at GreenAisle #2 the week of 2025-12-28 (Ad, 24% depth).",1
747,91,Breakfast & Cereal,155,SEA - Malaysia,2025-12-28,promo_launch,12.4,"Coastal Cereal Co launched a promo at ValueTrade GT (Malaysia) the week of 2025-12-28 (TPR, 12% depth).",1
748,50,Beverages,179,SEA - Philippines,2025-12-28,promo_launch,9.7,"Crunch Drinks launched a promo at MarketLink GT (Philippines) the week of 2025-12-28 (TPR, 10% depth).",1
749,50,Beverages,180,SEA - Philippines,2025-12-28,promo_launch,13.3,"Crunch Drinks launched a promo at Sundry Traders Network (Philippines) the week of 2025-12-28 (TPR, 13% depth).",1
750,34,Packaged Foods,198,SEA - Indonesia,2025-12-28,promo_launch,7.9,"Bold Kitchen launched a promo at Bazaar Wholesale (Indonesia) the week of 2025-12-28 (TPR, 8% depth).",1
751,91,Breakfast & Cereal,153,SEA - Malaysia,2025-12-28,promo_launch,16.6,"Coastal Cereal Co launched a promo at FlashCart (Malaysia) the week of 2025-12-28 (Display, 17% depth).",1
752,34,Packaged Foods,191,SEA - Indonesia,2025-12-28,promo_launch,10.8,"Bold Kitchen launched a promo at HopMart (Indonesia) the week of 2025-12-28 (Display, 11% depth).",1
753,98,Breakfast & Cereal,70,India - Tier 2/3,2025-12-28,promo_launch,49.2,"Coastal Mornings launched a promo at SunriseMart (Tier 2/3) the week of 2025-12-28 (BOGO, 49% depth).",1
754,14,Sparkling Water,34,North America,2025-12-28,promo_launch,48.7,"Golden Bubbles launched a promo at CornerFuel Mart #3 the week of 2025-12-28 (BOGO, 49% depth).",1
755,110,Baby Care,64,India - Metro,2025-12-28,promo_launch,18.9,"Meadow Tiny Care launched a promo at Sundry Traders Network (Metro) the week of 2025-12-28 (Ad, 19% depth).",1
756,76,Dairy,76,India - Tier 2/3,2025-12-28,promo_launch,18.2,"Royal Farms launched a promo at Corner Store Network (Tier 2/3) the week of 2025-12-28 (Display, 18% depth).",1
757,80,Confectionery,86,India - Tier 2/3,2025-12-28,promo_launch,15.2,"Nomad Candy Co launched a promo at Bazaar Wholesale #2 (Tier 2/3) the week of 2025-12-28 (Display, 15% depth).",1
758,76,Dairy,79,India - Tier 2/3,2025-12-28,promo_launch,7.9,"Royal Farms launched a promo at MarketLink GT (Tier 2/3) the week of 2025-12-28 (TPR, 8% depth).",1
759,108,Baby Care,83,India - Tier 2/3,2025-12-28,promo_launch,14.8,"Crunch Baby Co launched a promo at Neighborhood Wholesale #2 (Tier 2/3) the week of 2025-12-28 (TPR, 15% depth).",1
760,47,Beverages,115,Gulf - Saudi,2025-12-28,promo_launch,7.1,"Sunrise Refresh launched a promo at PrimeGrocer (Saudi) the week of 2025-12-28 (TPR, 7% depth).",1
761,47,Beverages,116,Gulf - Saudi,2025-12-28,promo_launch,46.5,"Sunrise Refresh launched a promo at DailyBasket (Saudi) the week of 2025-12-28 (BOGO, 46% depth).",1
762,110,Baby Care,61,India - Metro,2025-12-28,promo_launch,48.8,"Meadow Tiny Care launched a promo at Community Retail Co-op (Metro) the week of 2025-12-28 (BOGO, 49% depth).",1
763,47,Beverages,123,Gulf - Saudi,2025-12-28,promo_launch,17.1,"Sunrise Refresh launched a promo at Bazaar Wholesale (Saudi) the week of 2025-12-28 (Display, 17% depth).",1
764,80,Confectionery,2,North America,2025-12-28,promo_launch,24.5,"Nomad Candy Co launched a promo at MetroBazaar the week of 2025-12-28 (Ad, 24% depth).",1
765,35,Packaged Foods,68,India - Tier 2/3,2025-12-28,promo_launch,7.4,"Silver Table launched a promo at PrimeGrocer (Tier 2/3) the week of 2025-12-28 (TPR, 7% depth).",1
766,76,Dairy,73,India - Tier 2/3,2025-12-28,promo_launch,13.1,"Royal Farms launched a promo at Local Trade Collective (Tier 2/3) the week of 2025-12-28 (TPR, 13% depth).",1
767,104,Baby Care,134,Gulf - Qatar,2025-12-28,promo_launch,11.4,"Meadow Baby Co launched a promo at DashKart (Qatar) the week of 2025-12-28 (TPR, 11% depth).",1
768,105,Baby Care,84,India - Tier 2/3,2025-12-28,promo_launch,14.6,"Silver Baby Essentials launched a promo at Corner Store Network #2 (Tier 2/3) the week of 2025-12-28 (Display, 15% depth).",1
769,92,Breakfast & Cereal,173,SEA - Philippines,2025-12-28,promo_launch,6.9,"Cloud Grains launched a promo at Local Trade Collective (Philippines) the week of 2025-12-28 (TPR, 7% depth).",1
770,2,Salty Snacks,112,Gulf - Saudi,2025-12-28,promo_launch,7.4,"Bold Snacks launched a promo at FreshMart (Saudi) the week of 2025-12-28 (TPR, 7% depth).",1
771,76,Dairy,69,India - Tier 2/3,2025-12-28,promo_launch,10.6,"Royal Farms launched a promo at DailyBasket (Tier 2/3) the week of 2025-12-28 (TPR, 11% depth).",1
772,76,Dairy,68,India - Tier 2/3,2025-12-28,promo_launch,47.8,"Royal Farms launched a promo at PrimeGrocer (Tier 2/3) the week of 2025-12-28 (BOGO, 48% depth).",1
773,47,Beverages,88,India - Tier 2/3,2025-12-28,promo_launch,18.2,"Sunrise Refresh launched a promo at Sundry Traders Network #2 (Tier 2/3) the week of 2025-12-28 (Ad, 18% depth).",1
774,47,Beverages,89,India - Tier 2/3,2025-12-28,promo_launch,16.9,"Sunrise Refresh launched a promo at Local Trade Collective #3 (Tier 2/3) the week of 2025-12-28 (Ad, 17% depth).",1
775,47,Beverages,79,India - Tier 2/3,2025-12-28,promo_launch,10.1,"Sunrise Refresh launched a promo at MarketLink GT (Tier 2/3) the week of 2025-12-28 (TPR, 10% depth).",1
776,47,Beverages,77,India - Tier 2/3,2025-12-28,promo_launch,15.3,"Sunrise Refresh launched a promo at Community Retail Co-op (Tier 2/3) the week of 2025-12-28 (Ad, 15% depth).",1
777,92,Breakfast & Cereal,174,SEA - Philippines,2025-12-28,promo_launch,18.8,"Cloud Grains launched a promo at ValueTrade GT (Philippines) the week of 2025-12-28 (Display, 19% depth).",1
778,47,Beverages,77,India - Tier 2/3,2025-12-28,promo_launch,22.8,"Sunrise Refresh launched a promo at Community Retail Co-op (Tier 2/3) the week of 2025-12-28 (Ad, 23% depth).",1
779,77,Dairy,127,Gulf - Qatar,2025-12-28,promo_launch,24.3,"Urban Creamery launched a promo at FreshMart (Qatar) the week of 2025-12-28 (Ad, 24% depth).",1
780,95,Breakfast & Cereal,115,Gulf - Saudi,2025-12-28,promo_launch,10.1,"Cloud Mornings launched a promo at PrimeGrocer (Saudi) the week of 2025-12-28 (Display, 10% depth).",1
781,77,Dairy,125,Gulf - Saudi,2025-12-28,promo_launch,11.5,"Urban Creamery launched a promo at Sundry Traders Network (Saudi) the week of 2025-12-28 (TPR, 12% depth).",1
782,47,Beverages,84,India - Tier 2/3,2025-12-28,promo_launch,8.3,"Sunrise Refresh launched a promo at Corner Store Network #2 (Tier 2/3) the week of 2025-12-28 (TPR, 8% depth).",1
783,47,Beverages,113,Gulf - Saudi,2025-12-28,promo_launch,15.0,"Sunrise Refresh launched a promo at MetroBazaar (Saudi) the week of 2025-12-28 (Display, 15% depth).",1
784,98,Breakfast & Cereal,76,India - Tier 2/3,2025-12-28,promo_launch,10.1,"Coastal Mornings launched a promo at Corner Store Network (Tier 2/3) the week of 2025-12-28 (Display, 10% depth).",1
785,95,Breakfast & Cereal,116,Gulf - Saudi,2025-12-28,promo_launch,10.7,"Cloud Mornings launched a promo at DailyBasket (Saudi) the week of 2025-12-28 (Display, 11% depth).",1
786,92,Breakfast & Cereal,180,SEA - Philippines,2025-12-28,promo_launch,18.9,"Cloud Grains launched a promo at Sundry Traders Network (Philippines) the week of 2025-12-28 (Display, 19% depth).",1
787,92,Breakfast & Cereal,179,SEA - Philippines,2025-12-28,promo_launch,20.0,"Cloud Grains launched a promo at MarketLink GT (Philippines) the week of 2025-12-28 (Ad, 20% depth).",1
788,2,Salty Snacks,47,India - Metro,2025-12-28,promo_launch,23.2,"Bold Snacks launched a promo at ZipCart (Metro) the week of 2025-12-28 (Ad, 23% depth).",1
789,47,Beverages,125,Gulf - Saudi,2025-12-28,promo_launch,47.7,"Sunrise Refresh launched a promo at Sundry Traders Network (Saudi) the week of 2025-12-28 (BOGO, 48% depth).",1
790,47,Beverages,68,India - Tier 2/3,2025-12-28,promo_launch,13.4,"Sunrise Refresh launched a promo at PrimeGrocer (Tier 2/3) the week of 2025-12-28 (Display, 13% depth).",1
791,47,Beverages,69,India - Tier 2/3,2025-12-28,promo_launch,16.6,"Sunrise Refresh launched a promo at DailyBasket (Tier 2/3) the week of 2025-12-28 (Display, 17% depth).",1
792,47,Beverages,70,India - Tier 2/3,2025-12-28,promo_launch,14.4,"Sunrise Refresh launched a promo at SunriseMart (Tier 2/3) the week of 2025-12-28 (TPR, 14% depth).",1
793,77,Dairy,113,Gulf - Saudi,2025-12-28,promo_launch,10.8,"Urban Creamery launched a promo at MetroBazaar (Saudi) the week of 2025-12-28 (TPR, 11% depth).",1
794,47,Beverages,72,India - Tier 2/3,2025-12-28,promo_launch,9.9,"Sunrise Refresh launched a promo at ValueGrocer (Tier 2/3) the week of 2025-12-28 (TPR, 10% depth).",1
795,105,Baby Care,79,India - Tier 2/3,2025-12-28,promo_launch,16.4,"Silver Baby Essentials launched a promo at MarketLink GT (Tier 2/3) the week of 2025-12-28 (Ad, 16% depth).",1
796,76,Dairy,89,India - Tier 2/3,2025-12-28,promo_launch,18.5,"Royal Farms launched a promo at Local Trade Collective #3 (Tier 2/3) the week of 2025-12-28 (Display, 18% depth).",1
797,14,Sparkling Water,3,North America,2025-12-28,promo_launch,18.4,"Golden Bubbles launched a promo at GreenAisle the week of 2025-12-28 (Display, 18% depth).",1
798,76,Dairy,65,India - Tier 2/3,2025-12-28,promo_launch,10.1,"Royal Farms launched a promo at FreshMart (Tier 2/3) the week of 2025-12-28 (TPR, 10% depth).",1
799,48,Beverages,132,Gulf - Qatar,2025-12-28,promo_launch,22.6,"Silver Beverages launched a promo at QuickDash (Qatar) the week of 2025-12-28 (Ad, 23% depth).",1
800,92,Breakfast & Cereal,177,SEA - Philippines,2025-12-28,promo_launch,17.4,"Cloud Grains launched a promo at Community Retail Co-op (Philippines) the week of 2025-12-28 (Display, 17% depth).",1
801,48,Beverages,129,Gulf - Qatar,2025-12-28,promo_launch,19.8,"Silver Beverages launched a promo at GreenAisle (Qatar) the week of 2025-12-28 (Display, 20% depth).",1
802,105,Baby Care,184,SEA - Indonesia,2025-12-28,promo_launch,49.1,"Silver Baby Essentials launched a promo at PrimeGrocer (Indonesia) the week of 2025-12-28 (BOGO, 49% depth).",1
803,14,Sparkling Water,25,North America,2025-12-28,promo_launch,13.1,"Golden Bubbles launched a promo at QuickStop the week of 2025-12-28 (TPR, 13% depth).",1
804,48,Beverages,131,Gulf - Qatar,2025-12-28,promo_launch,12.1,"Silver Beverages launched a promo at DailyBasket (Qatar) the week of 2025-12-28 (Display, 12% depth).",1
805,14,Sparkling Water,26,North America,2025-12-28,promo_launch,11.2,"Golden Bubbles launched a promo at CornerFuel Mart the week of 2025-12-28 (Display, 11% depth).",1
806,48,Beverages,135,Gulf - Qatar,2025-12-28,promo_launch,46.3,"Silver Beverages launched a promo at SwiftBasket (Qatar) the week of 2025-12-28 (BOGO, 46% depth).",1
807,48,Beverages,137,Gulf - Qatar,2025-12-28,promo_launch,16.5,"Silver Beverages launched a promo at Local Trade Collective (Qatar) the week of 2025-12-28 (Display, 16% depth).",1
808,14,Sparkling Water,29,North America,2025-12-28,promo_launch,10.3,"Golden Bubbles launched a promo at QuickStop #2 the week of 2025-12-28 (TPR, 10% depth).",1
809,105,Baby Care,185,SEA - Indonesia,2025-12-28,promo_launch,17.5,"Silver Baby Essentials launched a promo at DailyBasket (Indonesia) the week of 2025-12-28 (Ad, 18% depth).",1
810,48,Beverages,132,Gulf - Qatar,2025-12-28,promo_launch,5.3,"Silver Beverages launched a promo at QuickDash (Qatar) the week of 2025-12-28 (TPR, 5% depth).",1
811,105,Baby Care,186,SEA - Indonesia,2025-12-28,promo_launch,21.0,"Silver Baby Essentials launched a promo at SunriseMart (Indonesia) the week of 2025-12-28 (Ad, 21% depth).",1
812,48,Beverages,138,Gulf - Qatar,2025-12-28,promo_launch,11.3,"Silver Beverages launched a promo at ValueTrade GT (Qatar) the week of 2025-12-28 (Display, 11% depth).",1
813,80,Confectionery,34,North America,2025-12-28,promo_launch,12.4,"Nomad Candy Co launched a promo at CornerFuel Mart #3 the week of 2025-12-28 (TPR, 12% depth).",1
814,48,Beverages,130,Gulf - Qatar,2025-12-28,promo_launch,11.3,"Silver Beverages launched a promo at PrimeGrocer (Qatar) the week of 2025-12-28 (Display, 11% depth).",1
815,47,Beverages,125,Gulf - Saudi,2025-12-28,promo_launch,49.7,"Sunrise Refresh launched a promo at Sundry Traders Network (Saudi) the week of 2025-12-28 (BOGO, 50% depth).",1
816,14,Sparkling Water,23,North America,2025-12-28,promo_launch,5.8,"Golden Bubbles launched a promo at GreenLeaf Naturals #2 the week of 2025-12-28 (TPR, 6% depth).",1
817,92,Breakfast & Cereal,165,SEA - Philippines,2025-12-28,promo_launch,48.4,"Cloud Grains launched a promo at PrimeGrocer (Philippines) the week of 2025-12-28 (BOGO, 48% depth).",1
818,92,Breakfast & Cereal,162,SEA - Philippines,2025-12-28,promo_launch,8.5,"Cloud Grains launched a promo at FreshMart (Philippines) the week of 2025-12-28 (TPR, 8% depth).",1
819,104,Baby Care,129,Gulf - Qatar,2025-12-28,promo_launch,8.5,"Meadow Baby Co launched a promo at GreenAisle (Qatar) the week of 2025-12-28 (TPR, 8% depth).",1
820,2,Salty Snacks,121,Gulf - Saudi,2025-12-28,promo_launch,11.7,"Bold Snacks launched a promo at Corner Store Network (Saudi) the week of 2025-12-28 (Display, 12% depth).",1
821,104,Baby Care,128,Gulf - Qatar,2025-12-28,promo_launch,6.6,"Meadow Baby Co launched a promo at MetroBazaar (Qatar) the week of 2025-12-28 (TPR, 7% depth).",1
822,2,Salty Snacks,125,Gulf - Saudi,2025-12-28,promo_launch,7.6,"Bold Snacks launched a promo at Sundry Traders Network (Saudi) the week of 2025-12-28 (TPR, 8% depth).",1
823,110,Baby Care,58,India - Metro,2025-12-28,promo_launch,10.0,"Meadow Tiny Care launched a promo at ValueTrade GT (Metro) the week of 2025-12-28 (TPR, 10% depth).",1
824,89,Breakfast & Cereal,14,North America,2025-12-28,promo_launch,6.3,"Nomad Mornings launched a promo at SaverClub the week of 2025-12-28 (TPR, 6% depth).",1
825,73,Dairy,200,SEA - Indonesia,2025-12-28,promo_launch,5.6,"Blue Milk Co launched a promo at Sundry Traders Network (Indonesia) the week of 2025-12-28 (TPR, 6% depth).",1
826,22,Sparkling Water,121,Gulf - Saudi,2025-12-28,promo_launch,14.4,"Crunch Fizz launched a promo at Corner Store Network (Saudi) the week of 2025-12-28 (TPR, 14% depth).",1
827,7,Salty Snacks,181,SEA - Indonesia,2025-12-28,promo_launch,45.5,"Urban Bites launched a promo at FreshMart (Indonesia) the week of 2025-12-28 (BOGO, 46% depth).",1
828,19,Sparkling Water,23,North America,2025-12-28,promo_launch,17.1,"Fresh Fizz launched a promo at GreenLeaf Naturals #2 the week of 2025-12-28 (Ad, 17% depth).",1
829,70,Dairy,114,Gulf - Saudi,2025-12-28,promo_launch,11.5,"Vivid Milk Co launched a promo at GreenAisle (Saudi) the week of 2025-12-28 (TPR, 12% depth).",1
830,9,Salty Snacks,91,Gulf - UAE,2025-12-28,promo_launch,47.2,"Spring Crisps launched a promo at MetroBazaar (UAE) the week of 2025-12-28 (BOGO, 47% depth).",1
831,7,Salty Snacks,183,SEA - Indonesia,2025-12-28,promo_launch,12.3,"Urban Bites launched a promo at GreenAisle (Indonesia) the week of 2025-12-28 (TPR, 12% depth).",1
832,63,Home Care,121,Gulf - Saudi,2025-12-28,promo_launch,13.5,"Silver Household launched a promo at Corner Store Network (Saudi) the week of 2025-12-28 (TPR, 14% depth).",1
833,83,Confectionery,126,Gulf - Saudi,2025-12-28,promo_launch,46.7,"Fresh Treats launched a promo at Local Trade Collective #2 (Saudi) the week of 2025-12-28 (BOGO, 47% depth).",1
834,22,Sparkling Water,91,Gulf - UAE,2025-12-28,promo_launch,10.4,"Crunch Fizz launched a promo at MetroBazaar (UAE) the week of 2025-12-28 (TPR, 10% depth).",1
835,7,Salty Snacks,184,SEA - Indonesia,2025-12-28,promo_launch,14.6,"Urban Bites launched a promo at PrimeGrocer (Indonesia) the week of 2025-12-28 (TPR, 15% depth).",1
836,63,Home Care,123,Gulf - Saudi,2025-12-28,promo_launch,48.4,"Silver Household launched a promo at Bazaar Wholesale (Saudi) the week of 2025-12-28 (BOGO, 48% depth).",1
837,22,Sparkling Water,126,Gulf - Saudi,2025-12-28,promo_launch,13.2,"Crunch Fizz launched a promo at Local Trade Collective #2 (Saudi) the week of 2025-12-28 (TPR, 13% depth).",1
838,19,Sparkling Water,26,North America,2025-12-28,promo_launch,48.2,"Fresh Fizz launched a promo at CornerFuel Mart the week of 2025-12-28 (BOGO, 48% depth).",1
839,19,Sparkling Water,30,North America,2025-12-28,promo_launch,47.6,"Fresh Fizz launched a promo at CornerFuel Mart #2 the week of 2025-12-28 (BOGO, 48% depth).",1
840,100,Baby Care,71,India - Tier 2/3,2025-12-28,promo_launch,10.6,"Fresh Tiny Care launched a promo at UrbanPantry (Tier 2/3) the week of 2025-12-28 (Display, 11% depth).",1
841,7,Salty Snacks,187,SEA - Indonesia,2025-12-28,promo_launch,17.8,"Urban Bites launched a promo at QuickDash (Indonesia) the week of 2025-12-28 (Ad, 18% depth).",1
842,96,Breakfast & Cereal,74,India - Tier 2/3,2025-12-28,promo_launch,15.8,"Meadow Breakfast Co launched a promo at ValueTrade GT (Tier 2/3) the week of 2025-12-28 (Ad, 16% depth).",1
843,63,Home Care,12,North America,2025-12-28,promo_launch,7.0,"Silver Household launched a promo at MetroBazaar #2 the week of 2025-12-28 (TPR, 7% depth).",1
844,63,Home Care,13,North America,2025-12-28,promo_launch,11.7,"Silver Household launched a promo at GreenAisle #2 the week of 2025-12-28 (Display, 12% depth).",1
845,86,Confectionery,170,SEA - Philippines,2025-12-28,promo_launch,24.9,"True Candy Co launched a promo at DashKart (Philippines) the week of 2025-12-28 (Ad, 25% depth).",1
846,110,Baby Care,10,North America,2025-12-28,promo_launch,24.1,"Meadow Tiny Care launched a promo at HomeFresh the week of 2025-12-28 (Ad, 24% depth).",1
847,9,Salty Snacks,109,Gulf - UAE,2025-12-28,promo_launch,11.5,"Spring Crisps launched a promo at Neighborhood Wholesale (UAE) the week of 2025-12-28 (Display, 12% depth).",1
848,86,Confectionery,169,SEA - Philippines,2025-12-28,promo_launch,14.7,"True Candy Co launched a promo at ZipCart (Philippines) the week of 2025-12-28 (Display, 15% depth).",1
849,63,Home Care,116,Gulf - Saudi,2025-12-28,promo_launch,15.5,"Silver Household launched a promo at DailyBasket (Saudi) the week of 2025-12-28 (Ad, 16% depth).",1
850,86,Confectionery,166,SEA - Philippines,2025-12-28,promo_launch,9.1,"True Candy Co launched a promo at DailyBasket (Philippines) the week of 2025-12-28 (TPR, 9% depth).",1
851,107,Baby Care,197,SEA - Indonesia,2025-12-28,promo_launch,12.1,"Spring Tiny Care launched a promo at Community Retail Co-op (Indonesia) the week of 2025-12-28 (Display, 12% depth).",1
852,19,Sparkling Water,65,India - Tier 2/3,2025-12-28,promo_launch,10.1,"Fresh Fizz launched a promo at FreshMart (Tier 2/3) the week of 2025-12-28 (TPR, 10% depth).",1
853,22,Sparkling Water,98,Gulf - UAE,2025-12-28,promo_launch,17.6,"Crunch Fizz launched a promo at BulkBasket Club (UAE) the week of 2025-12-28 (Display, 18% depth).",1
854,63,Home Care,17,North America,2025-12-28,promo_launch,17.8,"Silver Household launched a promo at MegaValue Club the week of 2025-12-28 (Display, 18% depth).",1
855,82,Confectionery,84,India - Tier 2/3,2025-12-28,promo_launch,13.3,"Meadow Treats launched a promo at Corner Store Network #2 (Tier 2/3) the week of 2025-12-28 (Display, 13% depth).",1
856,22,Sparkling Water,110,Gulf - UAE,2025-12-28,promo_launch,17.4,"Crunch Fizz launched a promo at Corner Store Network (UAE) the week of 2025-12-28 (Display, 17% depth).",1
857,7,Salty Snacks,102,Gulf - UAE,2025-12-28,promo_launch,16.2,"Urban Bites launched a promo at DashKart (UAE) the week of 2025-12-28 (Ad, 16% depth).",1
858,86,Confectionery,172,SEA - Philippines,2025-12-28,promo_launch,12.2,"True Candy Co launched a promo at HopMart (Philippines) the week of 2025-12-28 (Display, 12% depth).",1
859,7,Salty Snacks,103,Gulf - UAE,2025-12-28,promo_launch,46.5,"Urban Bites launched a promo at SwiftBasket (UAE) the week of 2025-12-28 (BOGO, 46% depth).",1
860,62,Home Care,122,Gulf - Saudi,2025-12-28,promo_launch,11.8,"Royal Household launched a promo at Community Retail Co-op (Saudi) the week of 2025-12-28 (Display, 12% depth).",1
861,62,Home Care,124,Gulf - Saudi,2025-12-28,promo_launch,49.6,"Royal Household launched a promo at MarketLink GT (Saudi) the week of 2025-12-28 (BOGO, 50% depth).",1
862,96,Breakfast & Cereal,71,India - Tier 2/3,2025-12-28,promo_launch,14.3,"Meadow Breakfast Co launched a promo at UrbanPantry (Tier 2/3) the week of 2025-12-28 (TPR, 14% depth).",1
863,19,Sparkling Water,16,North America,2025-12-28,promo_launch,18.4,"Fresh Fizz launched a promo at WareClub the week of 2025-12-28 (Display, 18% depth).",1
864,63,Home Care,1,North America,2025-12-28,promo_launch,22.0,"Silver Household launched a promo at FreshMart the week of 2025-12-28 (Ad, 22% depth).",1
865,63,Home Care,3,North America,2025-12-28,promo_launch,8.4,"Silver Household launched a promo at GreenAisle the week of 2025-12-28 (TPR, 8% depth).",1
866,22,Sparkling Water,111,Gulf - UAE,2025-12-28,promo_launch,11.7,"Crunch Fizz launched a promo at Community Retail Co-op (UAE) the week of 2025-12-28 (TPR, 12% depth).",1
867,70,Dairy,125,Gulf - Saudi,2025-12-28,promo_launch,8.0,"Vivid Milk Co launched a promo at Sundry Traders Network (Saudi) the week of 2025-12-28 (TPR, 8% depth).",1
868,100,Baby Care,74,India - Tier 2/3,2025-12-28,promo_launch,14.5,"Fresh Tiny Care launched a promo at ValueTrade GT (Tier 2/3) the week of 2025-12-28 (TPR, 14% depth).",1
869,22,Sparkling Water,109,Gulf - UAE,2025-12-28,promo_launch,10.8,"Crunch Fizz launched a promo at Neighborhood Wholesale (UAE) the week of 2025-12-28 (TPR, 11% depth).",1
870,63,Home Care,16,North America,2025-12-28,promo_launch,13.6,"Silver Household launched a promo at WareClub the week of 2025-12-28 (Display, 14% depth).",1
871,22,Sparkling Water,108,Gulf - UAE,2025-12-28,promo_launch,45.4,"Crunch Fizz launched a promo at ValueTrade GT (UAE) the week of 2025-12-28 (BOGO, 45% depth).",1
872,63,Home Care,9,North America,2025-12-28,promo_launch,7.0,"Silver Household launched a promo at CityMart the week of 2025-12-28 (TPR, 7% depth).",1
873,70,Dairy,122,Gulf - Saudi,2025-12-28,promo_launch,10.0,"Vivid Milk Co launched a promo at Community Retail Co-op (Saudi) the week of 2025-12-28 (TPR, 10% depth).",1
874,22,Sparkling Water,107,Gulf - UAE,2025-12-28,promo_launch,12.9,"Crunch Fizz launched a promo at Local Trade Collective (UAE) the week of 2025-12-28 (TPR, 13% depth).",1
875,83,Confectionery,123,Gulf - Saudi,2025-12-28,promo_launch,45.3,"Fresh Treats launched a promo at Bazaar Wholesale (Saudi) the week of 2025-12-28 (BOGO, 45% depth).",1
876,7,Salty Snacks,109,Gulf - UAE,2025-12-28,promo_launch,13.9,"Urban Bites launched a promo at Neighborhood Wholesale (UAE) the week of 2025-12-28 (TPR, 14% depth).",1
877,19,Sparkling Water,19,North America,2025-12-28,promo_launch,19.1,"Fresh Fizz launched a promo at GreenLeaf Naturals the week of 2025-12-28 (Ad, 19% depth).",1
878,86,Confectionery,163,SEA - Philippines,2025-12-28,promo_launch,9.2,"True Candy Co launched a promo at MetroBazaar (Philippines) the week of 2025-12-28 (TPR, 9% depth).",1
879,7,Salty Snacks,110,Gulf - UAE,2025-12-28,promo_launch,17.3,"Urban Bites launched a promo at Corner Store Network (UAE) the week of 2025-12-28 (Display, 17% depth).",1
880,63,Home Care,15,North America,2025-12-28,promo_launch,15.5,"Silver Household launched a promo at BulkBasket Club the week of 2025-12-28 (Display, 16% depth).",1
881,19,Sparkling Water,21,North America,2025-12-28,promo_launch,16.2,"Fresh Fizz launched a promo at EarthAisle the week of 2025-12-28 (Display, 16% depth).",1
882,7,Salty Snacks,111,Gulf - UAE,2025-12-28,promo_launch,10.1,"Urban Bites launched a promo at Community Retail Co-op (UAE) the week of 2025-12-28 (TPR, 10% depth).",1
883,108,Baby Care,85,India - Tier 2/3,2025-12-28,promo_launch,19.8,"Crunch Baby Co launched a promo at Community Retail Co-op #2 (Tier 2/3) the week of 2025-12-28 (Ad, 20% depth).",1
884,63,Home Care,125,Gulf - Saudi,2025-12-28,promo_launch,10.0,"Silver Household launched a promo at Sundry Traders Network (Saudi) the week of 2025-12-28 (TPR, 10% depth).",1
885,22,Sparkling Water,99,Gulf - UAE,2025-12-28,promo_launch,48.1,"Crunch Fizz launched a promo at WareClub (UAE) the week of 2025-12-28 (BOGO, 48% depth).",1
886,64,Home Care,8,North America,2025-12-28,promo_launch,11.3,"Blue Shine launched a promo at ValueGrocer the week of 2025-12-28 (TPR, 11% depth).",1
887,19,Sparkling Water,85,India - Tier 2/3,2025-12-28,promo_launch,8.0,"Fresh Fizz launched a promo at Community Retail Co-op #2 (Tier 2/3) the week of 2025-12-28 (TPR, 8% depth).",1
888,63,Home Care,16,North America,2025-12-28,promo_launch,7.1,"Silver Household launched a promo at WareClub the week of 2025-12-28 (TPR, 7% depth).",1
889,22,Sparkling Water,98,Gulf - UAE,2025-12-28,promo_launch,5.5,"Crunch Fizz launched a promo at BulkBasket Club (UAE) the week of 2025-12-28 (TPR, 6% depth).",1
890,22,Sparkling Water,97,Gulf - UAE,2025-12-28,promo_launch,11.1,"Crunch Fizz launched a promo at SaverClub (UAE) the week of 2025-12-28 (Display, 11% depth).",1
891,63,Home Care,115,Gulf - Saudi,2025-12-28,promo_launch,12.4,"Silver Household launched a promo at PrimeGrocer (Saudi) the week of 2025-12-28 (TPR, 12% depth).",1
892,85,Confectionery,87,India - Tier 2/3,2025-12-28,promo_launch,10.8,"Heritage Treats launched a promo at MarketLink GT #2 (Tier 2/3) the week of 2025-12-28 (TPR, 11% depth).",1
893,22,Sparkling Water,93,Gulf - UAE,2025-12-28,promo_launch,20.2,"Crunch Fizz launched a promo at PrimeGrocer (UAE) the week of 2025-12-28 (Ad, 20% depth).",1
894,22,Sparkling Water,91,Gulf - UAE,2025-12-28,promo_launch,13.4,"Crunch Fizz launched a promo at MetroBazaar (UAE) the week of 2025-12-28 (Display, 13% depth).",1
895,19,Sparkling Water,1,North America,2025-12-28,promo_launch,48.0,"Fresh Fizz launched a promo at FreshMart the week of 2025-12-28 (BOGO, 48% depth).",1
896,9,Salty Snacks,98,Gulf - UAE,2025-12-28,promo_launch,13.8,"Spring Crisps launched a promo at BulkBasket Club (UAE) the week of 2025-12-28 (TPR, 14% depth).",1
897,83,Confectionery,82,India - Tier 2/3,2025-12-28,promo_launch,5.9,"Fresh Treats launched a promo at ValueTrade GT #2 (Tier 2/3) the week of 2025-12-28 (TPR, 6% depth).",1
898,64,Home Care,5,North America,2025-12-28,promo_launch,15.2,"Blue Shine launched a promo at DailyBasket the week of 2025-12-28 (Ad, 15% depth).",1
899,83,Confectionery,83,India - Tier 2/3,2025-12-28,promo_launch,12.3,"Fresh Treats launched a promo at Neighborhood Wholesale #2 (Tier 2/3) the week of 2025-12-28 (Display, 12% depth).",1
900,107,Baby Care,198,SEA - Indonesia,2025-12-28,promo_launch,17.4,"Spring Tiny Care launched a promo at Bazaar Wholesale (Indonesia) the week of 2025-12-28 (Display, 17% depth).",1
901,64,Home Care,15,North America,2025-12-28,promo_launch,18.5,"Blue Shine launched a promo at BulkBasket Club the week of 2025-12-28 (Ad, 18% depth).",1
902,19,Sparkling Water,8,North America,2025-12-28,promo_launch,11.6,"Fresh Fizz launched a promo at ValueGrocer the week of 2025-12-28 (TPR, 12% depth).",1
903,19,Sparkling Water,10,North America,2025-12-28,promo_launch,45.8,"Fresh Fizz launched a promo at HomeFresh the week of 2025-12-28 (BOGO, 46% depth).",1
904,64,Home Care,186,SEA - Indonesia,2025-12-28,promo_launch,9.7,"Blue Shine launched a promo at SunriseMart (Indonesia) the week of 2025-12-28 (TPR, 10% depth).",1
905,22,Sparkling Water,103,Gulf - UAE,2025-12-28,promo_launch,13.7,"Crunch Fizz launched a promo at SwiftBasket (UAE) the week of 2025-12-28 (TPR, 14% depth).",1
906,22,Sparkling Water,100,Gulf - UAE,2025-12-28,promo_launch,10.1,"Crunch Fizz launched a promo at QuickDash (UAE) the week of 2025-12-28 (Display, 10% depth).",1
907,99,Breakfast & Cereal,100,Gulf - UAE,2025-12-28,promo_launch,5.1,"Fresh Cereal Co launched a promo at QuickDash (UAE) the week of 2025-12-28 (TPR, 5% depth).",1
908,64,Home Care,196,SEA - Indonesia,2025-12-28,promo_launch,5.2,"Blue Shine launched a promo at Corner Store Network (Indonesia) the week of 2025-12-28 (TPR, 5% depth).",1
909,22,Sparkling Water,97,Gulf - UAE,2025-12-28,promo_launch,12.7,"Crunch Fizz launched a promo at SaverClub (UAE) the week of 2025-12-28 (TPR, 13% depth).",1
910,85,Confectionery,73,India - Tier 2/3,2025-12-28,promo_launch,12.5,"Heritage Treats launched a promo at Local Trade Collective (Tier 2/3) the week of 2025-12-28 (TPR, 12% depth).",1
911,69,Dairy,158,SEA - Malaysia,2025-12-28,promo_launch,8.9,"Everyday Milk Co launched a promo at Community Retail Co-op (Malaysia) the week of 2025-12-28 (TPR, 9% depth).",1
912,96,Breakfast & Cereal,81,India - Tier 2/3,2025-12-28,promo_launch,14.2,"Meadow Breakfast Co launched a promo at Local Trade Collective #2 (Tier 2/3) the week of 2025-12-28 (Display, 14% depth).",1
913,7,Salty Snacks,98,Gulf - UAE,2025-12-28,promo_launch,12.5,"Urban Bites launched a promo at BulkBasket Club (UAE) the week of 2025-12-28 (TPR, 12% depth).",1
914,100,Baby Care,80,India - Tier 2/3,2025-12-28,promo_launch,18.7,"Fresh Tiny Care launched a promo at Sundry Traders Network (Tier 2/3) the week of 2025-12-28 (Display, 19% depth).",1
915,9,Salty Snacks,101,Gulf - UAE,2025-12-28,promo_launch,17.1,"Spring Crisps launched a promo at ZipCart (UAE) the week of 2025-12-28 (Display, 17% depth).",1
916,63,Home Care,12,North America,2025-12-28,promo_launch,11.4,"Silver Household launched a promo at MetroBazaar #2 the week of 2025-12-28 (Display, 11% depth).",1
917,19,Sparkling Water,69,India - Tier 2/3,2025-12-28,promo_launch,45.0,"Fresh Fizz launched a promo at DailyBasket (Tier 2/3) the week of 2025-12-28 (BOGO, 45% depth).",1
918,63,Home Care,5,North America,2025-12-28,promo_launch,19.7,"Silver Household launched a promo at DailyBasket the week of 2025-12-28 (Display, 20% depth).",1
919,100,Baby Care,87,India - Tier 2/3,2025-12-28,promo_launch,6.7,"Fresh Tiny Care launched a promo at MarketLink GT #2 (Tier 2/3) the week of 2025-12-28 (TPR, 7% depth).",1
920,83,Confectionery,73,India - Tier 2/3,2025-12-28,promo_launch,18.7,"Fresh Treats launched a promo at Local Trade Collective (Tier 2/3) the week of 2025-12-28 (Ad, 19% depth).",1
921,22,Sparkling Water,91,Gulf - UAE,2025-12-28,promo_launch,47.4,"Crunch Fizz launched a promo at MetroBazaar (UAE) the week of 2025-12-28 (BOGO, 47% depth).",1
922,69,Dairy,160,SEA - Malaysia,2025-12-28,promo_launch,10.9,"Everyday Milk Co launched a promo at MarketLink GT (Malaysia) the week of 2025-12-28 (TPR, 11% depth).",1
923,83,Confectionery,75,India - Tier 2/3,2025-12-28,promo_launch,22.5,"Fresh Treats launched a promo at Neighborhood Wholesale (Tier 2/3) the week of 2025-12-28 (Ad, 22% depth).",1
924,69,Dairy,159,SEA - Malaysia,2025-12-28,promo_launch,25.0,"Everyday Milk Co launched a promo at Bazaar Wholesale (Malaysia) the week of 2025-12-28 (Ad, 25% depth).",1
925,22,Sparkling Water,123,Gulf - Saudi,2025-12-28,promo_launch,14.3,"Crunch Fizz launched a promo at Bazaar Wholesale (Saudi) the week of 2025-12-28 (TPR, 14% depth).",1
926,100,Baby Care,84,India - Tier 2/3,2025-12-28,promo_launch,9.7,"Fresh Tiny Care launched a promo at Corner Store Network #2 (Tier 2/3) the week of 2025-12-28 (TPR, 10% depth).",1
927,7,Salty Snacks,90,Gulf - UAE,2025-12-28,promo_launch,8.9,"Urban Bites launched a promo at FreshMart (UAE) the week of 2025-12-28 (TPR, 9% depth).",1
928,22,Sparkling Water,121,Gulf - Saudi,2025-12-28,promo_launch,12.6,"Crunch Fizz launched a promo at Corner Store Network (Saudi) the week of 2025-12-28 (TPR, 13% depth).",1
929,7,Salty Snacks,91,Gulf - UAE,2025-12-28,promo_launch,11.0,"Urban Bites launched a promo at MetroBazaar (UAE) the week of 2025-12-28 (Display, 11% depth).",1
930,63,Home Care,118,Gulf - Saudi,2025-12-28,promo_launch,45.6,"Silver Household launched a promo at Local Trade Collective (Saudi) the week of 2025-12-28 (BOGO, 46% depth).",1
931,63,Home Care,120,Gulf - Saudi,2025-12-28,promo_launch,9.4,"Silver Household launched a promo at Neighborhood Wholesale (Saudi) the week of 2025-12-28 (TPR, 9% depth).",1
932,69,Dairy,153,SEA - Malaysia,2025-12-28,promo_launch,17.3,"Everyday Milk Co launched a promo at FlashCart (Malaysia) the week of 2025-12-28 (Display, 17% depth).",1
933,63,Home Care,122,Gulf - Saudi,2025-12-28,promo_launch,19.1,"Silver Household launched a promo at Community Retail Co-op (Saudi) the week of 2025-12-28 (Ad, 19% depth).",1
934,86,Confectionery,170,SEA - Philippines,2025-12-28,promo_launch,24.8,"True Candy Co launched a promo at DashKart (Philippines) the week of 2025-12-28 (Ad, 25% depth).",1
935,7,Salty Snacks,93,Gulf - UAE,2025-12-28,promo_launch,19.9,"Urban Bites launched a promo at PrimeGrocer (UAE) the week of 2025-12-28 (Ad, 20% depth).",1
936,63,Home Care,4,North America,2025-12-28,promo_launch,6.5,"Silver Household launched a promo at PrimeGrocer the week of 2025-12-28 (TPR, 6% depth).",1
937,86,Confectionery,166,SEA - Philippines,2025-12-28,promo_launch,19.2,"True Candy Co launched a promo at DailyBasket (Philippines) the week of 2025-12-28 (Display, 19% depth).",1
938,69,Dairy,148,SEA - Malaysia,2025-12-28,promo_launch,15.4,"Everyday Milk Co launched a promo at QuickDash (Malaysia) the week of 2025-12-28 (Display, 15% depth).",1
939,62,Home Care,115,Gulf - Saudi,2025-12-28,promo_launch,24.9,"Royal Household launched a promo at PrimeGrocer (Saudi) the week of 2025-12-28 (Ad, 25% depth).",1
940,86,Confectionery,175,SEA - Philippines,2025-12-28,promo_launch,21.0,"True Candy Co launched a promo at Neighborhood Wholesale (Philippines) the week of 2025-12-28 (Ad, 21% depth).",1
941,100,Baby Care,77,India - Tier 2/3,2025-12-28,promo_launch,49.3,"Fresh Tiny Care launched a promo at Community Retail Co-op (Tier 2/3) the week of 2025-12-28 (BOGO, 49% depth).",1
942,87,Confectionery,10,North America,2025-12-28,promo_launch,23.2,"Pure Sweets launched a promo at HomeFresh the week of 2025-12-28 (Ad, 23% depth).",1
943,109,Baby Care,141,Gulf - Qatar,2025-12-28,promo_launch,8.9,"Silver Little Ones launched a promo at Community Retail Co-op (Qatar) the week of 2025-12-28 (TPR, 9% depth).",1
944,70,Dairy,76,India - Tier 2/3,2025-12-28,promo_launch,46.2,"Vivid Milk Co launched a promo at Corner Store Network (Tier 2/3) the week of 2025-12-28 (BOGO, 46% depth).",1
945,61,Home Care,46,India - Metro,2025-12-28,promo_launch,8.3,"Crunch Household launched a promo at QuickDash (Metro) the week of 2025-12-28 (TPR, 8% depth).",1
946,24,Personal Care,111,Gulf - UAE,2025-12-28,promo_launch,20.4,"Spring Care launched a promo at Community Retail Co-op (UAE) the week of 2025-12-28 (Ad, 20% depth).",1
947,100,Baby Care,78,India - Tier 2/3,2025-12-28,promo_launch,47.3,"Fresh Tiny Care launched a promo at Bazaar Wholesale (Tier 2/3) the week of 2025-12-28 (BOGO, 47% depth).",1
948,19,Sparkling Water,8,North America,2025-12-28,promo_launch,19.9,"Fresh Fizz launched a promo at ValueGrocer the week of 2025-12-28 (Display, 20% depth).",1
949,70,Dairy,71,India - Tier 2/3,2025-12-28,promo_launch,5.8,"Vivid Milk Co launched a promo at UrbanPantry (Tier 2/3) the week of 2025-12-28 (TPR, 6% depth).",1
950,61,Home Care,58,India - Metro,2025-12-28,promo_launch,10.8,"Crunch Household launched a promo at ValueTrade GT (Metro) the week of 2025-12-28 (Display, 11% depth).",1
951,7,Salty Snacks,96,Gulf - UAE,2025-12-28,promo_launch,7.2,"Urban Bites launched a promo at UrbanPantry (UAE) the week of 2025-12-28 (TPR, 7% depth).",1
952,61,Home Care,60,India - Metro,2025-12-28,promo_launch,47.7,"Crunch Household launched a promo at Corner Store Network (Metro) the week of 2025-12-28 (BOGO, 48% depth).",1
953,108,Baby Care,120,Gulf - Saudi,2025-12-28,promo_launch,22.9,"Crunch Baby Co launched a promo at Neighborhood Wholesale (Saudi) the week of 2025-12-28 (Ad, 23% depth).",1
954,61,Home Care,40,India - Metro,2025-12-28,promo_launch,14.5,"Crunch Household launched a promo at DailyBasket (Metro) the week of 2025-12-28 (Display, 14% depth).",1
955,24,Personal Care,91,Gulf - UAE,2025-12-28,promo_launch,5.1,"Spring Care launched a promo at MetroBazaar (UAE) the week of 2025-12-28 (TPR, 5% depth).",1
956,23,Personal Care,37,India - Metro,2025-12-28,promo_launch,14.2,"Golden Skin launched a promo at MetroBazaar (Metro) the week of 2025-12-28 (Display, 14% depth).",1
957,97,Breakfast & Cereal,156,SEA - Malaysia,2025-12-28,promo_launch,15.2,"Royal Breakfast Co launched a promo at Neighborhood Wholesale (Malaysia) the week of 2025-12-28 (Ad, 15% depth).",1
958,70,Dairy,65,India - Tier 2/3,2025-12-28,promo_launch,19.8,"Vivid Milk Co launched a promo at FreshMart (Tier 2/3) the week of 2025-12-28 (Ad, 20% depth).",1
959,23,Personal Care,61,India - Metro,2025-12-28,promo_launch,9.9,"Golden Skin launched a promo at Community Retail Co-op (Metro) the week of 2025-12-28 (TPR, 10% depth).",1
960,106,Baby Care,121,Gulf - Saudi,2025-12-28,promo_launch,6.9,"Vivid Little Ones launched a promo at Corner Store Network (Saudi) the week of 2025-12-28 (TPR, 7% depth).",1
961,70,Dairy,124,Gulf - Saudi,2025-12-28,promo_launch,47.3,"Vivid Milk Co launched a promo at MarketLink GT (Saudi) the week of 2025-12-28 (BOGO, 47% depth).",1
962,19,Sparkling Water,20,North America,2025-12-28,promo_launch,8.0,"Fresh Fizz launched a promo at PureRoots Market the week of 2025-12-28 (TPR, 8% depth).",1
963,110,Baby Care,46,India - Metro,2025-12-28,promo_launch,8.4,"Meadow Tiny Care launched a promo at QuickDash (Metro) the week of 2025-12-28 (TPR, 8% depth).",1
964,87,Confectionery,2,North America,2025-12-28,promo_launch,13.8,"Pure Sweets launched a promo at MetroBazaar the week of 2025-12-28 (TPR, 14% depth).",1
965,70,Dairy,118,Gulf - Saudi,2025-12-28,promo_launch,9.3,"Vivid Milk Co launched a promo at Local Trade Collective (Saudi) the week of 2025-12-28 (TPR, 9% depth).",1
966,70,Dairy,116,Gulf - Saudi,2025-12-28,promo_launch,12.6,"Vivid Milk Co launched a promo at DailyBasket (Saudi) the week of 2025-12-28 (TPR, 13% depth).",1
967,100,Baby Care,69,India - Tier 2/3,2025-12-28,promo_launch,15.8,"Fresh Tiny Care launched a promo at DailyBasket (Tier 2/3) the week of 2025-12-28 (Display, 16% depth).",1
968,23,Personal Care,41,India - Metro,2025-12-28,promo_launch,17.4,"Golden Skin launched a promo at SunriseMart (Metro) the week of 2025-12-28 (Ad, 17% depth).",1
969,61,Home Care,38,India - Metro,2025-12-28,promo_launch,46.4,"Crunch Household launched a promo at GreenAisle (Metro) the week of 2025-12-28 (BOGO, 46% depth).",1
970,70,Dairy,78,India - Tier 2/3,2025-12-28,promo_launch,11.5,"Vivid Milk Co launched a promo at Bazaar Wholesale (Tier 2/3) the week of 2025-12-28 (Display, 12% depth).",1
971,87,Confectionery,34,North America,2025-12-28,promo_launch,5.8,"Pure Sweets launched a promo at CornerFuel Mart #3 the week of 2025-12-28 (TPR, 6% depth).",1
972,70,Dairy,79,India - Tier 2/3,2025-12-28,promo_launch,11.3,"Vivid Milk Co launched a promo at MarketLink GT (Tier 2/3) the week of 2025-12-28 (Display, 11% depth).",1
973,24,Personal Care,131,Gulf - Qatar,2025-12-28,promo_launch,12.7,"Spring Care launched a promo at DailyBasket (Qatar) the week of 2025-12-28 (TPR, 13% depth).",1
974,100,Baby Care,85,India - Tier 2/3,2025-12-28,promo_launch,6.7,"Fresh Tiny Care launched a promo at Community Retail Co-op #2 (Tier 2/3) the week of 2025-12-28 (TPR, 7% depth).",1
975,24,Personal Care,128,Gulf - Qatar,2025-12-28,promo_launch,14.9,"Spring Care launched a promo at MetroBazaar (Qatar) the week of 2025-12-28 (TPR, 15% depth).",1
976,61,Home Care,57,India - Metro,2025-12-28,promo_launch,46.5,"Crunch Household launched a promo at Local Trade Collective (Metro) the week of 2025-12-28 (BOGO, 46% depth).",1
977,109,Baby Care,140,Gulf - Qatar,2025-12-28,promo_launch,19.4,"Silver Little Ones launched a promo at Corner Store Network (Qatar) the week of 2025-12-28 (Ad, 19% depth).",1
978,6,Salty Snacks,117,Gulf - Saudi,2025-12-28,promo_launch,14.5,"Coastal Bites launched a promo at SunriseMart (Saudi) the week of 2025-12-28 (Display, 14% depth).",1
979,70,Dairy,113,Gulf - Saudi,2025-12-28,promo_launch,20.9,"Vivid Milk Co launched a promo at MetroBazaar (Saudi) the week of 2025-12-28 (Ad, 21% depth).",1
980,24,Personal Care,109,Gulf - UAE,2025-12-28,promo_launch,6.6,"Spring Care launched a promo at Neighborhood Wholesale (UAE) the week of 2025-12-28 (TPR, 7% depth).",1
981,6,Salty Snacks,118,Gulf - Saudi,2025-12-28,promo_launch,15.7,"Coastal Bites launched a promo at Local Trade Collective (Saudi) the week of 2025-12-28 (Display, 16% depth).",1
982,18,Sparkling Water,123,Gulf - Saudi,2025-12-28,promo_launch,18.2,"Royal Fizz launched a promo at Bazaar Wholesale (Saudi) the week of 2025-12-28 (Display, 18% depth).",1
983,70,Dairy,87,India - Tier 2/3,2025-12-28,promo_launch,21.1,"Vivid Milk Co launched a promo at MarketLink GT #2 (Tier 2/3) the week of 2025-12-28 (Ad, 21% depth).",1
984,70,Dairy,86,India - Tier 2/3,2025-12-28,promo_launch,10.2,"Vivid Milk Co launched a promo at Bazaar Wholesale #2 (Tier 2/3) the week of 2025-12-28 (TPR, 10% depth).",1
985,100,Baby Care,83,India - Tier 2/3,2025-12-28,promo_launch,11.4,"Fresh Tiny Care launched a promo at Neighborhood Wholesale #2 (Tier 2/3) the week of 2025-12-28 (Display, 11% depth).",1
986,87,Confectionery,8,North America,2025-12-28,promo_launch,48.2,"Pure Sweets launched a promo at ValueGrocer the week of 2025-12-28 (BOGO, 48% depth).",1
987,83,Confectionery,123,Gulf - Saudi,2025-12-28,promo_launch,10.3,"Fresh Treats launched a promo at Bazaar Wholesale (Saudi) the week of 2025-12-28 (TPR, 10% depth).",1
988,24,Personal Care,102,Gulf - UAE,2025-12-28,promo_launch,22.5,"Spring Care launched a promo at DashKart (UAE) the week of 2025-12-28 (Ad, 22% depth).",1
989,61,Home Care,46,India - Metro,2025-12-28,promo_launch,12.8,"Crunch Household launched a promo at QuickDash (Metro) the week of 2025-12-28 (Display, 13% depth).",1
990,24,Personal Care,101,Gulf - UAE,2025-12-28,promo_launch,14.4,"Spring Care launched a promo at ZipCart (UAE) the week of 2025-12-28 (Display, 14% depth).",1
991,18,Sparkling Water,126,Gulf - Saudi,2025-12-28,promo_launch,17.0,"Royal Fizz launched a promo at Local Trade Collective #2 (Saudi) the week of 2025-12-28 (Ad, 17% depth).",1
992,61,Home Care,49,India - Metro,2025-12-28,promo_launch,49.1,"Crunch Household launched a promo at SwiftBasket (Metro) the week of 2025-12-28 (BOGO, 49% depth).",1
993,24,Personal Care,91,Gulf - UAE,2025-12-28,promo_launch,7.5,"Spring Care launched a promo at MetroBazaar (UAE) the week of 2025-12-28 (TPR, 8% depth).",1
994,87,Confectionery,3,North America,2025-12-28,promo_launch,11.0,"Pure Sweets launched a promo at GreenAisle the week of 2025-12-28 (Display, 11% depth).",1
995,83,Confectionery,126,Gulf - Saudi,2025-12-28,promo_launch,49.3,"Fresh Treats launched a promo at Local Trade Collective #2 (Saudi) the week of 2025-12-28 (BOGO, 49% depth).",1
996,6,Salty Snacks,125,Gulf - Saudi,2025-12-28,promo_launch,22.9,"Coastal Bites launched a promo at Sundry Traders Network (Saudi) the week of 2025-12-28 (Ad, 23% depth).",1
997,70,Dairy,80,India - Tier 2/3,2025-12-28,promo_launch,14.7,"Vivid Milk Co launched a promo at Sundry Traders Network (Tier 2/3) the week of 2025-12-28 (TPR, 15% depth).",1
998,23,Personal Care,38,India - Metro,2025-12-28,promo_launch,6.1,"Golden Skin launched a promo at GreenAisle (Metro) the week of 2025-12-28 (TPR, 6% depth).",1
999,87,Confectionery,29,North America,2025-12-28,promo_launch,13.1,"Pure Sweets launched a promo at QuickStop #2 the week of 2025-12-28 (Display, 13% depth).",1
1000,109,Baby Care,4,North America,2025-12-28,promo_launch,11.4,"Silver Little Ones launched a promo at PrimeGrocer the week of 2025-12-28 (Display, 11% depth).",1
1001,7,Salty Snacks,92,Gulf - UAE,2025-12-28,promo_launch,19.9,"Urban Bites launched a promo at GreenAisle (UAE) the week of 2025-12-28 (Display, 20% depth).",1
1002,7,Salty Snacks,195,SEA - Indonesia,2025-12-28,promo_launch,10.7,"Urban Bites launched a promo at Neighborhood Wholesale (Indonesia) the week of 2025-12-28 (TPR, 11% depth).",1
1003,23,Personal Care,50,India - Metro,2025-12-28,promo_launch,13.6,"Golden Skin launched a promo at HopMart (Metro) the week of 2025-12-28 (TPR, 14% depth).",1
1004,62,Home Care,3,North America,2025-12-28,promo_launch,13.7,"Royal Household launched a promo at GreenAisle the week of 2025-12-28 (TPR, 14% depth).",1
1005,86,Confectionery,175,SEA - Philippines,2025-12-28,promo_launch,17.2,"True Candy Co launched a promo at Neighborhood Wholesale (Philippines) the week of 2025-12-28 (Ad, 17% depth).",1
1006,23,Personal Care,41,India - Metro,2025-12-28,promo_launch,48.1,"Golden Skin launched a promo at SunriseMart (Metro) the week of 2025-12-28 (BOGO, 48% depth).",1
1007,70,Dairy,116,Gulf - Saudi,2025-12-28,promo_launch,6.6,"Vivid Milk Co launched a promo at DailyBasket (Saudi) the week of 2025-12-28 (TPR, 7% depth).",1
1008,23,Personal Care,37,India - Metro,2025-12-28,promo_launch,12.3,"Golden Skin launched a promo at MetroBazaar (Metro) the week of 2025-12-28 (Display, 12% depth).",1
1009,7,Salty Snacks,200,SEA - Indonesia,2025-12-28,promo_launch,17.5,"Urban Bites launched a promo at Sundry Traders Network (Indonesia) the week of 2025-12-28 (Display, 18% depth).",1
1010,110,Baby Care,37,India - Metro,2025-12-28,promo_launch,48.7,"Meadow Tiny Care launched a promo at MetroBazaar (Metro) the week of 2025-12-28 (BOGO, 49% depth).",1
1011,62,Home Care,112,Gulf - Saudi,2025-12-28,promo_launch,24.3,"Royal Household launched a promo at FreshMart (Saudi) the week of 2025-12-28 (Ad, 24% depth).",1
1012,86,Confectionery,169,SEA - Philippines,2025-12-28,promo_launch,47.2,"True Candy Co launched a promo at ZipCart (Philippines) the week of 2025-12-28 (BOGO, 47% depth).",1
1013,86,Confectionery,167,SEA - Philippines,2025-12-28,promo_launch,17.5,"True Candy Co launched a promo at SunriseMart (Philippines) the week of 2025-12-28 (Display, 18% depth).",1
1014,70,Dairy,84,India - Tier 2/3,2025-12-28,promo_launch,8.3,"Vivid Milk Co launched a promo at Corner Store Network #2 (Tier 2/3) the week of 2025-12-28 (TPR, 8% depth).",1
1015,99,Breakfast & Cereal,151,SEA - Malaysia,2025-12-28,promo_launch,48.0,"Fresh Cereal Co launched a promo at SwiftBasket (Malaysia) the week of 2025-12-28 (BOGO, 48% depth).",1
1016,7,Salty Snacks,93,Gulf - UAE,2025-12-28,promo_launch,12.1,"Urban Bites launched a promo at PrimeGrocer (UAE) the week of 2025-12-28 (Display, 12% depth).",1
1017,107,Baby Care,186,SEA - Indonesia,2025-12-28,promo_launch,10.2,"Spring Tiny Care launched a promo at SunriseMart (Indonesia) the week of 2025-12-28 (Display, 10% depth).",1
1018,23,Personal Care,52,India - Metro,2025-12-28,promo_launch,12.9,"Golden Skin launched a promo at NimbleMart (Metro) the week of 2025-12-28 (TPR, 13% depth).",1
1019,62,Home Care,125,Gulf - Saudi,2025-12-28,promo_launch,45.4,"Royal Household launched a promo at Sundry Traders Network (Saudi) the week of 2025-12-28 (BOGO, 45% depth).",1
1020,100,Baby Care,79,India - Tier 2/3,2025-12-28,promo_launch,7.0,"Fresh Tiny Care launched a promo at MarketLink GT (Tier 2/3) the week of 2025-12-28 (TPR, 7% depth).",1
1021,86,Confectionery,180,SEA - Philippines,2025-12-28,promo_launch,48.7,"True Candy Co launched a promo at Sundry Traders Network (Philippines) the week of 2025-12-28 (BOGO, 49% depth).",1
1022,7,Salty Snacks,96,Gulf - UAE,2025-12-28,promo_launch,12.8,"Urban Bites launched a promo at UrbanPantry (UAE) the week of 2025-12-28 (TPR, 13% depth).",1
1023,100,Baby Care,78,India - Tier 2/3,2025-12-28,promo_launch,6.9,"Fresh Tiny Care launched a promo at Bazaar Wholesale (Tier 2/3) the week of 2025-12-28 (TPR, 7% depth).",1
1024,86,Confectionery,179,SEA - Philippines,2025-12-28,promo_launch,14.9,"True Candy Co launched a promo at MarketLink GT (Philippines) the week of 2025-12-28 (Display, 15% depth).",1
1025,7,Salty Snacks,98,Gulf - UAE,2025-12-28,promo_launch,19.5,"Urban Bites launched a promo at BulkBasket Club (UAE) the week of 2025-12-28 (Ad, 20% depth).",1
1026,62,Home Care,13,North America,2025-12-28,promo_launch,16.3,"Royal Household launched a promo at GreenAisle #2 the week of 2025-12-28 (Ad, 16% depth).",1
1027,86,Confectionery,178,SEA - Philippines,2025-12-28,promo_launch,11.9,"True Candy Co launched a promo at Bazaar Wholesale (Philippines) the week of 2025-12-28 (Display, 12% depth).",1
1028,86,Confectionery,177,SEA - Philippines,2025-12-28,promo_launch,17.0,"True Candy Co launched a promo at Community Retail Co-op (Philippines) the week of 2025-12-28 (Display, 17% depth).",1
1029,70,Dairy,125,Gulf - Saudi,2025-12-28,promo_launch,9.9,"Vivid Milk Co launched a promo at Sundry Traders Network (Saudi) the week of 2025-12-28 (TPR, 10% depth).",1
1030,62,Home Care,122,Gulf - Saudi,2025-12-28,promo_launch,15.4,"Royal Household launched a promo at Community Retail Co-op (Saudi) the week of 2025-12-28 (Display, 15% depth).",1
1031,9,Salty Snacks,107,Gulf - UAE,2025-12-28,promo_launch,12.3,"Spring Crisps launched a promo at Local Trade Collective (UAE) the week of 2025-12-28 (Display, 12% depth).",1
1032,23,Personal Care,61,India - Metro,2025-12-28,promo_launch,16.6,"Golden Skin launched a promo at Community Retail Co-op (Metro) the week of 2025-12-28 (Display, 17% depth).",1
1033,96,Breakfast & Cereal,89,India - Tier 2/3,2025-12-28,promo_launch,12.5,"Meadow Breakfast Co launched a promo at Local Trade Collective #3 (Tier 2/3) the week of 2025-12-28 (TPR, 12% depth).",1
1034,23,Personal Care,58,India - Metro,2025-12-28,promo_launch,5.9,"Golden Skin launched a promo at ValueTrade GT (Metro) the week of 2025-12-28 (TPR, 6% depth).",1
1035,23,Personal Care,53,India - Metro,2025-12-28,promo_launch,13.3,"Golden Skin launched a promo at RapidBasket (Metro) the week of 2025-12-28 (TPR, 13% depth).",1
1036,99,Breakfast & Cereal,152,SEA - Malaysia,2025-12-28,promo_launch,15.7,"Fresh Cereal Co launched a promo at HopMart (Malaysia) the week of 2025-12-28 (Ad, 16% depth).",1
1037,110,Baby Care,40,India - Metro,2025-12-28,promo_launch,10.7,"Meadow Tiny Care launched a promo at DailyBasket (Metro) the week of 2025-12-28 (TPR, 11% depth).",1
1038,23,Personal Care,52,India - Metro,2025-12-28,promo_launch,10.1,"Golden Skin launched a promo at NimbleMart (Metro) the week of 2025-12-28 (TPR, 10% depth).",1
1039,9,Salty Snacks,90,Gulf - UAE,2025-12-28,promo_launch,7.9,"Spring Crisps launched a promo at FreshMart (UAE) the week of 2025-12-28 (TPR, 8% depth).",1
1040,70,Dairy,80,India - Tier 2/3,2025-12-28,promo_launch,21.5,"Vivid Milk Co launched a promo at Sundry Traders Network (Tier 2/3) the week of 2025-12-28 (Ad, 22% depth).",1
1041,70,Dairy,77,India - Tier 2/3,2025-12-28,promo_launch,7.6,"Vivid Milk Co launched a promo at Community Retail Co-op (Tier 2/3) the week of 2025-12-28 (TPR, 8% depth).",1
1042,106,Baby Care,126,Gulf - Saudi,2025-12-28,promo_launch,17.7,"Vivid Little Ones launched a promo at Local Trade Collective #2 (Saudi) the week of 2025-12-28 (Display, 18% depth).",1
1043,23,Personal Care,40,India - Metro,2025-12-28,promo_launch,16.4,"Golden Skin launched a promo at DailyBasket (Metro) the week of 2025-12-28 (Display, 16% depth).",1
1044,62,Home Care,14,North America,2025-12-28,promo_launch,6.6,"Royal Household launched a promo at SaverClub the week of 2025-12-28 (TPR, 7% depth).",1
1045,23,Personal Care,37,India - Metro,2025-12-28,promo_launch,45.6,"Golden Skin launched a promo at MetroBazaar (Metro) the week of 2025-12-28 (BOGO, 46% depth).",1
1046,83,Confectionery,82,India - Tier 2/3,2025-12-28,promo_launch,47.7,"Fresh Treats launched a promo at ValueTrade GT #2 (Tier 2/3) the week of 2025-12-28 (BOGO, 48% depth).",1
1047,99,Breakfast & Cereal,154,SEA - Malaysia,2025-12-28,promo_launch,16.8,"Fresh Cereal Co launched a promo at Local Trade Collective (Malaysia) the week of 2025-12-28 (Display, 17% depth).",1
1048,87,Confectionery,1,North America,2025-12-28,promo_launch,10.1,"Pure Sweets launched a promo at FreshMart the week of 2025-12-28 (Display, 10% depth).",1
1049,108,Baby Care,116,Gulf - Saudi,2025-12-28,promo_launch,48.6,"Crunch Baby Co launched a promo at DailyBasket (Saudi) the week of 2025-12-28 (BOGO, 49% depth).",1
1050,97,Breakfast & Cereal,154,SEA - Malaysia,2025-12-28,promo_launch,12.5,"Royal Breakfast Co launched a promo at Local Trade Collective (Malaysia) the week of 2025-12-28 (TPR, 12% depth).",1
1051,23,Personal Care,57,India - Metro,2025-12-28,promo_launch,45.8,"Golden Skin launched a promo at Local Trade Collective (Metro) the week of 2025-12-28 (BOGO, 46% depth).",1
1052,62,Home Care,120,Gulf - Saudi,2025-12-28,promo_launch,14.7,"Royal Household launched a promo at Neighborhood Wholesale (Saudi) the week of 2025-12-28 (Display, 15% depth).",1
1053,83,Confectionery,87,India - Tier 2/3,2025-12-28,promo_launch,13.2,"Fresh Treats launched a promo at MarketLink GT #2 (Tier 2/3) the week of 2025-12-28 (TPR, 13% depth).",1
1054,19,Sparkling Water,17,North America,2025-12-28,promo_launch,23.9,"Fresh Fizz launched a promo at MegaValue Club the week of 2025-12-28 (Ad, 24% depth).",1
1055,83,Confectionery,114,Gulf - Saudi,2025-12-28,promo_launch,14.2,"Fresh Treats launched a promo at GreenAisle (Saudi) the week of 2025-12-28 (TPR, 14% depth).",1
1056,21,Sparkling Water,142,SEA - Malaysia,2025-12-28,promo_launch,10.1,"Golden Fizz launched a promo at FreshMart (Malaysia) the week of 2025-12-28 (Display, 10% depth).",1
1057,19,Sparkling Water,68,India - Tier 2/3,2025-12-28,promo_launch,18.7,"Fresh Fizz launched a promo at PrimeGrocer (Tier 2/3) the week of 2025-12-28 (Display, 19% depth).",1
1058,66,Home Care,195,SEA - Indonesia,2025-12-28,promo_launch,15.1,"Golden Household launched a promo at Neighborhood Wholesale (Indonesia) the week of 2025-12-28 (Ad, 15% depth).",1
1059,99,Breakfast & Cereal,106,Gulf - UAE,2025-12-28,promo_launch,24.2,"Fresh Cereal Co launched a promo at NimbleMart (UAE) the week of 2025-12-28 (Ad, 24% depth).",1
1060,84,Confectionery,189,SEA - Indonesia,2025-12-28,promo_launch,17.7,"Everyday Treats launched a promo at DashKart (Indonesia) the week of 2025-12-28 (Display, 18% depth).",1
1061,67,Dairy,197,SEA - Indonesia,2025-12-28,promo_launch,20.5,"Golden Milk Co launched a promo at Community Retail Co-op (Indonesia) the week of 2025-12-28 (Ad, 20% depth).",1
1062,66,Home Care,65,India - Tier 2/3,2025-12-28,promo_launch,23.5,"Golden Household launched a promo at FreshMart (Tier 2/3) the week of 2025-12-28 (Ad, 24% depth).",1
1063,8,Salty Snacks,73,India - Tier 2/3,2025-12-28,promo_launch,45.2,"Meadow Crisps launched a promo at Local Trade Collective (Tier 2/3) the week of 2025-12-28 (BOGO, 45% depth).",1
1064,109,Baby Care,136,Gulf - Qatar,2025-12-28,promo_launch,12.1,"Silver Little Ones launched a promo at HopMart (Qatar) the week of 2025-12-28 (TPR, 12% depth).",1
1065,19,Sparkling Water,72,India - Tier 2/3,2025-12-28,promo_launch,10.7,"Fresh Fizz launched a promo at ValueGrocer (Tier 2/3) the week of 2025-12-28 (TPR, 11% depth).",1
1066,21,Sparkling Water,55,India - Metro,2025-12-28,promo_launch,14.6,"Golden Fizz launched a promo at DartMart (Metro) the week of 2025-12-28 (TPR, 15% depth).",1
1067,66,Home Care,72,India - Tier 2/3,2025-12-28,promo_launch,5.8,"Golden Household launched a promo at ValueGrocer (Tier 2/3) the week of 2025-12-28 (TPR, 6% depth).",1
1068,67,Dairy,192,SEA - Indonesia,2025-12-28,promo_launch,17.0,"Golden Milk Co launched a promo at FlashCart (Indonesia) the week of 2025-12-28 (Display, 17% depth).",1
1069,8,Salty Snacks,84,India - Tier 2/3,2025-12-28,promo_launch,8.8,"Meadow Crisps launched a promo at Corner Store Network #2 (Tier 2/3) the week of 2025-12-28 (TPR, 9% depth).",1
1070,66,Home Care,76,India - Tier 2/3,2025-12-28,promo_launch,15.7,"Golden Household launched a promo at Corner Store Network (Tier 2/3) the week of 2025-12-28 (Display, 16% depth).",1
1071,19,Sparkling Water,76,India - Tier 2/3,2025-12-28,promo_launch,24.8,"Fresh Fizz launched a promo at Corner Store Network (Tier 2/3) the week of 2025-12-28 (Ad, 25% depth).",1
1072,67,Dairy,191,SEA - Indonesia,2025-12-28,promo_launch,20.0,"Golden Milk Co launched a promo at HopMart (Indonesia) the week of 2025-12-28 (Display, 20% depth).",1
1073,8,Salty Snacks,81,India - Tier 2/3,2025-12-28,promo_launch,8.8,"Meadow Crisps launched a promo at Local Trade Collective #2 (Tier 2/3) the week of 2025-12-28 (TPR, 9% depth).",1
1074,21,Sparkling Water,47,India - Metro,2025-12-28,promo_launch,16.5,"Golden Fizz launched a promo at ZipCart (Metro) the week of 2025-12-28 (Display, 16% depth).",1
1075,21,Sparkling Water,46,India - Metro,2025-12-28,promo_launch,20.9,"Golden Fizz launched a promo at QuickDash (Metro) the week of 2025-12-28 (Ad, 21% depth).",1
1076,66,Home Care,86,India - Tier 2/3,2025-12-28,promo_launch,16.3,"Golden Household launched a promo at Bazaar Wholesale #2 (Tier 2/3) the week of 2025-12-28 (Ad, 16% depth).",1
1077,66,Home Care,87,India - Tier 2/3,2025-12-28,promo_launch,8.3,"Golden Household launched a promo at MarketLink GT #2 (Tier 2/3) the week of 2025-12-28 (TPR, 8% depth).",1
1078,19,Sparkling Water,79,India - Tier 2/3,2025-12-28,promo_launch,11.1,"Fresh Fizz launched a promo at MarketLink GT (Tier 2/3) the week of 2025-12-28 (TPR, 11% depth).",1
1079,66,Home Care,185,SEA - Indonesia,2025-12-28,promo_launch,8.2,"Golden Household launched a promo at DailyBasket (Indonesia) the week of 2025-12-28 (TPR, 8% depth).",1
1080,8,Salty Snacks,79,India - Tier 2/3,2025-12-28,promo_launch,15.2,"Meadow Crisps launched a promo at MarketLink GT (Tier 2/3) the week of 2025-12-28 (Ad, 15% depth).",1
1081,66,Home Care,189,SEA - Indonesia,2025-12-28,promo_launch,10.7,"Golden Household launched a promo at DashKart (Indonesia) the week of 2025-12-28 (Display, 11% depth).",1
1082,68,Dairy,182,SEA - Indonesia,2025-12-28,promo_launch,48.1,"Cloud Dairy launched a promo at MetroBazaar (Indonesia) the week of 2025-12-28 (BOGO, 48% depth).",1
1083,66,Home Care,189,SEA - Indonesia,2025-12-28,promo_launch,11.5,"Golden Household launched a promo at DashKart (Indonesia) the week of 2025-12-28 (Display, 12% depth).",1
1084,21,Sparkling Water,147,SEA - Malaysia,2025-12-28,promo_launch,17.9,"Golden Fizz launched a promo at SunriseMart (Malaysia) the week of 2025-12-28 (Ad, 18% depth).",1
1085,83,Confectionery,88,India - Tier 2/3,2025-12-28,promo_launch,14.4,"Fresh Treats launched a promo at Sundry Traders Network #2 (Tier 2/3) the week of 2025-12-28 (TPR, 14% depth).",1
1086,65,Home Care,9,North America,2025-12-28,promo_launch,17.5,"Urban Clean launched a promo at CityMart the week of 2025-12-28 (Display, 18% depth).",1
1087,107,Baby Care,192,SEA - Indonesia,2025-12-28,promo_launch,13.8,"Spring Tiny Care launched a promo at FlashCart (Indonesia) the week of 2025-12-28 (Display, 14% depth).",1
1088,21,Sparkling Water,53,India - Metro,2025-12-28,promo_launch,11.5,"Golden Fizz launched a promo at RapidBasket (Metro) the week of 2025-12-28 (Display, 12% depth).",1
1089,83,Confectionery,80,India - Tier 2/3,2025-12-28,promo_launch,10.5,"Fresh Treats launched a promo at Sundry Traders Network (Tier 2/3) the week of 2025-12-28 (Display, 10% depth).",1
1090,65,Home Care,14,North America,2025-12-28,promo_launch,12.5,"Urban Clean launched a promo at SaverClub the week of 2025-12-28 (Display, 12% depth).",1
1091,65,Home Care,16,North America,2025-12-28,promo_launch,6.1,"Urban Clean launched a promo at WareClub the week of 2025-12-28 (TPR, 6% depth).",1
1092,19,Sparkling Water,24,North America,2025-12-28,promo_launch,20.6,"Fresh Fizz launched a promo at PureRoots Market #2 the week of 2025-12-28 (Ad, 21% depth).",1
1093,68,Dairy,200,SEA - Indonesia,2025-12-28,promo_launch,10.7,"Cloud Dairy launched a promo at Sundry Traders Network (Indonesia) the week of 2025-12-28 (TPR, 11% depth).",1
1094,21,Sparkling Water,42,India - Metro,2025-12-28,promo_launch,14.9,"Golden Fizz launched a promo at QuickStop (Metro) the week of 2025-12-28 (Display, 15% depth).",1
1095,21,Sparkling Water,41,India - Metro,2025-12-28,promo_launch,20.8,"Golden Fizz launched a promo at SunriseMart (Metro) the week of 2025-12-28 (Ad, 21% depth).",1
1096,66,Home Care,73,India - Tier 2/3,2025-12-28,promo_launch,49.8,"Golden Household launched a promo at Local Trade Collective (Tier 2/3) the week of 2025-12-28 (BOGO, 50% depth).",1
1097,66,Home Care,79,India - Tier 2/3,2025-12-28,promo_launch,49.2,"Golden Household launched a promo at MarketLink GT (Tier 2/3) the week of 2025-12-28 (BOGO, 49% depth).",1
1098,21,Sparkling Water,161,SEA - Malaysia,2025-12-28,promo_launch,24.0,"Golden Fizz launched a promo at Sundry Traders Network (Malaysia) the week of 2025-12-28 (Ad, 24% depth).",1
1099,66,Home Care,80,India - Tier 2/3,2025-12-28,promo_launch,6.0,"Golden Household launched a promo at Sundry Traders Network (Tier 2/3) the week of 2025-12-28 (TPR, 6% depth).",1
1100,66,Home Care,83,India - Tier 2/3,2025-12-28,promo_launch,48.9,"Golden Household launched a promo at Neighborhood Wholesale #2 (Tier 2/3) the week of 2025-12-28 (BOGO, 49% depth).",1
1101,66,Home Care,84,India - Tier 2/3,2025-12-28,promo_launch,19.7,"Golden Household launched a promo at Corner Store Network #2 (Tier 2/3) the week of 2025-12-28 (Display, 20% depth).",1
1102,66,Home Care,86,India - Tier 2/3,2025-12-28,promo_launch,46.0,"Golden Household launched a promo at Bazaar Wholesale #2 (Tier 2/3) the week of 2025-12-28 (BOGO, 46% depth).",1
1103,66,Home Care,88,India - Tier 2/3,2025-12-28,promo_launch,19.6,"Golden Household launched a promo at Sundry Traders Network #2 (Tier 2/3) the week of 2025-12-28 (Ad, 20% depth).",1
1104,66,Home Care,181,SEA - Indonesia,2025-12-28,promo_launch,11.2,"Golden Household launched a promo at FreshMart (Indonesia) the week of 2025-12-28 (TPR, 11% depth).",1
1105,8,Salty Snacks,66,India - Tier 2/3,2025-12-28,promo_launch,9.2,"Meadow Crisps launched a promo at MetroBazaar (Tier 2/3) the week of 2025-12-28 (TPR, 9% depth).",1
1106,68,Dairy,189,SEA - Indonesia,2025-12-28,promo_launch,10.8,"Cloud Dairy launched a promo at DashKart (Indonesia) the week of 2025-12-28 (TPR, 11% depth).",1
1107,97,Breakfast & Cereal,147,SEA - Malaysia,2025-12-28,promo_launch,11.9,"Royal Breakfast Co launched a promo at SunriseMart (Malaysia) the week of 2025-12-28 (Display, 12% depth).",1
1108,21,Sparkling Water,148,SEA - Malaysia,2025-12-28,promo_launch,15.9,"Golden Fizz launched a promo at QuickDash (Malaysia) the week of 2025-12-28 (Ad, 16% depth).",1
1109,8,Salty Snacks,83,India - Tier 2/3,2025-12-28,promo_launch,19.9,"Meadow Crisps launched a promo at Neighborhood Wholesale #2 (Tier 2/3) the week of 2025-12-28 (Display, 20% depth).",1
1110,20,Sparkling Water,57,India - Metro,2025-12-28,promo_launch,9.1,"Heritage Springs launched a promo at Local Trade Collective (Metro) the week of 2025-12-28 (TPR, 9% depth).",1
1111,67,Dairy,182,SEA - Indonesia,2025-12-28,promo_launch,14.8,"Golden Milk Co launched a promo at MetroBazaar (Indonesia) the week of 2025-12-28 (TPR, 15% depth).",1
1112,66,Home Care,71,India - Tier 2/3,2025-12-28,promo_launch,45.5,"Golden Household launched a promo at UrbanPantry (Tier 2/3) the week of 2025-12-28 (BOGO, 46% depth).",1
1113,84,Confectionery,192,SEA - Indonesia,2025-12-28,promo_launch,48.5,"Everyday Treats launched a promo at FlashCart (Indonesia) the week of 2025-12-28 (BOGO, 48% depth).",1
1114,20,Sparkling Water,52,India - Metro,2025-12-28,promo_launch,17.0,"Heritage Springs launched a promo at NimbleMart (Metro) the week of 2025-12-28 (Display, 17% depth).",1
1115,8,Salty Snacks,77,India - Tier 2/3,2025-12-28,promo_launch,18.0,"Meadow Crisps launched a promo at Community Retail Co-op (Tier 2/3) the week of 2025-12-28 (Ad, 18% depth).",1
1116,84,Confectionery,188,SEA - Indonesia,2025-12-28,promo_launch,49.1,"Everyday Treats launched a promo at ZipCart (Indonesia) the week of 2025-12-28 (BOGO, 49% depth).",1
1117,66,Home Care,81,India - Tier 2/3,2025-12-28,promo_launch,14.6,"Golden Household launched a promo at Local Trade Collective #2 (Tier 2/3) the week of 2025-12-28 (TPR, 15% depth).",1
1118,84,Confectionery,189,SEA - Indonesia,2025-12-28,promo_launch,14.3,"Everyday Treats launched a promo at DashKart (Indonesia) the week of 2025-12-28 (TPR, 14% depth).",1
1119,67,Dairy,187,SEA - Indonesia,2025-12-28,promo_launch,48.1,"Golden Milk Co launched a promo at QuickDash (Indonesia) the week of 2025-12-28 (BOGO, 48% depth).",1
1120,8,Salty Snacks,79,India - Tier 2/3,2025-12-28,promo_launch,10.8,"Meadow Crisps launched a promo at MarketLink GT (Tier 2/3) the week of 2025-12-28 (Display, 11% depth).",1
1121,66,Home Care,88,India - Tier 2/3,2025-12-28,promo_launch,6.8,"Golden Household launched a promo at Sundry Traders Network #2 (Tier 2/3) the week of 2025-12-28 (TPR, 7% depth).",1
1122,67,Dairy,184,SEA - Indonesia,2025-12-28,promo_launch,8.8,"Golden Milk Co launched a promo at PrimeGrocer (Indonesia) the week of 2025-12-28 (TPR, 9% depth).",1
1123,20,Sparkling Water,57,India - Metro,2025-12-28,promo_launch,10.3,"Heritage Springs launched a promo at Local Trade Collective (Metro) the week of 2025-12-28 (Display, 10% depth).",1
1124,8,Salty Snacks,82,India - Tier 2/3,2025-12-28,promo_launch,17.5,"Meadow Crisps launched a promo at ValueTrade GT #2 (Tier 2/3) the week of 2025-12-28 (Ad, 18% depth).",1
1125,84,Confectionery,192,SEA - Indonesia,2025-12-28,promo_launch,10.4,"Everyday Treats launched a promo at FlashCart (Indonesia) the week of 2025-12-28 (TPR, 10% depth).",1
1126,8,Salty Snacks,83,India - Tier 2/3,2025-12-28,promo_launch,7.3,"Meadow Crisps launched a promo at Neighborhood Wholesale #2 (Tier 2/3) the week of 2025-12-28 (TPR, 7% depth).",1
1127,84,Confectionery,181,SEA - Indonesia,2025-12-28,promo_launch,16.4,"Everyday Treats launched a promo at FreshMart (Indonesia) the week of 2025-12-28 (Display, 16% depth).",1
1128,20,Sparkling Water,61,India - Metro,2025-12-28,promo_launch,13.5,"Heritage Springs launched a promo at Community Retail Co-op (Metro) the week of 2025-12-28 (TPR, 14% depth).",1
1129,20,Sparkling Water,49,India - Metro,2025-12-28,promo_launch,46.0,"Heritage Springs launched a promo at SwiftBasket (Metro) the week of 2025-12-28 (BOGO, 46% depth).",1
1130,107,Baby Care,196,SEA - Indonesia,2025-12-28,promo_launch,47.8,"Spring Tiny Care launched a promo at Corner Store Network (Indonesia) the week of 2025-12-28 (BOGO, 48% depth).",1
1131,67,Dairy,195,SEA - Indonesia,2025-12-28,promo_launch,17.1,"Golden Milk Co launched a promo at Neighborhood Wholesale (Indonesia) the week of 2025-12-28 (Display, 17% depth).",1
1132,8,Salty Snacks,65,India - Tier 2/3,2025-12-28,promo_launch,45.3,"Meadow Crisps launched a promo at FreshMart (Tier 2/3) the week of 2025-12-28 (BOGO, 45% depth).",1
1133,67,Dairy,186,SEA - Indonesia,2025-12-28,promo_launch,16.0,"Golden Milk Co launched a promo at SunriseMart (Indonesia) the week of 2025-12-28 (Display, 16% depth).",1
1134,67,Dairy,189,SEA - Indonesia,2025-12-28,promo_launch,16.1,"Golden Milk Co launched a promo at DashKart (Indonesia) the week of 2025-12-28 (Display, 16% depth).",1
1135,20,Sparkling Water,45,India - Metro,2025-12-28,promo_launch,45.2,"Heritage Springs launched a promo at ExpressStop (Metro) the week of 2025-12-28 (BOGO, 45% depth).",1
1136,67,Dairy,193,SEA - Indonesia,2025-12-28,promo_launch,11.4,"Golden Milk Co launched a promo at Local Trade Collective (Indonesia) the week of 2025-12-28 (TPR, 11% depth).",1
1137,84,Confectionery,195,SEA - Indonesia,2025-12-28,promo_launch,10.9,"Everyday Treats launched a promo at Neighborhood Wholesale (Indonesia) the week of 2025-12-28 (Display, 11% depth).",1
1138,67,Dairy,200,SEA - Indonesia,2025-12-28,promo_launch,14.0,"Golden Milk Co launched a promo at Sundry Traders Network (Indonesia) the week of 2025-12-28 (TPR, 14% depth).",1
1139,109,Baby Care,133,Gulf - Qatar,2025-12-28,promo_launch,23.8,"Silver Little Ones launched a promo at ZipCart (Qatar) the week of 2025-12-28 (Ad, 24% depth).",1
1140,20,Sparkling Water,48,India - Metro,2025-12-28,promo_launch,6.8,"Heritage Springs launched a promo at DashKart (Metro) the week of 2025-12-28 (TPR, 7% depth).",1
1141,20,Sparkling Water,47,India - Metro,2025-12-28,promo_launch,10.4,"Heritage Springs launched a promo at ZipCart (Metro) the week of 2025-12-28 (TPR, 10% depth).",1
1142,84,Confectionery,186,SEA - Indonesia,2025-12-28,promo_launch,10.3,"Everyday Treats launched a promo at SunriseMart (Indonesia) the week of 2025-12-28 (Display, 10% depth).",1
1143,20,Sparkling Water,44,India - Metro,2025-12-28,promo_launch,48.8,"Heritage Springs launched a promo at GoStop (Metro) the week of 2025-12-28 (BOGO, 49% depth).",1
1144,67,Dairy,189,SEA - Indonesia,2025-12-28,promo_launch,12.3,"Golden Milk Co launched a promo at DashKart (Indonesia) the week of 2025-12-28 (Display, 12% depth).",1
1145,97,Breakfast & Cereal,151,SEA - Malaysia,2025-12-28,promo_launch,10.8,"Royal Breakfast Co launched a promo at SwiftBasket (Malaysia) the week of 2025-12-28 (Display, 11% depth).",1
1146,8,Salty Snacks,75,India - Tier 2/3,2025-12-28,promo_launch,17.1,"Meadow Crisps launched a promo at Neighborhood Wholesale (Tier 2/3) the week of 2025-12-28 (Display, 17% depth).",1
1147,20,Sparkling Water,38,India - Metro,2025-12-28,promo_launch,21.8,"Heritage Springs launched a promo at GreenAisle (Metro) the week of 2025-12-28 (Ad, 22% depth).",1
1148,20,Sparkling Water,37,India - Metro,2025-12-28,promo_launch,14.2,"Heritage Springs launched a promo at MetroBazaar (Metro) the week of 2025-12-28 (Display, 14% depth).",1
1149,107,Baby Care,186,SEA - Indonesia,2025-12-28,promo_launch,13.9,"Spring Tiny Care launched a promo at SunriseMart (Indonesia) the week of 2025-12-28 (TPR, 14% depth).",1
1150,20,Sparkling Water,64,India - Metro,2025-12-28,promo_launch,23.0,"Heritage Springs launched a promo at Sundry Traders Network (Metro) the week of 2025-12-28 (Ad, 23% depth).",1
1151,20,Sparkling Water,41,India - Metro,2025-12-28,promo_launch,49.9,"Heritage Springs launched a promo at SunriseMart (Metro) the week of 2025-12-28 (BOGO, 50% depth).",1
1152,20,Sparkling Water,63,India - Metro,2025-12-28,promo_launch,6.2,"Heritage Springs launched a promo at MarketLink GT (Metro) the week of 2025-12-28 (TPR, 6% depth).",1
1153,84,Confectionery,200,SEA - Indonesia,2025-12-28,promo_launch,11.9,"Everyday Treats launched a promo at Sundry Traders Network (Indonesia) the week of 2025-12-28 (Display, 12% depth).",1
1154,20,Sparkling Water,56,India - Metro,2025-12-28,promo_launch,19.4,"Heritage Springs launched a promo at QuickDash #2 (Metro) the week of 2025-12-28 (Ad, 19% depth).",1
1155,8,Salty Snacks,71,India - Tier 2/3,2025-12-28,promo_launch,9.9,"Meadow Crisps launched a promo at UrbanPantry (Tier 2/3) the week of 2025-12-28 (TPR, 10% depth).",1
1156,8,Salty Snacks,72,India - Tier 2/3,2025-12-28,promo_launch,13.5,"Meadow Crisps launched a promo at ValueGrocer (Tier 2/3) the week of 2025-12-28 (TPR, 14% depth).",1
1157,67,Dairy,196,SEA - Indonesia,2025-12-28,promo_launch,22.3,"Golden Milk Co launched a promo at Corner Store Network (Indonesia) the week of 2025-12-28 (Ad, 22% depth).",1
1158,8,Salty Snacks,66,India - Tier 2/3,2025-12-28,promo_launch,45.9,"Meadow Crisps launched a promo at MetroBazaar (Tier 2/3) the week of 2025-12-28 (BOGO, 46% depth).",1
1159,64,Home Care,7,North America,2025-12-28,promo_launch,14.4,"Blue Shine launched a promo at UrbanPantry the week of 2025-12-28 (TPR, 14% depth).",1
1160,21,Sparkling Water,42,India - Metro,2025-12-28,promo_launch,13.9,"Golden Fizz launched a promo at QuickStop (Metro) the week of 2025-12-28 (TPR, 14% depth).",1
1161,85,Confectionery,77,India - Tier 2/3,2025-12-28,promo_launch,6.0,"Heritage Treats launched a promo at Community Retail Co-op (Tier 2/3) the week of 2025-12-28 (TPR, 6% depth).",1
1162,21,Sparkling Water,57,India - Metro,2025-12-28,promo_launch,17.6,"Golden Fizz launched a promo at Local Trade Collective (Metro) the week of 2025-12-28 (Display, 18% depth).",1
1163,69,Dairy,148,SEA - Malaysia,2025-12-28,promo_launch,48.3,"Everyday Milk Co launched a promo at QuickDash (Malaysia) the week of 2025-12-28 (BOGO, 48% depth).",1
1164,64,Home Care,7,North America,2025-12-28,promo_launch,46.1,"Blue Shine launched a promo at UrbanPantry the week of 2025-12-28 (BOGO, 46% depth).",1
1165,21,Sparkling Water,47,India - Metro,2025-12-28,promo_launch,10.5,"Golden Fizz launched a promo at ZipCart (Metro) the week of 2025-12-28 (Display, 10% depth).",1
1166,99,Breakfast & Cereal,106,Gulf - UAE,2025-12-28,promo_launch,9.4,"Fresh Cereal Co launched a promo at NimbleMart (UAE) the week of 2025-12-28 (TPR, 9% depth).",1
1167,21,Sparkling Water,45,India - Metro,2025-12-28,promo_launch,14.5,"Golden Fizz launched a promo at ExpressStop (Metro) the week of 2025-12-28 (Display, 14% depth).",1
1168,85,Confectionery,72,India - Tier 2/3,2025-12-28,promo_launch,5.4,"Heritage Treats launched a promo at ValueGrocer (Tier 2/3) the week of 2025-12-28 (TPR, 5% depth).",1
1169,69,Dairy,144,SEA - Malaysia,2025-12-28,promo_launch,10.5,"Everyday Milk Co launched a promo at GreenAisle (Malaysia) the week of 2025-12-28 (Display, 10% depth).",1
1170,107,Baby Care,198,SEA - Indonesia,2025-12-28,promo_launch,15.8,"Spring Tiny Care launched a promo at Bazaar Wholesale (Indonesia) the week of 2025-12-28 (Display, 16% depth).",1
1171,68,Dairy,190,SEA - Indonesia,2025-12-28,promo_launch,13.8,"Cloud Dairy launched a promo at SwiftBasket (Indonesia) the week of 2025-12-28 (TPR, 14% depth).",1
1172,21,Sparkling Water,41,India - Metro,2025-12-28,promo_launch,49.5,"Golden Fizz launched a promo at SunriseMart (Metro) the week of 2025-12-28 (BOGO, 50% depth).",1
1173,21,Sparkling Water,40,India - Metro,2025-12-28,promo_launch,15.8,"Golden Fizz launched a promo at DailyBasket (Metro) the week of 2025-12-28 (Ad, 16% depth).",1
1174,21,Sparkling Water,38,India - Metro,2025-12-28,promo_launch,48.8,"Golden Fizz launched a promo at GreenAisle (Metro) the week of 2025-12-28 (BOGO, 49% depth).",1
1175,85,Confectionery,69,India - Tier 2/3,2025-12-28,promo_launch,20.6,"Heritage Treats launched a promo at DailyBasket (Tier 2/3) the week of 2025-12-28 (Ad, 21% depth).",1
1176,64,Home Care,1,North America,2025-12-28,promo_launch,25.0,"Blue Shine launched a promo at FreshMart the week of 2025-12-28 (Ad, 25% depth).",1
1177,85,Confectionery,65,India - Tier 2/3,2025-12-28,promo_launch,49.8,"Heritage Treats launched a promo at FreshMart (Tier 2/3) the week of 2025-12-28 (BOGO, 50% depth).",1
1178,8,Salty Snacks,81,India - Tier 2/3,2025-12-28,promo_launch,19.0,"Meadow Crisps launched a promo at Local Trade Collective #2 (Tier 2/3) the week of 2025-12-28 (Display, 19% depth).",1
1179,64,Home Care,3,North America,2025-12-28,promo_launch,12.5,"Blue Shine launched a promo at GreenAisle the week of 2025-12-28 (TPR, 12% depth).",1
1180,21,Sparkling Water,150,SEA - Malaysia,2025-12-28,promo_launch,47.5,"Golden Fizz launched a promo at DashKart (Malaysia) the week of 2025-12-28 (BOGO, 48% depth).",1
1181,110,Baby Care,2,North America,2025-12-28,promo_launch,13.6,"Meadow Tiny Care launched a promo at MetroBazaar the week of 2025-12-28 (Display, 14% depth).",1
1182,64,Home Care,12,North America,2025-12-28,promo_launch,10.1,"Blue Shine launched a promo at MetroBazaar #2 the week of 2025-12-28 (Display, 10% depth).",1
1183,64,Home Care,4,North America,2025-12-28,promo_launch,17.7,"Blue Shine launched a promo at PrimeGrocer the week of 2025-12-28 (Ad, 18% depth).",1
1184,85,Confectionery,78,India - Tier 2/3,2025-12-28,promo_launch,8.6,"Heritage Treats launched a promo at Bazaar Wholesale (Tier 2/3) the week of 2025-12-28 (TPR, 9% depth).",1
1185,21,Sparkling Water,58,India - Metro,2025-12-28,promo_launch,5.3,"Golden Fizz launched a promo at ValueTrade GT (Metro) the week of 2025-12-28 (TPR, 5% depth).",1
1186,64,Home Care,2,North America,2025-12-28,promo_launch,24.5,"Blue Shine launched a promo at MetroBazaar the week of 2025-12-28 (Ad, 24% depth).",1
1187,21,Sparkling Water,160,SEA - Malaysia,2025-12-28,promo_launch,12.7,"Golden Fizz launched a promo at MarketLink GT (Malaysia) the week of 2025-12-28 (TPR, 13% depth).",1
1188,85,Confectionery,68,India - Tier 2/3,2025-12-28,promo_launch,16.3,"Heritage Treats launched a promo at PrimeGrocer (Tier 2/3) the week of 2025-12-28 (Ad, 16% depth).",1
1189,64,Home Care,9,North America,2025-12-28,promo_launch,17.5,"Blue Shine launched a promo at CityMart the week of 2025-12-28 (Display, 18% depth).",1
1190,100,Baby Care,69,India - Tier 2/3,2025-12-28,promo_launch,12.1,"Fresh Tiny Care launched a promo at DailyBasket (Tier 2/3) the week of 2025-12-28 (TPR, 12% depth).",1
1191,85,Confectionery,89,India - Tier 2/3,2025-12-28,promo_launch,17.5,"Heritage Treats launched a promo at Local Trade Collective #3 (Tier 2/3) the week of 2025-12-28 (Display, 18% depth).",1
1192,69,Dairy,146,SEA - Malaysia,2025-12-28,promo_launch,7.7,"Everyday Milk Co launched a promo at DailyBasket (Malaysia) the week of 2025-12-28 (TPR, 8% depth).",1
1193,64,Home Care,18,North America,2025-12-28,promo_launch,5.3,"Blue Shine launched a promo at SaverClub #2 the week of 2025-12-28 (TPR, 5% depth).",1
1194,64,Home Care,189,SEA - Indonesia,2025-12-28,promo_launch,17.1,"Blue Shine launched a promo at DashKart (Indonesia) the week of 2025-12-28 (Display, 17% depth).",1
1195,64,Home Care,190,SEA - Indonesia,2025-12-28,promo_launch,6.8,"Blue Shine launched a promo at SwiftBasket (Indonesia) the week of 2025-12-28 (TPR, 7% depth).",1
1196,8,Salty Snacks,88,India - Tier 2/3,2025-12-28,promo_launch,49.4,"Meadow Crisps launched a promo at Sundry Traders Network #2 (Tier 2/3) the week of 2025-12-28 (BOGO, 49% depth).",1
1197,69,Dairy,156,SEA - Malaysia,2025-12-28,promo_launch,19.3,"Everyday Milk Co launched a promo at Neighborhood Wholesale (Malaysia) the week of 2025-12-28 (Ad, 19% depth).",1
1198,99,Breakfast & Cereal,105,Gulf - UAE,2025-12-28,promo_launch,10.4,"Fresh Cereal Co launched a promo at FlashCart (UAE) the week of 2025-12-28 (TPR, 10% depth).",1
1199,83,Confectionery,116,Gulf - Saudi,2025-12-28,promo_launch,9.8,"Fresh Treats launched a promo at DailyBasket (Saudi) the week of 2025-12-28 (TPR, 10% depth).",1
1200,85,Confectionery,79,India - Tier 2/3,2025-12-28,promo_launch,12.0,"Heritage Treats launched a promo at MarketLink GT (Tier 2/3) the week of 2025-12-28 (Display, 12% depth).",1
1201,107,Baby Care,196,SEA - Indonesia,2025-12-28,promo_launch,14.7,"Spring Tiny Care launched a promo at Corner Store Network (Indonesia) the week of 2025-12-28 (Display, 15% depth).",1
1202,110,Baby Care,4,North America,2025-12-28,promo_launch,47.8,"Meadow Tiny Care launched a promo at PrimeGrocer the week of 2025-12-28 (BOGO, 48% depth).",1
1203,68,Dairy,188,SEA - Indonesia,2025-12-28,promo_launch,46.9,"Cloud Dairy launched a promo at ZipCart (Indonesia) the week of 2025-12-28 (BOGO, 47% depth).",1
1204,65,Home Care,18,North America,2025-12-28,promo_launch,17.3,"Urban Clean launched a promo at SaverClub #2 the week of 2025-12-28 (Display, 17% depth).",1
1205,65,Home Care,1,North America,2025-12-28,promo_launch,15.5,"Urban Clean launched a promo at FreshMart the week of 2025-12-28 (Display, 16% depth).",1
1206,65,Home Care,6,North America,2025-12-28,promo_launch,11.0,"Urban Clean launched a promo at SunriseMart the week of 2025-12-28 (Display, 11% depth).",1
1207,65,Home Care,8,North America,2025-12-28,promo_launch,17.5,"Urban Clean launched a promo at ValueGrocer the week of 2025-12-28 (Ad, 18% depth).",1
1208,99,Breakfast & Cereal,148,SEA - Malaysia,2025-12-28,promo_launch,14.6,"Fresh Cereal Co launched a promo at QuickDash (Malaysia) the week of 2025-12-28 (TPR, 15% depth).",1
1209,65,Home Care,14,North America,2025-12-28,promo_launch,13.1,"Urban Clean launched a promo at SaverClub the week of 2025-12-28 (Display, 13% depth).",1
1210,65,Home Care,15,North America,2025-12-28,promo_launch,16.2,"Urban Clean launched a promo at BulkBasket Club the week of 2025-12-28 (Display, 16% depth).",1
1211,65,Home Care,1,North America,2025-12-28,promo_launch,10.5,"Urban Clean launched a promo at FreshMart the week of 2025-12-28 (TPR, 10% depth).",1
1212,97,Breakfast & Cereal,142,SEA - Malaysia,2025-12-28,promo_launch,12.7,"Royal Breakfast Co launched a promo at FreshMart (Malaysia) the week of 2025-12-28 (TPR, 13% depth).",1
1213,85,Confectionery,84,India - Tier 2/3,2025-12-28,promo_launch,12.7,"Heritage Treats launched a promo at Corner Store Network #2 (Tier 2/3) the week of 2025-12-28 (Display, 13% depth).",1
1214,65,Home Care,12,North America,2025-12-28,promo_launch,9.9,"Urban Clean launched a promo at MetroBazaar #2 the week of 2025-12-28 (TPR, 10% depth).",1
1215,64,Home Care,181,SEA - Indonesia,2025-12-28,promo_launch,47.5,"Blue Shine launched a promo at FreshMart (Indonesia) the week of 2025-12-28 (BOGO, 48% depth).",1
1216,85,Confectionery,82,India - Tier 2/3,2025-12-28,promo_launch,6.5,"Heritage Treats launched a promo at ValueTrade GT #2 (Tier 2/3) the week of 2025-12-28 (TPR, 6% depth).",1
1217,99,Breakfast & Cereal,143,SEA - Malaysia,2025-12-28,promo_launch,19.5,"Fresh Cereal Co launched a promo at MetroBazaar (Malaysia) the week of 2025-12-28 (Ad, 20% depth).",1
1218,65,Home Care,14,North America,2025-12-28,promo_launch,11.9,"Urban Clean launched a promo at SaverClub the week of 2025-12-28 (TPR, 12% depth).",1
1219,65,Home Care,16,North America,2025-12-28,promo_launch,23.0,"Urban Clean launched a promo at WareClub the week of 2025-12-28 (Ad, 23% depth).",1
1220,85,Confectionery,80,India - Tier 2/3,2025-12-28,promo_launch,8.1,"Heritage Treats launched a promo at Sundry Traders Network (Tier 2/3) the week of 2025-12-28 (TPR, 8% depth).",1
1221,83,Confectionery,77,India - Tier 2/3,2025-12-28,promo_launch,8.2,"Fresh Treats launched a promo at Community Retail Co-op (Tier 2/3) the week of 2025-12-28 (TPR, 8% depth).",1
1222,99,Breakfast & Cereal,145,SEA - Malaysia,2025-12-28,promo_launch,49.4,"Fresh Cereal Co launched a promo at PrimeGrocer (Malaysia) the week of 2025-12-28 (BOGO, 49% depth).",1
1223,85,Confectionery,79,India - Tier 2/3,2025-12-28,promo_launch,6.3,"Heritage Treats launched a promo at MarketLink GT (Tier 2/3) the week of 2025-12-28 (TPR, 6% depth).",1
1224,99,Breakfast & Cereal,149,SEA - Malaysia,2025-12-28,promo_launch,9.7,"Fresh Cereal Co launched a promo at ZipCart (Malaysia) the week of 2025-12-28 (TPR, 10% depth).",1
1225,65,Home Care,17,North America,2025-12-28,promo_launch,15.2,"Urban Clean launched a promo at MegaValue Club the week of 2025-12-28 (Display, 15% depth).",1
1226,108,Baby Care,74,India - Tier 2/3,2025-12-28,promo_launch,20.6,"Crunch Baby Co launched a promo at ValueTrade GT (Tier 2/3) the week of 2025-12-28 (Ad, 21% depth).",1
1227,64,Home Care,183,SEA - Indonesia,2025-12-28,promo_launch,47.0,"Blue Shine launched a promo at GreenAisle (Indonesia) the week of 2025-12-28 (BOGO, 47% depth).",1
1228,83,Confectionery,125,Gulf - Saudi,2025-12-28,promo_launch,12.5,"Fresh Treats launched a promo at Sundry Traders Network (Saudi) the week of 2025-12-28 (TPR, 12% depth).",1
1229,68,Dairy,186,SEA - Indonesia,2025-12-28,promo_launch,11.5,"Cloud Dairy launched a promo at SunriseMart (Indonesia) the week of 2025-12-28 (Display, 12% depth).",1
1230,64,Home Care,187,SEA - Indonesia,2025-12-28,promo_launch,48.4,"Blue Shine launched a promo at QuickDash (Indonesia) the week of 2025-12-28 (BOGO, 48% depth).",1
1231,109,Baby Care,10,North America,2025-12-28,promo_launch,9.2,"Silver Little Ones launched a promo at HomeFresh the week of 2025-12-28 (TPR, 9% depth).",1
1232,8,Salty Snacks,77,India - Tier 2/3,2025-12-28,promo_launch,17.1,"Meadow Crisps launched a promo at Community Retail Co-op (Tier 2/3) the week of 2025-12-28 (Display, 17% depth).",1
1233,99,Breakfast & Cereal,153,SEA - Malaysia,2025-12-28,promo_launch,47.3,"Fresh Cereal Co launched a promo at FlashCart (Malaysia) the week of 2025-12-28 (BOGO, 47% depth).",1
1234,83,Confectionery,126,Gulf - Saudi,2025-12-28,promo_launch,23.3,"Fresh Treats launched a promo at Local Trade Collective #2 (Saudi) the week of 2025-12-28 (Ad, 23% depth).",1
1235,64,Home Care,196,SEA - Indonesia,2025-12-28,promo_launch,10.7,"Blue Shine launched a promo at Corner Store Network (Indonesia) the week of 2025-12-28 (TPR, 11% depth).",1
1236,107,Baby Care,184,SEA - Indonesia,2025-12-28,promo_launch,12.3,"Spring Tiny Care launched a promo at PrimeGrocer (Indonesia) the week of 2025-12-28 (Display, 12% depth).",1
1237,96,Breakfast & Cereal,88,India - Tier 2/3,2025-12-28,promo_launch,13.2,"Meadow Breakfast Co launched a promo at Sundry Traders Network #2 (Tier 2/3) the week of 2025-12-28 (Display, 13% depth).",1
1238,85,Confectionery,77,India - Tier 2/3,2025-12-28,promo_launch,15.4,"Heritage Treats launched a promo at Community Retail Co-op (Tier 2/3) the week of 2025-12-28 (Display, 15% depth).",1
1239,85,Confectionery,74,India - Tier 2/3,2025-12-28,promo_launch,47.7,"Heritage Treats launched a promo at ValueTrade GT (Tier 2/3) the week of 2025-12-28 (BOGO, 48% depth).",1
1240,68,Dairy,197,SEA - Indonesia,2025-12-28,promo_launch,48.6,"Cloud Dairy launched a promo at Community Retail Co-op (Indonesia) the week of 2025-12-28 (BOGO, 49% depth).",1
1241,65,Home Care,6,North America,2025-12-28,promo_launch,47.2,"Urban Clean launched a promo at SunriseMart the week of 2025-12-28 (BOGO, 47% depth).",1
1242,68,Dairy,196,SEA - Indonesia,2025-12-28,promo_launch,12.6,"Cloud Dairy launched a promo at Corner Store Network (Indonesia) the week of 2025-12-28 (TPR, 13% depth).",1
1243,68,Dairy,195,SEA - Indonesia,2025-12-28,promo_launch,15.7,"Cloud Dairy launched a promo at Neighborhood Wholesale (Indonesia) the week of 2025-12-28 (Ad, 16% depth).",1
1244,87,Confectionery,27,North America,2025-12-28,promo_launch,12.7,"Pure Sweets launched a promo at GoStop the week of 2025-12-28 (Display, 13% depth).",1
1245,61,Home Care,41,India - Metro,2025-12-28,promo_launch,20.9,"Crunch Household launched a promo at SunriseMart (Metro) the week of 2025-12-28 (Ad, 21% depth).",1
1246,57,Home Care,75,India - Tier 2/3,2025-12-28,promo_launch,22.6,"Cloud Shine launched a promo at Neighborhood Wholesale (Tier 2/3) the week of 2025-12-28 (Ad, 23% depth).",1
1247,57,Home Care,174,SEA - Philippines,2025-12-28,promo_launch,47.2,"Cloud Shine launched a promo at ValueTrade GT (Philippines) the week of 2025-12-28 (BOGO, 47% depth).",1
1248,57,Home Care,175,SEA - Philippines,2025-12-28,promo_launch,17.0,"Cloud Shine launched a promo at Neighborhood Wholesale (Philippines) the week of 2025-12-28 (Display, 17% depth).",1
1249,6,Salty Snacks,113,Gulf - Saudi,2025-12-28,promo_launch,15.4,"Coastal Bites launched a promo at MetroBazaar (Saudi) the week of 2025-12-28 (Display, 15% depth).",1
1250,101,Baby Care,137,Gulf - Qatar,2025-12-28,promo_launch,22.8,"Everyday Tiny Care launched a promo at Local Trade Collective (Qatar) the week of 2025-12-28 (Ad, 23% depth).",1
1251,57,Home Care,179,SEA - Philippines,2025-12-28,promo_launch,49.7,"Cloud Shine launched a promo at MarketLink GT (Philippines) the week of 2025-12-28 (BOGO, 50% depth).",1
1252,10,Salty Snacks,124,Gulf - Saudi,2025-12-28,promo_launch,10.4,"Silver Chips launched a promo at MarketLink GT (Saudi) the week of 2025-12-28 (TPR, 10% depth).",1
1253,28,Personal Care,5,North America,2025-12-28,promo_launch,12.9,"Spring Skin launched a promo at DailyBasket the week of 2025-12-28 (Display, 13% depth).",1
1254,57,Home Care,67,India - Tier 2/3,2025-12-28,promo_launch,11.8,"Cloud Shine launched a promo at GreenAisle (Tier 2/3) the week of 2025-12-28 (TPR, 12% depth).",1
1255,101,Baby Care,136,Gulf - Qatar,2025-12-28,promo_launch,14.1,"Everyday Tiny Care launched a promo at HopMart (Qatar) the week of 2025-12-28 (TPR, 14% depth).",1
1256,99,Breakfast & Cereal,153,SEA - Malaysia,2025-12-28,promo_launch,13.1,"Fresh Cereal Co launched a promo at FlashCart (Malaysia) the week of 2025-12-28 (TPR, 13% depth).",1
1257,57,Home Care,71,India - Tier 2/3,2025-12-28,promo_launch,13.2,"Cloud Shine launched a promo at UrbanPantry (Tier 2/3) the week of 2025-12-28 (TPR, 13% depth).",1
1258,82,Confectionery,83,India - Tier 2/3,2025-12-28,promo_launch,11.4,"Meadow Treats launched a promo at Neighborhood Wholesale #2 (Tier 2/3) the week of 2025-12-28 (TPR, 11% depth).",1
1259,106,Baby Care,74,India - Tier 2/3,2025-12-28,promo_launch,11.4,"Vivid Little Ones launched a promo at ValueTrade GT (Tier 2/3) the week of 2025-12-28 (TPR, 11% depth).",1
1260,28,Personal Care,24,North America,2025-12-28,promo_launch,9.6,"Spring Skin launched a promo at PureRoots Market #2 the week of 2025-12-28 (TPR, 10% depth).",1
1261,28,Personal Care,156,SEA - Malaysia,2025-12-28,promo_launch,46.5,"Spring Skin launched a promo at Neighborhood Wholesale (Malaysia) the week of 2025-12-28 (BOGO, 46% depth).",1
1262,28,Personal Care,155,SEA - Malaysia,2025-12-28,promo_launch,46.4,"Spring Skin launched a promo at ValueTrade GT (Malaysia) the week of 2025-12-28 (BOGO, 46% depth).",1
1263,18,Sparkling Water,29,North America,2025-12-28,promo_launch,19.7,"Royal Fizz launched a promo at QuickStop #2 the week of 2025-12-28 (Display, 20% depth).",1
1264,57,Home Care,80,India - Tier 2/3,2025-12-28,promo_launch,24.7,"Cloud Shine launched a promo at Sundry Traders Network (Tier 2/3) the week of 2025-12-28 (Ad, 25% depth).",1
1265,96,Breakfast & Cereal,82,India - Tier 2/3,2025-12-28,promo_launch,48.7,"Meadow Breakfast Co launched a promo at ValueTrade GT #2 (Tier 2/3) the week of 2025-12-28 (BOGO, 49% depth).",1
1266,57,Home Care,87,India - Tier 2/3,2025-12-28,promo_launch,14.3,"Cloud Shine launched a promo at MarketLink GT #2 (Tier 2/3) the week of 2025-12-28 (TPR, 14% depth).",1
1267,82,Confectionery,85,India - Tier 2/3,2025-12-28,promo_launch,23.1,"Meadow Treats launched a promo at Community Retail Co-op #2 (Tier 2/3) the week of 2025-12-28 (Ad, 23% depth).",1
1268,57,Home Care,162,SEA - Philippines,2025-12-28,promo_launch,19.9,"Cloud Shine launched a promo at FreshMart (Philippines) the week of 2025-12-28 (Display, 20% depth).",1
1269,101,Baby Care,133,Gulf - Qatar,2025-12-28,promo_launch,9.3,"Everyday Tiny Care launched a promo at ZipCart (Qatar) the week of 2025-12-28 (TPR, 9% depth).",1
1270,72,Dairy,83,India - Tier 2/3,2025-12-28,promo_launch,21.4,"Nomad Milk Co launched a promo at Neighborhood Wholesale #2 (Tier 2/3) the week of 2025-12-28 (Ad, 21% depth).",1
1271,57,Home Care,165,SEA - Philippines,2025-12-28,promo_launch,14.3,"Cloud Shine launched a promo at PrimeGrocer (Philippines) the week of 2025-12-28 (Display, 14% depth).",1
1272,88,Confectionery,195,SEA - Indonesia,2025-12-28,promo_launch,13.8,"Pure Treats launched a promo at Neighborhood Wholesale (Indonesia) the week of 2025-12-28 (Display, 14% depth).",1
1273,6,Salty Snacks,35,North America,2025-12-28,promo_launch,6.3,"Coastal Bites launched a promo at GoStop #3 the week of 2025-12-28 (TPR, 6% depth).",1
1274,28,Personal Care,19,North America,2025-12-28,promo_launch,14.4,"Spring Skin launched a promo at GreenLeaf Naturals the week of 2025-12-28 (TPR, 14% depth).",1
1275,10,Salty Snacks,126,Gulf - Saudi,2025-12-28,promo_launch,10.5,"Silver Chips launched a promo at Local Trade Collective #2 (Saudi) the week of 2025-12-28 (TPR, 10% depth).",1
1276,57,Home Care,167,SEA - Philippines,2025-12-28,promo_launch,47.8,"Cloud Shine launched a promo at SunriseMart (Philippines) the week of 2025-12-28 (BOGO, 48% depth).",1
1277,28,Personal Care,4,North America,2025-12-28,promo_launch,46.7,"Spring Skin launched a promo at PrimeGrocer the week of 2025-12-28 (BOGO, 47% depth).",1
1278,28,Personal Care,3,North America,2025-12-28,promo_launch,45.3,"Spring Skin launched a promo at GreenAisle the week of 2025-12-28 (BOGO, 45% depth).",1
1279,6,Salty Snacks,23,North America,2025-12-28,promo_launch,6.1,"Coastal Bites launched a promo at GreenLeaf Naturals #2 the week of 2025-12-28 (TPR, 6% depth).",1
1280,102,Baby Care,67,India - Tier 2/3,2025-12-28,promo_launch,11.1,"Coastal Little Ones launched a promo at GreenAisle (Tier 2/3) the week of 2025-12-28 (TPR, 11% depth).",1
1281,28,Personal Care,2,North America,2025-12-28,promo_launch,20.8,"Spring Skin launched a promo at MetroBazaar the week of 2025-12-28 (Ad, 21% depth).",1
1282,57,Home Care,67,India - Tier 2/3,2025-12-28,promo_launch,11.6,"Cloud Shine launched a promo at GreenAisle (Tier 2/3) the week of 2025-12-28 (Display, 12% depth).",1
1283,102,Baby Care,66,India - Tier 2/3,2025-12-28,promo_launch,8.2,"Coastal Little Ones launched a promo at MetroBazaar (Tier 2/3) the week of 2025-12-28 (TPR, 8% depth).",1
1284,57,Home Care,68,India - Tier 2/3,2025-12-28,promo_launch,15.7,"Cloud Shine launched a promo at PrimeGrocer (Tier 2/3) the week of 2025-12-28 (Display, 16% depth).",1
1285,89,Breakfast & Cereal,70,India - Tier 2/3,2025-12-28,promo_launch,16.1,"Nomad Mornings launched a promo at SunriseMart (Tier 2/3) the week of 2025-12-28 (Ad, 16% depth).",1
1286,57,Home Care,71,India - Tier 2/3,2025-12-28,promo_launch,6.5,"Cloud Shine launched a promo at UrbanPantry (Tier 2/3) the week of 2025-12-28 (TPR, 6% depth).",1
1287,72,Dairy,69,India - Tier 2/3,2025-12-28,promo_launch,24.2,"Nomad Milk Co launched a promo at DailyBasket (Tier 2/3) the week of 2025-12-28 (Ad, 24% depth).",1
1288,6,Salty Snacks,26,North America,2025-12-28,promo_launch,8.7,"Coastal Bites launched a promo at CornerFuel Mart the week of 2025-12-28 (TPR, 9% depth).",1
1289,102,Baby Care,65,India - Tier 2/3,2025-12-28,promo_launch,17.5,"Coastal Little Ones launched a promo at FreshMart (Tier 2/3) the week of 2025-12-28 (Ad, 18% depth).",1
1290,28,Personal Care,153,SEA - Malaysia,2025-12-28,promo_launch,11.2,"Spring Skin launched a promo at FlashCart (Malaysia) the week of 2025-12-28 (TPR, 11% depth).",1
1291,28,Personal Care,151,SEA - Malaysia,2025-12-28,promo_launch,8.4,"Spring Skin launched a promo at SwiftBasket (Malaysia) the week of 2025-12-28 (TPR, 8% depth).",1
1292,57,Home Care,78,India - Tier 2/3,2025-12-28,promo_launch,46.6,"Cloud Shine launched a promo at Bazaar Wholesale (Tier 2/3) the week of 2025-12-28 (BOGO, 47% depth).",1
1293,89,Breakfast & Cereal,65,India - Tier 2/3,2025-12-28,promo_launch,15.7,"Nomad Mornings launched a promo at FreshMart (Tier 2/3) the week of 2025-12-28 (Ad, 16% depth).",1
1294,82,Confectionery,75,India - Tier 2/3,2025-12-28,promo_launch,11.9,"Meadow Treats launched a promo at Neighborhood Wholesale (Tier 2/3) the week of 2025-12-28 (Display, 12% depth).",1
1295,18,Sparkling Water,13,North America,2025-12-28,promo_launch,15.5,"Royal Fizz launched a promo at GreenAisle #2 the week of 2025-12-28 (Display, 16% depth).",1
1296,57,Home Care,85,India - Tier 2/3,2025-12-28,promo_launch,19.3,"Cloud Shine launched a promo at Community Retail Co-op #2 (Tier 2/3) the week of 2025-12-28 (Display, 19% depth).",1
1297,72,Dairy,84,India - Tier 2/3,2025-12-28,promo_launch,17.5,"Nomad Milk Co launched a promo at Corner Store Network #2 (Tier 2/3) the week of 2025-12-28 (Ad, 18% depth).",1
1298,6,Salty Snacks,31,North America,2025-12-28,promo_launch,5.2,"Coastal Bites launched a promo at GoStop #2 the week of 2025-12-28 (TPR, 5% depth).",1
1299,28,Personal Care,144,SEA - Malaysia,2025-12-28,promo_launch,15.6,"Spring Skin launched a promo at GreenAisle (Malaysia) the week of 2025-12-28 (Ad, 16% depth).",1
1300,99,Breakfast & Cereal,151,SEA - Malaysia,2025-12-28,promo_launch,7.5,"Fresh Cereal Co launched a promo at SwiftBasket (Malaysia) the week of 2025-12-28 (TPR, 8% depth).",1
1301,72,Dairy,77,India - Tier 2/3,2025-12-28,promo_launch,17.9,"Nomad Milk Co launched a promo at Community Retail Co-op (Tier 2/3) the week of 2025-12-28 (Ad, 18% depth).",1
1302,57,Home Care,166,SEA - Philippines,2025-12-28,promo_launch,12.8,"Cloud Shine launched a promo at DailyBasket (Philippines) the week of 2025-12-28 (TPR, 13% depth).",1
1303,57,Home Care,169,SEA - Philippines,2025-12-28,promo_launch,24.5,"Cloud Shine launched a promo at ZipCart (Philippines) the week of 2025-12-28 (Ad, 24% depth).",1
1304,57,Home Care,172,SEA - Philippines,2025-12-28,promo_launch,7.2,"Cloud Shine launched a promo at HopMart (Philippines) the week of 2025-12-28 (TPR, 7% depth).",1
1305,27,Personal Care,194,SEA - Indonesia,2025-12-28,promo_launch,18.8,"Golden Glow launched a promo at ValueTrade GT (Indonesia) the week of 2025-12-28 (Ad, 19% depth).",1
1306,58,Home Care,192,SEA - Indonesia,2025-12-28,promo_launch,47.7,"Coastal Clean launched a promo at FlashCart (Indonesia) the week of 2025-12-28 (BOGO, 48% depth).",1
1307,58,Home Care,193,SEA - Indonesia,2025-12-28,promo_launch,10.6,"Coastal Clean launched a promo at Local Trade Collective (Indonesia) the week of 2025-12-28 (TPR, 11% depth).",1
1308,27,Personal Care,183,SEA - Indonesia,2025-12-28,promo_launch,8.4,"Golden Glow launched a promo at GreenAisle (Indonesia) the week of 2025-12-28 (TPR, 8% depth).",1
1309,72,Dairy,81,India - Tier 2/3,2025-12-28,promo_launch,50.0,"Nomad Milk Co launched a promo at Local Trade Collective #2 (Tier 2/3) the week of 2025-12-28 (BOGO, 50% depth).",1
1310,27,Personal Care,182,SEA - Indonesia,2025-12-28,promo_launch,14.1,"Golden Glow launched a promo at MetroBazaar (Indonesia) the week of 2025-12-28 (TPR, 14% depth).",1
1311,82,Confectionery,8,North America,2025-12-28,promo_launch,47.0,"Meadow Treats launched a promo at ValueGrocer the week of 2025-12-28 (BOGO, 47% depth).",1
1312,6,Salty Snacks,14,North America,2025-12-28,promo_launch,14.4,"Coastal Bites launched a promo at SaverClub the week of 2025-12-28 (TPR, 14% depth).",1
1313,18,Sparkling Water,5,North America,2025-12-28,promo_launch,14.6,"Royal Fizz launched a promo at DailyBasket the week of 2025-12-28 (TPR, 15% depth).",1
1314,58,Home Care,196,SEA - Indonesia,2025-12-28,promo_launch,14.6,"Coastal Clean launched a promo at Corner Store Network (Indonesia) the week of 2025-12-28 (Display, 15% depth).",1
1315,58,Home Care,197,SEA - Indonesia,2025-12-28,promo_launch,20.4,"Coastal Clean launched a promo at Community Retail Co-op (Indonesia) the week of 2025-12-28 (Ad, 20% depth).",1
1316,6,Salty Snacks,15,North America,2025-12-28,promo_launch,22.2,"Coastal Bites launched a promo at BulkBasket Club the week of 2025-12-28 (Ad, 22% depth).",1
1317,88,Confectionery,103,Gulf - UAE,2025-12-28,promo_launch,21.5,"Pure Treats launched a promo at SwiftBasket (UAE) the week of 2025-12-28 (Ad, 22% depth).",1
1318,6,Salty Snacks,17,North America,2025-12-28,promo_launch,13.5,"Coastal Bites launched a promo at MegaValue Club the week of 2025-12-28 (TPR, 14% depth).",1
1319,28,Personal Care,23,North America,2025-12-28,promo_launch,11.9,"Spring Skin launched a promo at GreenLeaf Naturals #2 the week of 2025-12-28 (TPR, 12% depth).",1
1320,88,Confectionery,102,Gulf - UAE,2025-12-28,promo_launch,45.4,"Pure Treats launched a promo at DashKart (UAE) the week of 2025-12-28 (BOGO, 45% depth).",1
1321,101,Baby Care,138,Gulf - Qatar,2025-12-28,promo_launch,5.8,"Everyday Tiny Care launched a promo at ValueTrade GT (Qatar) the week of 2025-12-28 (TPR, 6% depth).",1
1322,58,Home Care,97,Gulf - UAE,2025-12-28,promo_launch,13.5,"Coastal Clean launched a promo at SaverClub (UAE) the week of 2025-12-28 (TPR, 14% depth).",1
1323,88,Confectionery,101,Gulf - UAE,2025-12-28,promo_launch,18.1,"Pure Treats launched a promo at ZipCart (UAE) the week of 2025-12-28 (Display, 18% depth).",1
1324,72,Dairy,71,India - Tier 2/3,2025-12-28,promo_launch,18.6,"Nomad Milk Co launched a promo at UrbanPantry (Tier 2/3) the week of 2025-12-28 (Ad, 19% depth).",1
1325,27,Personal Care,188,SEA - Indonesia,2025-12-28,promo_launch,10.9,"Golden Glow launched a promo at ZipCart (Indonesia) the week of 2025-12-28 (TPR, 11% depth).",1
1326,18,Sparkling Water,12,North America,2025-12-28,promo_launch,17.3,"Royal Fizz launched a promo at MetroBazaar #2 the week of 2025-12-28 (Display, 17% depth).",1
1327,96,Breakfast & Cereal,86,India - Tier 2/3,2025-12-28,promo_launch,9.7,"Meadow Breakfast Co launched a promo at Bazaar Wholesale #2 (Tier 2/3) the week of 2025-12-28 (TPR, 10% depth).",1
1328,18,Sparkling Water,15,North America,2025-12-28,promo_launch,5.8,"Royal Fizz launched a promo at BulkBasket Club the week of 2025-12-28 (TPR, 6% depth).",1
1329,6,Salty Snacks,23,North America,2025-12-28,promo_launch,21.8,"Coastal Bites launched a promo at GreenLeaf Naturals #2 the week of 2025-12-28 (Ad, 22% depth).",1
1330,88,Confectionery,94,Gulf - UAE,2025-12-28,promo_launch,15.3,"Pure Treats launched a promo at DailyBasket (UAE) the week of 2025-12-28 (Ad, 15% depth).",1
1331,82,Confectionery,12,North America,2025-12-28,promo_launch,16.6,"Meadow Treats launched a promo at MetroBazaar #2 the week of 2025-12-28 (Display, 17% depth).",1
1332,27,Personal Care,185,SEA - Indonesia,2025-12-28,promo_launch,14.7,"Golden Glow launched a promo at DailyBasket (Indonesia) the week of 2025-12-28 (TPR, 15% depth).",1
1333,27,Personal Care,189,SEA - Indonesia,2025-12-28,promo_launch,14.4,"Golden Glow launched a promo at DashKart (Indonesia) the week of 2025-12-28 (Display, 14% depth).",1
1334,72,Dairy,86,India - Tier 2/3,2025-12-28,promo_launch,11.0,"Nomad Milk Co launched a promo at Bazaar Wholesale #2 (Tier 2/3) the week of 2025-12-28 (Display, 11% depth).",1
1335,72,Dairy,81,India - Tier 2/3,2025-12-28,promo_launch,20.6,"Nomad Milk Co launched a promo at Local Trade Collective #2 (Tier 2/3) the week of 2025-12-28 (Ad, 21% depth).",1
1336,99,Breakfast & Cereal,155,SEA - Malaysia,2025-12-28,promo_launch,6.7,"Fresh Cereal Co launched a promo at ValueTrade GT (Malaysia) the week of 2025-12-28 (TPR, 7% depth).",1
1337,18,Sparkling Water,113,Gulf - Saudi,2025-12-28,promo_launch,13.5,"Royal Fizz launched a promo at MetroBazaar (Saudi) the week of 2025-12-28 (TPR, 14% depth).",1
1338,108,Baby Care,83,India - Tier 2/3,2025-12-28,promo_launch,48.5,"Crunch Baby Co launched a promo at Neighborhood Wholesale #2 (Tier 2/3) the week of 2025-12-28 (BOGO, 48% depth).",1
1339,28,Personal Care,11,North America,2025-12-28,promo_launch,22.9,"Spring Skin launched a promo at FreshMart #2 the week of 2025-12-28 (Ad, 23% depth).",1
1340,6,Salty Snacks,1,North America,2025-12-28,promo_launch,12.8,"Coastal Bites launched a promo at FreshMart the week of 2025-12-28 (TPR, 13% depth).",1
1341,101,Baby Care,130,Gulf - Qatar,2025-12-28,promo_launch,14.9,"Everyday Tiny Care launched a promo at PrimeGrocer (Qatar) the week of 2025-12-28 (Display, 15% depth).",1
1342,28,Personal Care,9,North America,2025-12-28,promo_launch,16.6,"Spring Skin launched a promo at CityMart the week of 2025-12-28 (Display, 17% depth).",1
1343,18,Sparkling Water,118,Gulf - Saudi,2025-12-28,promo_launch,6.2,"Royal Fizz launched a promo at Local Trade Collective (Saudi) the week of 2025-12-28 (TPR, 6% depth).",1
1344,6,Salty Snacks,3,North America,2025-12-28,promo_launch,19.2,"Coastal Bites launched a promo at GreenAisle the week of 2025-12-28 (Ad, 19% depth).",1
1345,72,Dairy,71,India - Tier 2/3,2025-12-28,promo_launch,47.9,"Nomad Milk Co launched a promo at UrbanPantry (Tier 2/3) the week of 2025-12-28 (BOGO, 48% depth).",1
1346,58,Home Care,94,Gulf - UAE,2025-12-28,promo_launch,17.9,"Coastal Clean launched a promo at DailyBasket (UAE) the week of 2025-12-28 (Ad, 18% depth).",1
1347,28,Personal Care,5,North America,2025-12-28,promo_launch,45.8,"Spring Skin launched a promo at DailyBasket the week of 2025-12-28 (BOGO, 46% depth).",1
1348,88,Confectionery,187,SEA - Indonesia,2025-12-28,promo_launch,8.4,"Pure Treats launched a promo at QuickDash (Indonesia) the week of 2025-12-28 (TPR, 8% depth).",1
1349,58,Home Care,98,Gulf - UAE,2025-12-28,promo_launch,15.0,"Coastal Clean launched a promo at BulkBasket Club (UAE) the week of 2025-12-28 (TPR, 15% depth).",1
1350,27,Personal Care,199,SEA - Indonesia,2025-12-28,promo_launch,21.9,"Golden Glow launched a promo at MarketLink GT (Indonesia) the week of 2025-12-28 (Ad, 22% depth).",1
1351,58,Home Care,104,Gulf - UAE,2025-12-28,promo_launch,21.9,"Coastal Clean launched a promo at HopMart (UAE) the week of 2025-12-28 (Ad, 22% depth).",1
1352,6,Salty Snacks,7,North America,2025-12-28,promo_launch,45.3,"Coastal Bites launched a promo at UrbanPantry the week of 2025-12-28 (BOGO, 45% depth).",1
1353,27,Personal Care,196,SEA - Indonesia,2025-12-28,promo_launch,7.9,"Golden Glow launched a promo at Corner Store Network (Indonesia) the week of 2025-12-28 (TPR, 8% depth).",1
1354,6,Salty Snacks,8,North America,2025-12-28,promo_launch,49.5,"Coastal Bites launched a promo at ValueGrocer the week of 2025-12-28 (BOGO, 50% depth).",1
1355,58,Home Care,108,Gulf - UAE,2025-12-28,promo_launch,9.8,"Coastal Clean launched a promo at ValueTrade GT (UAE) the week of 2025-12-28 (TPR, 10% depth).",1
1356,58,Home Care,109,Gulf - UAE,2025-12-28,promo_launch,49.1,"Coastal Clean launched a promo at Neighborhood Wholesale (UAE) the week of 2025-12-28 (BOGO, 49% depth).",1
1357,58,Home Care,110,Gulf - UAE,2025-12-28,promo_launch,6.0,"Coastal Clean launched a promo at Corner Store Network (UAE) the week of 2025-12-28 (TPR, 6% depth).",1
1358,58,Home Care,181,SEA - Indonesia,2025-12-28,promo_launch,7.0,"Coastal Clean launched a promo at FreshMart (Indonesia) the week of 2025-12-28 (TPR, 7% depth).",1
1359,58,Home Care,182,SEA - Indonesia,2025-12-28,promo_launch,49.6,"Coastal Clean launched a promo at MetroBazaar (Indonesia) the week of 2025-12-28 (BOGO, 50% depth).",1
1360,89,Breakfast & Cereal,74,India - Tier 2/3,2025-12-28,promo_launch,45.4,"Nomad Mornings launched a promo at ValueTrade GT (Tier 2/3) the week of 2025-12-28 (BOGO, 45% depth).",1
1361,6,Salty Snacks,21,North America,2025-12-28,promo_launch,17.9,"Coastal Bites launched a promo at EarthAisle the week of 2025-12-28 (Display, 18% depth).",1
1362,10,Salty Snacks,123,Gulf - Saudi,2025-12-28,promo_launch,13.1,"Silver Chips launched a promo at Bazaar Wholesale (Saudi) the week of 2025-12-28 (Display, 13% depth).",1
1363,29,Personal Care,38,India - Metro,2025-12-28,promo_launch,12.4,"Golden Essentials launched a promo at GreenAisle (Metro) the week of 2025-12-28 (Display, 12% depth).",1
1364,56,Home Care,72,India - Tier 2/3,2025-12-28,promo_launch,23.3,"Golden Shine launched a promo at ValueGrocer (Tier 2/3) the week of 2025-12-28 (Ad, 23% depth).",1
1365,17,Sparkling Water,39,India - Metro,2025-12-28,promo_launch,20.3,"Nomad Bubbles launched a promo at PrimeGrocer (Metro) the week of 2025-12-28 (Ad, 20% depth).",1
1366,29,Personal Care,51,India - Metro,2025-12-28,promo_launch,13.0,"Golden Essentials launched a promo at FlashCart (Metro) the week of 2025-12-28 (TPR, 13% depth).",1
1367,89,Breakfast & Cereal,81,India - Tier 2/3,2025-12-28,promo_launch,15.3,"Nomad Mornings launched a promo at Local Trade Collective #2 (Tier 2/3) the week of 2025-12-28 (Display, 15% depth).",1
1368,56,Home Care,80,India - Tier 2/3,2025-12-28,promo_launch,10.6,"Golden Shine launched a promo at Sundry Traders Network (Tier 2/3) the week of 2025-12-28 (TPR, 11% depth).",1
1369,17,Sparkling Water,41,India - Metro,2025-12-28,promo_launch,12.2,"Nomad Bubbles launched a promo at SunriseMart (Metro) the week of 2025-12-28 (TPR, 12% depth).",1
1370,56,Home Care,85,India - Tier 2/3,2025-12-28,promo_launch,15.9,"Golden Shine launched a promo at Community Retail Co-op #2 (Tier 2/3) the week of 2025-12-28 (Display, 16% depth).",1
1371,106,Baby Care,112,Gulf - Saudi,2025-12-28,promo_launch,6.1,"Vivid Little Ones launched a promo at FreshMart (Saudi) the week of 2025-12-28 (TPR, 6% depth).",1
1372,5,Salty Snacks,141,Gulf - Qatar,2025-12-28,promo_launch,10.7,"Urban Crisps launched a promo at Community Retail Co-op (Qatar) the week of 2025-12-28 (Display, 11% depth).",1
1373,56,Home Care,88,India - Tier 2/3,2025-12-28,promo_launch,11.9,"Golden Shine launched a promo at Sundry Traders Network #2 (Tier 2/3) the week of 2025-12-28 (Display, 12% depth).",1
1374,17,Sparkling Water,42,India - Metro,2025-12-28,promo_launch,49.0,"Nomad Bubbles launched a promo at QuickStop (Metro) the week of 2025-12-28 (BOGO, 49% depth).",1
1375,56,Home Care,89,India - Tier 2/3,2025-12-28,promo_launch,6.3,"Golden Shine launched a promo at Local Trade Collective #3 (Tier 2/3) the week of 2025-12-28 (TPR, 6% depth).",1
1376,29,Personal Care,37,India - Metro,2025-12-28,promo_launch,16.3,"Golden Essentials launched a promo at MetroBazaar (Metro) the week of 2025-12-28 (Display, 16% depth).",1
1377,5,Salty Snacks,135,Gulf - Qatar,2025-12-28,promo_launch,12.3,"Urban Crisps launched a promo at SwiftBasket (Qatar) the week of 2025-12-28 (TPR, 12% depth).",1
1378,96,Breakfast & Cereal,70,India - Tier 2/3,2025-12-28,promo_launch,45.1,"Meadow Breakfast Co launched a promo at SunriseMart (Tier 2/3) the week of 2025-12-28 (BOGO, 45% depth).",1
1379,17,Sparkling Water,46,India - Metro,2025-12-28,promo_launch,12.5,"Nomad Bubbles launched a promo at QuickDash (Metro) the week of 2025-12-28 (TPR, 12% depth).",1
1380,17,Sparkling Water,48,India - Metro,2025-12-28,promo_launch,18.6,"Nomad Bubbles launched a promo at DashKart (Metro) the week of 2025-12-28 (Ad, 19% depth).",1
1381,73,Dairy,4,North America,2025-12-28,promo_launch,23.6,"Blue Milk Co launched a promo at PrimeGrocer the week of 2025-12-28 (Ad, 24% depth).",1
1382,56,Home Care,77,India - Tier 2/3,2025-12-28,promo_launch,13.7,"Golden Shine launched a promo at Community Retail Co-op (Tier 2/3) the week of 2025-12-28 (TPR, 14% depth).",1
1383,29,Personal Care,56,India - Metro,2025-12-28,promo_launch,15.5,"Golden Essentials launched a promo at QuickDash #2 (Metro) the week of 2025-12-28 (Display, 16% depth).",1
1384,102,Baby Care,84,India - Tier 2/3,2025-12-28,promo_launch,47.7,"Coastal Little Ones launched a promo at Corner Store Network #2 (Tier 2/3) the week of 2025-12-28 (BOGO, 48% depth).",1
1385,17,Sparkling Water,51,India - Metro,2025-12-28,promo_launch,17.7,"Nomad Bubbles launched a promo at FlashCart (Metro) the week of 2025-12-28 (Display, 18% depth).",1
1386,56,Home Care,65,India - Tier 2/3,2025-12-28,promo_launch,14.0,"Golden Shine launched a promo at FreshMart (Tier 2/3) the week of 2025-12-28 (TPR, 14% depth).",1
1387,73,Dairy,196,SEA - Indonesia,2025-12-28,promo_launch,18.9,"Blue Milk Co launched a promo at Corner Store Network (Indonesia) the week of 2025-12-28 (Display, 19% depth).",1
1388,73,Dairy,24,North America,2025-12-28,promo_launch,6.7,"Blue Milk Co launched a promo at PureRoots Market #2 the week of 2025-12-28 (TPR, 7% depth).",1
1389,56,Home Care,68,India - Tier 2/3,2025-12-28,promo_launch,16.7,"Golden Shine launched a promo at PrimeGrocer (Tier 2/3) the week of 2025-12-28 (Display, 17% depth).",1
1390,56,Home Care,88,India - Tier 2/3,2025-12-28,promo_launch,7.4,"Golden Shine launched a promo at Sundry Traders Network #2 (Tier 2/3) the week of 2025-12-28 (TPR, 7% depth).",1
1391,99,Breakfast & Cereal,105,Gulf - UAE,2025-12-28,promo_launch,5.1,"Fresh Cereal Co launched a promo at FlashCart (UAE) the week of 2025-12-28 (TPR, 5% depth).",1
1392,109,Baby Care,11,North America,2025-12-28,promo_launch,18.2,"Silver Little Ones launched a promo at FreshMart #2 the week of 2025-12-28 (Display, 18% depth).",1
1393,73,Dairy,198,SEA - Indonesia,2025-12-28,promo_launch,7.4,"Blue Milk Co launched a promo at Bazaar Wholesale (Indonesia) the week of 2025-12-28 (TPR, 7% depth).",1
1394,17,Sparkling Water,54,India - Metro,2025-12-28,promo_launch,47.8,"Nomad Bubbles launched a promo at GoCart Express (Metro) the week of 2025-12-28 (BOGO, 48% depth).",1
1395,110,Baby Care,46,India - Metro,2025-12-28,promo_launch,17.8,"Meadow Tiny Care launched a promo at QuickDash (Metro) the week of 2025-12-28 (Display, 18% depth).",1
1396,29,Personal Care,54,India - Metro,2025-12-28,promo_launch,12.2,"Golden Essentials launched a promo at GoCart Express (Metro) the week of 2025-12-28 (Display, 12% depth).",1
1397,29,Personal Care,51,India - Metro,2025-12-28,promo_launch,22.7,"Golden Essentials launched a promo at FlashCart (Metro) the week of 2025-12-28 (Ad, 23% depth).",1
1398,106,Baby Care,85,India - Tier 2/3,2025-12-28,promo_launch,13.0,"Vivid Little Ones launched a promo at Community Retail Co-op #2 (Tier 2/3) the week of 2025-12-28 (TPR, 13% depth).",1
1399,5,Salty Snacks,130,Gulf - Qatar,2025-12-28,promo_launch,22.4,"Urban Crisps launched a promo at PrimeGrocer (Qatar) the week of 2025-12-28 (Ad, 22% depth).",1
1400,29,Personal Care,47,India - Metro,2025-12-28,promo_launch,20.2,"Golden Essentials launched a promo at ZipCart (Metro) the week of 2025-12-28 (Ad, 20% depth).",1
1401,29,Personal Care,40,India - Metro,2025-12-28,promo_launch,46.0,"Golden Essentials launched a promo at DailyBasket (Metro) the week of 2025-12-28 (BOGO, 46% depth).",1
1402,56,Home Care,77,India - Tier 2/3,2025-12-28,promo_launch,7.8,"Golden Shine launched a promo at Community Retail Co-op (Tier 2/3) the week of 2025-12-28 (TPR, 8% depth).",1
1403,56,Home Care,78,India - Tier 2/3,2025-12-28,promo_launch,12.0,"Golden Shine launched a promo at Bazaar Wholesale (Tier 2/3) the week of 2025-12-28 (TPR, 12% depth).",1
1404,5,Salty Snacks,132,Gulf - Qatar,2025-12-28,promo_launch,18.8,"Urban Crisps launched a promo at QuickDash (Qatar) the week of 2025-12-28 (Display, 19% depth).",1
1405,102,Baby Care,67,India - Tier 2/3,2025-12-28,promo_launch,12.3,"Coastal Little Ones launched a promo at GreenAisle (Tier 2/3) the week of 2025-12-28 (Display, 12% depth).",1
1406,29,Personal Care,37,India - Metro,2025-12-28,promo_launch,22.3,"Golden Essentials launched a promo at MetroBazaar (Metro) the week of 2025-12-28 (Ad, 22% depth).",1
1407,96,Breakfast & Cereal,68,India - Tier 2/3,2025-12-28,promo_launch,15.7,"Meadow Breakfast Co launched a promo at PrimeGrocer (Tier 2/3) the week of 2025-12-28 (Display, 16% depth).",1
1408,29,Personal Care,61,India - Metro,2025-12-28,promo_launch,15.0,"Golden Essentials launched a promo at Community Retail Co-op (Metro) the week of 2025-12-28 (Display, 15% depth).",1
1409,29,Personal Care,41,India - Metro,2025-12-28,promo_launch,48.3,"Golden Essentials launched a promo at SunriseMart (Metro) the week of 2025-12-28 (BOGO, 48% depth).",1
1410,73,Dairy,194,SEA - Indonesia,2025-12-28,promo_launch,10.6,"Blue Milk Co launched a promo at ValueTrade GT (Indonesia) the week of 2025-12-28 (TPR, 11% depth).",1
1411,57,Home Care,170,SEA - Philippines,2025-12-28,promo_launch,48.2,"Cloud Shine launched a promo at DashKart (Philippines) the week of 2025-12-28 (BOGO, 48% depth).",1
1412,96,Breakfast & Cereal,75,India - Tier 2/3,2025-12-28,promo_launch,15.8,"Meadow Breakfast Co launched a promo at Neighborhood Wholesale (Tier 2/3) the week of 2025-12-28 (Display, 16% depth).",1
1413,109,Baby Care,127,Gulf - Qatar,2025-12-28,promo_launch,19.4,"Silver Little Ones launched a promo at FreshMart (Qatar) the week of 2025-12-28 (Ad, 19% depth).",1
1414,6,Salty Snacks,10,North America,2025-12-28,promo_launch,22.0,"Coastal Bites launched a promo at HomeFresh the week of 2025-12-28 (Ad, 22% depth).",1
1415,28,Personal Care,160,SEA - Malaysia,2025-12-28,promo_launch,48.4,"Spring Skin launched a promo at MarketLink GT (Malaysia) the week of 2025-12-28 (BOGO, 48% depth).",1
1416,28,Personal Care,159,SEA - Malaysia,2025-12-28,promo_launch,9.5,"Spring Skin launched a promo at Bazaar Wholesale (Malaysia) the week of 2025-12-28 (TPR, 10% depth).",1
1417,28,Personal Care,154,SEA - Malaysia,2025-12-28,promo_launch,14.9,"Spring Skin launched a promo at Local Trade Collective (Malaysia) the week of 2025-12-28 (TPR, 15% depth).",1
1418,28,Personal Care,151,SEA - Malaysia,2025-12-28,promo_launch,19.9,"Spring Skin launched a promo at SwiftBasket (Malaysia) the week of 2025-12-28 (Ad, 20% depth).",1
1419,108,Baby Care,113,Gulf - Saudi,2025-12-28,promo_launch,13.2,"Crunch Baby Co launched a promo at MetroBazaar (Saudi) the week of 2025-12-28 (Display, 13% depth).",1
1420,28,Personal Care,149,SEA - Malaysia,2025-12-28,promo_launch,47.1,"Spring Skin launched a promo at ZipCart (Malaysia) the week of 2025-12-28 (BOGO, 47% depth).",1
1421,102,Baby Care,71,India - Tier 2/3,2025-12-28,promo_launch,14.7,"Coastal Little Ones launched a promo at UrbanPantry (Tier 2/3) the week of 2025-12-28 (Display, 15% depth).",1
1422,102,Baby Care,81,India - Tier 2/3,2025-12-28,promo_launch,23.7,"Coastal Little Ones launched a promo at Local Trade Collective #2 (Tier 2/3) the week of 2025-12-28 (Ad, 24% depth).",1
1423,99,Breakfast & Cereal,148,SEA - Malaysia,2025-12-28,promo_launch,48.7,"Fresh Cereal Co launched a promo at QuickDash (Malaysia) the week of 2025-12-28 (BOGO, 49% depth).",1
1424,72,Dairy,81,India - Tier 2/3,2025-12-28,promo_launch,5.5,"Nomad Milk Co launched a promo at Local Trade Collective #2 (Tier 2/3) the week of 2025-12-28 (TPR, 6% depth).",1
1425,17,Sparkling Water,61,India - Metro,2025-12-28,promo_launch,17.0,"Nomad Bubbles launched a promo at Community Retail Co-op (Metro) the week of 2025-12-28 (Display, 17% depth).",1
1426,96,Breakfast & Cereal,77,India - Tier 2/3,2025-12-28,promo_launch,18.3,"Meadow Breakfast Co launched a promo at Community Retail Co-op (Tier 2/3) the week of 2025-12-28 (Display, 18% depth).",1
1427,6,Salty Snacks,20,North America,2025-12-28,promo_launch,10.0,"Coastal Bites launched a promo at PureRoots Market the week of 2025-12-28 (TPR, 10% depth).",1
1428,72,Dairy,75,India - Tier 2/3,2025-12-28,promo_launch,23.9,"Nomad Milk Co launched a promo at Neighborhood Wholesale (Tier 2/3) the week of 2025-12-28 (Ad, 24% depth).",1
1429,6,Salty Snacks,7,North America,2025-12-28,promo_launch,23.2,"Coastal Bites launched a promo at UrbanPantry the week of 2025-12-28 (Ad, 23% depth).",1
1430,73,Dairy,10,North America,2025-12-28,promo_launch,46.5,"Blue Milk Co launched a promo at HomeFresh the week of 2025-12-28 (BOGO, 46% depth).",1
1431,56,Home Care,75,India - Tier 2/3,2025-12-28,promo_launch,7.2,"Golden Shine launched a promo at Neighborhood Wholesale (Tier 2/3) the week of 2025-12-28 (TPR, 7% depth).",1
1432,108,Baby Care,117,Gulf - Saudi,2025-12-28,promo_launch,7.6,"Crunch Baby Co launched a promo at SunriseMart (Saudi) the week of 2025-12-28 (TPR, 8% depth).",1
1433,17,Sparkling Water,61,India - Metro,2025-12-28,promo_launch,11.9,"Nomad Bubbles launched a promo at Community Retail Co-op (Metro) the week of 2025-12-28 (Display, 12% depth).",1
1434,5,Salty Snacks,139,Gulf - Qatar,2025-12-28,promo_launch,9.9,"Urban Crisps launched a promo at Neighborhood Wholesale (Qatar) the week of 2025-12-28 (TPR, 10% depth).",1
1435,17,Sparkling Water,63,India - Metro,2025-12-28,promo_launch,45.5,"Nomad Bubbles launched a promo at MarketLink GT (Metro) the week of 2025-12-28 (BOGO, 46% depth).",1
1436,5,Salty Snacks,141,Gulf - Qatar,2025-12-28,promo_launch,20.7,"Urban Crisps launched a promo at Community Retail Co-op (Qatar) the week of 2025-12-28 (Ad, 21% depth).",1
1437,110,Baby Care,37,India - Metro,2025-12-28,promo_launch,14.4,"Meadow Tiny Care launched a promo at MetroBazaar (Metro) the week of 2025-12-28 (TPR, 14% depth).",1
1438,17,Sparkling Water,42,India - Metro,2025-12-28,promo_launch,21.2,"Nomad Bubbles launched a promo at QuickStop (Metro) the week of 2025-12-28 (Ad, 21% depth).",1
1439,17,Sparkling Water,44,India - Metro,2025-12-28,promo_launch,9.3,"Nomad Bubbles launched a promo at GoStop (Metro) the week of 2025-12-28 (TPR, 9% depth).",1
1440,88,Confectionery,93,Gulf - UAE,2025-12-28,promo_launch,8.5,"Pure Treats launched a promo at PrimeGrocer (UAE) the week of 2025-12-28 (TPR, 8% depth).",1
1441,87,Confectionery,29,North America,2025-12-28,promo_launch,11.4,"Pure Sweets launched a promo at QuickStop #2 the week of 2025-12-28 (TPR, 11% depth).",1
1442,59,Home Care,94,Gulf - UAE,2025-12-28,promo_launch,20.2,"Pure Shine launched a promo at DailyBasket (UAE) the week of 2025-12-28 (Ad, 20% depth).",1
1443,25,Personal Care,156,SEA - Malaysia,2025-12-28,promo_launch,11.7,"Royal Skin launched a promo at Neighborhood Wholesale (Malaysia) the week of 2025-12-28 (Display, 12% depth).",1
1444,71,Dairy,9,North America,2025-12-28,promo_launch,5.2,"Golden Farms launched a promo at CityMart the week of 2025-12-28 (TPR, 5% depth).",1
1445,71,Dairy,8,North America,2025-12-28,promo_launch,24.3,"Golden Farms launched a promo at ValueGrocer the week of 2025-12-28 (Ad, 24% depth).",1
1446,25,Personal Care,150,SEA - Malaysia,2025-12-28,promo_launch,8.4,"Royal Skin launched a promo at DashKart (Malaysia) the week of 2025-12-28 (TPR, 8% depth).",1
1447,83,Confectionery,71,India - Tier 2/3,2025-12-28,promo_launch,46.8,"Fresh Treats launched a promo at UrbanPantry (Tier 2/3) the week of 2025-12-28 (BOGO, 47% depth).",1
1448,83,Confectionery,72,India - Tier 2/3,2025-12-28,promo_launch,46.0,"Fresh Treats launched a promo at ValueGrocer (Tier 2/3) the week of 2025-12-28 (BOGO, 46% depth).",1
1449,100,Baby Care,82,India - Tier 2/3,2025-12-28,promo_launch,12.4,"Fresh Tiny Care launched a promo at ValueTrade GT #2 (Tier 2/3) the week of 2025-12-28 (Display, 12% depth).",1
1450,71,Dairy,3,North America,2025-12-28,promo_launch,8.5,"Golden Farms launched a promo at GreenAisle the week of 2025-12-28 (TPR, 8% depth).",1
1451,88,Confectionery,109,Gulf - UAE,2025-12-28,promo_launch,49.3,"Pure Treats launched a promo at Neighborhood Wholesale (UAE) the week of 2025-12-28 (BOGO, 49% depth).",1
1452,71,Dairy,179,SEA - Philippines,2025-12-28,promo_launch,18.7,"Golden Farms launched a promo at MarketLink GT (Philippines) the week of 2025-12-28 (Ad, 19% depth).",1
1453,83,Confectionery,78,India - Tier 2/3,2025-12-28,promo_launch,16.3,"Fresh Treats launched a promo at Bazaar Wholesale (Tier 2/3) the week of 2025-12-28 (Display, 16% depth).",1
1454,18,Sparkling Water,5,North America,2025-12-28,promo_launch,18.3,"Royal Fizz launched a promo at DailyBasket the week of 2025-12-28 (Ad, 18% depth).",1
1455,9,Salty Snacks,102,Gulf - UAE,2025-12-28,promo_launch,13.0,"Spring Crisps launched a promo at DashKart (UAE) the week of 2025-12-28 (TPR, 13% depth).",1
1456,99,Breakfast & Cereal,107,Gulf - UAE,2025-12-28,promo_launch,9.7,"Fresh Cereal Co launched a promo at Local Trade Collective (UAE) the week of 2025-12-28 (TPR, 10% depth).",1
1457,59,Home Care,104,Gulf - UAE,2025-12-28,promo_launch,14.5,"Pure Shine launched a promo at HopMart (UAE) the week of 2025-12-28 (Display, 14% depth).",1
1458,25,Personal Care,147,SEA - Malaysia,2025-12-28,promo_launch,20.0,"Royal Skin launched a promo at SunriseMart (Malaysia) the week of 2025-12-28 (Ad, 20% depth).",1
1459,59,Home Care,108,Gulf - UAE,2025-12-28,promo_launch,46.0,"Pure Shine launched a promo at ValueTrade GT (UAE) the week of 2025-12-28 (BOGO, 46% depth).",1
1460,88,Confectionery,102,Gulf - UAE,2025-12-28,promo_launch,24.0,"Pure Treats launched a promo at DashKart (UAE) the week of 2025-12-28 (Ad, 24% depth).",1
1461,25,Personal Care,144,SEA - Malaysia,2025-12-28,promo_launch,47.5,"Royal Skin launched a promo at GreenAisle (Malaysia) the week of 2025-12-28 (BOGO, 48% depth).",1
1462,100,Baby Care,77,India - Tier 2/3,2025-12-28,promo_launch,16.3,"Fresh Tiny Care launched a promo at Community Retail Co-op (Tier 2/3) the week of 2025-12-28 (Display, 16% depth).",1
1463,24,Personal Care,140,Gulf - Qatar,2025-12-28,promo_launch,7.2,"Spring Care launched a promo at Corner Store Network (Qatar) the week of 2025-12-28 (TPR, 7% depth).",1
1464,25,Personal Care,157,SEA - Malaysia,2025-12-28,promo_launch,46.7,"Royal Skin launched a promo at Corner Store Network (Malaysia) the week of 2025-12-28 (BOGO, 47% depth).",1
1465,18,Sparkling Water,119,Gulf - Saudi,2025-12-28,promo_launch,12.7,"Royal Fizz launched a promo at ValueTrade GT (Saudi) the week of 2025-12-28 (Display, 13% depth).",1
1466,25,Personal Care,160,SEA - Malaysia,2025-12-28,promo_launch,12.9,"Royal Skin launched a promo at MarketLink GT (Malaysia) the week of 2025-12-28 (Display, 13% depth).",1
1467,59,Home Care,111,Gulf - UAE,2025-12-28,promo_launch,15.3,"Pure Shine launched a promo at Community Retail Co-op (UAE) the week of 2025-12-28 (Display, 15% depth).",1
1468,25,Personal Care,143,SEA - Malaysia,2025-12-28,promo_launch,49.8,"Royal Skin launched a promo at MetroBazaar (Malaysia) the week of 2025-12-28 (BOGO, 50% depth).",1
1469,25,Personal Care,142,SEA - Malaysia,2025-12-28,promo_launch,12.9,"Royal Skin launched a promo at FreshMart (Malaysia) the week of 2025-12-28 (TPR, 13% depth).",1
1470,59,Home Care,58,India - Metro,2025-12-28,promo_launch,12.8,"Pure Shine launched a promo at ValueTrade GT (Metro) the week of 2025-12-28 (Display, 13% depth).",1
1471,59,Home Care,59,India - Metro,2025-12-28,promo_launch,11.6,"Pure Shine launched a promo at Neighborhood Wholesale (Metro) the week of 2025-12-28 (Display, 12% depth).",1
1472,59,Home Care,60,India - Metro,2025-12-28,promo_launch,10.5,"Pure Shine launched a promo at Corner Store Network (Metro) the week of 2025-12-28 (Display, 10% depth).",1
1473,59,Home Care,63,India - Metro,2025-12-28,promo_launch,10.7,"Pure Shine launched a promo at MarketLink GT (Metro) the week of 2025-12-28 (TPR, 11% depth).",1
1474,106,Baby Care,69,India - Tier 2/3,2025-12-28,promo_launch,12.8,"Vivid Little Ones launched a promo at DailyBasket (Tier 2/3) the week of 2025-12-28 (TPR, 13% depth).",1
1475,25,Personal Care,156,SEA - Malaysia,2025-12-28,promo_launch,13.9,"Royal Skin launched a promo at Neighborhood Wholesale (Malaysia) the week of 2025-12-28 (TPR, 14% depth).",1
1476,59,Home Care,92,Gulf - UAE,2025-12-28,promo_launch,19.1,"Pure Shine launched a promo at GreenAisle (UAE) the week of 2025-12-28 (Display, 19% depth).",1
1477,100,Baby Care,89,India - Tier 2/3,2025-12-28,promo_launch,6.0,"Fresh Tiny Care launched a promo at Local Trade Collective #3 (Tier 2/3) the week of 2025-12-28 (TPR, 6% depth).",1
1478,99,Breakfast & Cereal,102,Gulf - UAE,2025-12-28,promo_launch,12.2,"Fresh Cereal Co launched a promo at DashKart (UAE) the week of 2025-12-28 (TPR, 12% depth).",1
1479,88,Confectionery,193,SEA - Indonesia,2025-12-28,promo_launch,48.0,"Pure Treats launched a promo at Local Trade Collective (Indonesia) the week of 2025-12-28 (BOGO, 48% depth).",1
1480,71,Dairy,163,SEA - Philippines,2025-12-28,promo_launch,12.4,"Golden Farms launched a promo at MetroBazaar (Philippines) the week of 2025-12-28 (Display, 12% depth).",1
1481,59,Home Care,99,Gulf - UAE,2025-12-28,promo_launch,5.2,"Pure Shine launched a promo at WareClub (UAE) the week of 2025-12-28 (TPR, 5% depth).",1
1482,59,Home Care,100,Gulf - UAE,2025-12-28,promo_launch,22.8,"Pure Shine launched a promo at QuickDash (UAE) the week of 2025-12-28 (Ad, 23% depth).",1
1483,88,Confectionery,191,SEA - Indonesia,2025-12-28,promo_launch,15.0,"Pure Treats launched a promo at HopMart (Indonesia) the week of 2025-12-28 (TPR, 15% depth).",1
1484,9,Salty Snacks,108,Gulf - UAE,2025-12-28,promo_launch,6.4,"Spring Crisps launched a promo at ValueTrade GT (UAE) the week of 2025-12-28 (TPR, 6% depth).",1
1485,25,Personal Care,145,SEA - Malaysia,2025-12-28,promo_launch,12.1,"Royal Skin launched a promo at PrimeGrocer (Malaysia) the week of 2025-12-28 (TPR, 12% depth).",1
1486,71,Dairy,21,North America,2025-12-28,promo_launch,45.8,"Golden Farms launched a promo at EarthAisle the week of 2025-12-28 (BOGO, 46% depth).",1
1487,71,Dairy,20,North America,2025-12-28,promo_launch,46.7,"Golden Farms launched a promo at PureRoots Market the week of 2025-12-28 (BOGO, 47% depth).",1
1488,96,Breakfast & Cereal,76,India - Tier 2/3,2025-12-28,promo_launch,48.5,"Meadow Breakfast Co launched a promo at Corner Store Network (Tier 2/3) the week of 2025-12-28 (BOGO, 48% depth).",1
1489,71,Dairy,13,North America,2025-12-28,promo_launch,14.1,"Golden Farms launched a promo at GreenAisle #2 the week of 2025-12-28 (TPR, 14% depth).",1
1490,71,Dairy,168,SEA - Philippines,2025-12-28,promo_launch,17.5,"Golden Farms launched a promo at QuickDash (Philippines) the week of 2025-12-28 (Display, 18% depth).",1
1491,71,Dairy,167,SEA - Philippines,2025-12-28,promo_launch,24.2,"Golden Farms launched a promo at SunriseMart (Philippines) the week of 2025-12-28 (Ad, 24% depth).",1
1492,71,Dairy,172,SEA - Philippines,2025-12-28,promo_launch,12.3,"Golden Farms launched a promo at HopMart (Philippines) the week of 2025-12-28 (TPR, 12% depth).",1
1493,24,Personal Care,110,Gulf - UAE,2025-12-28,promo_launch,17.1,"Spring Care launched a promo at Corner Store Network (UAE) the week of 2025-12-28 (Display, 17% depth).",1
1494,60,Home Care,92,Gulf - UAE,2025-12-28,promo_launch,16.4,"True Shine launched a promo at GreenAisle (UAE) the week of 2025-12-28 (Display, 16% depth).",1
1495,24,Personal Care,136,Gulf - Qatar,2025-12-28,promo_launch,12.7,"Spring Care launched a promo at HopMart (Qatar) the week of 2025-12-28 (TPR, 13% depth).",1
1496,60,Home Care,93,Gulf - UAE,2025-12-28,promo_launch,48.1,"True Shine launched a promo at PrimeGrocer (UAE) the week of 2025-12-28 (BOGO, 48% depth).",1
1497,100,Baby Care,68,India - Tier 2/3,2025-12-28,promo_launch,9.8,"Fresh Tiny Care launched a promo at PrimeGrocer (Tier 2/3) the week of 2025-12-28 (TPR, 10% depth).",1
1498,106,Baby Care,84,India - Tier 2/3,2025-12-28,promo_launch,49.2,"Vivid Little Ones launched a promo at Corner Store Network #2 (Tier 2/3) the week of 2025-12-28 (BOGO, 49% depth).",1
1499,108,Baby Care,125,Gulf - Saudi,2025-12-28,promo_launch,16.6,"Crunch Baby Co launched a promo at Sundry Traders Network (Saudi) the week of 2025-12-28 (Ad, 17% depth).",1
1500,24,Personal Care,130,Gulf - Qatar,2025-12-28,promo_launch,7.0,"Spring Care launched a promo at PrimeGrocer (Qatar) the week of 2025-12-28 (TPR, 7% depth).",1
1501,24,Personal Care,128,Gulf - Qatar,2025-12-28,promo_launch,20.7,"Spring Care launched a promo at MetroBazaar (Qatar) the week of 2025-12-28 (Ad, 21% depth).",1
1502,18,Sparkling Water,28,North America,2025-12-28,promo_launch,49.8,"Royal Fizz launched a promo at ExpressStop the week of 2025-12-28 (BOGO, 50% depth).",1
1503,60,Home Care,105,Gulf - UAE,2025-12-28,promo_launch,18.4,"True Shine launched a promo at FlashCart (UAE) the week of 2025-12-28 (Ad, 18% depth).",1
1504,18,Sparkling Water,11,North America,2025-12-28,promo_launch,9.5,"Royal Fizz launched a promo at FreshMart #2 the week of 2025-12-28 (TPR, 10% depth).",1
1505,60,Home Care,92,Gulf - UAE,2025-12-28,promo_launch,15.0,"True Shine launched a promo at GreenAisle (UAE) the week of 2025-12-28 (TPR, 15% depth).",1
1506,24,Personal Care,103,Gulf - UAE,2025-12-28,promo_launch,48.2,"Spring Care launched a promo at SwiftBasket (UAE) the week of 2025-12-28 (BOGO, 48% depth).",1
1507,100,Baby Care,89,India - Tier 2/3,2025-12-28,promo_launch,14.7,"Fresh Tiny Care launched a promo at Local Trade Collective #3 (Tier 2/3) the week of 2025-12-28 (TPR, 15% depth).",1
1508,87,Confectionery,2,North America,2025-12-28,promo_launch,12.8,"Pure Sweets launched a promo at MetroBazaar the week of 2025-12-28 (TPR, 13% depth).",1
1509,24,Personal Care,100,Gulf - UAE,2025-12-28,promo_launch,19.5,"Spring Care launched a promo at QuickDash (UAE) the week of 2025-12-28 (Ad, 20% depth).",1
1510,60,Home Care,102,Gulf - UAE,2025-12-28,promo_launch,11.5,"True Shine launched a promo at DashKart (UAE) the week of 2025-12-28 (TPR, 12% depth).",1
1511,60,Home Care,108,Gulf - UAE,2025-12-28,promo_launch,16.1,"True Shine launched a promo at ValueTrade GT (UAE) the week of 2025-12-28 (Display, 16% depth).",1
1512,24,Personal Care,139,Gulf - Qatar,2025-12-28,promo_launch,45.8,"Spring Care launched a promo at Neighborhood Wholesale (Qatar) the week of 2025-12-28 (BOGO, 46% depth).",1
1513,61,Home Care,36,India - Metro,2025-12-28,promo_launch,16.8,"Crunch Household launched a promo at FreshMart (Metro) the week of 2025-12-28 (Display, 17% depth).",1
1514,24,Personal Care,137,Gulf - Qatar,2025-12-28,promo_launch,46.6,"Spring Care launched a promo at Local Trade Collective (Qatar) the week of 2025-12-28 (BOGO, 47% depth).",1
1515,24,Personal Care,136,Gulf - Qatar,2025-12-28,promo_launch,14.7,"Spring Care launched a promo at HopMart (Qatar) the week of 2025-12-28 (Display, 15% depth).",1
1516,18,Sparkling Water,115,Gulf - Saudi,2025-12-28,promo_launch,15.4,"Royal Fizz launched a promo at PrimeGrocer (Saudi) the week of 2025-12-28 (Ad, 15% depth).",1
1517,60,Home Care,90,Gulf - UAE,2025-12-28,promo_launch,16.8,"True Shine launched a promo at FreshMart (UAE) the week of 2025-12-28 (Display, 17% depth).",1
1518,71,Dairy,8,North America,2025-12-28,promo_launch,17.7,"Golden Farms launched a promo at ValueGrocer the week of 2025-12-28 (Display, 18% depth).",1
1519,109,Baby Care,139,Gulf - Qatar,2025-12-28,promo_launch,9.2,"Silver Little Ones launched a promo at Neighborhood Wholesale (Qatar) the week of 2025-12-28 (TPR, 9% depth).",1
1520,60,Home Care,100,Gulf - UAE,2025-12-28,promo_launch,19.6,"True Shine launched a promo at QuickDash (UAE) the week of 2025-12-28 (Ad, 20% depth).",1
1521,24,Personal Care,134,Gulf - Qatar,2025-12-28,promo_launch,13.9,"Spring Care launched a promo at DashKart (Qatar) the week of 2025-12-28 (Display, 14% depth).",1
1522,60,Home Care,101,Gulf - UAE,2025-12-28,promo_launch,13.8,"True Shine launched a promo at ZipCart (UAE) the week of 2025-12-28 (TPR, 14% depth).",1
1523,108,Baby Care,65,India - Tier 2/3,2025-12-28,promo_launch,11.8,"Crunch Baby Co launched a promo at FreshMart (Tier 2/3) the week of 2025-12-28 (TPR, 12% depth).",1
1524,71,Dairy,164,SEA - Philippines,2025-12-28,promo_launch,11.7,"Golden Farms launched a promo at GreenAisle (Philippines) the week of 2025-12-28 (TPR, 12% depth).",1
1525,60,Home Care,106,Gulf - UAE,2025-12-28,promo_launch,14.3,"True Shine launched a promo at NimbleMart (UAE) the week of 2025-12-28 (TPR, 14% depth).",1
1526,60,Home Care,108,Gulf - UAE,2025-12-28,promo_launch,14.0,"True Shine launched a promo at ValueTrade GT (UAE) the week of 2025-12-28 (TPR, 14% depth).",1
1527,24,Personal Care,127,Gulf - Qatar,2025-12-28,promo_launch,19.4,"Spring Care launched a promo at FreshMart (Qatar) the week of 2025-12-28 (Display, 19% depth).",1
1528,71,Dairy,23,North America,2025-12-28,promo_launch,24.3,"Golden Farms launched a promo at GreenLeaf Naturals #2 the week of 2025-12-28 (Ad, 24% depth).",1
1529,60,Home Care,96,Gulf - UAE,2025-12-28,promo_launch,15.8,"True Shine launched a promo at UrbanPantry (UAE) the week of 2025-12-28 (Ad, 16% depth).",1
1530,106,Baby Care,81,India - Tier 2/3,2025-12-28,promo_launch,48.2,"Vivid Little Ones launched a promo at Local Trade Collective #2 (Tier 2/3) the week of 2025-12-28 (BOGO, 48% depth).",1
1531,60,Home Care,101,Gulf - UAE,2025-12-28,promo_launch,11.3,"True Shine launched a promo at ZipCart (UAE) the week of 2025-12-28 (TPR, 11% depth).",1
1532,87,Confectionery,28,North America,2025-12-28,promo_launch,18.2,"Pure Sweets launched a promo at ExpressStop the week of 2025-12-28 (Display, 18% depth).",1
1533,100,Baby Care,71,India - Tier 2/3,2025-12-28,promo_launch,47.8,"Fresh Tiny Care launched a promo at UrbanPantry (Tier 2/3) the week of 2025-12-28 (BOGO, 48% depth).",1
1534,60,Home Care,104,Gulf - UAE,2025-12-28,promo_launch,18.7,"True Shine launched a promo at HopMart (UAE) the week of 2025-12-28 (Display, 19% depth).",1
1535,71,Dairy,13,North America,2025-12-28,promo_launch,17.9,"Golden Farms launched a promo at GreenAisle #2 the week of 2025-12-28 (Ad, 18% depth).",1
1536,71,Dairy,11,North America,2025-12-28,promo_launch,14.6,"Golden Farms launched a promo at FreshMart #2 the week of 2025-12-28 (Display, 15% depth).",1
1537,60,Home Care,106,Gulf - UAE,2025-12-28,promo_launch,12.2,"True Shine launched a promo at NimbleMart (UAE) the week of 2025-12-28 (TPR, 12% depth).",1
1538,71,Dairy,10,North America,2025-12-28,promo_launch,24.4,"Golden Farms launched a promo at HomeFresh the week of 2025-12-28 (Ad, 24% depth).",1
1539,18,Sparkling Water,31,North America,2025-12-28,promo_launch,13.2,"Royal Fizz launched a promo at GoStop #2 the week of 2025-12-28 (Display, 13% depth).",1
1540,25,Personal Care,145,SEA - Malaysia,2025-12-28,promo_launch,45.5,"Royal Skin launched a promo at PrimeGrocer (Malaysia) the week of 2025-12-28 (BOGO, 46% depth).",1
1541,27,Personal Care,197,SEA - Indonesia,2025-12-28,promo_launch,16.6,"Golden Glow launched a promo at Community Retail Co-op (Indonesia) the week of 2025-12-28 (Ad, 17% depth).",1
1542,10,Salty Snacks,126,Gulf - Saudi,2025-12-28,promo_launch,6.3,"Silver Chips launched a promo at Local Trade Collective #2 (Saudi) the week of 2025-12-28 (TPR, 6% depth).",1
1543,88,Confectionery,108,Gulf - UAE,2025-12-28,promo_launch,24.3,"Pure Treats launched a promo at ValueTrade GT (UAE) the week of 2025-12-28 (Ad, 24% depth).",1
1544,26,Personal Care,74,India - Tier 2/3,2025-12-28,promo_launch,48.3,"Prime Care launched a promo at ValueTrade GT (Tier 2/3) the week of 2025-12-28 (BOGO, 48% depth).",1
1545,26,Personal Care,72,India - Tier 2/3,2025-12-28,promo_launch,13.4,"Prime Care launched a promo at ValueGrocer (Tier 2/3) the week of 2025-12-28 (Display, 13% depth).",1
1546,58,Home Care,106,Gulf - UAE,2025-12-28,promo_launch,8.0,"Coastal Clean launched a promo at NimbleMart (UAE) the week of 2025-12-28 (TPR, 8% depth).",1
1547,26,Personal Care,71,India - Tier 2/3,2025-12-28,promo_launch,6.1,"Prime Care launched a promo at UrbanPantry (Tier 2/3) the week of 2025-12-28 (TPR, 6% depth).",1
1548,88,Confectionery,105,Gulf - UAE,2025-12-28,promo_launch,9.6,"Pure Treats launched a promo at FlashCart (UAE) the week of 2025-12-28 (TPR, 10% depth).",1
1549,26,Personal Care,69,India - Tier 2/3,2025-12-28,promo_launch,7.0,"Prime Care launched a promo at DailyBasket (Tier 2/3) the week of 2025-12-28 (TPR, 7% depth).",1
1550,58,Home Care,111,Gulf - UAE,2025-12-28,promo_launch,13.9,"Coastal Clean launched a promo at Community Retail Co-op (UAE) the week of 2025-12-28 (TPR, 14% depth).",1
1551,71,Dairy,180,SEA - Philippines,2025-12-28,promo_launch,6.1,"Golden Farms launched a promo at Sundry Traders Network (Philippines) the week of 2025-12-28 (TPR, 6% depth).",1
1552,58,Home Care,183,SEA - Indonesia,2025-12-28,promo_launch,22.2,"Coastal Clean launched a promo at GreenAisle (Indonesia) the week of 2025-12-28 (Ad, 22% depth).",1
1553,58,Home Care,189,SEA - Indonesia,2025-12-28,promo_launch,11.5,"Coastal Clean launched a promo at DashKart (Indonesia) the week of 2025-12-28 (Display, 12% depth).",1
1554,58,Home Care,190,SEA - Indonesia,2025-12-28,promo_launch,13.1,"Coastal Clean launched a promo at SwiftBasket (Indonesia) the week of 2025-12-28 (TPR, 13% depth).",1
1555,18,Sparkling Water,6,North America,2025-12-28,promo_launch,22.3,"Royal Fizz launched a promo at SunriseMart the week of 2025-12-28 (Ad, 22% depth).",1
1556,26,Personal Care,84,India - Tier 2/3,2025-12-28,promo_launch,19.2,"Prime Care launched a promo at Corner Store Network #2 (Tier 2/3) the week of 2025-12-28 (Display, 19% depth).",1
1557,58,Home Care,198,SEA - Indonesia,2025-12-28,promo_launch,49.4,"Coastal Clean launched a promo at Bazaar Wholesale (Indonesia) the week of 2025-12-28 (BOGO, 49% depth).",1
1558,26,Personal Care,75,India - Tier 2/3,2025-12-28,promo_launch,45.4,"Prime Care launched a promo at Neighborhood Wholesale (Tier 2/3) the week of 2025-12-28 (BOGO, 45% depth).",1
1559,59,Home Care,39,India - Metro,2025-12-28,promo_launch,46.4,"Pure Shine launched a promo at PrimeGrocer (Metro) the week of 2025-12-28 (BOGO, 46% depth).",1
1560,10,Salty Snacks,124,Gulf - Saudi,2025-12-28,promo_launch,18.4,"Silver Chips launched a promo at MarketLink GT (Saudi) the week of 2025-12-28 (Ad, 18% depth).",1
1561,88,Confectionery,198,SEA - Indonesia,2025-12-28,promo_launch,14.1,"Pure Treats launched a promo at Bazaar Wholesale (Indonesia) the week of 2025-12-28 (TPR, 14% depth).",1
1562,18,Sparkling Water,2,North America,2025-12-28,promo_launch,7.9,"Royal Fizz launched a promo at MetroBazaar the week of 2025-12-28 (TPR, 8% depth).",1
1563,106,Baby Care,120,Gulf - Saudi,2025-12-28,promo_launch,20.4,"Vivid Little Ones launched a promo at Neighborhood Wholesale (Saudi) the week of 2025-12-28 (Ad, 20% depth).",1
1564,71,Dairy,167,SEA - Philippines,2025-12-28,promo_launch,13.4,"Golden Farms launched a promo at SunriseMart (Philippines) the week of 2025-12-28 (TPR, 13% depth).",1
1565,59,Home Care,57,India - Metro,2025-12-28,promo_launch,21.9,"Pure Shine launched a promo at Local Trade Collective (Metro) the week of 2025-12-28 (Ad, 22% depth).",1
1566,110,Baby Care,63,India - Metro,2025-12-28,promo_launch,19.6,"Meadow Tiny Care launched a promo at MarketLink GT (Metro) the week of 2025-12-28 (Ad, 20% depth).",1
1567,26,Personal Care,79,India - Tier 2/3,2025-12-28,promo_launch,48.2,"Prime Care launched a promo at MarketLink GT (Tier 2/3) the week of 2025-12-28 (BOGO, 48% depth).",1
1568,58,Home Care,91,Gulf - UAE,2025-12-28,promo_launch,48.9,"Coastal Clean launched a promo at MetroBazaar (UAE) the week of 2025-12-28 (BOGO, 49% depth).",1
1569,18,Sparkling Water,18,North America,2025-12-28,promo_launch,24.3,"Royal Fizz launched a promo at SaverClub #2 the week of 2025-12-28 (Ad, 24% depth).",1
1570,88,Confectionery,200,SEA - Indonesia,2025-12-28,promo_launch,9.2,"Pure Treats launched a promo at Sundry Traders Network (Indonesia) the week of 2025-12-28 (TPR, 9% depth).",1
1571,88,Confectionery,199,SEA - Indonesia,2025-12-28,promo_launch,12.1,"Pure Treats launched a promo at MarketLink GT (Indonesia) the week of 2025-12-28 (TPR, 12% depth).",1
1572,27,Personal Care,188,SEA - Indonesia,2025-12-28,promo_launch,13.2,"Golden Glow launched a promo at ZipCart (Indonesia) the week of 2025-12-28 (TPR, 13% depth).",1
1573,106,Baby Care,88,India - Tier 2/3,2025-12-28,promo_launch,46.3,"Vivid Little Ones launched a promo at Sundry Traders Network #2 (Tier 2/3) the week of 2025-12-28 (BOGO, 46% depth).",1
1574,27,Personal Care,183,SEA - Indonesia,2025-12-28,promo_launch,10.6,"Golden Glow launched a promo at GreenAisle (Indonesia) the week of 2025-12-28 (Display, 11% depth).",1
1575,101,Baby Care,132,Gulf - Qatar,2025-12-28,promo_launch,10.5,"Everyday Tiny Care launched a promo at QuickDash (Qatar) the week of 2025-12-28 (Display, 10% depth).",1
1576,27,Personal Care,197,SEA - Indonesia,2025-12-28,promo_launch,12.4,"Golden Glow launched a promo at Community Retail Co-op (Indonesia) the week of 2025-12-28 (Display, 12% depth).",1
1577,27,Personal Care,194,SEA - Indonesia,2025-12-28,promo_launch,46.4,"Golden Glow launched a promo at ValueTrade GT (Indonesia) the week of 2025-12-28 (BOGO, 46% depth).",1
1578,27,Personal Care,193,SEA - Indonesia,2025-12-28,promo_launch,19.6,"Golden Glow launched a promo at Local Trade Collective (Indonesia) the week of 2025-12-28 (Display, 20% depth).",1
1579,108,Baby Care,77,India - Tier 2/3,2025-12-28,promo_launch,13.9,"Crunch Baby Co launched a promo at Community Retail Co-op (Tier 2/3) the week of 2025-12-28 (TPR, 14% depth).",1
1580,71,Dairy,163,SEA - Philippines,2025-12-28,promo_launch,10.4,"Golden Farms launched a promo at MetroBazaar (Philippines) the week of 2025-12-28 (Display, 10% depth).",1
1581,96,Breakfast & Cereal,89,India - Tier 2/3,2025-12-28,promo_launch,8.3,"Meadow Breakfast Co launched a promo at Local Trade Collective #3 (Tier 2/3) the week of 2025-12-28 (TPR, 8% depth).",1
1582,27,Personal Care,184,SEA - Indonesia,2025-12-28,promo_launch,13.9,"Golden Glow launched a promo at PrimeGrocer (Indonesia) the week of 2025-12-28 (TPR, 14% depth).",1
1583,101,Baby Care,128,Gulf - Qatar,2025-12-28,promo_launch,10.4,"Everyday Tiny Care launched a promo at MetroBazaar (Qatar) the week of 2025-12-28 (Display, 10% depth).",1
1584,18,Sparkling Water,34,North America,2025-12-28,promo_launch,14.0,"Royal Fizz launched a promo at CornerFuel Mart #3 the week of 2025-12-28 (TPR, 14% depth).",1
1585,26,Personal Care,85,India - Tier 2/3,2025-12-28,promo_launch,45.1,"Prime Care launched a promo at Community Retail Co-op #2 (Tier 2/3) the week of 2025-12-28 (BOGO, 45% depth).",1
1586,59,Home Care,61,India - Metro,2025-12-28,promo_launch,7.1,"Pure Shine launched a promo at Community Retail Co-op (Metro) the week of 2025-12-28 (TPR, 7% depth).",1
1587,25,Personal Care,146,SEA - Malaysia,2025-12-28,promo_launch,8.4,"Royal Skin launched a promo at DailyBasket (Malaysia) the week of 2025-12-28 (TPR, 8% depth).",1
1588,88,Confectionery,101,Gulf - UAE,2025-12-28,promo_launch,6.6,"Pure Treats launched a promo at ZipCart (UAE) the week of 2025-12-28 (TPR, 7% depth).",1
1589,101,Baby Care,136,Gulf - Qatar,2025-12-28,promo_launch,5.9,"Everyday Tiny Care launched a promo at HopMart (Qatar) the week of 2025-12-28 (TPR, 6% depth).",1
1590,26,Personal Care,74,India - Tier 2/3,2025-12-28,promo_launch,19.5,"Prime Care launched a promo at ValueTrade GT (Tier 2/3) the week of 2025-12-28 (Display, 20% depth).",1
1591,88,Confectionery,105,Gulf - UAE,2025-12-28,promo_launch,45.7,"Pure Treats launched a promo at FlashCart (UAE) the week of 2025-12-28 (BOGO, 46% depth).",1
1592,26,Personal Care,72,India - Tier 2/3,2025-12-28,promo_launch,5.4,"Prime Care launched a promo at ValueGrocer (Tier 2/3) the week of 2025-12-28 (TPR, 5% depth).",1
1593,59,Home Care,95,Gulf - UAE,2025-12-28,promo_launch,16.6,"Pure Shine launched a promo at SunriseMart (UAE) the week of 2025-12-28 (Ad, 17% depth).",1
1594,26,Personal Care,70,India - Tier 2/3,2025-12-28,promo_launch,11.6,"Prime Care launched a promo at SunriseMart (Tier 2/3) the week of 2025-12-28 (Display, 12% depth).",1
1595,59,Home Care,96,Gulf - UAE,2025-12-28,promo_launch,5.7,"Pure Shine launched a promo at UrbanPantry (UAE) the week of 2025-12-28 (TPR, 6% depth).",1
1596,26,Personal Care,69,India - Tier 2/3,2025-12-28,promo_launch,12.6,"Prime Care launched a promo at DailyBasket (Tier 2/3) the week of 2025-12-28 (Display, 13% depth).",1
1597,18,Sparkling Water,21,North America,2025-12-28,promo_launch,8.8,"Royal Fizz launched a promo at EarthAisle the week of 2025-12-28 (TPR, 9% depth).",1
1598,59,Home Care,103,Gulf - UAE,2025-12-28,promo_launch,9.0,"Pure Shine launched a promo at SwiftBasket (UAE) the week of 2025-12-28 (TPR, 9% depth).",1
1599,25,Personal Care,161,SEA - Malaysia,2025-12-28,promo_launch,12.0,"Royal Skin launched a promo at Sundry Traders Network (Malaysia) the week of 2025-12-28 (Display, 12% depth).",1
1600,106,Baby Care,65,India - Tier 2/3,2025-12-28,promo_launch,14.9,"Vivid Little Ones launched a promo at FreshMart (Tier 2/3) the week of 2025-12-28 (TPR, 15% depth).",1
1601,101,Baby Care,130,Gulf - Qatar,2025-12-28,promo_launch,6.1,"Everyday Tiny Care launched a promo at PrimeGrocer (Qatar) the week of 2025-12-28 (TPR, 6% depth).",1
1602,59,Home Care,106,Gulf - UAE,2025-12-28,promo_launch,10.9,"Pure Shine launched a promo at NimbleMart (UAE) the week of 2025-12-28 (TPR, 11% depth).",1
1603,10,Salty Snacks,114,Gulf - Saudi,2025-12-28,promo_launch,11.4,"Silver Chips launched a promo at GreenAisle (Saudi) the week of 2025-12-28 (Display, 11% depth).",1
1604,59,Home Care,36,India - Metro,2025-12-28,promo_launch,5.8,"Pure Shine launched a promo at FreshMart (Metro) the week of 2025-12-28 (TPR, 6% depth).",1
1605,25,Personal Care,152,SEA - Malaysia,2025-12-28,promo_launch,17.7,"Royal Skin launched a promo at HopMart (Malaysia) the week of 2025-12-28 (Ad, 18% depth).",1
1606,59,Home Care,41,India - Metro,2025-12-28,promo_launch,45.4,"Pure Shine launched a promo at SunriseMart (Metro) the week of 2025-12-28 (BOGO, 45% depth).",1
1607,88,Confectionery,107,Gulf - UAE,2025-12-28,promo_launch,11.2,"Pure Treats launched a promo at Local Trade Collective (UAE) the week of 2025-12-28 (Display, 11% depth).",1
1608,10,Salty Snacks,116,Gulf - Saudi,2025-12-28,promo_launch,46.7,"Silver Chips launched a promo at DailyBasket (Saudi) the week of 2025-12-28 (BOGO, 47% depth).",1
1609,26,Personal Care,75,India - Tier 2/3,2025-12-28,promo_launch,48.9,"Prime Care launched a promo at Neighborhood Wholesale (Tier 2/3) the week of 2025-12-28 (BOGO, 49% depth).",1
1610,88,Confectionery,187,SEA - Indonesia,2025-12-28,promo_launch,14.8,"Pure Treats launched a promo at QuickDash (Indonesia) the week of 2025-12-28 (Display, 15% depth).",1
1611,26,Personal Care,74,India - Tier 2/3,2025-12-28,promo_launch,19.0,"Prime Care launched a promo at ValueTrade GT (Tier 2/3) the week of 2025-12-28 (Display, 19% depth).",1
1612,26,Personal Care,72,India - Tier 2/3,2025-12-28,promo_launch,12.8,"Prime Care launched a promo at ValueGrocer (Tier 2/3) the week of 2025-12-28 (TPR, 13% depth).",1
1613,101,Baby Care,127,Gulf - Qatar,2025-12-28,promo_launch,12.6,"Everyday Tiny Care launched a promo at FreshMart (Qatar) the week of 2025-12-28 (Display, 13% depth).",1
1614,26,Personal Care,71,India - Tier 2/3,2025-12-28,promo_launch,16.9,"Prime Care launched a promo at UrbanPantry (Tier 2/3) the week of 2025-12-28 (Ad, 17% depth).",1
1615,10,Salty Snacks,119,Gulf - Saudi,2025-12-28,promo_launch,25.0,"Silver Chips launched a promo at ValueTrade GT (Saudi) the week of 2025-12-28 (Ad, 25% depth).",1
1616,101,Baby Care,141,Gulf - Qatar,2025-12-28,promo_launch,19.7,"Everyday Tiny Care launched a promo at Community Retail Co-op (Qatar) the week of 2025-12-28 (Ad, 20% depth).",1
1617,26,Personal Care,68,India - Tier 2/3,2025-12-28,promo_launch,46.0,"Prime Care launched a promo at PrimeGrocer (Tier 2/3) the week of 2025-12-28 (BOGO, 46% depth).",1
1618,26,Personal Care,83,India - Tier 2/3,2025-12-28,promo_launch,16.8,"Prime Care launched a promo at Neighborhood Wholesale #2 (Tier 2/3) the week of 2025-12-28 (Display, 17% depth).",1
1619,26,Personal Care,81,India - Tier 2/3,2025-12-28,promo_launch,18.0,"Prime Care launched a promo at Local Trade Collective #2 (Tier 2/3) the week of 2025-12-28 (Ad, 18% depth).",1
1620,26,Personal Care,79,India - Tier 2/3,2025-12-28,promo_launch,9.1,"Prime Care launched a promo at MarketLink GT (Tier 2/3) the week of 2025-12-28 (TPR, 9% depth).",1
1621,67,Dairy,190,SEA - Indonesia,2025-12-28,promo_launch,12.5,"Golden Milk Co launched a promo at SwiftBasket (Indonesia) the week of 2025-12-28 (TPR, 12% depth).",1
1622,94,Breakfast & Cereal,84,India - Tier 2/3,2025-12-28,promo_launch,15.6,"Crunch Cereal Co launched a promo at Corner Store Network #2 (Tier 2/3) the week of 2025-12-28 (Ad, 16% depth).",1
1623,1,Salty Snacks,85,India - Tier 2/3,2025-12-28,promo_launch,6.1,"True Snacks launched a promo at Community Retail Co-op #2 (Tier 2/3) the week of 2025-12-28 (TPR, 6% depth).",1
1624,42,Packaged Foods,167,SEA - Philippines,2025-12-28,promo_launch,12.3,"Urban Kitchen launched a promo at SunriseMart (Philippines) the week of 2025-12-28 (TPR, 12% depth).",1
1625,40,Packaged Foods,106,Gulf - UAE,2025-12-28,promo_launch,19.0,"Meadow Pantry launched a promo at NimbleMart (UAE) the week of 2025-12-28 (Ad, 19% depth).",1
1626,12,Sparkling Water,44,India - Metro,2025-12-28,promo_launch,19.9,"True Water Co launched a promo at GoStop (Metro) the week of 2025-12-28 (Display, 20% depth).",1
1627,80,Confectionery,29,North America,2025-12-28,promo_launch,10.7,"Nomad Candy Co launched a promo at QuickStop #2 the week of 2025-12-28 (TPR, 11% depth).",1
1628,43,Packaged Foods,72,India - Tier 2/3,2025-12-28,promo_launch,15.9,"Coastal Table launched a promo at ValueGrocer (Tier 2/3) the week of 2025-12-28 (Display, 16% depth).",1
1629,79,Confectionery,65,India - Tier 2/3,2025-12-28,promo_launch,16.1,"Coastal Candy Co launched a promo at FreshMart (Tier 2/3) the week of 2025-12-28 (Ad, 16% depth).",1
1630,41,Packaged Foods,15,North America,2025-12-28,promo_launch,14.7,"Royal Kitchen launched a promo at BulkBasket Club the week of 2025-12-28 (TPR, 15% depth).",1
1631,94,Breakfast & Cereal,72,India - Tier 2/3,2025-12-28,promo_launch,11.9,"Crunch Cereal Co launched a promo at ValueGrocer (Tier 2/3) the week of 2025-12-28 (Display, 12% depth).",1
1632,78,Confectionery,37,India - Metro,2025-12-28,promo_launch,14.4,"Prime Confections launched a promo at MetroBazaar (Metro) the week of 2025-12-28 (TPR, 14% depth).",1
1633,43,Packaged Foods,54,India - Metro,2025-12-28,promo_launch,10.0,"Coastal Table launched a promo at GoCart Express (Metro) the week of 2025-12-28 (TPR, 10% depth).",1
1634,40,Packaged Foods,95,Gulf - UAE,2025-12-28,promo_launch,12.5,"Meadow Pantry launched a promo at SunriseMart (UAE) the week of 2025-12-28 (Display, 12% depth).",1
1635,43,Packaged Foods,86,India - Tier 2/3,2025-12-28,promo_launch,14.4,"Coastal Table launched a promo at Bazaar Wholesale #2 (Tier 2/3) the week of 2025-12-28 (TPR, 14% depth).",1
1636,1,Salty Snacks,81,India - Tier 2/3,2025-12-28,promo_launch,17.2,"True Snacks launched a promo at Local Trade Collective #2 (Tier 2/3) the week of 2025-12-28 (Display, 17% depth).",1
1637,42,Packaged Foods,166,SEA - Philippines,2025-12-28,promo_launch,11.2,"Urban Kitchen launched a promo at DailyBasket (Philippines) the week of 2025-12-28 (TPR, 11% depth).",1
1638,12,Sparkling Water,43,India - Metro,2025-12-28,promo_launch,12.9,"True Water Co launched a promo at CornerFuel Mart (Metro) the week of 2025-12-28 (TPR, 13% depth).",1
1639,42,Packaged Foods,73,India - Tier 2/3,2025-12-28,promo_launch,10.4,"Urban Kitchen launched a promo at Local Trade Collective (Tier 2/3) the week of 2025-12-28 (Display, 10% depth).",1
1640,41,Packaged Foods,20,North America,2025-12-28,promo_launch,13.9,"Royal Kitchen launched a promo at PureRoots Market the week of 2025-12-28 (Display, 14% depth).",1
1641,38,Packaged Foods,166,SEA - Philippines,2025-12-28,promo_launch,7.7,"Urban Pantry launched a promo at DailyBasket (Philippines) the week of 2025-12-28 (TPR, 8% depth).",1
1642,43,Packaged Foods,60,India - Metro,2025-12-28,promo_launch,7.9,"Coastal Table launched a promo at Corner Store Network (Metro) the week of 2025-12-28 (TPR, 8% depth).",1
1643,39,Packaged Foods,154,SEA - Malaysia,2025-12-28,promo_launch,13.8,"Blue Kitchen launched a promo at Local Trade Collective (Malaysia) the week of 2025-12-28 (Display, 14% depth).",1
1644,12,Sparkling Water,69,India - Tier 2/3,2025-12-28,promo_launch,18.5,"True Water Co launched a promo at DailyBasket (Tier 2/3) the week of 2025-12-28 (Display, 18% depth).",1
1645,12,Sparkling Water,45,India - Metro,2025-12-28,promo_launch,24.7,"True Water Co launched a promo at ExpressStop (Metro) the week of 2025-12-28 (Ad, 25% depth).",1
1646,104,Baby Care,189,SEA - Indonesia,2025-12-28,promo_launch,17.8,"Meadow Baby Co launched a promo at DashKart (Indonesia) the week of 2025-12-28 (Ad, 18% depth).",1
1647,39,Packaged Foods,143,SEA - Malaysia,2025-12-28,promo_launch,12.2,"Blue Kitchen launched a promo at MetroBazaar (Malaysia) the week of 2025-12-28 (Display, 12% depth).",1
1648,40,Packaged Foods,104,Gulf - UAE,2025-12-28,promo_launch,13.1,"Meadow Pantry launched a promo at HopMart (UAE) the week of 2025-12-28 (TPR, 13% depth).",1
1649,105,Baby Care,69,India - Tier 2/3,2025-12-28,promo_launch,11.4,"Silver Baby Essentials launched a promo at DailyBasket (Tier 2/3) the week of 2025-12-28 (Display, 11% depth).",1
1650,78,Confectionery,48,India - Metro,2025-12-28,promo_launch,8.4,"Prime Confections launched a promo at DashKart (Metro) the week of 2025-12-28 (TPR, 8% depth).",1
1651,12,Sparkling Water,73,India - Tier 2/3,2025-12-28,promo_launch,49.9,"True Water Co launched a promo at Local Trade Collective (Tier 2/3) the week of 2025-12-28 (BOGO, 50% depth).",1
1652,12,Sparkling Water,55,India - Metro,2025-12-28,promo_launch,48.5,"True Water Co launched a promo at DartMart (Metro) the week of 2025-12-28 (BOGO, 48% depth).",1
1653,109,Baby Care,3,North America,2025-12-28,promo_launch,11.6,"Silver Little Ones launched a promo at GreenAisle the week of 2025-12-28 (TPR, 12% depth).",1
1654,39,Packaged Foods,150,SEA - Malaysia,2025-12-28,promo_launch,12.5,"Blue Kitchen launched a promo at DashKart (Malaysia) the week of 2025-12-28 (Display, 12% depth).",1
1655,42,Packaged Foods,163,SEA - Philippines,2025-12-28,promo_launch,47.2,"Urban Kitchen launched a promo at MetroBazaar (Philippines) the week of 2025-12-28 (BOGO, 47% depth).",1
1656,1,Salty Snacks,72,India - Tier 2/3,2025-12-28,promo_launch,19.3,"True Snacks launched a promo at ValueGrocer (Tier 2/3) the week of 2025-12-28 (Display, 19% depth).",1
1657,79,Confectionery,87,India - Tier 2/3,2025-12-28,promo_launch,14.8,"Coastal Candy Co launched a promo at MarketLink GT #2 (Tier 2/3) the week of 2025-12-28 (Display, 15% depth).",1
1658,80,Confectionery,83,India - Tier 2/3,2025-12-28,promo_launch,45.7,"Nomad Candy Co launched a promo at Neighborhood Wholesale #2 (Tier 2/3) the week of 2025-12-28 (BOGO, 46% depth).",1
1659,104,Baby Care,129,Gulf - Qatar,2025-12-28,promo_launch,7.2,"Meadow Baby Co launched a promo at GreenAisle (Qatar) the week of 2025-12-28 (TPR, 7% depth).",1
1660,94,Breakfast & Cereal,191,SEA - Indonesia,2025-12-28,promo_launch,19.2,"Crunch Cereal Co launched a promo at HopMart (Indonesia) the week of 2025-12-28 (Display, 19% depth).",1
1661,42,Packaged Foods,166,SEA - Philippines,2025-12-28,promo_launch,17.1,"Urban Kitchen launched a promo at DailyBasket (Philippines) the week of 2025-12-28 (Display, 17% depth).",1
1662,94,Breakfast & Cereal,66,India - Tier 2/3,2025-12-28,promo_launch,13.4,"Crunch Cereal Co launched a promo at MetroBazaar (Tier 2/3) the week of 2025-12-28 (TPR, 13% depth).",1
1663,2,Salty Snacks,40,India - Metro,2025-12-28,promo_launch,23.4,"Bold Snacks launched a promo at DailyBasket (Metro) the week of 2025-12-28 (Ad, 23% depth).",1
1664,43,Packaged Foods,61,India - Metro,2025-12-28,promo_launch,14.3,"Coastal Table launched a promo at Community Retail Co-op (Metro) the week of 2025-12-28 (TPR, 14% depth).",1
1665,79,Confectionery,65,India - Tier 2/3,2025-12-28,promo_launch,47.5,"Coastal Candy Co launched a promo at FreshMart (Tier 2/3) the week of 2025-12-28 (BOGO, 48% depth).",1
1666,42,Packaged Foods,178,SEA - Philippines,2025-12-28,promo_launch,12.7,"Urban Kitchen launched a promo at Bazaar Wholesale (Philippines) the week of 2025-12-28 (TPR, 13% depth).",1
1667,94,Breakfast & Cereal,192,SEA - Indonesia,2025-12-28,promo_launch,15.2,"Crunch Cereal Co launched a promo at FlashCart (Indonesia) the week of 2025-12-28 (Display, 15% depth).",1
1668,1,Salty Snacks,74,India - Tier 2/3,2025-12-28,promo_launch,48.9,"True Snacks launched a promo at ValueTrade GT (Tier 2/3) the week of 2025-12-28 (BOGO, 49% depth).",1
1669,78,Confectionery,187,SEA - Indonesia,2025-12-28,promo_launch,6.7,"Prime Confections launched a promo at QuickDash (Indonesia) the week of 2025-12-28 (TPR, 7% depth).",1
1670,94,Breakfast & Cereal,85,India - Tier 2/3,2025-12-28,promo_launch,8.5,"Crunch Cereal Co launched a promo at Community Retail Co-op #2 (Tier 2/3) the week of 2025-12-28 (TPR, 8% depth).",1
1671,12,Sparkling Water,60,India - Metro,2025-12-28,promo_launch,14.6,"True Water Co launched a promo at Corner Store Network (Metro) the week of 2025-12-28 (TPR, 15% depth).",1
1672,40,Packaged Foods,98,Gulf - UAE,2025-12-28,promo_launch,5.1,"Meadow Pantry launched a promo at BulkBasket Club (UAE) the week of 2025-12-28 (TPR, 5% depth).",1
1673,42,Packaged Foods,177,SEA - Philippines,2025-12-28,promo_launch,20.5,"Urban Kitchen launched a promo at Community Retail Co-op (Philippines) the week of 2025-12-28 (Ad, 20% depth).",1
1674,105,Baby Care,75,India - Tier 2/3,2025-12-28,promo_launch,13.4,"Silver Baby Essentials launched a promo at Neighborhood Wholesale (Tier 2/3) the week of 2025-12-28 (TPR, 13% depth).",1
1675,39,Packaged Foods,143,SEA - Malaysia,2025-12-28,promo_launch,16.9,"Blue Kitchen launched a promo at MetroBazaar (Malaysia) the week of 2025-12-28 (Display, 17% depth).",1
1676,80,Confectionery,1,North America,2025-12-28,promo_launch,14.7,"Nomad Candy Co launched a promo at FreshMart the week of 2025-12-28 (Display, 15% depth).",1
1677,41,Packaged Foods,9,North America,2025-12-28,promo_launch,11.2,"Royal Kitchen launched a promo at CityMart the week of 2025-12-28 (TPR, 11% depth).",1
1678,12,Sparkling Water,64,India - Metro,2025-12-28,promo_launch,18.6,"True Water Co launched a promo at Sundry Traders Network (Metro) the week of 2025-12-28 (Display, 19% depth).",1
1679,94,Breakfast & Cereal,69,India - Tier 2/3,2025-12-28,promo_launch,19.3,"Crunch Cereal Co launched a promo at DailyBasket (Tier 2/3) the week of 2025-12-28 (Display, 19% depth).",1
1680,12,Sparkling Water,80,India - Tier 2/3,2025-12-28,promo_launch,10.3,"True Water Co launched a promo at Sundry Traders Network (Tier 2/3) the week of 2025-12-28 (Display, 10% depth).",1
1681,78,Confectionery,55,India - Metro,2025-12-28,promo_launch,6.9,"Prime Confections launched a promo at DartMart (Metro) the week of 2025-12-28 (TPR, 7% depth).",1
1682,43,Packaged Foods,46,India - Metro,2025-12-28,promo_launch,14.3,"Coastal Table launched a promo at QuickDash (Metro) the week of 2025-12-28 (TPR, 14% depth).",1
1683,78,Confectionery,51,India - Metro,2025-12-28,promo_launch,9.0,"Prime Confections launched a promo at FlashCart (Metro) the week of 2025-12-28 (TPR, 9% depth).",1
1684,39,Packaged Foods,158,SEA - Malaysia,2025-12-28,promo_launch,46.3,"Blue Kitchen launched a promo at Community Retail Co-op (Malaysia) the week of 2025-12-28 (BOGO, 46% depth).",1
1685,42,Packaged Foods,170,SEA - Philippines,2025-12-28,promo_launch,45.1,"Urban Kitchen launched a promo at DashKart (Philippines) the week of 2025-12-28 (BOGO, 45% depth).",1
1686,12,Sparkling Water,83,India - Tier 2/3,2025-12-28,promo_launch,11.9,"True Water Co launched a promo at Neighborhood Wholesale #2 (Tier 2/3) the week of 2025-12-28 (TPR, 12% depth).",1
1687,43,Packaged Foods,70,India - Tier 2/3,2025-12-28,promo_launch,8.5,"Coastal Table launched a promo at SunriseMart (Tier 2/3) the week of 2025-12-28 (TPR, 8% depth).",1
1688,12,Sparkling Water,51,India - Metro,2025-12-28,promo_launch,45.1,"True Water Co launched a promo at FlashCart (Metro) the week of 2025-12-28 (BOGO, 45% depth).",1
1689,43,Packaged Foods,68,India - Tier 2/3,2025-12-28,promo_launch,46.3,"Coastal Table launched a promo at PrimeGrocer (Tier 2/3) the week of 2025-12-28 (BOGO, 46% depth).",1
1690,43,Packaged Foods,57,India - Metro,2025-12-28,promo_launch,47.1,"Coastal Table launched a promo at Local Trade Collective (Metro) the week of 2025-12-28 (BOGO, 47% depth).",1
1691,104,Baby Care,184,SEA - Indonesia,2025-12-28,promo_launch,10.8,"Meadow Baby Co launched a promo at PrimeGrocer (Indonesia) the week of 2025-12-28 (TPR, 11% depth).",1
1692,105,Baby Care,190,SEA - Indonesia,2025-12-28,promo_launch,12.0,"Silver Baby Essentials launched a promo at SwiftBasket (Indonesia) the week of 2025-12-28 (Display, 12% depth).",1
1693,105,Baby Care,192,SEA - Indonesia,2025-12-28,promo_launch,24.3,"Silver Baby Essentials launched a promo at FlashCart (Indonesia) the week of 2025-12-28 (Ad, 24% depth).",1
1694,94,Breakfast & Cereal,68,India - Tier 2/3,2025-12-28,promo_launch,11.6,"Crunch Cereal Co launched a promo at PrimeGrocer (Tier 2/3) the week of 2025-12-28 (TPR, 12% depth).",1
1695,1,Salty Snacks,74,India - Tier 2/3,2025-12-28,promo_launch,47.6,"True Snacks launched a promo at ValueTrade GT (Tier 2/3) the week of 2025-12-28 (BOGO, 48% depth).",1
1696,94,Breakfast & Cereal,67,India - Tier 2/3,2025-12-28,promo_launch,23.3,"Crunch Cereal Co launched a promo at GreenAisle (Tier 2/3) the week of 2025-12-28 (Ad, 23% depth).",1
1697,94,Breakfast & Cereal,187,SEA - Indonesia,2025-12-28,promo_launch,14.3,"Crunch Cereal Co launched a promo at QuickDash (Indonesia) the week of 2025-12-28 (TPR, 14% depth).",1
1698,80,Confectionery,79,India - Tier 2/3,2025-12-28,promo_launch,17.2,"Nomad Candy Co launched a promo at MarketLink GT (Tier 2/3) the week of 2025-12-28 (Ad, 17% depth).",1
1699,78,Confectionery,44,India - Metro,2025-12-28,promo_launch,17.4,"Prime Confections launched a promo at GoStop (Metro) the week of 2025-12-28 (Ad, 17% depth).",1
1700,80,Confectionery,33,North America,2025-12-28,promo_launch,16.2,"Nomad Candy Co launched a promo at QuickStop #3 the week of 2025-12-28 (Ad, 16% depth).",1
1701,110,Baby Care,54,India - Metro,2025-12-28,promo_launch,12.3,"Meadow Tiny Care launched a promo at GoCart Express (Metro) the week of 2025-12-28 (Display, 12% depth).",1
1702,12,Sparkling Water,63,India - Metro,2025-12-28,promo_launch,22.1,"True Water Co launched a promo at MarketLink GT (Metro) the week of 2025-12-28 (Ad, 22% depth).",1
1703,41,Packaged Foods,13,North America,2025-12-28,promo_launch,11.1,"Royal Kitchen launched a promo at GreenAisle #2 the week of 2025-12-28 (TPR, 11% depth).",1
1704,79,Confectionery,77,India - Tier 2/3,2025-12-28,promo_launch,12.6,"Coastal Candy Co launched a promo at Community Retail Co-op (Tier 2/3) the week of 2025-12-28 (Display, 13% depth).",1
1705,42,Packaged Foods,178,SEA - Philippines,2025-12-28,promo_launch,11.5,"Urban Kitchen launched a promo at Bazaar Wholesale (Philippines) the week of 2025-12-28 (TPR, 12% depth).",1
1706,41,Packaged Foods,14,North America,2025-12-28,promo_launch,23.6,"Royal Kitchen launched a promo at SaverClub the week of 2025-12-28 (Ad, 24% depth).",1
1707,39,Packaged Foods,146,SEA - Malaysia,2025-12-28,promo_launch,18.1,"Blue Kitchen launched a promo at DailyBasket (Malaysia) the week of 2025-12-28 (Ad, 18% depth).",1
1708,39,Packaged Foods,149,SEA - Malaysia,2025-12-28,promo_launch,22.1,"Blue Kitchen launched a promo at ZipCart (Malaysia) the week of 2025-12-28 (Ad, 22% depth).",1
1709,43,Packaged Foods,57,India - Metro,2025-12-28,promo_launch,7.8,"Coastal Table launched a promo at Local Trade Collective (Metro) the week of 2025-12-28 (TPR, 8% depth).",1
1710,12,Sparkling Water,80,India - Tier 2/3,2025-12-28,promo_launch,14.4,"True Water Co launched a promo at Sundry Traders Network (Tier 2/3) the week of 2025-12-28 (Display, 14% depth).",1
1711,12,Sparkling Water,60,India - Metro,2025-12-28,promo_launch,13.2,"True Water Co launched a promo at Corner Store Network (Metro) the week of 2025-12-28 (TPR, 13% depth).",1
1712,79,Confectionery,67,India - Tier 2/3,2025-12-28,promo_launch,49.7,"Coastal Candy Co launched a promo at GreenAisle (Tier 2/3) the week of 2025-12-28 (BOGO, 50% depth).",1
1713,12,Sparkling Water,79,India - Tier 2/3,2025-12-28,promo_launch,13.8,"True Water Co launched a promo at MarketLink GT (Tier 2/3) the week of 2025-12-28 (Display, 14% depth).",1
1714,40,Packaged Foods,91,Gulf - UAE,2025-12-28,promo_launch,20.0,"Meadow Pantry launched a promo at MetroBazaar (UAE) the week of 2025-12-28 (Ad, 20% depth).",1
1715,105,Baby Care,187,SEA - Indonesia,2025-12-28,promo_launch,17.3,"Silver Baby Essentials launched a promo at QuickDash (Indonesia) the week of 2025-12-28 (Display, 17% depth).",1
1716,12,Sparkling Water,72,India - Tier 2/3,2025-12-28,promo_launch,18.5,"True Water Co launched a promo at ValueGrocer (Tier 2/3) the week of 2025-12-28 (Display, 18% depth).",1
1717,12,Sparkling Water,82,India - Tier 2/3,2025-12-28,promo_launch,24.6,"True Water Co launched a promo at ValueTrade GT #2 (Tier 2/3) the week of 2025-12-28 (Ad, 25% depth).",1
1718,41,Packaged Foods,13,North America,2025-12-28,promo_launch,46.4,"Royal Kitchen launched a promo at GreenAisle #2 the week of 2025-12-28 (BOGO, 46% depth).",1
1719,12,Sparkling Water,62,India - Metro,2025-12-28,promo_launch,5.6,"True Water Co launched a promo at Bazaar Wholesale (Metro) the week of 2025-12-28 (TPR, 6% depth).",1
1720,41,Packaged Foods,11,North America,2025-12-28,promo_launch,21.9,"Royal Kitchen launched a promo at FreshMart #2 the week of 2025-12-28 (Ad, 22% depth).",1
1721,42,Packaged Foods,179,SEA - Philippines,2025-12-28,promo_launch,18.2,"Urban Kitchen launched a promo at MarketLink GT (Philippines) the week of 2025-12-28 (Display, 18% depth).",1
1722,43,Packaged Foods,40,India - Metro,2025-12-28,promo_launch,49.3,"Coastal Table launched a promo at DailyBasket (Metro) the week of 2025-12-28 (BOGO, 49% depth).",1
1723,12,Sparkling Water,60,India - Metro,2025-12-28,promo_launch,12.6,"True Water Co launched a promo at Corner Store Network (Metro) the week of 2025-12-28 (Display, 13% depth).",1
1724,38,Packaged Foods,178,SEA - Philippines,2025-12-28,promo_launch,5.8,"Urban Pantry launched a promo at Bazaar Wholesale (Philippines) the week of 2025-12-28 (TPR, 6% depth).",1
1725,94,Breakfast & Cereal,192,SEA - Indonesia,2025-12-28,promo_launch,9.9,"Crunch Cereal Co launched a promo at FlashCart (Indonesia) the week of 2025-12-28 (TPR, 10% depth).",1
1726,43,Packaged Foods,66,India - Tier 2/3,2025-12-28,promo_launch,11.1,"Coastal Table launched a promo at MetroBazaar (Tier 2/3) the week of 2025-12-28 (TPR, 11% depth).",1
1727,80,Confectionery,76,India - Tier 2/3,2025-12-28,promo_launch,16.4,"Nomad Candy Co launched a promo at Corner Store Network (Tier 2/3) the week of 2025-12-28 (Display, 16% depth).",1
1728,43,Packaged Foods,70,India - Tier 2/3,2025-12-28,promo_launch,6.0,"Coastal Table launched a promo at SunriseMart (Tier 2/3) the week of 2025-12-28 (TPR, 6% depth).",1
1729,109,Baby Care,129,Gulf - Qatar,2025-12-28,promo_launch,46.8,"Silver Little Ones launched a promo at GreenAisle (Qatar) the week of 2025-12-28 (BOGO, 47% depth).",1
1730,40,Packaged Foods,111,Gulf - UAE,2025-12-28,promo_launch,19.2,"Meadow Pantry launched a promo at Community Retail Co-op (UAE) the week of 2025-12-28 (Display, 19% depth).",1
1731,2,Salty Snacks,53,India - Metro,2025-12-28,promo_launch,23.0,"Bold Snacks launched a promo at RapidBasket (Metro) the week of 2025-12-28 (Ad, 23% depth).",1
1732,104,Baby Care,187,SEA - Indonesia,2025-12-28,promo_launch,5.8,"Meadow Baby Co launched a promo at QuickDash (Indonesia) the week of 2025-12-28 (TPR, 6% depth).",1
1733,43,Packaged Foods,39,India - Metro,2025-12-28,promo_launch,13.7,"Coastal Table launched a promo at PrimeGrocer (Metro) the week of 2025-12-28 (Display, 14% depth).",1
1734,104,Baby Care,181,SEA - Indonesia,2025-12-28,promo_launch,19.6,"Meadow Baby Co launched a promo at FreshMart (Indonesia) the week of 2025-12-28 (Ad, 20% depth).",1
1735,79,Confectionery,69,India - Tier 2/3,2025-12-28,promo_launch,10.4,"Coastal Candy Co launched a promo at DailyBasket (Tier 2/3) the week of 2025-12-28 (TPR, 10% depth).",1
1736,1,Salty Snacks,66,India - Tier 2/3,2025-12-28,promo_launch,11.2,"True Snacks launched a promo at MetroBazaar (Tier 2/3) the week of 2025-12-28 (TPR, 11% depth).",1
1737,42,Packaged Foods,83,India - Tier 2/3,2025-12-28,promo_launch,16.3,"Urban Kitchen launched a promo at Neighborhood Wholesale #2 (Tier 2/3) the week of 2025-12-28 (Ad, 16% depth).",1
1738,41,Packaged Foods,23,North America,2025-12-28,promo_launch,45.6,"Royal Kitchen launched a promo at GreenLeaf Naturals #2 the week of 2025-12-28 (BOGO, 46% depth).",1
1739,79,Confectionery,71,India - Tier 2/3,2025-12-28,promo_launch,10.0,"Coastal Candy Co launched a promo at UrbanPantry (Tier 2/3) the week of 2025-12-28 (TPR, 10% depth).",1
1740,94,Breakfast & Cereal,81,India - Tier 2/3,2025-12-28,promo_launch,16.7,"Crunch Cereal Co launched a promo at Local Trade Collective #2 (Tier 2/3) the week of 2025-12-28 (Ad, 17% depth).",1
1741,94,Breakfast & Cereal,68,India - Tier 2/3,2025-12-28,promo_launch,15.7,"Crunch Cereal Co launched a promo at PrimeGrocer (Tier 2/3) the week of 2025-12-28 (Ad, 16% depth).",1
1742,109,Baby Care,13,North America,2025-12-28,promo_launch,45.1,"Silver Little Ones launched a promo at GreenAisle #2 the week of 2025-12-28 (BOGO, 45% depth).",1
1743,39,Packaged Foods,161,SEA - Malaysia,2025-12-28,promo_launch,9.8,"Blue Kitchen launched a promo at Sundry Traders Network (Malaysia) the week of 2025-12-28 (TPR, 10% depth).",1
1744,79,Confectionery,74,India - Tier 2/3,2025-12-28,promo_launch,13.1,"Coastal Candy Co launched a promo at ValueTrade GT (Tier 2/3) the week of 2025-12-28 (TPR, 13% depth).",1
1745,38,Packaged Foods,177,SEA - Philippines,2025-12-28,promo_launch,15.0,"Urban Pantry launched a promo at Community Retail Co-op (Philippines) the week of 2025-12-28 (Display, 15% depth).",1
1746,104,Baby Care,194,SEA - Indonesia,2025-12-28,promo_launch,19.5,"Meadow Baby Co launched a promo at ValueTrade GT (Indonesia) the week of 2025-12-28 (Ad, 20% depth).",1
1747,43,Packaged Foods,87,India - Tier 2/3,2025-12-28,promo_launch,19.1,"Coastal Table launched a promo at MarketLink GT #2 (Tier 2/3) the week of 2025-12-28 (Display, 19% depth).",1
1748,38,Packaged Foods,180,SEA - Philippines,2025-12-28,promo_launch,13.0,"Urban Pantry launched a promo at Sundry Traders Network (Philippines) the week of 2025-12-28 (Display, 13% depth).",1
1749,43,Packaged Foods,36,India - Metro,2025-12-28,promo_launch,5.3,"Coastal Table launched a promo at FreshMart (Metro) the week of 2025-12-28 (TPR, 5% depth).",1
1750,79,Confectionery,75,India - Tier 2/3,2025-12-28,promo_launch,20.3,"Coastal Candy Co launched a promo at Neighborhood Wholesale (Tier 2/3) the week of 2025-12-28 (Ad, 20% depth).",1
1751,38,Packaged Foods,173,SEA - Philippines,2025-12-28,promo_launch,16.1,"Urban Pantry launched a promo at Local Trade Collective (Philippines) the week of 2025-12-28 (Ad, 16% depth).",1
1752,42,Packaged Foods,175,SEA - Philippines,2025-12-28,promo_launch,11.2,"Urban Kitchen launched a promo at Neighborhood Wholesale (Philippines) the week of 2025-12-28 (TPR, 11% depth).",1
1753,42,Packaged Foods,177,SEA - Philippines,2025-12-28,promo_launch,10.5,"Urban Kitchen launched a promo at Community Retail Co-op (Philippines) the week of 2025-12-28 (Display, 10% depth).",1
1754,94,Breakfast & Cereal,184,SEA - Indonesia,2025-12-28,promo_launch,19.5,"Crunch Cereal Co launched a promo at PrimeGrocer (Indonesia) the week of 2025-12-28 (Display, 20% depth).",1
1755,43,Packaged Foods,39,India - Metro,2025-12-28,promo_launch,16.0,"Coastal Table launched a promo at PrimeGrocer (Metro) the week of 2025-12-28 (Display, 16% depth).",1
1756,94,Breakfast & Cereal,193,SEA - Indonesia,2025-12-28,promo_launch,13.7,"Crunch Cereal Co launched a promo at Local Trade Collective (Indonesia) the week of 2025-12-28 (Display, 14% depth).",1
1757,94,Breakfast & Cereal,88,India - Tier 2/3,2025-12-28,promo_launch,22.7,"Crunch Cereal Co launched a promo at Sundry Traders Network #2 (Tier 2/3) the week of 2025-12-28 (Ad, 23% depth).",1
1758,42,Packaged Foods,74,India - Tier 2/3,2025-12-28,promo_launch,12.9,"Urban Kitchen launched a promo at ValueTrade GT (Tier 2/3) the week of 2025-12-28 (TPR, 13% depth).",1
1759,42,Packaged Foods,75,India - Tier 2/3,2025-12-28,promo_launch,17.3,"Urban Kitchen launched a promo at Neighborhood Wholesale (Tier 2/3) the week of 2025-12-28 (Display, 17% depth).",1
1760,41,Packaged Foods,8,North America,2025-12-28,promo_launch,18.2,"Royal Kitchen launched a promo at ValueGrocer the week of 2025-12-28 (Ad, 18% depth).",1
1761,43,Packaged Foods,54,India - Metro,2025-12-28,promo_launch,18.7,"Coastal Table launched a promo at GoCart Express (Metro) the week of 2025-12-28 (Display, 19% depth).",1
1762,109,Baby Care,135,Gulf - Qatar,2025-12-28,promo_launch,5.0,"Silver Little Ones launched a promo at SwiftBasket (Qatar) the week of 2025-12-28 (TPR, 5% depth).",1
1763,43,Packaged Foods,87,India - Tier 2/3,2025-12-28,promo_launch,9.0,"Coastal Table launched a promo at MarketLink GT #2 (Tier 2/3) the week of 2025-12-28 (TPR, 9% depth).",1
1764,38,Packaged Foods,172,SEA - Philippines,2025-12-28,promo_launch,17.7,"Urban Pantry launched a promo at HopMart (Philippines) the week of 2025-12-28 (Ad, 18% depth).",1
1765,79,Confectionery,67,India - Tier 2/3,2025-12-28,promo_launch,13.3,"Coastal Candy Co launched a promo at GreenAisle (Tier 2/3) the week of 2025-12-28 (TPR, 13% depth).",1
1766,94,Breakfast & Cereal,183,SEA - Indonesia,2025-12-28,promo_launch,10.1,"Crunch Cereal Co launched a promo at GreenAisle (Indonesia) the week of 2025-12-28 (TPR, 10% depth).",1
1767,43,Packaged Foods,48,India - Metro,2025-12-28,promo_launch,11.9,"Coastal Table launched a promo at DashKart (Metro) the week of 2025-12-28 (TPR, 12% depth).",1
1768,40,Packaged Foods,99,Gulf - UAE,2025-12-28,promo_launch,45.8,"Meadow Pantry launched a promo at WareClub (UAE) the week of 2025-12-28 (BOGO, 46% depth).",1
1769,104,Baby Care,128,Gulf - Qatar,2025-12-28,promo_launch,15.2,"Meadow Baby Co launched a promo at MetroBazaar (Qatar) the week of 2025-12-28 (Display, 15% depth).",1
1770,42,Packaged Foods,77,India - Tier 2/3,2025-12-28,promo_launch,23.5,"Urban Kitchen launched a promo at Community Retail Co-op (Tier 2/3) the week of 2025-12-28 (Ad, 24% depth).",1
1771,79,Confectionery,68,India - Tier 2/3,2025-12-28,promo_launch,13.0,"Coastal Candy Co launched a promo at PrimeGrocer (Tier 2/3) the week of 2025-12-28 (TPR, 13% depth).",1
1772,94,Breakfast & Cereal,69,India - Tier 2/3,2025-12-28,promo_launch,7.7,"Crunch Cereal Co launched a promo at DailyBasket (Tier 2/3) the week of 2025-12-28 (TPR, 8% depth).",1
1773,40,Packaged Foods,93,Gulf - UAE,2025-12-28,promo_launch,10.6,"Meadow Pantry launched a promo at PrimeGrocer (UAE) the week of 2025-12-28 (Display, 11% depth).",1
1774,104,Baby Care,188,SEA - Indonesia,2025-12-28,promo_launch,15.2,"Meadow Baby Co launched a promo at ZipCart (Indonesia) the week of 2025-12-28 (Display, 15% depth).",1
1775,41,Packaged Foods,5,North America,2025-12-28,promo_launch,6.7,"Royal Kitchen launched a promo at DailyBasket the week of 2025-12-28 (TPR, 7% depth).",1
1776,41,Packaged Foods,17,North America,2025-12-28,promo_launch,13.9,"Royal Kitchen launched a promo at MegaValue Club the week of 2025-12-28 (TPR, 14% depth).",1
1777,42,Packaged Foods,80,India - Tier 2/3,2025-12-28,promo_launch,19.2,"Urban Kitchen launched a promo at Sundry Traders Network (Tier 2/3) the week of 2025-12-28 (Ad, 19% depth).",1
1778,41,Packaged Foods,2,North America,2025-12-28,promo_launch,46.4,"Royal Kitchen launched a promo at MetroBazaar the week of 2025-12-28 (BOGO, 46% depth).",1
1779,1,Salty Snacks,70,India - Tier 2/3,2025-12-28,promo_launch,14.4,"True Snacks launched a promo at SunriseMart (Tier 2/3) the week of 2025-12-28 (Display, 14% depth).",1
1780,1,Salty Snacks,83,India - Tier 2/3,2025-12-28,promo_launch,13.7,"True Snacks launched a promo at Neighborhood Wholesale #2 (Tier 2/3) the week of 2025-12-28 (Display, 14% depth).",1
1781,41,Packaged Foods,21,North America,2025-12-28,promo_launch,12.8,"Royal Kitchen launched a promo at EarthAisle the week of 2025-12-28 (Display, 13% depth).",1
1782,2,Salty Snacks,46,India - Metro,2025-12-28,promo_launch,8.0,"Bold Snacks launched a promo at QuickDash (Metro) the week of 2025-12-28 (TPR, 8% depth).",1
1783,1,Salty Snacks,81,India - Tier 2/3,2025-12-28,promo_launch,45.5,"True Snacks launched a promo at Local Trade Collective #2 (Tier 2/3) the week of 2025-12-28 (BOGO, 46% depth).",1
1784,42,Packaged Foods,82,India - Tier 2/3,2025-12-28,promo_launch,46.7,"Urban Kitchen launched a promo at ValueTrade GT #2 (Tier 2/3) the week of 2025-12-28 (BOGO, 47% depth).",1
1785,104,Baby Care,138,Gulf - Qatar,2025-12-28,promo_launch,14.0,"Meadow Baby Co launched a promo at ValueTrade GT (Qatar) the week of 2025-12-28 (Display, 14% depth).",1
1786,1,Salty Snacks,84,India - Tier 2/3,2025-12-28,promo_launch,11.0,"True Snacks launched a promo at Corner Store Network #2 (Tier 2/3) the week of 2025-12-28 (Display, 11% depth).",1
1787,79,Confectionery,79,India - Tier 2/3,2025-12-28,promo_launch,17.7,"Coastal Candy Co launched a promo at MarketLink GT (Tier 2/3) the week of 2025-12-28 (Ad, 18% depth).",1
1788,41,Packaged Foods,23,North America,2025-12-28,promo_launch,20.0,"Royal Kitchen launched a promo at GreenLeaf Naturals #2 the week of 2025-12-28 (Display, 20% depth).",1
1789,40,Packaged Foods,102,Gulf - UAE,2025-12-28,promo_launch,6.4,"Meadow Pantry launched a promo at DashKart (UAE) the week of 2025-12-28 (TPR, 6% depth).",1
1790,39,Packaged Foods,161,SEA - Malaysia,2025-12-28,promo_launch,12.1,"Blue Kitchen launched a promo at Sundry Traders Network (Malaysia) the week of 2025-12-28 (TPR, 12% depth).",1
1791,38,Packaged Foods,123,Gulf - Saudi,2025-12-28,promo_launch,17.2,"Urban Pantry launched a promo at Bazaar Wholesale (Saudi) the week of 2025-12-28 (Display, 17% depth).",1
1792,1,Salty Snacks,76,India - Tier 2/3,2025-12-28,promo_launch,7.2,"True Snacks launched a promo at Corner Store Network (Tier 2/3) the week of 2025-12-28 (TPR, 7% depth).",1
1793,41,Packaged Foods,18,North America,2025-12-28,promo_launch,18.1,"Royal Kitchen launched a promo at SaverClub #2 the week of 2025-12-28 (Display, 18% depth).",1
1794,42,Packaged Foods,85,India - Tier 2/3,2025-12-28,promo_launch,16.5,"Urban Kitchen launched a promo at Community Retail Co-op #2 (Tier 2/3) the week of 2025-12-28 (Ad, 16% depth).",1
1795,104,Baby Care,130,Gulf - Qatar,2025-12-28,promo_launch,13.5,"Meadow Baby Co launched a promo at PrimeGrocer (Qatar) the week of 2025-12-28 (TPR, 14% depth).",1
1796,109,Baby Care,5,North America,2025-12-28,promo_launch,13.0,"Silver Little Ones launched a promo at DailyBasket the week of 2025-12-28 (TPR, 13% depth).",1
1797,41,Packaged Foods,1,North America,2025-12-28,promo_launch,45.1,"Royal Kitchen launched a promo at FreshMart the week of 2025-12-28 (BOGO, 45% depth).",1
1798,42,Packaged Foods,80,India - Tier 2/3,2025-12-28,promo_launch,47.4,"Urban Kitchen launched a promo at Sundry Traders Network (Tier 2/3) the week of 2025-12-28 (BOGO, 47% depth).",1
1799,79,Confectionery,71,India - Tier 2/3,2025-12-28,promo_launch,12.6,"Coastal Candy Co launched a promo at UrbanPantry (Tier 2/3) the week of 2025-12-28 (TPR, 13% depth).",1
1800,79,Confectionery,83,India - Tier 2/3,2025-12-28,promo_launch,12.6,"Coastal Candy Co launched a promo at Neighborhood Wholesale #2 (Tier 2/3) the week of 2025-12-28 (TPR, 13% depth).",1
1801,65,Home Care,1,North America,2025-12-21,promo_launch,19.2,"Urban Clean launched a promo at FreshMart the week of 2025-12-21 (Display, 19% depth).",1
1802,29,Personal Care,40,India - Metro,2025-12-21,promo_launch,15.3,"Golden Essentials launched a promo at DailyBasket (Metro) the week of 2025-12-21 (Display, 15% depth).",1
1803,69,Dairy,161,SEA - Malaysia,2025-12-21,promo_launch,10.6,"Everyday Milk Co launched a promo at Sundry Traders Network (Malaysia) the week of 2025-12-21 (TPR, 11% depth).",1
1804,69,Dairy,153,SEA - Malaysia,2025-12-21,promo_launch,8.4,"Everyday Milk Co launched a promo at FlashCart (Malaysia) the week of 2025-12-21 (TPR, 8% depth).",1
1805,15,Sparkling Water,121,Gulf - Saudi,2025-12-21,promo_launch,12.2,"Blue Springs launched a promo at Corner Store Network (Saudi) the week of 2025-12-21 (TPR, 12% depth).",1
1806,56,Home Care,72,India - Tier 2/3,2025-12-21,promo_launch,8.3,"Golden Shine launched a promo at ValueGrocer (Tier 2/3) the week of 2025-12-21 (TPR, 8% depth).",1
1807,79,Confectionery,82,India - Tier 2/3,2025-12-21,promo_launch,45.9,"Coastal Candy Co launched a promo at ValueTrade GT #2 (Tier 2/3) the week of 2025-12-21 (BOGO, 46% depth).",1
1808,20,Sparkling Water,62,India - Metro,2025-12-21,promo_launch,18.0,"Heritage Springs launched a promo at Bazaar Wholesale (Metro) the week of 2025-12-21 (Ad, 18% depth).",1
1809,39,Packaged Foods,154,SEA - Malaysia,2025-12-21,promo_launch,15.6,"Blue Kitchen launched a promo at Local Trade Collective (Malaysia) the week of 2025-12-21 (Display, 16% depth).",1
1810,52,Beverages,133,Gulf - Qatar,2025-12-21,promo_launch,5.6,"Spring Sip launched a promo at ZipCart (Qatar) the week of 2025-12-21 (TPR, 6% depth).",1
1811,41,Packaged Foods,18,North America,2025-12-21,promo_launch,15.9,"Royal Kitchen launched a promo at SaverClub #2 the week of 2025-12-21 (Ad, 16% depth).",1
1812,79,Confectionery,73,India - Tier 2/3,2025-12-21,promo_launch,10.5,"Coastal Candy Co launched a promo at Local Trade Collective (Tier 2/3) the week of 2025-12-21 (TPR, 10% depth).",1
1813,20,Sparkling Water,59,India - Metro,2025-12-21,promo_launch,20.0,"Heritage Springs launched a promo at Neighborhood Wholesale (Metro) the week of 2025-12-21 (Display, 20% depth).",1
1814,102,Baby Care,89,India - Tier 2/3,2025-12-21,promo_launch,7.8,"Coastal Little Ones launched a promo at Local Trade Collective #3 (Tier 2/3) the week of 2025-12-21 (TPR, 8% depth).",1
1815,108,Baby Care,87,India - Tier 2/3,2025-12-21,promo_launch,19.2,"Crunch Baby Co launched a promo at MarketLink GT #2 (Tier 2/3) the week of 2025-12-21 (Display, 19% depth).",1
1816,85,Confectionery,80,India - Tier 2/3,2025-12-21,promo_launch,19.5,"Heritage Treats launched a promo at Sundry Traders Network (Tier 2/3) the week of 2025-12-21 (Display, 20% depth).",1
1817,5,Salty Snacks,138,Gulf - Qatar,2025-12-21,promo_launch,14.0,"Urban Crisps launched a promo at ValueTrade GT (Qatar) the week of 2025-12-21 (TPR, 14% depth).",1
1818,107,Baby Care,183,SEA - Indonesia,2025-12-21,promo_launch,18.3,"Spring Tiny Care launched a promo at GreenAisle (Indonesia) the week of 2025-12-21 (Ad, 18% depth).",1
1819,68,Dairy,199,SEA - Indonesia,2025-12-21,promo_launch,17.0,"Cloud Dairy launched a promo at MarketLink GT (Indonesia) the week of 2025-12-21 (Display, 17% depth).",1
1820,60,Home Care,93,Gulf - UAE,2025-12-21,promo_launch,6.0,"True Shine launched a promo at PrimeGrocer (UAE) the week of 2025-12-21 (TPR, 6% depth).",1
1821,5,Salty Snacks,137,Gulf - Qatar,2025-12-21,promo_launch,7.7,"Urban Crisps launched a promo at Local Trade Collective (Qatar) the week of 2025-12-21 (TPR, 8% depth).",1
1822,8,Salty Snacks,67,India - Tier 2/3,2025-12-21,promo_launch,49.7,"Meadow Crisps launched a promo at GreenAisle (Tier 2/3) the week of 2025-12-21 (BOGO, 50% depth).",1
1823,65,Home Care,18,North America,2025-12-21,promo_launch,9.0,"Urban Clean launched a promo at SaverClub #2 the week of 2025-12-21 (TPR, 9% depth).",1
1824,52,Beverages,129,Gulf - Qatar,2025-12-21,promo_launch,17.3,"Spring Sip launched a promo at GreenAisle (Qatar) the week of 2025-12-21 (Display, 17% depth).",1
1825,95,Breakfast & Cereal,121,Gulf - Saudi,2025-12-21,promo_launch,10.4,"Cloud Mornings launched a promo at Corner Store Network (Saudi) the week of 2025-12-21 (TPR, 10% depth).",1
1826,41,Packaged Foods,6,North America,2025-12-21,promo_launch,12.6,"Royal Kitchen launched a promo at SunriseMart the week of 2025-12-21 (Display, 13% depth).",1
1827,15,Sparkling Water,124,Gulf - Saudi,2025-12-21,promo_launch,5.6,"Blue Springs launched a promo at MarketLink GT (Saudi) the week of 2025-12-21 (TPR, 6% depth).",1
1828,1,Salty Snacks,75,India - Tier 2/3,2025-12-21,promo_launch,15.8,"True Snacks launched a promo at Neighborhood Wholesale (Tier 2/3) the week of 2025-12-21 (Ad, 16% depth).",1
1829,60,Home Care,97,Gulf - UAE,2025-12-21,promo_launch,46.8,"True Shine launched a promo at SaverClub (UAE) the week of 2025-12-21 (BOGO, 47% depth).",1
1830,56,Home Care,78,India - Tier 2/3,2025-12-21,promo_launch,49.1,"Golden Shine launched a promo at Bazaar Wholesale (Tier 2/3) the week of 2025-12-21 (BOGO, 49% depth).",1
1831,100,Baby Care,79,India - Tier 2/3,2025-12-21,promo_launch,10.4,"Fresh Tiny Care launched a promo at MarketLink GT (Tier 2/3) the week of 2025-12-21 (TPR, 10% depth).",1
1832,84,Confectionery,183,SEA - Indonesia,2025-12-21,promo_launch,19.8,"Everyday Treats launched a promo at GreenAisle (Indonesia) the week of 2025-12-21 (Display, 20% depth).",1
1833,106,Baby Care,77,India - Tier 2/3,2025-12-21,promo_launch,21.2,"Vivid Little Ones launched a promo at Community Retail Co-op (Tier 2/3) the week of 2025-12-21 (Ad, 21% depth).",1
1834,106,Baby Care,121,Gulf - Saudi,2025-12-21,promo_launch,18.6,"Vivid Little Ones launched a promo at Corner Store Network (Saudi) the week of 2025-12-21 (Ad, 19% depth).",1
1835,92,Breakfast & Cereal,165,SEA - Philippines,2025-12-21,promo_launch,15.7,"Cloud Grains launched a promo at PrimeGrocer (Philippines) the week of 2025-12-21 (Display, 16% depth).",1
1836,69,Dairy,146,SEA - Malaysia,2025-12-21,promo_launch,22.5,"Everyday Milk Co launched a promo at DailyBasket (Malaysia) the week of 2025-12-21 (Ad, 22% depth).",1
1837,107,Baby Care,195,SEA - Indonesia,2025-12-21,promo_launch,7.7,"Spring Tiny Care launched a promo at Neighborhood Wholesale (Indonesia) the week of 2025-12-21 (TPR, 8% depth).",1
1838,52,Beverages,139,Gulf - Qatar,2025-12-21,promo_launch,14.2,"Spring Sip launched a promo at Neighborhood Wholesale (Qatar) the week of 2025-12-21 (TPR, 14% depth).",1
1839,107,Baby Care,199,SEA - Indonesia,2025-12-21,promo_launch,12.6,"Spring Tiny Care launched a promo at MarketLink GT (Indonesia) the week of 2025-12-21 (Display, 13% depth).",1
1840,39,Packaged Foods,157,SEA - Malaysia,2025-12-21,promo_launch,48.9,"Blue Kitchen launched a promo at Corner Store Network (Malaysia) the week of 2025-12-21 (BOGO, 49% depth).",1
1841,56,Home Care,66,India - Tier 2/3,2025-12-21,promo_launch,20.0,"Golden Shine launched a promo at MetroBazaar (Tier 2/3) the week of 2025-12-21 (Ad, 20% depth).",1
1842,69,Dairy,158,SEA - Malaysia,2025-12-21,promo_launch,14.7,"Everyday Milk Co launched a promo at Community Retail Co-op (Malaysia) the week of 2025-12-21 (TPR, 15% depth).",1
1843,56,Home Care,71,India - Tier 2/3,2025-12-21,promo_launch,11.6,"Golden Shine launched a promo at UrbanPantry (Tier 2/3) the week of 2025-12-21 (TPR, 12% depth).",1
1844,39,Packaged Foods,159,SEA - Malaysia,2025-12-21,promo_launch,11.7,"Blue Kitchen launched a promo at Bazaar Wholesale (Malaysia) the week of 2025-12-21 (TPR, 12% depth).",1
1845,48,Beverages,130,Gulf - Qatar,2025-12-21,promo_launch,6.4,"Silver Beverages launched a promo at PrimeGrocer (Qatar) the week of 2025-12-21 (TPR, 6% depth).",1
1846,107,Baby Care,200,SEA - Indonesia,2025-12-21,promo_launch,5.5,"Spring Tiny Care launched a promo at Sundry Traders Network (Indonesia) the week of 2025-12-21 (TPR, 6% depth).",1
1847,65,Home Care,10,North America,2025-12-21,promo_launch,12.7,"Urban Clean launched a promo at HomeFresh the week of 2025-12-21 (TPR, 13% depth).",1
1848,1,Salty Snacks,71,India - Tier 2/3,2025-12-21,promo_launch,11.2,"True Snacks launched a promo at UrbanPantry (Tier 2/3) the week of 2025-12-21 (TPR, 11% depth).",1
1849,56,Home Care,73,India - Tier 2/3,2025-12-21,promo_launch,48.7,"Golden Shine launched a promo at Local Trade Collective (Tier 2/3) the week of 2025-12-21 (BOGO, 49% depth).",1
1850,9,Salty Snacks,100,Gulf - UAE,2025-12-21,promo_launch,13.8,"Spring Crisps launched a promo at QuickDash (UAE) the week of 2025-12-21 (TPR, 14% depth).",1
1851,17,Sparkling Water,55,India - Metro,2025-12-21,promo_launch,15.8,"Nomad Bubbles launched a promo at DartMart (Metro) the week of 2025-12-21 (Display, 16% depth).",1
1852,97,Breakfast & Cereal,145,SEA - Malaysia,2025-12-21,promo_launch,18.5,"Royal Breakfast Co launched a promo at PrimeGrocer (Malaysia) the week of 2025-12-21 (Display, 18% depth).",1
1853,103,Baby Care,75,India - Tier 2/3,2025-12-21,promo_launch,6.4,"Coastal Baby Essentials launched a promo at Neighborhood Wholesale (Tier 2/3) the week of 2025-12-21 (TPR, 6% depth).",1
1854,92,Breakfast & Cereal,163,SEA - Philippines,2025-12-21,promo_launch,16.8,"Cloud Grains launched a promo at MetroBazaar (Philippines) the week of 2025-12-21 (Ad, 17% depth).",1
1855,41,Packaged Foods,24,North America,2025-12-21,promo_launch,14.8,"Royal Kitchen launched a promo at PureRoots Market #2 the week of 2025-12-21 (TPR, 15% depth).",1
1856,41,Packaged Foods,4,North America,2025-12-21,promo_launch,18.4,"Royal Kitchen launched a promo at PrimeGrocer the week of 2025-12-21 (Display, 18% depth).",1
1857,77,Dairy,116,Gulf - Saudi,2025-12-21,promo_launch,19.9,"Urban Creamery launched a promo at DailyBasket (Saudi) the week of 2025-12-21 (Ad, 20% depth).",1
1858,60,Home Care,103,Gulf - UAE,2025-12-21,promo_launch,18.7,"True Shine launched a promo at SwiftBasket (UAE) the week of 2025-12-21 (Ad, 19% depth).",1
1859,5,Salty Snacks,130,Gulf - Qatar,2025-12-21,promo_launch,47.9,"Urban Crisps launched a promo at PrimeGrocer (Qatar) the week of 2025-12-21 (BOGO, 48% depth).",1
1860,1,Salty Snacks,79,India - Tier 2/3,2025-12-21,promo_launch,17.2,"True Snacks launched a promo at MarketLink GT (Tier 2/3) the week of 2025-12-21 (Ad, 17% depth).",1
1861,2,Salty Snacks,122,Gulf - Saudi,2025-12-21,promo_launch,10.0,"Bold Snacks launched a promo at Community Retail Co-op (Saudi) the week of 2025-12-21 (TPR, 10% depth).",1
1862,102,Baby Care,78,India - Tier 2/3,2025-12-21,promo_launch,15.2,"Coastal Little Ones launched a promo at Bazaar Wholesale (Tier 2/3) the week of 2025-12-21 (Display, 15% depth).",1
1863,96,Breakfast & Cereal,65,India - Tier 2/3,2025-12-21,promo_launch,6.0,"Meadow Breakfast Co launched a promo at FreshMart (Tier 2/3) the week of 2025-12-21 (TPR, 6% depth).",1
1864,95,Breakfast & Cereal,122,Gulf - Saudi,2025-12-21,promo_launch,12.3,"Cloud Mornings launched a promo at Community Retail Co-op (Saudi) the week of 2025-12-21 (Display, 12% depth).",1
1865,77,Dairy,117,Gulf - Saudi,2025-12-21,promo_launch,14.8,"Urban Creamery launched a promo at SunriseMart (Saudi) the week of 2025-12-21 (TPR, 15% depth).",1
1866,108,Baby Care,79,India - Tier 2/3,2025-12-21,promo_launch,46.1,"Crunch Baby Co launched a promo at MarketLink GT (Tier 2/3) the week of 2025-12-21 (BOGO, 46% depth).",1
1867,40,Packaged Foods,98,Gulf - UAE,2025-12-21,promo_launch,20.7,"Meadow Pantry launched a promo at BulkBasket Club (UAE) the week of 2025-12-21 (Ad, 21% depth).",1
1868,2,Salty Snacks,126,Gulf - Saudi,2025-12-21,promo_launch,12.8,"Bold Snacks launched a promo at Local Trade Collective #2 (Saudi) the week of 2025-12-21 (Display, 13% depth).",1
1869,109,Baby Care,10,North America,2025-12-21,promo_launch,6.2,"Silver Little Ones launched a promo at HomeFresh the week of 2025-12-21 (TPR, 6% depth).",1
1870,79,Confectionery,69,India - Tier 2/3,2025-12-21,promo_launch,14.8,"Coastal Candy Co launched a promo at DailyBasket (Tier 2/3) the week of 2025-12-21 (Display, 15% depth).",1
1871,40,Packaged Foods,90,Gulf - UAE,2025-12-21,promo_launch,46.9,"Meadow Pantry launched a promo at FreshMart (UAE) the week of 2025-12-21 (BOGO, 47% depth).",1
1872,67,Dairy,186,SEA - Indonesia,2025-12-21,promo_launch,20.2,"Golden Milk Co launched a promo at SunriseMart (Indonesia) the week of 2025-12-21 (Ad, 20% depth).",1
1873,92,Breakfast & Cereal,173,SEA - Philippines,2025-12-21,promo_launch,47.8,"Cloud Grains launched a promo at Local Trade Collective (Philippines) the week of 2025-12-21 (BOGO, 48% depth).",1
1874,25,Personal Care,154,SEA - Malaysia,2025-12-21,promo_launch,16.4,"Royal Skin launched a promo at Local Trade Collective (Malaysia) the week of 2025-12-21 (Display, 16% depth).",1
1875,86,Confectionery,173,SEA - Philippines,2025-12-21,promo_launch,9.3,"True Candy Co launched a promo at Local Trade Collective (Philippines) the week of 2025-12-21 (TPR, 9% depth).",1
1876,5,Salty Snacks,141,Gulf - Qatar,2025-12-21,promo_launch,15.6,"Urban Crisps launched a promo at Community Retail Co-op (Qatar) the week of 2025-12-21 (Ad, 16% depth).",1
1877,2,Salty Snacks,38,India - Metro,2025-12-21,promo_launch,7.8,"Bold Snacks launched a promo at GreenAisle (Metro) the week of 2025-12-21 (TPR, 8% depth).",1
1878,17,Sparkling Water,53,India - Metro,2025-12-21,promo_launch,6.4,"Nomad Bubbles launched a promo at RapidBasket (Metro) the week of 2025-12-21 (TPR, 6% depth).",1
1879,104,Baby Care,196,SEA - Indonesia,2025-12-21,promo_launch,20.6,"Meadow Baby Co launched a promo at Corner Store Network (Indonesia) the week of 2025-12-21 (Ad, 21% depth).",1
1880,109,Baby Care,130,Gulf - Qatar,2025-12-21,promo_launch,21.0,"Silver Little Ones launched a promo at PrimeGrocer (Qatar) the week of 2025-12-21 (Ad, 21% depth).",1
1881,107,Baby Care,184,SEA - Indonesia,2025-12-21,promo_launch,15.1,"Spring Tiny Care launched a promo at PrimeGrocer (Indonesia) the week of 2025-12-21 (Ad, 15% depth).",1
1882,68,Dairy,194,SEA - Indonesia,2025-12-21,promo_launch,11.5,"Cloud Dairy launched a promo at ValueTrade GT (Indonesia) the week of 2025-12-21 (Display, 12% depth).",1
1883,25,Personal Care,150,SEA - Malaysia,2025-12-21,promo_launch,9.2,"Royal Skin launched a promo at DashKart (Malaysia) the week of 2025-12-21 (TPR, 9% depth).",1
1884,84,Confectionery,188,SEA - Indonesia,2025-12-21,promo_launch,17.8,"Everyday Treats launched a promo at ZipCart (Indonesia) the week of 2025-12-21 (Display, 18% depth).",1
1885,79,Confectionery,88,India - Tier 2/3,2025-12-21,promo_launch,18.5,"Coastal Candy Co launched a promo at Sundry Traders Network #2 (Tier 2/3) the week of 2025-12-21 (Display, 18% depth).",1
1886,104,Baby Care,187,SEA - Indonesia,2025-12-21,promo_launch,47.0,"Meadow Baby Co launched a promo at QuickDash (Indonesia) the week of 2025-12-21 (BOGO, 47% depth).",1
1887,81,Confectionery,140,Gulf - Qatar,2025-12-21,promo_launch,8.6,"Prime Candy Co launched a promo at Corner Store Network (Qatar) the week of 2025-12-21 (TPR, 9% depth).",1
1888,8,Salty Snacks,88,India - Tier 2/3,2025-12-21,promo_launch,15.8,"Meadow Crisps launched a promo at Sundry Traders Network #2 (Tier 2/3) the week of 2025-12-21 (Display, 16% depth).",1
1889,25,Personal Care,144,SEA - Malaysia,2025-12-21,promo_launch,5.6,"Royal Skin launched a promo at GreenAisle (Malaysia) the week of 2025-12-21 (TPR, 6% depth).",1
1890,95,Breakfast & Cereal,124,Gulf - Saudi,2025-12-21,promo_launch,7.2,"Cloud Mornings launched a promo at MarketLink GT (Saudi) the week of 2025-12-21 (TPR, 7% depth).",1
1891,79,Confectionery,68,India - Tier 2/3,2025-12-21,promo_launch,45.4,"Coastal Candy Co launched a promo at PrimeGrocer (Tier 2/3) the week of 2025-12-21 (BOGO, 45% depth).",1
1892,86,Confectionery,174,SEA - Philippines,2025-12-21,promo_launch,19.6,"True Candy Co launched a promo at ValueTrade GT (Philippines) the week of 2025-12-21 (Display, 20% depth).",1
1893,65,Home Care,6,North America,2025-12-21,promo_launch,13.2,"Urban Clean launched a promo at SunriseMart the week of 2025-12-21 (Display, 13% depth).",1
1894,1,Salty Snacks,72,India - Tier 2/3,2025-12-21,promo_launch,6.3,"True Snacks launched a promo at ValueGrocer (Tier 2/3) the week of 2025-12-21 (TPR, 6% depth).",1
1895,20,Sparkling Water,42,India - Metro,2025-12-21,promo_launch,18.6,"Heritage Springs launched a promo at QuickStop (Metro) the week of 2025-12-21 (Display, 19% depth).",1
1896,20,Sparkling Water,36,India - Metro,2025-12-21,promo_launch,12.1,"Heritage Springs launched a promo at FreshMart (Metro) the week of 2025-12-21 (Display, 12% depth).",1
1897,5,Salty Snacks,133,Gulf - Qatar,2025-12-21,promo_launch,14.7,"Urban Crisps launched a promo at ZipCart (Qatar) the week of 2025-12-21 (TPR, 15% depth).",1
1898,40,Packaged Foods,104,Gulf - UAE,2025-12-21,promo_launch,21.3,"Meadow Pantry launched a promo at HopMart (UAE) the week of 2025-12-21 (Ad, 21% depth).",1
1899,9,Salty Snacks,104,Gulf - UAE,2025-12-21,promo_launch,15.2,"Spring Crisps launched a promo at HopMart (UAE) the week of 2025-12-21 (Ad, 15% depth).",1
1900,96,Breakfast & Cereal,77,India - Tier 2/3,2025-12-21,promo_launch,14.8,"Meadow Breakfast Co launched a promo at Community Retail Co-op (Tier 2/3) the week of 2025-12-21 (TPR, 15% depth).",1
1901,67,Dairy,194,SEA - Indonesia,2025-12-21,promo_launch,13.0,"Golden Milk Co launched a promo at ValueTrade GT (Indonesia) the week of 2025-12-21 (Display, 13% depth).",1
1902,20,Sparkling Water,41,India - Metro,2025-12-21,promo_launch,17.1,"Heritage Springs launched a promo at SunriseMart (Metro) the week of 2025-12-21 (Ad, 17% depth).",1
1903,67,Dairy,193,SEA - Indonesia,2025-12-21,promo_launch,13.2,"Golden Milk Co launched a promo at Local Trade Collective (Indonesia) the week of 2025-12-21 (TPR, 13% depth).",1
1904,17,Sparkling Water,48,India - Metro,2025-12-21,promo_launch,17.9,"Nomad Bubbles launched a promo at DashKart (Metro) the week of 2025-12-21 (Ad, 18% depth).",1
1905,25,Personal Care,161,SEA - Malaysia,2025-12-21,promo_launch,8.6,"Royal Skin launched a promo at Sundry Traders Network (Malaysia) the week of 2025-12-21 (TPR, 9% depth).",1
1906,5,Salty Snacks,134,Gulf - Qatar,2025-12-21,promo_launch,16.0,"Urban Crisps launched a promo at DashKart (Qatar) the week of 2025-12-21 (Ad, 16% depth).",1
1907,69,Dairy,151,SEA - Malaysia,2025-12-21,promo_launch,12.1,"Everyday Milk Co launched a promo at SwiftBasket (Malaysia) the week of 2025-12-21 (Display, 12% depth).",1
1908,69,Dairy,150,SEA - Malaysia,2025-12-21,promo_launch,46.0,"Everyday Milk Co launched a promo at DashKart (Malaysia) the week of 2025-12-21 (BOGO, 46% depth).",1
1909,79,Confectionery,87,India - Tier 2/3,2025-12-21,promo_launch,12.1,"Coastal Candy Co launched a promo at MarketLink GT #2 (Tier 2/3) the week of 2025-12-21 (TPR, 12% depth).",1
1910,25,Personal Care,160,SEA - Malaysia,2025-12-21,promo_launch,47.3,"Royal Skin launched a promo at MarketLink GT (Malaysia) the week of 2025-12-21 (BOGO, 47% depth).",1
1911,25,Personal Care,159,SEA - Malaysia,2025-12-21,promo_launch,13.5,"Royal Skin launched a promo at Bazaar Wholesale (Malaysia) the week of 2025-12-21 (Display, 14% depth).",1
1912,9,Salty Snacks,110,Gulf - UAE,2025-12-21,promo_launch,45.4,"Spring Crisps launched a promo at Corner Store Network (UAE) the week of 2025-12-21 (BOGO, 45% depth).",1
1913,56,Home Care,69,India - Tier 2/3,2025-12-21,promo_launch,47.8,"Golden Shine launched a promo at DailyBasket (Tier 2/3) the week of 2025-12-21 (BOGO, 48% depth).",1
1914,92,Breakfast & Cereal,175,SEA - Philippines,2025-12-21,promo_launch,12.9,"Cloud Grains launched a promo at Neighborhood Wholesale (Philippines) the week of 2025-12-21 (Display, 13% depth).",1
1915,102,Baby Care,66,India - Tier 2/3,2025-12-21,promo_launch,8.5,"Coastal Little Ones launched a promo at MetroBazaar (Tier 2/3) the week of 2025-12-21 (TPR, 8% depth).",1
1916,60,Home Care,92,Gulf - UAE,2025-12-21,promo_launch,7.1,"True Shine launched a promo at GreenAisle (UAE) the week of 2025-12-21 (TPR, 7% depth).",1
1917,5,Salty Snacks,136,Gulf - Qatar,2025-12-21,promo_launch,6.6,"Urban Crisps launched a promo at HopMart (Qatar) the week of 2025-12-21 (TPR, 7% depth).",1
1918,56,Home Care,65,India - Tier 2/3,2025-12-21,promo_launch,12.5,"Golden Shine launched a promo at FreshMart (Tier 2/3) the week of 2025-12-21 (Display, 12% depth).",1
1919,56,Home Care,80,India - Tier 2/3,2025-12-21,promo_launch,7.6,"Golden Shine launched a promo at Sundry Traders Network (Tier 2/3) the week of 2025-12-21 (TPR, 8% depth).",1
1920,84,Confectionery,185,SEA - Indonesia,2025-12-21,promo_launch,8.2,"Everyday Treats launched a promo at DailyBasket (Indonesia) the week of 2025-12-21 (TPR, 8% depth).",1
1921,103,Baby Care,84,India - Tier 2/3,2025-12-21,promo_launch,9.8,"Coastal Baby Essentials launched a promo at Corner Store Network #2 (Tier 2/3) the week of 2025-12-21 (TPR, 10% depth).",1
1922,92,Breakfast & Cereal,169,SEA - Philippines,2025-12-21,promo_launch,14.1,"Cloud Grains launched a promo at ZipCart (Philippines) the week of 2025-12-21 (TPR, 14% depth).",1
1923,92,Breakfast & Cereal,170,SEA - Philippines,2025-12-21,promo_launch,16.8,"Cloud Grains launched a promo at DashKart (Philippines) the week of 2025-12-21 (Ad, 17% depth).",1
1924,68,Dairy,192,SEA - Indonesia,2025-12-21,promo_launch,48.6,"Cloud Dairy launched a promo at FlashCart (Indonesia) the week of 2025-12-21 (BOGO, 49% depth).",1
1925,97,Breakfast & Cereal,143,SEA - Malaysia,2025-12-21,promo_launch,47.9,"Royal Breakfast Co launched a promo at MetroBazaar (Malaysia) the week of 2025-12-21 (BOGO, 48% depth).",1
1926,1,Salty Snacks,74,India - Tier 2/3,2025-12-21,promo_launch,6.7,"True Snacks launched a promo at ValueTrade GT (Tier 2/3) the week of 2025-12-21 (TPR, 7% depth).",1
1927,5,Salty Snacks,133,Gulf - Qatar,2025-12-21,promo_launch,46.5,"Urban Crisps launched a promo at ZipCart (Qatar) the week of 2025-12-21 (BOGO, 46% depth).",1
1928,65,Home Care,4,North America,2025-12-21,promo_launch,15.7,"Urban Clean launched a promo at PrimeGrocer the week of 2025-12-21 (Display, 16% depth).",1
1929,86,Confectionery,171,SEA - Philippines,2025-12-21,promo_launch,15.9,"True Candy Co launched a promo at SwiftBasket (Philippines) the week of 2025-12-21 (Ad, 16% depth).",1
1930,107,Baby Care,190,SEA - Indonesia,2025-12-21,promo_launch,45.5,"Spring Tiny Care launched a promo at SwiftBasket (Indonesia) the week of 2025-12-21 (BOGO, 46% depth).",1
1931,67,Dairy,197,SEA - Indonesia,2025-12-21,promo_launch,12.0,"Golden Milk Co launched a promo at Community Retail Co-op (Indonesia) the week of 2025-12-21 (TPR, 12% depth).",1
1932,27,Personal Care,199,SEA - Indonesia,2025-12-21,promo_launch,15.9,"Golden Glow launched a promo at MarketLink GT (Indonesia) the week of 2025-12-21 (Display, 16% depth).",1
1933,72,Dairy,66,India - Tier 2/3,2025-12-21,promo_launch,13.9,"Nomad Milk Co launched a promo at MetroBazaar (Tier 2/3) the week of 2025-12-21 (TPR, 14% depth).",1
1934,27,Personal Care,181,SEA - Indonesia,2025-12-21,promo_launch,14.0,"Golden Glow launched a promo at FreshMart (Indonesia) the week of 2025-12-21 (TPR, 14% depth).",1
1935,68,Dairy,194,SEA - Indonesia,2025-12-21,promo_launch,13.0,"Cloud Dairy launched a promo at ValueTrade GT (Indonesia) the week of 2025-12-21 (TPR, 13% depth).",1
1936,34,Packaged Foods,184,SEA - Indonesia,2025-12-21,promo_launch,18.0,"Bold Kitchen launched a promo at PrimeGrocer (Indonesia) the week of 2025-12-21 (Ad, 18% depth).",1
1937,72,Dairy,76,India - Tier 2/3,2025-12-21,promo_launch,49.0,"Nomad Milk Co launched a promo at Corner Store Network (Tier 2/3) the week of 2025-12-21 (BOGO, 49% depth).",1
1938,81,Confectionery,135,Gulf - Qatar,2025-12-21,promo_launch,14.4,"Prime Candy Co launched a promo at SwiftBasket (Qatar) the week of 2025-12-21 (TPR, 14% depth).",1
1939,27,Personal Care,195,SEA - Indonesia,2025-12-21,promo_launch,16.5,"Golden Glow launched a promo at Neighborhood Wholesale (Indonesia) the week of 2025-12-21 (Display, 16% depth).",1
1940,49,Beverages,88,India - Tier 2/3,2025-12-21,promo_launch,45.3,"Meadow Beverages launched a promo at Sundry Traders Network #2 (Tier 2/3) the week of 2025-12-21 (BOGO, 45% depth).",1
1941,97,Breakfast & Cereal,146,SEA - Malaysia,2025-12-21,promo_launch,18.2,"Royal Breakfast Co launched a promo at DailyBasket (Malaysia) the week of 2025-12-21 (Display, 18% depth).",1
1942,27,Personal Care,191,SEA - Indonesia,2025-12-21,promo_launch,46.2,"Golden Glow launched a promo at HopMart (Indonesia) the week of 2025-12-21 (BOGO, 46% depth).",1
1943,27,Personal Care,186,SEA - Indonesia,2025-12-21,promo_launch,6.7,"Golden Glow launched a promo at SunriseMart (Indonesia) the week of 2025-12-21 (TPR, 7% depth).",1
1944,68,Dairy,183,SEA - Indonesia,2025-12-21,promo_launch,14.0,"Cloud Dairy launched a promo at GreenAisle (Indonesia) the week of 2025-12-21 (TPR, 14% depth).",1
1945,72,Dairy,65,India - Tier 2/3,2025-12-21,promo_launch,9.5,"Nomad Milk Co launched a promo at FreshMart (Tier 2/3) the week of 2025-12-21 (TPR, 10% depth).",1
1946,49,Beverages,89,India - Tier 2/3,2025-12-21,promo_launch,9.0,"Meadow Beverages launched a promo at Local Trade Collective #3 (Tier 2/3) the week of 2025-12-21 (TPR, 9% depth).",1
1947,49,Beverages,66,India - Tier 2/3,2025-12-21,promo_launch,14.2,"Meadow Beverages launched a promo at MetroBazaar (Tier 2/3) the week of 2025-12-21 (TPR, 14% depth).",1
1948,72,Dairy,66,India - Tier 2/3,2025-12-21,promo_launch,13.9,"Nomad Milk Co launched a promo at MetroBazaar (Tier 2/3) the week of 2025-12-21 (TPR, 14% depth).",1
1949,1,Salty Snacks,86,India - Tier 2/3,2025-12-21,promo_launch,15.0,"True Snacks launched a promo at Bazaar Wholesale #2 (Tier 2/3) the week of 2025-12-21 (Ad, 15% depth).",1
1950,85,Confectionery,69,India - Tier 2/3,2025-12-21,promo_launch,9.9,"Heritage Treats launched a promo at DailyBasket (Tier 2/3) the week of 2025-12-21 (TPR, 10% depth).",1
1951,96,Breakfast & Cereal,87,India - Tier 2/3,2025-12-21,promo_launch,10.2,"Meadow Breakfast Co launched a promo at MarketLink GT #2 (Tier 2/3) the week of 2025-12-21 (TPR, 10% depth).",1
1952,85,Confectionery,80,India - Tier 2/3,2025-12-21,promo_launch,22.4,"Heritage Treats launched a promo at Sundry Traders Network (Tier 2/3) the week of 2025-12-21 (Ad, 22% depth).",1
1953,49,Beverages,85,India - Tier 2/3,2025-12-21,promo_launch,13.6,"Meadow Beverages launched a promo at Community Retail Co-op #2 (Tier 2/3) the week of 2025-12-21 (Display, 14% depth).",1
1954,72,Dairy,74,India - Tier 2/3,2025-12-21,promo_launch,14.3,"Nomad Milk Co launched a promo at ValueTrade GT (Tier 2/3) the week of 2025-12-21 (TPR, 14% depth).",1
1955,72,Dairy,67,India - Tier 2/3,2025-12-21,promo_launch,16.5,"Nomad Milk Co launched a promo at GreenAisle (Tier 2/3) the week of 2025-12-21 (Display, 16% depth).",1
1956,72,Dairy,70,India - Tier 2/3,2025-12-21,promo_launch,24.2,"Nomad Milk Co launched a promo at SunriseMart (Tier 2/3) the week of 2025-12-21 (Ad, 24% depth).",1
1957,49,Beverages,76,India - Tier 2/3,2025-12-21,promo_launch,12.0,"Meadow Beverages launched a promo at Corner Store Network (Tier 2/3) the week of 2025-12-21 (Display, 12% depth).",1
1958,72,Dairy,73,India - Tier 2/3,2025-12-21,promo_launch,12.6,"Nomad Milk Co launched a promo at Local Trade Collective (Tier 2/3) the week of 2025-12-21 (TPR, 13% depth).",1
1959,72,Dairy,75,India - Tier 2/3,2025-12-21,promo_launch,19.5,"Nomad Milk Co launched a promo at Neighborhood Wholesale (Tier 2/3) the week of 2025-12-21 (Display, 20% depth).",1
1960,103,Baby Care,65,India - Tier 2/3,2025-12-21,promo_launch,13.1,"Coastal Baby Essentials launched a promo at FreshMart (Tier 2/3) the week of 2025-12-21 (Display, 13% depth).",1
1961,85,Confectionery,79,India - Tier 2/3,2025-12-21,promo_launch,9.8,"Heritage Treats launched a promo at MarketLink GT (Tier 2/3) the week of 2025-12-21 (TPR, 10% depth).",1
1962,81,Confectionery,141,Gulf - Qatar,2025-12-21,promo_launch,9.7,"Prime Candy Co launched a promo at Community Retail Co-op (Qatar) the week of 2025-12-21 (TPR, 10% depth).",1
1963,96,Breakfast & Cereal,83,India - Tier 2/3,2025-12-21,promo_launch,5.5,"Meadow Breakfast Co launched a promo at Neighborhood Wholesale #2 (Tier 2/3) the week of 2025-12-21 (TPR, 6% depth).",1
1964,39,Packaged Foods,144,SEA - Malaysia,2025-12-21,promo_launch,12.0,"Blue Kitchen launched a promo at GreenAisle (Malaysia) the week of 2025-12-21 (Display, 12% depth).",1
1965,1,Salty Snacks,65,India - Tier 2/3,2025-12-21,promo_launch,8.4,"True Snacks launched a promo at FreshMart (Tier 2/3) the week of 2025-12-21 (TPR, 8% depth).",1
1966,10,Salty Snacks,119,Gulf - Saudi,2025-12-21,promo_launch,21.7,"Silver Chips launched a promo at ValueTrade GT (Saudi) the week of 2025-12-21 (Ad, 22% depth).",1
1967,81,Confectionery,127,Gulf - Qatar,2025-12-21,promo_launch,15.3,"Prime Candy Co launched a promo at FreshMart (Qatar) the week of 2025-12-21 (Display, 15% depth).",1
1968,69,Dairy,161,SEA - Malaysia,2025-12-21,promo_launch,21.6,"Everyday Milk Co launched a promo at Sundry Traders Network (Malaysia) the week of 2025-12-21 (Ad, 22% depth).",1
1969,84,Confectionery,198,SEA - Indonesia,2025-12-21,promo_launch,5.7,"Everyday Treats launched a promo at Bazaar Wholesale (Indonesia) the week of 2025-12-21 (TPR, 6% depth).",1
1970,81,Confectionery,139,Gulf - Qatar,2025-12-21,promo_launch,10.2,"Prime Candy Co launched a promo at Neighborhood Wholesale (Qatar) the week of 2025-12-21 (TPR, 10% depth).",1
1971,9,Salty Snacks,93,Gulf - UAE,2025-12-21,promo_launch,19.1,"Spring Crisps launched a promo at PrimeGrocer (UAE) the week of 2025-12-21 (Display, 19% depth).",1
1972,39,Packaged Foods,143,SEA - Malaysia,2025-12-21,promo_launch,11.8,"Blue Kitchen launched a promo at MetroBazaar (Malaysia) the week of 2025-12-21 (TPR, 12% depth).",1
1973,95,Breakfast & Cereal,121,Gulf - Saudi,2025-12-21,promo_launch,48.8,"Cloud Mornings launched a promo at Corner Store Network (Saudi) the week of 2025-12-21 (BOGO, 49% depth).",1
1974,107,Baby Care,191,SEA - Indonesia,2025-12-21,promo_launch,14.4,"Spring Tiny Care launched a promo at HopMart (Indonesia) the week of 2025-12-21 (TPR, 14% depth).",1
1975,39,Packaged Foods,159,SEA - Malaysia,2025-12-21,promo_launch,8.6,"Blue Kitchen launched a promo at Bazaar Wholesale (Malaysia) the week of 2025-12-21 (TPR, 9% depth).",1
1976,1,Salty Snacks,84,India - Tier 2/3,2025-12-21,promo_launch,16.5,"True Snacks launched a promo at Corner Store Network #2 (Tier 2/3) the week of 2025-12-21 (Display, 16% depth).",1
1977,103,Baby Care,67,India - Tier 2/3,2025-12-21,promo_launch,12.2,"Coastal Baby Essentials launched a promo at GreenAisle (Tier 2/3) the week of 2025-12-21 (TPR, 12% depth).",1
1978,69,Dairy,157,SEA - Malaysia,2025-12-21,promo_launch,9.9,"Everyday Milk Co launched a promo at Corner Store Network (Malaysia) the week of 2025-12-21 (TPR, 10% depth).",1
1979,103,Baby Care,79,India - Tier 2/3,2025-12-21,promo_launch,10.6,"Coastal Baby Essentials launched a promo at MarketLink GT (Tier 2/3) the week of 2025-12-21 (TPR, 11% depth).",1
1980,68,Dairy,190,SEA - Indonesia,2025-12-21,promo_launch,8.6,"Cloud Dairy launched a promo at SwiftBasket (Indonesia) the week of 2025-12-21 (TPR, 9% depth).",1
1981,81,Confectionery,127,Gulf - Qatar,2025-12-21,promo_launch,13.7,"Prime Candy Co launched a promo at FreshMart (Qatar) the week of 2025-12-21 (Display, 14% depth).",1
1982,92,Breakfast & Cereal,168,SEA - Philippines,2025-12-21,promo_launch,8.1,"Cloud Grains launched a promo at QuickDash (Philippines) the week of 2025-12-21 (TPR, 8% depth).",1
1983,92,Breakfast & Cereal,167,SEA - Philippines,2025-12-21,promo_launch,14.4,"Cloud Grains launched a promo at SunriseMart (Philippines) the week of 2025-12-21 (Display, 14% depth).",1
1984,96,Breakfast & Cereal,74,India - Tier 2/3,2025-12-21,promo_launch,13.1,"Meadow Breakfast Co launched a promo at ValueTrade GT (Tier 2/3) the week of 2025-12-21 (TPR, 13% depth).",1
1985,68,Dairy,185,SEA - Indonesia,2025-12-21,promo_launch,16.8,"Cloud Dairy launched a promo at DailyBasket (Indonesia) the week of 2025-12-21 (Display, 17% depth).",1
1986,1,Salty Snacks,68,India - Tier 2/3,2025-12-21,promo_launch,25.0,"True Snacks launched a promo at PrimeGrocer (Tier 2/3) the week of 2025-12-21 (Ad, 25% depth).",1
1987,10,Salty Snacks,123,Gulf - Saudi,2025-12-21,promo_launch,10.6,"Silver Chips launched a promo at Bazaar Wholesale (Saudi) the week of 2025-12-21 (TPR, 11% depth).",1
1988,48,Beverages,139,Gulf - Qatar,2025-12-21,promo_launch,11.9,"Silver Beverages launched a promo at Neighborhood Wholesale (Qatar) the week of 2025-12-21 (Display, 12% depth).",1
1989,10,Salty Snacks,115,Gulf - Saudi,2025-12-21,promo_launch,16.6,"Silver Chips launched a promo at PrimeGrocer (Saudi) the week of 2025-12-21 (Display, 17% depth).",1
1990,84,Confectionery,183,SEA - Indonesia,2025-12-21,promo_launch,13.9,"Everyday Treats launched a promo at GreenAisle (Indonesia) the week of 2025-12-21 (Display, 14% depth).",1
1991,48,Beverages,135,Gulf - Qatar,2025-12-21,promo_launch,45.0,"Silver Beverages launched a promo at SwiftBasket (Qatar) the week of 2025-12-21 (BOGO, 45% depth).",1
1992,84,Confectionery,200,SEA - Indonesia,2025-12-21,promo_launch,10.0,"Everyday Treats launched a promo at Sundry Traders Network (Indonesia) the week of 2025-12-21 (TPR, 10% depth).",1
1993,15,Sparkling Water,120,Gulf - Saudi,2025-12-21,promo_launch,12.3,"Blue Springs launched a promo at Neighborhood Wholesale (Saudi) the week of 2025-12-21 (TPR, 12% depth).",1
1994,92,Breakfast & Cereal,176,SEA - Philippines,2025-12-21,promo_launch,6.1,"Cloud Grains launched a promo at Corner Store Network (Philippines) the week of 2025-12-21 (TPR, 6% depth).",1
1995,101,Baby Care,134,Gulf - Qatar,2025-12-21,promo_launch,5.3,"Everyday Tiny Care launched a promo at DashKart (Qatar) the week of 2025-12-21 (TPR, 5% depth).",1
1996,107,Baby Care,185,SEA - Indonesia,2025-12-21,promo_launch,11.0,"Spring Tiny Care launched a promo at DailyBasket (Indonesia) the week of 2025-12-21 (Display, 11% depth).",1
1997,48,Beverages,134,Gulf - Qatar,2025-12-21,promo_launch,18.3,"Silver Beverages launched a promo at DashKart (Qatar) the week of 2025-12-21 (Display, 18% depth).",1
1998,15,Sparkling Water,122,Gulf - Saudi,2025-12-21,promo_launch,11.2,"Blue Springs launched a promo at Community Retail Co-op (Saudi) the week of 2025-12-21 (Display, 11% depth).",1
1999,92,Breakfast & Cereal,178,SEA - Philippines,2025-12-21,promo_launch,10.6,"Cloud Grains launched a promo at Bazaar Wholesale (Philippines) the week of 2025-12-21 (TPR, 11% depth).",1
2000,48,Beverages,130,Gulf - Qatar,2025-12-21,promo_launch,16.7,"Silver Beverages launched a promo at PrimeGrocer (Qatar) the week of 2025-12-21 (Display, 17% depth).",1
2001,67,Dairy,188,SEA - Indonesia,2025-12-21,promo_launch,5.9,"Golden Milk Co launched a promo at ZipCart (Indonesia) the week of 2025-12-21 (TPR, 6% depth).",1
2002,101,Baby Care,137,Gulf - Qatar,2025-12-21,promo_launch,49.1,"Everyday Tiny Care launched a promo at Local Trade Collective (Qatar) the week of 2025-12-21 (BOGO, 49% depth).",1
2003,92,Breakfast & Cereal,172,SEA - Philippines,2025-12-21,promo_launch,23.0,"Cloud Grains launched a promo at HopMart (Philippines) the week of 2025-12-21 (Ad, 23% depth).",1
2004,48,Beverages,140,Gulf - Qatar,2025-12-21,promo_launch,14.8,"Silver Beverages launched a promo at Corner Store Network (Qatar) the week of 2025-12-21 (TPR, 15% depth).",1
2005,102,Baby Care,79,India - Tier 2/3,2025-12-21,promo_launch,7.6,"Coastal Little Ones launched a promo at MarketLink GT (Tier 2/3) the week of 2025-12-21 (TPR, 8% depth).",1
2006,92,Breakfast & Cereal,175,SEA - Philippines,2025-12-21,promo_launch,5.2,"Cloud Grains launched a promo at Neighborhood Wholesale (Philippines) the week of 2025-12-21 (TPR, 5% depth).",1
2007,68,Dairy,199,SEA - Indonesia,2025-12-21,promo_launch,7.7,"Cloud Dairy launched a promo at MarketLink GT (Indonesia) the week of 2025-12-21 (TPR, 8% depth).",1
2008,95,Breakfast & Cereal,115,Gulf - Saudi,2025-12-21,promo_launch,20.5,"Cloud Mornings launched a promo at PrimeGrocer (Saudi) the week of 2025-12-21 (Ad, 20% depth).",1
2009,10,Salty Snacks,118,Gulf - Saudi,2025-12-21,promo_launch,20.7,"Silver Chips launched a promo at Local Trade Collective (Saudi) the week of 2025-12-21 (Ad, 21% depth).",1
2010,15,Sparkling Water,117,Gulf - Saudi,2025-12-21,promo_launch,14.3,"Blue Springs launched a promo at SunriseMart (Saudi) the week of 2025-12-21 (TPR, 14% depth).",1
2011,69,Dairy,154,SEA - Malaysia,2025-12-21,promo_launch,10.2,"Everyday Milk Co launched a promo at Local Trade Collective (Malaysia) the week of 2025-12-21 (Display, 10% depth).",1
2012,107,Baby Care,199,SEA - Indonesia,2025-12-21,promo_launch,15.5,"Spring Tiny Care launched a promo at MarketLink GT (Indonesia) the week of 2025-12-21 (Display, 16% depth).",1
2013,81,Confectionery,129,Gulf - Qatar,2025-12-21,promo_launch,13.1,"Prime Candy Co launched a promo at GreenAisle (Qatar) the week of 2025-12-21 (TPR, 13% depth).",1
2014,84,Confectionery,184,SEA - Indonesia,2025-12-21,promo_launch,18.0,"Everyday Treats launched a promo at PrimeGrocer (Indonesia) the week of 2025-12-21 (Display, 18% depth).",1
2015,39,Packaged Foods,150,SEA - Malaysia,2025-12-21,promo_launch,6.0,"Blue Kitchen launched a promo at DashKart (Malaysia) the week of 2025-12-21 (TPR, 6% depth).",1
2016,97,Breakfast & Cereal,148,SEA - Malaysia,2025-12-21,promo_launch,8.0,"Royal Breakfast Co launched a promo at QuickDash (Malaysia) the week of 2025-12-21 (TPR, 8% depth).",1
2017,101,Baby Care,130,Gulf - Qatar,2025-12-21,promo_launch,12.0,"Everyday Tiny Care launched a promo at PrimeGrocer (Qatar) the week of 2025-12-21 (TPR, 12% depth).",1
2018,87,Confectionery,34,North America,2025-12-21,promo_launch,24.8,"Pure Sweets launched a promo at CornerFuel Mart #3 the week of 2025-12-21 (Ad, 25% depth).",1
2019,67,Dairy,187,SEA - Indonesia,2025-12-21,promo_launch,5.7,"Golden Milk Co launched a promo at QuickDash (Indonesia) the week of 2025-12-21 (TPR, 6% depth).",1
2020,61,Home Care,48,India - Metro,2025-12-21,promo_launch,49.6,"Crunch Household launched a promo at DashKart (Metro) the week of 2025-12-21 (BOGO, 50% depth).",1
2021,102,Baby Care,85,India - Tier 2/3,2025-12-21,promo_launch,10.0,"Coastal Little Ones launched a promo at Community Retail Co-op #2 (Tier 2/3) the week of 2025-12-21 (TPR, 10% depth).",1
2022,87,Confectionery,30,North America,2025-12-21,promo_launch,46.2,"Pure Sweets launched a promo at CornerFuel Mart #2 the week of 2025-12-21 (BOGO, 46% depth).",1
2023,107,Baby Care,193,SEA - Indonesia,2025-12-21,promo_launch,16.7,"Spring Tiny Care launched a promo at Local Trade Collective (Indonesia) the week of 2025-12-21 (Display, 17% depth).",1
2024,107,Baby Care,196,SEA - Indonesia,2025-12-21,promo_launch,12.5,"Spring Tiny Care launched a promo at Corner Store Network (Indonesia) the week of 2025-12-21 (TPR, 12% depth).",1
2025,74,Dairy,86,India - Tier 2/3,2025-12-21,promo_launch,13.4,"Sunrise Milk Co launched a promo at Bazaar Wholesale #2 (Tier 2/3) the week of 2025-12-21 (Display, 13% depth).",1
2026,4,Salty Snacks,146,SEA - Malaysia,2025-12-21,promo_launch,14.1,"Blue Bites launched a promo at DailyBasket (Malaysia) the week of 2025-12-21 (TPR, 14% depth).",1
2027,37,Packaged Foods,117,Gulf - Saudi,2025-12-21,promo_launch,16.1,"Heritage Kitchen launched a promo at SunriseMart (Saudi) the week of 2025-12-21 (Display, 16% depth).",1
2028,54,Beverages,86,India - Tier 2/3,2025-12-21,promo_launch,24.5,"Nomad Drinks launched a promo at Bazaar Wholesale #2 (Tier 2/3) the week of 2025-12-21 (Ad, 24% depth).",1
2029,37,Packaged Foods,125,Gulf - Saudi,2025-12-21,promo_launch,18.0,"Heritage Kitchen launched a promo at Sundry Traders Network (Saudi) the week of 2025-12-21 (Ad, 18% depth).",1
2030,61,Home Care,64,India - Metro,2025-12-21,promo_launch,47.2,"Crunch Household launched a promo at Sundry Traders Network (Metro) the week of 2025-12-21 (BOGO, 47% depth).",1
2031,61,Home Care,36,India - Metro,2025-12-21,promo_launch,11.0,"Crunch Household launched a promo at FreshMart (Metro) the week of 2025-12-21 (TPR, 11% depth).",1
2032,16,Sparkling Water,166,SEA - Philippines,2025-12-21,promo_launch,49.4,"Sunrise Water Co launched a promo at DailyBasket (Philippines) the week of 2025-12-21 (BOGO, 49% depth).",1
2033,23,Personal Care,57,India - Metro,2025-12-21,promo_launch,5.3,"Golden Skin launched a promo at Local Trade Collective (Metro) the week of 2025-12-21 (TPR, 5% depth).",1
2034,32,Personal Care,83,India - Tier 2/3,2025-12-21,promo_launch,5.7,"Cloud Skin launched a promo at Neighborhood Wholesale #2 (Tier 2/3) the week of 2025-12-21 (TPR, 6% depth).",1
2035,61,Home Care,40,India - Metro,2025-12-21,promo_launch,14.7,"Crunch Household launched a promo at DailyBasket (Metro) the week of 2025-12-21 (Display, 15% depth).",1
2036,53,Beverages,127,Gulf - Qatar,2025-12-21,promo_launch,45.9,"Cloud Sip launched a promo at FreshMart (Qatar) the week of 2025-12-21 (BOGO, 46% depth).",1
2037,31,Personal Care,121,Gulf - Saudi,2025-12-21,promo_launch,12.9,"Everyday Glow launched a promo at Corner Store Network (Saudi) the week of 2025-12-21 (TPR, 13% depth).",1
2038,4,Salty Snacks,155,SEA - Malaysia,2025-12-21,promo_launch,9.3,"Blue Bites launched a promo at ValueTrade GT (Malaysia) the week of 2025-12-21 (TPR, 9% depth).",1
2039,61,Home Care,56,India - Metro,2025-12-21,promo_launch,45.1,"Crunch Household launched a promo at QuickDash #2 (Metro) the week of 2025-12-21 (BOGO, 45% depth).",1
2040,74,Dairy,85,India - Tier 2/3,2025-12-21,promo_launch,19.4,"Sunrise Milk Co launched a promo at Community Retail Co-op #2 (Tier 2/3) the week of 2025-12-21 (Display, 19% depth).",1
2041,61,Home Care,37,India - Metro,2025-12-21,promo_launch,14.2,"Crunch Household launched a promo at MetroBazaar (Metro) the week of 2025-12-21 (TPR, 14% depth).",1
2042,61,Home Care,38,India - Metro,2025-12-21,promo_launch,14.1,"Crunch Household launched a promo at GreenAisle (Metro) the week of 2025-12-21 (TPR, 14% depth).",1
2043,9,Salty Snacks,103,Gulf - UAE,2025-12-21,promo_launch,9.1,"Spring Crisps launched a promo at SwiftBasket (UAE) the week of 2025-12-21 (TPR, 9% depth).",1
2044,38,Packaged Foods,166,SEA - Philippines,2025-12-21,promo_launch,13.2,"Urban Pantry launched a promo at DailyBasket (Philippines) the week of 2025-12-21 (Display, 13% depth).",1
2045,54,Beverages,77,India - Tier 2/3,2025-12-21,promo_launch,20.3,"Nomad Drinks launched a promo at Community Retail Co-op (Tier 2/3) the week of 2025-12-21 (Ad, 20% depth).",1
2046,74,Dairy,86,India - Tier 2/3,2025-12-21,promo_launch,6.3,"Sunrise Milk Co launched a promo at Bazaar Wholesale #2 (Tier 2/3) the week of 2025-12-21 (TPR, 6% depth).",1
2047,86,Confectionery,171,SEA - Philippines,2025-12-21,promo_launch,18.7,"True Candy Co launched a promo at SwiftBasket (Philippines) the week of 2025-12-21 (Display, 19% depth).",1
2048,53,Beverages,131,Gulf - Qatar,2025-12-21,promo_launch,13.4,"Cloud Sip launched a promo at DailyBasket (Qatar) the week of 2025-12-21 (Display, 13% depth).",1
2049,86,Confectionery,176,SEA - Philippines,2025-12-21,promo_launch,16.1,"True Candy Co launched a promo at Corner Store Network (Philippines) the week of 2025-12-21 (Display, 16% depth).",1
2050,32,Personal Care,74,India - Tier 2/3,2025-12-21,promo_launch,6.7,"Cloud Skin launched a promo at ValueTrade GT (Tier 2/3) the week of 2025-12-21 (TPR, 7% depth).",1
2051,32,Personal Care,73,India - Tier 2/3,2025-12-21,promo_launch,47.0,"Cloud Skin launched a promo at Local Trade Collective (Tier 2/3) the week of 2025-12-21 (BOGO, 47% depth).",1
2052,87,Confectionery,9,North America,2025-12-21,promo_launch,13.5,"Pure Sweets launched a promo at CityMart the week of 2025-12-21 (Display, 14% depth).",1
2053,53,Beverages,132,Gulf - Qatar,2025-12-21,promo_launch,5.5,"Cloud Sip launched a promo at QuickDash (Qatar) the week of 2025-12-21 (TPR, 6% depth).",1
2054,87,Confectionery,26,North America,2025-12-21,promo_launch,11.3,"Pure Sweets launched a promo at CornerFuel Mart the week of 2025-12-21 (TPR, 11% depth).",1
2055,54,Beverages,72,India - Tier 2/3,2025-12-21,promo_launch,16.0,"Nomad Drinks launched a promo at ValueGrocer (Tier 2/3) the week of 2025-12-21 (Ad, 16% depth).",1
2056,53,Beverages,133,Gulf - Qatar,2025-12-21,promo_launch,48.2,"Cloud Sip launched a promo at ZipCart (Qatar) the week of 2025-12-21 (BOGO, 48% depth).",1
2057,61,Home Care,59,India - Metro,2025-12-21,promo_launch,8.0,"Crunch Household launched a promo at Neighborhood Wholesale (Metro) the week of 2025-12-21 (TPR, 8% depth).",1
2058,87,Confectionery,13,North America,2025-12-21,promo_launch,9.1,"Pure Sweets launched a promo at GreenAisle #2 the week of 2025-12-21 (TPR, 9% depth).",1
2059,68,Dairy,199,SEA - Indonesia,2025-12-21,promo_launch,13.3,"Cloud Dairy launched a promo at MarketLink GT (Indonesia) the week of 2025-12-21 (TPR, 13% depth).",1
2060,4,Salty Snacks,154,SEA - Malaysia,2025-12-21,promo_launch,21.7,"Blue Bites launched a promo at Local Trade Collective (Malaysia) the week of 2025-12-21 (Ad, 22% depth).",1
2061,68,Dairy,192,SEA - Indonesia,2025-12-21,promo_launch,11.0,"Cloud Dairy launched a promo at FlashCart (Indonesia) the week of 2025-12-21 (Display, 11% depth).",1
2062,84,Confectionery,194,SEA - Indonesia,2025-12-21,promo_launch,6.4,"Everyday Treats launched a promo at ValueTrade GT (Indonesia) the week of 2025-12-21 (TPR, 6% depth).",1
2063,32,Personal Care,68,India - Tier 2/3,2025-12-21,promo_launch,5.4,"Cloud Skin launched a promo at PrimeGrocer (Tier 2/3) the week of 2025-12-21 (TPR, 5% depth).",1
2064,62,Home Care,124,Gulf - Saudi,2025-12-21,promo_launch,6.0,"Royal Household launched a promo at MarketLink GT (Saudi) the week of 2025-12-21 (TPR, 6% depth).",1
2065,61,Home Care,47,India - Metro,2025-12-21,promo_launch,11.9,"Crunch Household launched a promo at ZipCart (Metro) the week of 2025-12-21 (TPR, 12% depth).",1
2066,4,Salty Snacks,155,SEA - Malaysia,2025-12-21,promo_launch,13.2,"Blue Bites launched a promo at ValueTrade GT (Malaysia) the week of 2025-12-21 (TPR, 13% depth).",1
2067,62,Home Care,3,North America,2025-12-21,promo_launch,8.0,"Royal Household launched a promo at GreenAisle the week of 2025-12-21 (TPR, 8% depth).",1
2068,84,Confectionery,194,SEA - Indonesia,2025-12-21,promo_launch,20.1,"Everyday Treats launched a promo at ValueTrade GT (Indonesia) the week of 2025-12-21 (Ad, 20% depth).",1
2069,102,Baby Care,79,India - Tier 2/3,2025-12-21,promo_launch,5.1,"Coastal Little Ones launched a promo at MarketLink GT (Tier 2/3) the week of 2025-12-21 (TPR, 5% depth).",1
2070,87,Confectionery,35,North America,2025-12-21,promo_launch,13.4,"Pure Sweets launched a promo at GoStop #3 the week of 2025-12-21 (TPR, 13% depth).",1
2071,40,Packaged Foods,104,Gulf - UAE,2025-12-21,promo_launch,21.6,"Meadow Pantry launched a promo at HopMart (UAE) the week of 2025-12-21 (Ad, 22% depth).",1
2072,32,Personal Care,88,India - Tier 2/3,2025-12-21,promo_launch,14.9,"Cloud Skin launched a promo at Sundry Traders Network #2 (Tier 2/3) the week of 2025-12-21 (TPR, 15% depth).",1
2073,9,Salty Snacks,108,Gulf - UAE,2025-12-21,promo_launch,47.4,"Spring Crisps launched a promo at ValueTrade GT (UAE) the week of 2025-12-21 (BOGO, 47% depth).",1
2074,40,Packaged Foods,91,Gulf - UAE,2025-12-21,promo_launch,7.2,"Meadow Pantry launched a promo at MetroBazaar (UAE) the week of 2025-12-21 (TPR, 7% depth).",1
2075,37,Packaged Foods,122,Gulf - Saudi,2025-12-21,promo_launch,11.0,"Heritage Kitchen launched a promo at Community Retail Co-op (Saudi) the week of 2025-12-21 (Display, 11% depth).",1
2076,62,Home Care,123,Gulf - Saudi,2025-12-21,promo_launch,12.3,"Royal Household launched a promo at Bazaar Wholesale (Saudi) the week of 2025-12-21 (TPR, 12% depth).",1
2077,23,Personal Care,53,India - Metro,2025-12-21,promo_launch,11.2,"Golden Skin launched a promo at RapidBasket (Metro) the week of 2025-12-21 (TPR, 11% depth).",1
2078,4,Salty Snacks,157,SEA - Malaysia,2025-12-21,promo_launch,7.2,"Blue Bites launched a promo at Corner Store Network (Malaysia) the week of 2025-12-21 (TPR, 7% depth).",1
2079,84,Confectionery,185,SEA - Indonesia,2025-12-21,promo_launch,19.9,"Everyday Treats launched a promo at DailyBasket (Indonesia) the week of 2025-12-21 (Display, 20% depth).",1
2080,62,Home Care,122,Gulf - Saudi,2025-12-21,promo_launch,14.5,"Royal Household launched a promo at Community Retail Co-op (Saudi) the week of 2025-12-21 (TPR, 14% depth).",1
2081,87,Confectionery,2,North America,2025-12-21,promo_launch,23.1,"Pure Sweets launched a promo at MetroBazaar the week of 2025-12-21 (Ad, 23% depth).",1
2082,32,Personal Care,65,India - Tier 2/3,2025-12-21,promo_launch,19.8,"Cloud Skin launched a promo at FreshMart (Tier 2/3) the week of 2025-12-21 (Ad, 20% depth).",1
2083,32,Personal Care,72,India - Tier 2/3,2025-12-21,promo_launch,46.0,"Cloud Skin launched a promo at ValueGrocer (Tier 2/3) the week of 2025-12-21 (BOGO, 46% depth).",1
2084,74,Dairy,69,India - Tier 2/3,2025-12-21,promo_launch,45.2,"Sunrise Milk Co launched a promo at DailyBasket (Tier 2/3) the week of 2025-12-21 (BOGO, 45% depth).",1
2085,97,Breakfast & Cereal,155,SEA - Malaysia,2025-12-21,promo_launch,13.2,"Royal Breakfast Co launched a promo at ValueTrade GT (Malaysia) the week of 2025-12-21 (Display, 13% depth).",1
2086,62,Home Care,117,Gulf - Saudi,2025-12-21,promo_launch,20.5,"Royal Household launched a promo at SunriseMart (Saudi) the week of 2025-12-21 (Ad, 20% depth).",1
2087,62,Home Care,124,Gulf - Saudi,2025-12-21,promo_launch,5.6,"Royal Household launched a promo at MarketLink GT (Saudi) the week of 2025-12-21 (TPR, 6% depth).",1
2088,62,Home Care,116,Gulf - Saudi,2025-12-21,promo_launch,14.7,"Royal Household launched a promo at DailyBasket (Saudi) the week of 2025-12-21 (TPR, 15% depth).",1
2089,45,Beverages,120,Gulf - Saudi,2025-12-21,promo_launch,14.4,"Pure Drinks launched a promo at Neighborhood Wholesale (Saudi) the week of 2025-12-21 (TPR, 14% depth).",1
2090,74,Dairy,75,India - Tier 2/3,2025-12-21,promo_launch,45.3,"Sunrise Milk Co launched a promo at Neighborhood Wholesale (Tier 2/3) the week of 2025-12-21 (BOGO, 45% depth).",1
2091,62,Home Care,125,Gulf - Saudi,2025-12-21,promo_launch,12.2,"Royal Household launched a promo at Sundry Traders Network (Saudi) the week of 2025-12-21 (TPR, 12% depth).",1
2092,74,Dairy,77,India - Tier 2/3,2025-12-21,promo_launch,7.5,"Sunrise Milk Co launched a promo at Community Retail Co-op (Tier 2/3) the week of 2025-12-21 (TPR, 8% depth).",1
2093,87,Confectionery,28,North America,2025-12-21,promo_launch,45.4,"Pure Sweets launched a promo at ExpressStop the week of 2025-12-21 (BOGO, 45% depth).",1
2094,62,Home Care,113,Gulf - Saudi,2025-12-21,promo_launch,13.5,"Royal Household launched a promo at MetroBazaar (Saudi) the week of 2025-12-21 (TPR, 14% depth).",1
2095,45,Beverages,114,Gulf - Saudi,2025-12-21,promo_launch,48.4,"Pure Drinks launched a promo at GreenAisle (Saudi) the week of 2025-12-21 (BOGO, 48% depth).",1
2096,62,Home Care,114,Gulf - Saudi,2025-12-21,promo_launch,10.5,"Royal Household launched a promo at GreenAisle (Saudi) the week of 2025-12-21 (TPR, 10% depth).",1
2097,9,Salty Snacks,90,Gulf - UAE,2025-12-21,promo_launch,17.7,"Spring Crisps launched a promo at FreshMart (UAE) the week of 2025-12-21 (Ad, 18% depth).",1
2098,32,Personal Care,76,India - Tier 2/3,2025-12-21,promo_launch,9.3,"Cloud Skin launched a promo at Corner Store Network (Tier 2/3) the week of 2025-12-21 (TPR, 9% depth).",1
2099,102,Baby Care,79,India - Tier 2/3,2025-12-21,promo_launch,18.9,"Coastal Little Ones launched a promo at MarketLink GT (Tier 2/3) the week of 2025-12-21 (Ad, 19% depth).",1
2100,87,Confectionery,26,North America,2025-12-21,promo_launch,9.2,"Pure Sweets launched a promo at CornerFuel Mart the week of 2025-12-21 (TPR, 9% depth).",1
2101,32,Personal Care,74,India - Tier 2/3,2025-12-21,promo_launch,11.3,"Cloud Skin launched a promo at ValueTrade GT (Tier 2/3) the week of 2025-12-21 (Display, 11% depth).",1
2102,23,Personal Care,56,India - Metro,2025-12-21,promo_launch,11.4,"Golden Skin launched a promo at QuickDash #2 (Metro) the week of 2025-12-21 (TPR, 11% depth).",1
2103,45,Beverages,118,Gulf - Saudi,2025-12-21,promo_launch,6.7,"Pure Drinks launched a promo at Local Trade Collective (Saudi) the week of 2025-12-21 (TPR, 7% depth).",1
2104,23,Personal Care,63,India - Metro,2025-12-21,promo_launch,14.4,"Golden Skin launched a promo at MarketLink GT (Metro) the week of 2025-12-21 (TPR, 14% depth).",1
2105,23,Personal Care,64,India - Metro,2025-12-21,promo_launch,14.5,"Golden Skin launched a promo at Sundry Traders Network (Metro) the week of 2025-12-21 (TPR, 14% depth).",1
2106,45,Beverages,113,Gulf - Saudi,2025-12-21,promo_launch,19.0,"Pure Drinks launched a promo at MetroBazaar (Saudi) the week of 2025-12-21 (Display, 19% depth).",1
2107,45,Beverages,112,Gulf - Saudi,2025-12-21,promo_launch,8.1,"Pure Drinks launched a promo at FreshMart (Saudi) the week of 2025-12-21 (TPR, 8% depth).",1
2108,84,Confectionery,185,SEA - Indonesia,2025-12-21,promo_launch,8.9,"Everyday Treats launched a promo at DailyBasket (Indonesia) the week of 2025-12-21 (TPR, 9% depth).",1
2109,45,Beverages,115,Gulf - Saudi,2025-12-21,promo_launch,19.5,"Pure Drinks launched a promo at PrimeGrocer (Saudi) the week of 2025-12-21 (Ad, 20% depth).",1
2110,45,Beverages,123,Gulf - Saudi,2025-12-21,promo_launch,5.4,"Pure Drinks launched a promo at Bazaar Wholesale (Saudi) the week of 2025-12-21 (TPR, 5% depth).",1
2111,61,Home Care,64,India - Metro,2025-12-21,promo_launch,19.3,"Crunch Household launched a promo at Sundry Traders Network (Metro) the week of 2025-12-21 (Display, 19% depth).",1
2112,37,Packaged Foods,116,Gulf - Saudi,2025-12-21,promo_launch,8.2,"Heritage Kitchen launched a promo at DailyBasket (Saudi) the week of 2025-12-21 (TPR, 8% depth).",1
2113,9,Salty Snacks,96,Gulf - UAE,2025-12-21,promo_launch,46.9,"Spring Crisps launched a promo at UrbanPantry (UAE) the week of 2025-12-21 (BOGO, 47% depth).",1
2114,37,Packaged Foods,120,Gulf - Saudi,2025-12-21,promo_launch,17.8,"Heritage Kitchen launched a promo at Neighborhood Wholesale (Saudi) the week of 2025-12-21 (Display, 18% depth).",1
2115,9,Salty Snacks,104,Gulf - UAE,2025-12-21,promo_launch,5.7,"Spring Crisps launched a promo at HopMart (UAE) the week of 2025-12-21 (TPR, 6% depth).",1
2116,68,Dairy,195,SEA - Indonesia,2025-12-21,promo_launch,17.1,"Cloud Dairy launched a promo at Neighborhood Wholesale (Indonesia) the week of 2025-12-21 (Display, 17% depth).",1
2117,45,Beverages,126,Gulf - Saudi,2025-12-21,promo_launch,48.4,"Pure Drinks launched a promo at Local Trade Collective #2 (Saudi) the week of 2025-12-21 (BOGO, 48% depth).",1
2118,9,Salty Snacks,94,Gulf - UAE,2025-12-21,promo_launch,24.7,"Spring Crisps launched a promo at DailyBasket (UAE) the week of 2025-12-21 (Ad, 25% depth).",1
2119,37,Packaged Foods,121,Gulf - Saudi,2025-12-21,promo_launch,24.1,"Heritage Kitchen launched a promo at Corner Store Network (Saudi) the week of 2025-12-21 (Ad, 24% depth).",1
2120,60,Home Care,103,Gulf - UAE,2025-12-21,promo_launch,16.7,"True Shine launched a promo at SwiftBasket (UAE) the week of 2025-12-21 (Ad, 17% depth).",1
2121,31,Personal Care,123,Gulf - Saudi,2025-12-21,promo_launch,47.1,"Everyday Glow launched a promo at Bazaar Wholesale (Saudi) the week of 2025-12-21 (BOGO, 47% depth).",1
2122,40,Packaged Foods,95,Gulf - UAE,2025-12-21,promo_launch,12.1,"Meadow Pantry launched a promo at SunriseMart (UAE) the week of 2025-12-21 (TPR, 12% depth).",1
2123,39,Packaged Foods,152,SEA - Malaysia,2025-12-21,promo_launch,10.5,"Blue Kitchen launched a promo at HopMart (Malaysia) the week of 2025-12-21 (TPR, 10% depth).",1
2124,97,Breakfast & Cereal,160,SEA - Malaysia,2025-12-21,promo_launch,21.8,"Royal Breakfast Co launched a promo at MarketLink GT (Malaysia) the week of 2025-12-21 (Ad, 22% depth).",1
2125,52,Beverages,137,Gulf - Qatar,2025-12-21,promo_launch,11.3,"Spring Sip launched a promo at Local Trade Collective (Qatar) the week of 2025-12-21 (TPR, 11% depth).",1
2126,52,Beverages,135,Gulf - Qatar,2025-12-21,promo_launch,22.1,"Spring Sip launched a promo at SwiftBasket (Qatar) the week of 2025-12-21 (Ad, 22% depth).",1
2127,9,Salty Snacks,111,Gulf - UAE,2025-12-21,promo_launch,9.9,"Spring Crisps launched a promo at Community Retail Co-op (UAE) the week of 2025-12-21 (TPR, 10% depth).",1
2128,31,Personal Care,126,Gulf - Saudi,2025-12-21,promo_launch,23.8,"Everyday Glow launched a promo at Local Trade Collective #2 (Saudi) the week of 2025-12-21 (Ad, 24% depth).",1
2129,40,Packaged Foods,94,Gulf - UAE,2025-12-21,promo_launch,6.2,"Meadow Pantry launched a promo at DailyBasket (UAE) the week of 2025-12-21 (TPR, 6% depth).",1
2130,31,Personal Care,113,Gulf - Saudi,2025-12-21,promo_launch,14.8,"Everyday Glow launched a promo at MetroBazaar (Saudi) the week of 2025-12-21 (TPR, 15% depth).",1
2131,97,Breakfast & Cereal,159,SEA - Malaysia,2025-12-21,promo_launch,14.9,"Royal Breakfast Co launched a promo at Bazaar Wholesale (Malaysia) the week of 2025-12-21 (TPR, 15% depth).",1
2132,97,Breakfast & Cereal,151,SEA - Malaysia,2025-12-21,promo_launch,10.4,"Royal Breakfast Co launched a promo at SwiftBasket (Malaysia) the week of 2025-12-21 (TPR, 10% depth).",1
2133,40,Packaged Foods,103,Gulf - UAE,2025-12-21,promo_launch,12.4,"Meadow Pantry launched a promo at SwiftBasket (UAE) the week of 2025-12-21 (TPR, 12% depth).",1
2134,52,Beverages,132,Gulf - Qatar,2025-12-21,promo_launch,13.2,"Spring Sip launched a promo at QuickDash (Qatar) the week of 2025-12-21 (TPR, 13% depth).",1
2135,52,Beverages,136,Gulf - Qatar,2025-12-21,promo_launch,15.0,"Spring Sip launched a promo at HopMart (Qatar) the week of 2025-12-21 (Display, 15% depth).",1
2136,52,Beverages,133,Gulf - Qatar,2025-12-21,promo_launch,9.6,"Spring Sip launched a promo at ZipCart (Qatar) the week of 2025-12-21 (TPR, 10% depth).",1
2137,31,Personal Care,124,Gulf - Saudi,2025-12-21,promo_launch,11.0,"Everyday Glow launched a promo at MarketLink GT (Saudi) the week of 2025-12-21 (Display, 11% depth).",1
2138,97,Breakfast & Cereal,143,SEA - Malaysia,2025-12-21,promo_launch,10.7,"Royal Breakfast Co launched a promo at MetroBazaar (Malaysia) the week of 2025-12-21 (TPR, 11% depth).",1
2139,9,Salty Snacks,94,Gulf - UAE,2025-12-21,promo_launch,49.9,"Spring Crisps launched a promo at DailyBasket (UAE) the week of 2025-12-21 (BOGO, 50% depth).",1
2140,52,Beverages,127,Gulf - Qatar,2025-12-21,promo_launch,11.6,"Spring Sip launched a promo at FreshMart (Qatar) the week of 2025-12-21 (TPR, 12% depth).",1
2141,31,Personal Care,117,Gulf - Saudi,2025-12-21,promo_launch,18.2,"Everyday Glow launched a promo at SunriseMart (Saudi) the week of 2025-12-21 (Display, 18% depth).",1
2142,31,Personal Care,122,Gulf - Saudi,2025-12-21,promo_launch,46.2,"Everyday Glow launched a promo at Community Retail Co-op (Saudi) the week of 2025-12-21 (BOGO, 46% depth).",1
2143,97,Breakfast & Cereal,157,SEA - Malaysia,2025-12-21,promo_launch,19.9,"Royal Breakfast Co launched a promo at Corner Store Network (Malaysia) the week of 2025-12-21 (Ad, 20% depth).",1
2144,39,Packaged Foods,148,SEA - Malaysia,2025-12-21,promo_launch,45.3,"Blue Kitchen launched a promo at QuickDash (Malaysia) the week of 2025-12-21 (BOGO, 45% depth).",1
2145,40,Packaged Foods,107,Gulf - UAE,2025-12-21,promo_launch,10.1,"Meadow Pantry launched a promo at Local Trade Collective (UAE) the week of 2025-12-21 (TPR, 10% depth).",1
2146,40,Packaged Foods,104,Gulf - UAE,2025-12-21,promo_launch,18.3,"Meadow Pantry launched a promo at HopMart (UAE) the week of 2025-12-21 (Ad, 18% depth).",1
2147,81,Confectionery,130,Gulf - Qatar,2025-12-14,promo_launch,21.1,"Prime Candy Co launched a promo at PrimeGrocer (Qatar) the week of 2025-12-14 (Ad, 21% depth).",1
2148,101,Baby Care,139,Gulf - Qatar,2025-12-14,promo_launch,17.5,"Everyday Tiny Care launched a promo at Neighborhood Wholesale (Qatar) the week of 2025-12-14 (Display, 18% depth).",1
2149,97,Breakfast & Cereal,160,SEA - Malaysia,2025-12-14,promo_launch,10.1,"Royal Breakfast Co launched a promo at MarketLink GT (Malaysia) the week of 2025-12-14 (TPR, 10% depth).",1
2150,31,Personal Care,125,Gulf - Saudi,2025-12-14,promo_launch,13.8,"Everyday Glow launched a promo at Sundry Traders Network (Saudi) the week of 2025-12-14 (TPR, 14% depth).",1
2151,15,Sparkling Water,112,Gulf - Saudi,2025-12-14,promo_launch,24.6,"Blue Springs launched a promo at FreshMart (Saudi) the week of 2025-12-14 (Ad, 25% depth).",1
2152,97,Breakfast & Cereal,144,SEA - Malaysia,2025-12-14,promo_launch,12.4,"Royal Breakfast Co launched a promo at GreenAisle (Malaysia) the week of 2025-12-14 (TPR, 12% depth).",1
2153,31,Personal Care,115,Gulf - Saudi,2025-12-14,promo_launch,17.1,"Everyday Glow launched a promo at PrimeGrocer (Saudi) the week of 2025-12-14 (Display, 17% depth).",1
2154,95,Breakfast & Cereal,125,Gulf - Saudi,2025-12-14,promo_launch,45.9,"Cloud Mornings launched a promo at Sundry Traders Network (Saudi) the week of 2025-12-14 (BOGO, 46% depth).",1
2155,101,Baby Care,138,Gulf - Qatar,2025-12-14,promo_launch,13.1,"Everyday Tiny Care launched a promo at ValueTrade GT (Qatar) the week of 2025-12-14 (Display, 13% depth).",1
2156,40,Packaged Foods,101,Gulf - UAE,2025-12-14,promo_launch,8.9,"Meadow Pantry launched a promo at ZipCart (UAE) the week of 2025-12-14 (TPR, 9% depth).",1
2157,31,Personal Care,119,Gulf - Saudi,2025-12-14,promo_launch,16.9,"Everyday Glow launched a promo at ValueTrade GT (Saudi) the week of 2025-12-14 (Ad, 17% depth).",1
2158,95,Breakfast & Cereal,112,Gulf - Saudi,2025-12-14,promo_launch,10.9,"Cloud Mornings launched a promo at FreshMart (Saudi) the week of 2025-12-14 (TPR, 11% depth).",1
2159,101,Baby Care,141,Gulf - Qatar,2025-12-14,promo_launch,20.5,"Everyday Tiny Care launched a promo at Community Retail Co-op (Qatar) the week of 2025-12-14 (Ad, 20% depth).",1
2160,81,Confectionery,129,Gulf - Qatar,2025-12-14,promo_launch,7.5,"Prime Candy Co launched a promo at GreenAisle (Qatar) the week of 2025-12-14 (TPR, 8% depth).",1
2161,5,Salty Snacks,138,Gulf - Qatar,2025-12-14,promo_launch,17.2,"Urban Crisps launched a promo at ValueTrade GT (Qatar) the week of 2025-12-14 (Display, 17% depth).",1
2162,15,Sparkling Water,121,Gulf - Saudi,2025-12-14,promo_launch,49.4,"Blue Springs launched a promo at Corner Store Network (Saudi) the week of 2025-12-14 (BOGO, 49% depth).",1
2163,97,Breakfast & Cereal,155,SEA - Malaysia,2025-12-14,promo_launch,16.8,"Royal Breakfast Co launched a promo at ValueTrade GT (Malaysia) the week of 2025-12-14 (Display, 17% depth).",1
2164,15,Sparkling Water,126,Gulf - Saudi,2025-12-14,promo_launch,49.7,"Blue Springs launched a promo at Local Trade Collective #2 (Saudi) the week of 2025-12-14 (BOGO, 50% depth).",1
2165,5,Salty Snacks,139,Gulf - Qatar,2025-12-14,promo_launch,45.4,"Urban Crisps launched a promo at Neighborhood Wholesale (Qatar) the week of 2025-12-14 (BOGO, 45% depth).",1
2166,15,Sparkling Water,116,Gulf - Saudi,2025-12-14,promo_launch,20.5,"Blue Springs launched a promo at DailyBasket (Saudi) the week of 2025-12-14 (Ad, 20% depth).",1
2167,95,Breakfast & Cereal,125,Gulf - Saudi,2025-12-14,promo_launch,9.9,"Cloud Mornings launched a promo at Sundry Traders Network (Saudi) the week of 2025-12-14 (TPR, 10% depth).",1
2168,97,Breakfast & Cereal,159,SEA - Malaysia,2025-12-14,promo_launch,17.0,"Royal Breakfast Co launched a promo at Bazaar Wholesale (Malaysia) the week of 2025-12-14 (Display, 17% depth).",1
2169,15,Sparkling Water,125,Gulf - Saudi,2025-12-14,promo_launch,14.4,"Blue Springs launched a promo at Sundry Traders Network (Saudi) the week of 2025-12-14 (Display, 14% depth).",1
2170,15,Sparkling Water,116,Gulf - Saudi,2025-12-14,promo_launch,16.7,"Blue Springs launched a promo at DailyBasket (Saudi) the week of 2025-12-14 (Display, 17% depth).",1
2171,69,Dairy,159,SEA - Malaysia,2025-12-14,promo_launch,5.8,"Everyday Milk Co launched a promo at Bazaar Wholesale (Malaysia) the week of 2025-12-14 (TPR, 6% depth).",1
2172,10,Salty Snacks,124,Gulf - Saudi,2025-12-14,promo_launch,14.3,"Silver Chips launched a promo at MarketLink GT (Saudi) the week of 2025-12-14 (TPR, 14% depth).",1
2173,69,Dairy,144,SEA - Malaysia,2025-12-14,promo_launch,16.5,"Everyday Milk Co launched a promo at GreenAisle (Malaysia) the week of 2025-12-14 (Ad, 16% depth).",1
2174,10,Salty Snacks,122,Gulf - Saudi,2025-12-14,promo_launch,10.1,"Silver Chips launched a promo at Community Retail Co-op (Saudi) the week of 2025-12-14 (Display, 10% depth).",1
2175,39,Packaged Foods,160,SEA - Malaysia,2025-12-14,promo_launch,49.8,"Blue Kitchen launched a promo at MarketLink GT (Malaysia) the week of 2025-12-14 (BOGO, 50% depth).",1
2176,95,Breakfast & Cereal,112,Gulf - Saudi,2025-12-14,promo_launch,17.5,"Cloud Mornings launched a promo at FreshMart (Saudi) the week of 2025-12-14 (Display, 18% depth).",1
2177,39,Packaged Foods,155,SEA - Malaysia,2025-12-14,promo_launch,24.7,"Blue Kitchen launched a promo at ValueTrade GT (Malaysia) the week of 2025-12-14 (Ad, 25% depth).",1
2178,95,Breakfast & Cereal,123,Gulf - Saudi,2025-12-14,promo_launch,11.7,"Cloud Mornings launched a promo at Bazaar Wholesale (Saudi) the week of 2025-12-14 (Display, 12% depth).",1
2179,101,Baby Care,131,Gulf - Qatar,2025-12-14,promo_launch,20.1,"Everyday Tiny Care launched a promo at DailyBasket (Qatar) the week of 2025-12-14 (Ad, 20% depth).",1
2180,101,Baby Care,128,Gulf - Qatar,2025-12-14,promo_launch,18.3,"Everyday Tiny Care launched a promo at MetroBazaar (Qatar) the week of 2025-12-14 (Display, 18% depth).",1
2181,101,Baby Care,129,Gulf - Qatar,2025-12-14,promo_launch,16.7,"Everyday Tiny Care launched a promo at GreenAisle (Qatar) the week of 2025-12-14 (Display, 17% depth).",1
2182,95,Breakfast & Cereal,118,Gulf - Saudi,2025-12-14,promo_launch,15.4,"Cloud Mornings launched a promo at Local Trade Collective (Saudi) the week of 2025-12-14 (Ad, 15% depth).",1
2183,37,Packaged Foods,116,Gulf - Saudi,2025-12-14,promo_launch,17.8,"Heritage Kitchen launched a promo at DailyBasket (Saudi) the week of 2025-12-14 (Display, 18% depth).",1
2184,37,Packaged Foods,112,Gulf - Saudi,2025-12-14,promo_launch,9.2,"Heritage Kitchen launched a promo at FreshMart (Saudi) the week of 2025-12-14 (TPR, 9% depth).",1
2185,37,Packaged Foods,124,Gulf - Saudi,2025-12-14,promo_launch,10.3,"Heritage Kitchen launched a promo at MarketLink GT (Saudi) the week of 2025-12-14 (Display, 10% depth).",1
2186,37,Packaged Foods,123,Gulf - Saudi,2025-12-14,promo_launch,14.7,"Heritage Kitchen launched a promo at Bazaar Wholesale (Saudi) the week of 2025-12-14 (TPR, 15% depth).",1
2187,37,Packaged Foods,122,Gulf - Saudi,2025-12-14,promo_launch,19.0,"Heritage Kitchen launched a promo at Community Retail Co-op (Saudi) the week of 2025-12-14 (Display, 19% depth).",1
2188,48,Beverages,132,Gulf - Qatar,2025-12-14,promo_launch,19.4,"Silver Beverages launched a promo at QuickDash (Qatar) the week of 2025-12-14 (Display, 19% depth).",1
2189,48,Beverages,141,Gulf - Qatar,2025-12-14,promo_launch,9.8,"Silver Beverages launched a promo at Community Retail Co-op (Qatar) the week of 2025-12-14 (TPR, 10% depth).",1
2190,48,Beverages,130,Gulf - Qatar,2025-12-14,promo_launch,8.0,"Silver Beverages launched a promo at PrimeGrocer (Qatar) the week of 2025-12-14 (TPR, 8% depth).",1
2191,48,Beverages,140,Gulf - Qatar,2025-12-14,promo_launch,20.2,"Silver Beverages launched a promo at Corner Store Network (Qatar) the week of 2025-12-14 (Ad, 20% depth).",1
2192,48,Beverages,139,Gulf - Qatar,2025-12-14,promo_launch,47.5,"Silver Beverages launched a promo at Neighborhood Wholesale (Qatar) the week of 2025-12-14 (BOGO, 48% depth).",1
2193,10,Salty Snacks,113,Gulf - Saudi,2025-12-14,promo_launch,23.1,"Silver Chips launched a promo at MetroBazaar (Saudi) the week of 2025-12-14 (Ad, 23% depth).",1
2194,10,Salty Snacks,115,Gulf - Saudi,2025-12-14,promo_launch,17.3,"Silver Chips launched a promo at PrimeGrocer (Saudi) the week of 2025-12-14 (Ad, 17% depth).",1
2195,10,Salty Snacks,123,Gulf - Saudi,2025-12-14,promo_launch,13.7,"Silver Chips launched a promo at Bazaar Wholesale (Saudi) the week of 2025-12-14 (TPR, 14% depth).",1
2196,10,Salty Snacks,120,Gulf - Saudi,2025-12-14,promo_launch,13.8,"Silver Chips launched a promo at Neighborhood Wholesale (Saudi) the week of 2025-12-14 (TPR, 14% depth).",1
2197,10,Salty Snacks,122,Gulf - Saudi,2025-12-14,promo_launch,20.3,"Silver Chips launched a promo at Community Retail Co-op (Saudi) the week of 2025-12-14 (Ad, 20% depth).",1
2198,10,Salty Snacks,122,Gulf - Saudi,2025-12-14,promo_launch,5.0,"Silver Chips launched a promo at Community Retail Co-op (Saudi) the week of 2025-12-14 (TPR, 5% depth).",1
2199,31,Personal Care,112,Gulf - Saudi,2025-12-07,promo_launch,6.8,"Everyday Glow launched a promo at FreshMart (Saudi) the week of 2025-12-07 (TPR, 7% depth).",1
2200,31,Personal Care,124,Gulf - Saudi,2025-12-07,promo_launch,8.9,"Everyday Glow launched a promo at MarketLink GT (Saudi) the week of 2025-12-07 (TPR, 9% depth).",1
